entry_date,entry_price,stop,target,exit_date,exit_price,R_multiple,exit_reason,zone_triggered,period
2023-02-02 15:30:00+00:00,32.9,32.79160176233324,33.11679647533352,2023-02-02 15:45:00+00:00,32.28160176233324,-5.704873538330396,stop_hit,ema21,train
2023-02-02 18:30:00+00:00,32.94,32.86537551512216,33.08924896975567,2023-02-02 18:45:00+00:00,32.35537551512216,-7.8342180295768,stop_hit,h_ema21,train
2023-02-03 15:30:00+00:00,32.87,32.786492262648345,33.0370154747033,2023-02-03 15:45:00+00:00,32.27649226264835,-7.107218518595213,stop_hit,ema21,train
2023-02-03 17:15:00+00:00,32.85,32.77256074765486,33.00487850469029,2023-02-03 17:30:00+00:00,32.26256074765486,-7.58580738521269,stop_hit,ema21,train
2023-02-03 18:30:00+00:00,32.75,32.67897912268514,32.892041754629716,2023-02-03 18:45:00+00:00,32.168979122685144,-8.180987046090786,stop_hit,ema21,train
2023-02-06 19:15:00+00:00,32.445,32.39522423526777,32.544551529464464,2023-02-06 19:30:00+00:00,31.88522423526777,-11.245950067136869,stop_hit,h_ema21,train
2023-02-07 15:45:00+00:00,32.39,32.33954333500532,32.49091332998937,2023-02-07 16:00:00+00:00,31.82954333500532,-11.107683495406054,stop_hit,h_ema21,train
2023-02-07 17:00:00+00:00,32.4999,32.45210826605753,32.59548346788493,2023-02-07 17:15:00+00:00,31.94210826605753,-11.671301455894886,stop_hit,ema21,train
2023-02-08 16:00:00+00:00,32.809999999999995,32.7353921942307,32.95921561153859,2023-02-08 16:15:00+00:00,32.2253921942307,-7.835745867892504,stop_hit,ema21,train
2023-02-08 17:00:00+00:00,32.78,32.707532055899186,32.92493588820163,2023-02-08 17:15:00+00:00,32.19753205589919,-8.037594433347019,stop_hit,ema21,train
2023-02-10 18:15:00+00:00,32.85,32.796271805600654,32.9574563887987,2023-02-10 18:30:00+00:00,32.286271805600656,-10.49222295112507,stop_hit,ema21,train
2023-02-15 15:15:00+00:00,33.05,32.96463101765473,33.22073796469053,2023-02-15 15:30:00+00:00,32.454631017654734,-6.974066762765885,stop_hit,ema21,train
2023-02-15 16:45:00+00:00,33.16,33.082326264419876,33.31534747116024,2023-02-15 17:00:00+00:00,32.57232626441988,-7.565926000481004,stop_hit,h_ema200,train
2023-02-15 17:45:00+00:00,33.129999999999995,33.06279988645606,33.26440022708786,2023-02-15 18:00:00+00:00,32.552799886456064,-8.589272891132511,stop_hit,h_ema200,train
2023-02-16 15:30:00+00:00,33.15,33.08415108138605,33.2816978372279,2023-02-16 15:45:00+00:00,32.57415108138605,-8.745001903371278,stop_hit,ema21,train
2023-02-16 18:45:00+00:00,33.324999999999996,33.2736423658491,33.42771526830179,2023-02-16 19:00:00+00:00,32.7636423658491,-10.930363974741132,stop_hit,h_ema21,train
2023-02-17 15:15:00+00:00,33.169999999999995,33.10950548684353,33.29098902631292,2023-02-17 15:30:00+00:00,32.59950548684353,-9.430516643400882,stop_hit,ema21,train
2023-02-17 16:45:00+00:00,33.21,33.13922547865443,33.35154904269114,2023-02-17 17:00:00+00:00,32.62922547865443,-8.205983033213748,stop_hit,ema21,train
2023-02-21 17:30:00+00:00,33.379999999999995,33.32452131780877,33.49095736438245,2023-02-21 17:45:00+00:00,32.81452131780877,-10.19272015586249,stop_hit,h_ema21,train
2023-02-22 16:00:00+00:00,33.015,32.95238191931263,33.140236161374744,2023-02-22 16:15:00+00:00,32.44238191931263,-9.14461245700315,stop_hit,ema21,train
2023-02-22 17:30:00+00:00,33.089999999999996,33.03159490897918,33.20681018204163,2023-02-22 17:45:00+00:00,32.52159490897918,-9.73211549003884,stop_hit,ema21,train
2023-02-23 14:45:00+00:00,33.019999999999996,32.959524987403164,33.14095002519366,2023-02-23 15:00:00+00:00,32.449524987403166,-9.433235118114087,stop_hit,ema21,train
2023-02-23 18:45:00+00:00,32.89,32.83543169128944,32.999136617421115,2023-02-23 19:00:00+00:00,32.325431691289445,-10.34608405595185,stop_hit,ema21,train
2023-02-24 18:30:00+00:00,32.669999999999995,32.60643697458022,32.797126050839545,2023-02-24 18:45:00+00:00,32.09643697458022,-9.023532496005654,stop_hit,h_ema21,train
2023-03-13 14:45:00+00:00,31.970000000000002,31.834714395463504,32.240571209072996,2023-03-13 15:00:00+00:00,31.324714395463502,-4.769802424635716,stop_hit,ema21,train
2023-03-13 15:30:00+00:00,32.07,31.935604054968408,32.338791890063185,2023-03-13 15:45:00+00:00,31.425604054968407,-4.794757348371761,stop_hit,ema100,train
2023-03-13 18:30:00+00:00,31.970000000000002,31.860009970692808,32.189980058614395,2023-03-13 18:45:00+00:00,31.350009970692806,-5.636783926801275,stop_hit,ema100,train
2023-03-15 18:30:00+00:00,30.94,30.806780322755657,31.20643935448869,2023-03-15 18:45:00+00:00,30.296780322755655,-4.828263290749355,stop_hit,h_ema21,train
2023-03-23 13:45:00+00:00,32.11,32.0018206983817,32.3263586032366,2023-03-23 14:00:00+00:00,31.491820698381698,-5.714395382209867,stop_hit,ema21,train
2023-03-23 17:45:00+00:00,31.950000000000003,31.875977159692777,32.098045680614455,2023-03-23 18:00:00+00:00,31.365977159692775,-7.88976534652396,stop_hit,ema21,train
2023-03-28 15:00:00+00:00,32.08,32.03166257248703,32.17667485502594,2023-03-28 15:15:00+00:00,31.52166257248703,-11.550830407000108,stop_hit,ema21,train
2023-03-28 19:00:00+00:00,31.98,31.944062018047884,32.05187596390424,2023-03-28 19:15:00+00:00,31.434062018047882,-15.191114033045043,stop_hit,ema21,train
2023-03-29 14:00:00+00:00,32.39,32.32907221444611,32.51185557110779,2023-03-29 14:15:00+00:00,31.81907221444611,-9.370565175865114,stop_hit,ema21,train
2023-03-29 15:15:00+00:00,32.33,32.27236671386613,32.44526657226774,2023-03-29 15:30:00+00:00,31.76236671386613,-9.849052938181655,stop_hit,ema21,train
2023-03-29 18:00:00+00:00,32.365,32.32422362172332,32.446552756553366,2023-03-29 18:15:00+00:00,31.814223621723322,-13.507241240000962,stop_hit,ema21,train
2023-03-29 18:45:00+00:00,32.355000000000004,32.31675448138708,32.431491037225854,2023-03-29 19:00:00+00:00,31.80675448138708,-14.334895655661096,stop_hit,ema21,train
2023-03-31 17:00:00+00:00,32.775,32.73332897499222,32.85834205001556,2023-03-31 17:15:00+00:00,32.22332897499222,-13.23871982762081,stop_hit,h_ema21,train
2023-03-31 19:15:00+00:00,32.78,32.74421248423537,32.851575031529265,2023-03-31 19:30:00+00:00,32.23421248423537,-15.25077961136439,stop_hit,h_ema21,train
2023-04-10 14:15:00+00:00,33.449999999999996,33.40170697458927,33.54658605082145,2023-04-10 14:30:00+00:00,32.89170697458927,-11.560531167026378,stop_hit,h_ema21,train
2023-04-10 18:00:00+00:00,33.559999999999995,33.51813563805185,33.64372872389628,2023-04-10 18:15:00+00:00,33.008135638051854,-13.182199280422125,stop_hit,h_ema21,train
2023-04-11 14:15:00+00:00,33.6873,33.646356550776105,33.76918689844779,2023-04-11 14:30:00+00:00,33.13635655077611,-13.456205074738717,stop_hit,h_ema21,train
2023-04-14 15:00:00+00:00,34.129999999999995,34.082665448263405,34.224669103473175,2023-04-14 15:15:00+00:00,33.57266544826341,-11.77437054517967,stop_hit,h_ema21,train
2023-04-17 17:15:00+00:00,33.949999999999996,33.91196180857409,34.026076382851805,2023-04-17 17:30:00+00:00,33.40196180857409,-14.407577513074893,stop_hit,h_ema21,train
2023-04-19 16:30:00+00:00,34.16,34.13330733710518,34.21338532578963,2023-04-19 16:45:00+00:00,33.62330733710518,-20.106373987850677,stop_hit,h_ema21,train
2023-04-19 18:00:00+00:00,34.19,34.16574760045045,34.23850479909909,2023-04-19 18:15:00+00:00,33.655747600450454,-22.028847020192853,stop_hit,h_ema21,train
2023-04-19 19:00:00+00:00,34.18,34.15728530342736,34.22542939314528,2023-04-19 19:15:00+00:00,33.64728530342736,-23.4524240669036,stop_hit,h_ema21,train
2023-04-20 16:15:00+00:00,34.239999999999995,34.21073088278918,34.29853823442163,2023-04-20 16:30:00+00:00,33.70073088278918,-18.424509127713904,stop_hit,h_ema21,train
2023-04-20 19:00:00+00:00,34.199999999999996,34.17074223725596,34.25851552548807,2023-04-20 19:15:00+00:00,33.66074223725596,-18.431271299235718,stop_hit,h_ema21,train
2023-04-21 14:15:00+00:00,34.114999999999995,34.06809215513482,34.20881568973034,2023-04-21 14:30:00+00:00,33.55809215513482,-11.87238182580919,stop_hit,h_ema21,train
2023-04-21 15:00:00+00:00,34.105,34.04918675832041,34.21662648335917,2023-04-21 15:15:00+00:00,33.53918675832041,-10.13761653422333,stop_hit,h_ema21,train
2023-04-24 17:00:00+00:00,34.309999999999995,34.27658512348235,34.37682975303529,2023-04-24 17:15:00+00:00,33.76658512348235,-16.262663015697967,stop_hit,h_ema21,train
2023-04-25 15:15:00+00:00,34.12,34.0678867011584,34.22422659768319,2023-04-25 15:30:00+00:00,33.5578867011584,-10.78636953208791,stop_hit,h_ema200,train
2023-04-26 17:00:00+00:00,34.105,34.054502767776356,34.20599446444728,2023-04-26 17:15:00+00:00,33.54450276777636,-11.099563432334653,stop_hit,h_ema21,train
2023-04-26 19:15:00+00:00,33.94,33.89806880355273,34.02386239289453,2023-04-26 19:30:00+00:00,33.388068803552734,-13.16278196691564,stop_hit,h_ema21,train
2023-05-12 16:00:00+00:00,33.754999999999995,33.70631830418572,33.85236339162854,2023-05-12 16:15:00+00:00,33.19631830418572,-11.47621680940829,stop_hit,ema21,train
2023-05-12 19:00:00+00:00,33.6423,33.60209909087912,33.72270181824175,2023-05-12 19:15:00+00:00,33.092099090879124,-13.686280264620903,stop_hit,ema21,train
2023-05-15 16:30:00+00:00,33.9925,33.95147947093016,34.07454105813968,2023-05-15 16:45:00+00:00,33.44147947093016,-13.432799175546746,stop_hit,h_ema200,train
2023-05-16 15:30:00+00:00,33.7701,33.720370852739684,33.86955829452063,2023-05-16 15:45:00+00:00,33.210370852739686,-11.25555490284845,stop_hit,ema21,train
2023-05-17 14:30:00+00:00,33.62,33.577505858616405,33.70498828276718,2023-05-17 14:45:00+00:00,33.06750585861641,-13.001654425636097,stop_hit,ema21,train
2023-05-17 15:45:00+00:00,33.644999999999996,33.59948950802355,33.73602098395288,2023-05-17 16:00:00+00:00,33.089489508023554,-12.206207137114102,stop_hit,ema21,train
2023-05-19 15:00:00+00:00,33.82,33.77424905818586,33.91150188362828,2023-05-19 15:15:00+00:00,33.26424905818586,-12.147311503921008,stop_hit,ema21,train
2023-05-19 16:45:00+00:00,33.754999999999995,33.703575421805624,33.85784915638874,2023-05-19 17:00:00+00:00,33.193575421805626,-10.917436718145396,stop_hit,ema21,train
2023-05-22 14:30:00+00:00,33.73,33.684598958801416,33.82080208239716,2023-05-22 14:45:00+00:00,33.17459895880142,-12.233222554727286,stop_hit,ema21,train
2023-05-22 16:00:00+00:00,33.739999999999995,33.69723290672005,33.82553418655988,2023-05-22 16:15:00+00:00,33.187232906720055,-12.925056413389594,stop_hit,ema21,train
2023-05-22 17:30:00+00:00,33.765,33.728538545595974,33.83792290880805,2023-05-22 17:45:00+00:00,33.218538545595976,-14.987374018291439,stop_hit,ema21,train
2023-05-22 18:30:00+00:00,33.8,33.76821018327693,33.863579633446136,2023-05-22 18:45:00+00:00,33.25821018327693,-17.042873239652796,stop_hit,ema21,train
2023-05-23 14:15:00+00:00,33.714999999999996,33.67878586086813,33.787428278263725,2023-05-23 14:30:00+00:00,33.168785860868134,-15.082897239196122,stop_hit,ema21,train
2023-05-23 15:45:00+00:00,33.72,33.68588313384929,33.78823373230142,2023-05-23 16:00:00+00:00,33.17588313384929,-15.948618016293583,stop_hit,ema21,train
2023-05-25 17:15:00+00:00,32.6,32.543390466433344,32.713219067133316,2023-05-25 17:30:00+00:00,32.033390466433346,-10.009083238594002,stop_hit,ema100,train
2023-05-25 18:00:00+00:00,32.6692,32.61737283336518,32.77285433326963,2023-05-25 18:15:00+00:00,32.10737283336518,-10.840399024580266,stop_hit,ema100,train
2023-05-25 19:15:00+00:00,32.65,32.59942879662986,32.75114240674028,2023-05-25 19:30:00+00:00,32.08942879662986,-11.0847906716242,stop_hit,ema100,train
2023-05-30 16:15:00+00:00,32.5901,32.53667057755583,32.696958844888336,2023-05-30 16:30:00+00:00,32.026670577555834,-10.545302506927358,stop_hit,ema100,train
2023-05-30 17:00:00+00:00,32.6,32.54865428530982,32.70269142938036,2023-05-30 17:15:00+00:00,32.038654285309825,-10.932669222297358,stop_hit,ema100,train
2023-05-30 18:45:00+00:00,32.61,32.5662659733338,32.6974680533324,2023-05-30 19:00:00+00:00,32.0562659733338,-12.661400490116481,stop_hit,ema100,train
2023-05-31 17:45:00+00:00,32.33,32.273212627453184,32.44357474509363,2023-05-31 18:00:00+00:00,31.763212627453186,-9.980869815372452,stop_hit,ema200,train
2023-06-05 14:45:00+00:00,33.0,32.94901311826498,33.10197376347004,2023-06-05 15:00:00+00:00,32.43901311826498,-11.002572870615428,stop_hit,ema21,train
2023-06-05 15:45:00+00:00,32.974,32.92527990084251,33.07144019831497,2023-06-05 16:00:00+00:00,32.41527990084251,-11.46795899063032,stop_hit,ema50,train
2023-06-05 19:00:00+00:00,32.9633,32.92319225953495,33.04351548093009,2023-06-05 19:15:00+00:00,32.41319225953495,-13.715749979594536,stop_hit,ema50,train
2023-06-06 13:45:00+00:00,32.989999999999995,32.95045997560449,33.06908004879101,2023-06-06 14:00:00+00:00,32.44045997560449,-13.898322846203273,stop_hit,ema50,train
2023-06-06 18:15:00+00:00,33.1201,33.08493087356943,33.19043825286115,2023-06-06 18:30:00+00:00,32.57493087356943,-15.501355357994623,stop_hit,ema21,train
2023-06-07 17:30:00+00:00,32.4801,32.42992864994454,32.580442700110915,2023-06-07 17:45:00+00:00,31.919928649944545,-11.16516397179398,stop_hit,ema100,train
2023-06-07 19:00:00+00:00,32.54,32.49868297733222,32.62263404533555,2023-06-07 19:15:00+00:00,31.988682977332225,-13.343580613269914,stop_hit,ema100,train
2023-06-08 13:45:00+00:00,32.6,32.555653114034726,32.68869377193055,2023-06-08 14:00:00+00:00,32.04565311403473,-12.500243791623607,stop_hit,ema100,train
2023-06-08 15:30:00+00:00,32.714999999999996,32.67046991828021,32.804060163439566,2023-06-08 15:45:00+00:00,32.160469918280214,-12.452932047358123,stop_hit,ema100,train
2023-06-09 14:15:00+00:00,32.69,32.64388793597868,32.78222412804263,2023-06-09 14:30:00+00:00,32.133887935978684,-12.060012402920213,stop_hit,ema100,train
2023-06-12 17:15:00+00:00,32.462900000000005,32.43069773783709,32.52730452432583,2023-06-12 17:30:00+00:00,31.920697737837095,-16.83739668411807,stop_hit,ema200,train
2023-06-12 18:00:00+00:00,32.4713,32.441122277707024,32.53165544458595,2023-06-12 18:15:00+00:00,31.931122277707026,-17.899883796687554,stop_hit,ema100,train
2023-06-12 19:00:00+00:00,32.480000000000004,32.45242055845456,32.53515888309089,2023-06-12 19:15:00+00:00,31.942420558454565,-19.49203506023482,stop_hit,ema100,train
2023-06-13 16:15:00+00:00,32.83,32.78304345673125,32.923913086537496,2023-06-13 16:30:00+00:00,32.27304345673125,-11.861106131281597,stop_hit,ema21,train
2023-06-13 19:00:00+00:00,32.7919,32.753410114182714,32.86887977163457,2023-06-13 19:15:00+00:00,32.243410114182716,-14.25023416335968,stop_hit,ema100,train
2023-06-14 16:30:00+00:00,33.065,33.01639388358307,33.16221223283385,2023-06-14 16:45:00+00:00,32.50639388358307,-11.492506655446142,stop_hit,ema21,train
2023-06-14 17:45:00+00:00,33.05,33.007403504338235,33.13519299132352,2023-06-14 18:00:00+00:00,32.49740350433824,-12.972815887242465,stop_hit,ema21,train
2023-06-14 18:45:00+00:00,33.0,32.93572126424939,33.128557471501225,2023-06-14 19:00:00+00:00,32.42572126424939,-8.934194629755769,stop_hit,ema21,train
2023-06-16 16:30:00+00:00,33.555,33.50566169349516,33.65367661300967,2023-06-16 16:45:00+00:00,32.995661693495165,-11.33679581097917,stop_hit,h_ema21,train
2023-06-20 16:15:00+00:00,33.01,32.95788380858137,33.11423238283725,2023-06-20 16:30:00+00:00,32.44788380858137,-10.785826364466875,stop_hit,ema21,train
2023-06-20 19:00:00+00:00,33.1,33.059951377218304,33.180097245563395,2023-06-20 19:15:00+00:00,32.54995137721831,-13.734520304979835,stop_hit,ema21,train
2023-06-21 14:45:00+00:00,32.97,32.91557280740147,33.07885438519706,2023-06-21 15:00:00+00:00,32.40557280740147,-10.37031611683311,stop_hit,ema21,train
2023-06-21 15:30:00+00:00,32.964999999999996,32.9090159102992,33.07696817940158,2023-06-21 15:45:00+00:00,32.399015910299205,-10.10973104547547,stop_hit,ema21,train
2023-06-22 15:45:00+00:00,32.8,32.7476484205638,32.904703158872394,2023-06-22 16:00:00+00:00,32.2376484205638,-10.741826426107014,stop_hit,ema100,train
2023-06-22 17:45:00+00:00,32.769999999999996,32.726575877065876,32.856848245868235,2023-06-22 18:00:00+00:00,32.21657587706588,-12.744624083110155,stop_hit,ema100,train
2023-06-22 18:30:00+00:00,32.805,32.76466920623678,32.885661587526435,2023-06-22 18:45:00+00:00,32.254669206236784,-13.64542431260365,stop_hit,ema100,train
2023-06-23 17:45:00+00:00,32.54,32.49827732074729,32.623445358505414,2023-06-23 18:00:00+00:00,31.988277320747294,-13.223567832521285,stop_hit,ema100,train
2023-07-11 17:00:00+00:00,32.22,32.172785659729016,32.314428680541965,2023-07-11 17:15:00+00:00,31.662785659729018,-11.801802949546477,stop_hit,donchian_low,train
2023-07-14 16:45:00+00:00,33.305,33.263127995039326,33.388744009921346,2023-07-14 17:00:00+00:00,32.75312799503933,-13.179975629994212,stop_hit,h_ema21,train
2023-07-14 17:45:00+00:00,33.294999999999995,33.2579126631174,33.36917467376518,2023-07-14 18:00:00+00:00,32.747912663117404,-14.751324383697474,stop_hit,h_ema50,train
2023-07-17 14:15:00+00:00,33.225,33.18352980886028,33.30794038227945,2023-07-17 14:30:00+00:00,32.67352980886028,-13.29799009803657,stop_hit,ema21,train
2023-07-17 16:30:00+00:00,33.19,33.155306128198355,33.259387743603284,2023-07-17 16:45:00+00:00,32.64530612819836,-15.700002436045295,stop_hit,ema21,train
2023-07-17 17:45:00+00:00,33.21,33.17999080639233,33.27001838721534,2023-07-17 18:00:00+00:00,32.669990806392335,-17.994791885033422,stop_hit,ema21,train
2023-07-17 19:00:00+00:00,33.199999999999996,33.17381791827406,33.252364163451865,2023-07-17 19:15:00+00:00,32.66381791827406,-20.478970592885062,stop_hit,ema21,train
2023-07-18 13:45:00+00:00,33.254999999999995,33.22241792097364,33.320164158052705,2023-07-18 14:00:00+00:00,32.71241792097364,-16.652776472227895,stop_hit,ema21,train
2023-07-18 18:00:00+00:00,33.25,33.21929613603425,33.311407727931496,2023-07-18 18:15:00+00:00,32.709296136034254,-17.610287244919324,stop_hit,h_ema21,train
2023-07-19 16:45:00+00:00,33.5071,33.45953318761049,33.602233624779025,2023-07-19 17:00:00+00:00,32.94953318761049,-11.721761126723075,stop_hit,h_ema21,train
2023-07-20 15:00:00+00:00,33.669999999999995,33.620821787405404,33.768356425189175,2023-07-20 15:15:00+00:00,33.110821787405406,-11.37044603886435,stop_hit,h_ema21,train
2023-07-21 14:15:00+00:00,33.72,33.67765842328998,33.804683153420044,2023-07-21 14:30:00+00:00,33.16765842328998,-13.044898646376568,stop_hit,h_ema21,train
2023-07-21 15:15:00+00:00,33.71,33.66838623041402,33.79322753917196,2023-07-21 15:30:00+00:00,33.158386230414024,-13.255558798783639,stop_hit,h_ema21,train
2023-07-21 16:30:00+00:00,33.75,33.71284555235377,33.82430889529246,2023-07-21 16:45:00+00:00,33.20284555235377,-14.72648585321496,stop_hit,h_ema21,train
2023-07-24 14:45:00+00:00,33.68,33.632265876585755,33.77546824682849,2023-07-24 15:00:00+00:00,33.12226587658576,-11.68418069761409,stop_hit,h_ema21,train
2023-07-24 16:00:00+00:00,33.765,33.72098013051696,33.853039738966075,2023-07-24 16:15:00+00:00,33.210980130516965,-12.585677240513492,stop_hit,h_ema21,train
2023-07-25 14:15:00+00:00,33.85,33.81487473115954,33.92025053768092,2023-07-25 14:30:00+00:00,33.30487473115954,-15.519461824375878,stop_hit,h_ema21,train
2023-07-26 14:45:00+00:00,33.91,33.871864125870644,33.9862717482587,2023-07-26 15:00:00+00:00,33.361864125870646,-14.373234825302204,stop_hit,h_ema21,train
2023-07-26 18:15:00+00:00,34.0,33.96699229862663,34.06601540274674,2023-07-26 18:30:00+00:00,33.45699229862663,-16.450939592280577,stop_hit,h_ema21,train
2023-07-27 14:00:00+00:00,33.919999999999995,33.856732482843974,34.046535034312036,2023-07-27 14:15:00+00:00,33.346732482843976,-9.061008601654345,stop_hit,h_ema21,train
2023-07-27 15:15:00+00:00,33.87,33.81087463585222,33.98825072829555,2023-07-27 15:30:00+00:00,33.300874635852225,-9.625739686360832,stop_hit,h_ema50,train
2023-07-27 16:45:00+00:00,33.86,33.81056581709726,33.95886836580547,2023-07-27 17:00:00+00:00,33.300565817097265,-11.316747846392918,stop_hit,h_ema21,train
2023-07-28 13:45:00+00:00,33.82,33.74917780714469,33.96164438571062,2023-07-28 14:00:00+00:00,33.23917780714469,-8.201132574953293,stop_hit,ema21,train
2023-07-28 15:00:00+00:00,33.894999999999996,33.82828843645537,34.028423127089255,2023-07-28 15:15:00+00:00,33.31828843645537,-8.644851550493387,stop_hit,h_ema50,train
2023-07-31 16:45:00+00:00,33.87,33.82926683030198,33.95146633939603,2023-07-31 17:00:00+00:00,33.319266830301984,-13.520508562947654,stop_hit,h_ema21,train
2023-08-01 16:30:00+00:00,33.455,33.41297904141547,33.53904191716906,2023-08-01 16:45:00+00:00,32.90297904141547,-13.136800710390155,stop_hit,ema21,train
2023-08-02 15:15:00+00:00,32.824999999999996,32.75823345205391,32.95853309589217,2023-08-02 15:30:00+00:00,32.24823345205391,-8.638555769152665,stop_hit,ema100,train
2023-08-02 16:30:00+00:00,32.91,32.84947375705333,33.031052485893326,2023-08-02 16:45:00+00:00,32.339473757053334,-9.426097097244332,stop_hit,ema100,train
2023-08-03 14:45:00+00:00,32.785,32.72052649396923,32.91394701206153,2023-08-03 15:00:00+00:00,32.21052649396923,-8.91022594236829,stop_hit,ema100,train
2023-08-03 18:30:00+00:00,32.87,32.82485709947983,32.960285801040335,2023-08-03 18:45:00+00:00,32.31485709947983,-12.297457498818464,stop_hit,ema100,train
2023-08-04 16:30:00+00:00,33.16,33.10446224223866,33.27107551552267,2023-08-04 16:45:00+00:00,32.59446224223866,-10.182941849968792,stop_hit,ema50,train
2023-08-07 13:45:00+00:00,33.019999999999996,32.95361915485982,33.15276169028034,2023-08-07 14:00:00+00:00,32.443619154859825,-8.682939241328631,stop_hit,ema50,train
2023-08-07 15:45:00+00:00,33.085,33.024452276608706,33.20609544678259,2023-08-07 16:00:00+00:00,32.51445227660871,-9.423107780685298,stop_hit,ema50,train
2023-08-07 18:45:00+00:00,33.135,33.093360582554304,33.218278834891386,2023-08-07 19:00:00+00:00,32.583360582554306,-13.248009969523194,stop_hit,ema21,train
2023-08-08 16:15:00+00:00,32.86,32.80473993805153,32.97052012389693,2023-08-08 16:30:00+00:00,32.294739938051535,-10.229088459502737,stop_hit,ema100,train
2023-08-09 16:15:00+00:00,33.14,33.0877492833034,33.2445014333932,2023-08-09 16:30:00+00:00,32.577749283303405,-10.760631666765327,stop_hit,ema21,train
2023-08-09 18:15:00+00:00,33.2183,33.17181503041673,33.311269939166536,2023-08-09 18:30:00+00:00,32.66181503041673,-11.971288237296518,stop_hit,ema21,train
2023-08-10 15:30:00+00:00,33.4203,33.35525255303451,33.55039489393097,2023-08-10 15:45:00+00:00,32.84525255303451,-8.840430697773536,stop_hit,ema21,train
2023-08-10 16:45:00+00:00,33.385,33.32520897779541,33.50458204440917,2023-08-10 17:00:00+00:00,32.815208977795415,-9.529708661861372,stop_hit,ema21,train
2023-08-10 18:15:00+00:00,33.214999999999996,33.149511848645616,33.345976302708756,2023-08-10 18:30:00+00:00,32.63951184864562,-8.787668294989803,stop_hit,ema21,train
2023-08-10 19:00:00+00:00,33.25,33.18749910039155,33.3750017992169,2023-08-10 19:15:00+00:00,32.67749910039155,-9.159882548811071,stop_hit,ema21,train
2023-08-11 14:45:00+00:00,33.07,32.98922217256656,33.231555654866874,2023-08-11 15:00:00+00:00,32.479222172566566,-7.313613725502244,stop_hit,ema21,train
2023-08-11 16:00:00+00:00,32.9557,32.882232970300244,33.10263405939951,2023-08-11 16:15:00+00:00,32.372232970300246,-7.9418894718386746,stop_hit,ema21,train
2023-08-11 17:30:00+00:00,32.97,32.90866788734949,33.09266422530102,2023-08-11 17:45:00+00:00,32.39866788734949,-9.315382887690994,stop_hit,ema100,train
2023-08-11 18:15:00+00:00,32.949999999999996,32.894653188231345,33.0606936235373,2023-08-11 18:30:00+00:00,32.38465318823135,-10.214622915079465,stop_hit,ema100,train
2023-08-14 14:00:00+00:00,32.64,32.565850079207216,32.78829984158557,2023-08-14 14:15:00+00:00,32.05585007920722,-7.877957448197653,stop_hit,ema100,train
2023-08-14 14:45:00+00:00,32.785,32.70898965889878,32.93702068220243,2023-08-14 15:00:00+00:00,32.19898965889878,-7.709613358014968,stop_hit,ema100,train
2023-08-14 15:30:00+00:00,32.83,32.75732801771159,32.97534396457681,2023-08-14 15:45:00+00:00,32.247328017711595,-8.017835263885045,stop_hit,ema100,train
2023-08-14 16:45:00+00:00,32.87,32.80755451705426,32.99489096589148,2023-08-14 17:00:00+00:00,32.29755451705426,-9.167123960641657,stop_hit,ema100,train
2023-08-14 19:15:00+00:00,32.835,32.790232840890496,32.92453431821901,2023-08-14 19:30:00+00:00,32.2802328408905,-12.392279745795182,stop_hit,ema100,train
2023-09-15 16:45:00+00:00,33.1,33.05084397167267,33.198312056654665,2023-09-15 17:00:00+00:00,32.54084397167267,-11.37512625316048,stop_hit,h_ema21,train
2023-09-15 17:45:00+00:00,33.059999999999995,33.01215338075133,33.15569323849733,2023-09-15 18:00:00+00:00,32.50215338075133,-11.659060305796066,stop_hit,ema50,train
2023-09-15 18:45:00+00:00,33.044999999999995,33.00234526258951,33.13030947482097,2023-09-15 19:00:00+00:00,32.49234526258951,-12.956467932085065,stop_hit,ema50,train
2023-09-18 15:30:00+00:00,32.8227,32.772231104808704,32.923637790382585,2023-09-18 15:45:00+00:00,32.262231104808706,-11.105234086597854,stop_hit,ema21,train
2023-09-18 18:45:00+00:00,32.83,32.79792526357196,32.89414947285607,2023-09-18 19:00:00+00:00,32.287925263571964,-16.900364486057246,stop_hit,ema21,train
2023-09-19 15:30:00+00:00,32.845,32.80645290922131,32.92209418155737,2023-09-19 15:45:00+00:00,32.296452909221316,-14.230570445072422,stop_hit,ema21,train
2023-09-19 17:00:00+00:00,32.815,32.777594310048535,32.88981137990292,2023-09-19 17:15:00+00:00,32.26759431004854,-14.634289346400742,stop_hit,ema21,train
2023-09-19 18:45:00+00:00,32.9,32.86507289633199,32.96985420733602,2023-09-19 19:00:00+00:00,32.35507289633199,-15.60184058912104,stop_hit,ema21,train
2023-09-21 17:15:00+00:00,32.73,32.67961096510999,32.83077806978002,2023-09-21 17:30:00+00:00,32.16961096510999,-11.121249615382279,stop_hit,ema21,train
2023-10-12 14:15:00+00:00,32.601,32.54868113219168,32.705637735616634,2023-10-12 14:30:00+00:00,32.038681132191684,-10.74791736450615,stop_hit,ema50,train
2023-10-12 16:00:00+00:00,32.5,32.44899248699587,32.60201502600826,2023-10-12 16:15:00+00:00,31.938992486995872,-10.99852707891685,stop_hit,ema50,train
2023-10-12 19:15:00+00:00,32.34,32.29254928289785,32.434901434204306,2023-10-12 19:30:00+00:00,31.782549282897854,-11.747993521406118,stop_hit,ema21,train
2023-10-18 17:15:00+00:00,32.141000000000005,32.07017547871658,32.28264904256686,2023-10-18 17:30:00+00:00,31.56017547871658,-8.200895830401297,stop_hit,ema21,train
2023-10-18 18:00:00+00:00,32.120000000000005,32.05026367592577,32.259472648148474,2023-10-18 18:15:00+00:00,31.54026367592577,-8.313261872780956,stop_hit,ema21,train
2023-11-21 16:45:00+00:00,32.71,32.67267527331372,32.78464945337256,2023-11-21 17:00:00+00:00,32.162675273313724,-14.663864287249531,stop_hit,h_ema21,train
2023-11-21 18:45:00+00:00,32.675,32.64238424751069,32.74023150497861,2023-11-21 19:00:00+00:00,32.13238424751069,-16.636616085040867,stop_hit,ema200,train
2023-11-22 16:15:00+00:00,32.465,32.41626563430665,32.562468731386716,2023-11-22 16:30:00+00:00,31.90626563430665,-11.464894592226646,stop_hit,ema50,train
2023-11-22 17:15:00+00:00,32.5,32.455152316259685,32.58969536748063,2023-11-22 17:30:00+00:00,31.945152316259687,-12.371824751376048,stop_hit,ema50,train
2023-11-22 18:00:00+00:00,32.485,32.43943682172833,32.57612635654334,2023-11-22 18:15:00+00:00,31.92943682172833,-12.193249008203935,stop_hit,ema50,train
2023-11-27 17:00:00+00:00,32.839999999999996,32.79855705143644,32.92288589712711,2023-11-27 17:15:00+00:00,32.28855705143644,-13.30607419783045,stop_hit,h_ema21,train
2023-11-27 17:45:00+00:00,32.835,32.79640482580389,32.91219034839222,2023-11-27 18:00:00+00:00,32.28640482580389,-14.214087269267726,stop_hit,h_ema21,train
2023-11-28 15:00:00+00:00,32.894999999999996,32.86545251445618,32.95409497108763,2023-11-28 15:15:00+00:00,32.35545251445618,-18.260351959347666,stop_hit,h_ema21,train
2023-11-29 15:45:00+00:00,32.86,32.81790962982354,32.94418074035292,2023-11-29 16:00:00+00:00,32.30790962982354,-13.116785807819427,stop_hit,h_ema21,train
2023-11-29 16:45:00+00:00,32.839999999999996,32.79750450690832,32.92499098618335,2023-11-29 17:00:00+00:00,32.28750450690832,-13.001272673780756,stop_hit,h_ema21,train
2023-11-30 15:45:00+00:00,32.949999999999996,32.90411143555351,33.04177712889297,2023-11-30 16:00:00+00:00,32.39411143555351,-12.113880029843807,stop_hit,h_ema21,train
2023-11-30 18:15:00+00:00,32.8899,32.844704854192656,32.98029029161468,2023-11-30 18:30:00+00:00,32.33470485419266,-12.284397713286271,stop_hit,h_ema21,train
2023-12-04 17:00:00+00:00,33.144999999999996,33.0922833930316,33.25043321393679,2023-12-04 17:15:00+00:00,32.5822833930316,-10.674370740623523,stop_hit,h_ema50,train
2023-12-04 18:00:00+00:00,33.144999999999996,33.099196920251345,33.2366061594973,2023-12-04 18:15:00+00:00,32.58919692025135,-12.134622448941615,stop_hit,h_ema21,train
2023-12-05 17:30:00+00:00,32.949999999999996,32.89884390993035,33.05231218013929,2023-12-05 17:45:00+00:00,32.38884390993035,-10.969487490260827,stop_hit,h_ema21,train
2023-12-05 19:15:00+00:00,32.905,32.860663919516526,32.99367216096695,2023-12-05 19:30:00+00:00,32.35066391951653,-12.503046603095228,stop_hit,h_ema200,train
2023-12-06 18:30:00+00:00,32.945,32.90371166487458,33.027576670250845,2023-12-06 18:45:00+00:00,32.39371166487458,-13.352157054789497,stop_hit,h_ema21,train
2023-12-07 14:45:00+00:00,32.879999999999995,32.84073061851241,32.95853876297517,2023-12-07 15:00:00+00:00,32.33073061851241,-13.987217538968052,stop_hit,h_ema21,train
2023-12-07 15:30:00+00:00,32.905,32.863850280201085,32.987299439597834,2023-12-07 15:45:00+00:00,32.35385028020109,-13.393766044876653,stop_hit,ema21,train
2023-12-07 18:45:00+00:00,33.019999999999996,32.98211906692684,33.095761866146304,2023-12-07 19:00:00+00:00,32.472119066926844,-14.46323753470131,stop_hit,h_ema21,train
2023-12-08 14:45:00+00:00,33.08,33.04159351618445,33.1568129676311,2023-12-08 15:00:00+00:00,32.53159351618445,-14.279007847979962,stop_hit,h_ema21,train
2023-12-08 17:30:00+00:00,33.0106,32.96255878412133,33.106682431757335,2023-12-08 17:45:00+00:00,32.45255878412133,-11.61588452065893,stop_hit,h_ema21,train
2023-12-08 19:00:00+00:00,33.0503,33.011901440012494,33.12709711997501,2023-12-08 19:15:00+00:00,32.501901440012496,-14.281748069873952,stop_hit,h_ema21,train
2023-12-12 15:15:00+00:00,33.01,32.97470656261883,33.08058687476234,2023-12-12 15:30:00+00:00,32.46470656261883,-15.450278517560536,stop_hit,h_ema21,train
2023-12-12 18:15:00+00:00,33.0201,32.98217709015871,33.09594581968258,2023-12-12 18:30:00+00:00,32.47217709015871,-14.448335112847486,stop_hit,h_ema21,train
2023-12-13 16:45:00+00:00,33.019999999999996,32.98334025514731,33.093319489705365,2023-12-13 17:00:00+00:00,32.47334025514731,-14.911717117765212,stop_hit,h_ema21,train
2023-12-13 19:00:00+00:00,32.97,32.9403093867598,33.029381226480396,2023-12-13 19:15:00+00:00,32.4303093867598,-18.177146051988597,stop_hit,ema21,train
2023-12-18 14:45:00+00:00,33.6,33.53707721580721,33.72584556838559,2023-12-18 15:00:00+00:00,33.02707721580721,-9.105172181151088,stop_hit,h_ema50,train
2023-12-18 16:00:00+00:00,33.55,33.488191187244716,33.67361762551056,2023-12-18 16:15:00+00:00,32.97819118724472,-9.251250546086952,stop_hit,h_ema21,train
2023-12-18 17:15:00+00:00,33.595,33.54242526455802,33.70014947088396,2023-12-18 17:30:00+00:00,33.03242526455802,-10.700476772970685,stop_hit,h_ema21,train
2023-12-18 18:00:00+00:00,33.614999999999995,33.56730623405028,33.71038753189943,2023-12-18 18:15:00+00:00,33.05730623405028,-11.693221427255041,stop_hit,h_ema21,train
2023-12-20 16:00:00+00:00,33.305,33.233277713886345,33.44844457222731,2023-12-20 16:15:00+00:00,32.72327771388635,-8.110760513013009,stop_hit,ema21,train
2023-12-21 14:45:00+00:00,33.289899999999996,33.20984035021921,33.45001929956157,2023-12-21 15:00:00+00:00,32.69984035021921,-7.3702501996504655,stop_hit,ema21,train
2023-12-21 17:45:00+00:00,33.169999999999995,33.109994495142445,33.290011009715094,2023-12-21 18:00:00+00:00,32.59999449514245,-9.49922021672367,stop_hit,ema21,train
2023-12-21 19:00:00+00:00,33.195,33.14147722802427,33.30204554395146,2023-12-21 19:15:00+00:00,32.63147722802427,-10.528654461903999,stop_hit,ema21,train
2023-12-22 17:00:00+00:00,33.485,33.43055508553889,33.593889828922215,2023-12-22 17:15:00+00:00,32.92055508553889,-10.36726607155037,stop_hit,h_ema200,train
2024-01-09 17:00:00+00:00,33.379999999999995,33.335723380021925,33.46855323995614,2024-01-09 17:15:00+00:00,32.82572338002193,-12.51849441652482,stop_hit,ema21,train
2024-01-09 19:00:00+00:00,33.324999999999996,33.286531442680136,33.401937114639715,2024-01-09 19:15:00+00:00,32.77653144268014,-14.25758061991861,stop_hit,ema21,train
2024-01-10 14:45:00+00:00,33.33,33.295133499454046,33.3997330010919,2024-01-10 15:00:00+00:00,32.78513349945405,-15.627220742381171,stop_hit,ema21,train
2024-01-10 15:45:00+00:00,33.324999999999996,33.29083142643448,33.39333714713103,2024-01-10 16:00:00+00:00,32.78083142643448,-15.92599622346259,stop_hit,ema21,train
2024-01-10 17:00:00+00:00,33.285,33.25299482305575,33.34901035388849,2024-01-10 17:15:00+00:00,32.74299482305575,-16.93492205615477,stop_hit,ema21,train
2024-01-10 17:45:00+00:00,33.2999,33.270943595573435,33.35781280885313,2024-01-10 18:00:00+00:00,32.76094359557344,-18.612683967492163,stop_hit,ema21,train
2024-01-11 18:15:00+00:00,33.055,33.00004388514885,33.1649122297023,2024-01-11 18:30:00+00:00,32.49004388514885,-10.28013199952966,stop_hit,ema21,train
2024-01-12 16:30:00+00:00,33.285,33.220840017662134,33.41331996467572,2024-01-12 16:45:00+00:00,32.710840017662136,-8.94887999367531,stop_hit,ema21,train
2024-01-12 19:00:00+00:00,33.272999999999996,33.22609765832138,33.36680468335723,2024-01-12 19:15:00+00:00,32.71609765832138,-11.873657513618504,stop_hit,ema21,train
2024-01-26 15:45:00+00:00,33.169999999999995,33.10357570877993,33.30284858244013,2024-01-26 16:00:00+00:00,32.59357570877993,-8.67791406776698,stop_hit,ema21,train
2024-01-29 18:30:00+00:00,33.05,33.020101210162586,33.10979757967482,2024-01-29 18:45:00+00:00,32.51010121016259,-18.057546568719705,stop_hit,ema21,train
2024-01-29 19:15:00+00:00,33.074999999999996,33.04600304618338,33.13299390763323,2024-01-29 19:30:00+00:00,32.53600304618338,-18.588054359963568,stop_hit,ema21,train
2024-01-31 17:45:00+00:00,33.1475,33.105277208702155,33.23194558259569,2024-01-31 18:00:00+00:00,32.59527720870216,-13.078784569271706,stop_hit,ema21,train
2024-01-31 18:45:00+00:00,33.14,33.10197606876672,33.21604786246657,2024-01-31 19:00:00+00:00,32.59197606876672,-14.412605784264157,stop_hit,ema21,train
2024-02-01 14:45:00+00:00,33.089999999999996,33.01261771811608,33.24476456376782,2024-02-01 15:00:00+00:00,32.502617718116085,-7.590655994935423,stop_hit,ema21,train
2024-02-02 18:45:00+00:00,32.925,32.870643642097974,33.03371271580404,2024-02-02 19:00:00+00:00,32.360643642097976,-10.382527080259315,stop_hit,ema21,train
2024-02-05 17:45:00+00:00,32.705,32.654147693480056,32.806704613039884,2024-02-05 18:00:00+00:00,32.14414769348006,-11.02904361476686,stop_hit,ema100,train
2024-02-05 18:45:00+00:00,32.72,32.676025267427214,32.80794946514557,2024-02-05 19:00:00+00:00,32.166025267427216,-12.597569107574861,stop_hit,ema50,train
2024-02-06 16:30:00+00:00,33.07,33.019277747232884,33.17144450553423,2024-02-06 16:45:00+00:00,32.509277747232886,-11.054758457625882,stop_hit,ema21,train
2024-02-06 17:15:00+00:00,33.074999999999996,33.0278935534514,33.16921289309719,2024-02-06 17:30:00+00:00,32.5178935534514,-11.826543655205755,stop_hit,ema21,train
2024-02-07 15:30:00+00:00,33.01,32.96023058038316,33.10953883923367,2024-02-07 15:45:00+00:00,32.45023058038316,-11.24725632579945,stop_hit,ema21,train
2024-02-07 17:00:00+00:00,32.939699999999995,32.89273114293745,33.033637714125085,2024-02-07 17:15:00+00:00,32.38273114293745,-11.858258682361967,stop_hit,ema21,train
2024-02-07 17:45:00+00:00,32.93,32.886736450813984,33.01652709837203,2024-02-07 18:00:00+00:00,32.376736450813986,-12.788214550017816,stop_hit,ema21,train
2024-02-08 15:30:00+00:00,32.79,32.745498645305766,32.879002709388466,2024-02-08 15:45:00+00:00,32.23549864530577,-12.460325275582782,stop_hit,ema21,train
2024-02-08 16:15:00+00:00,32.736,32.68955791681369,32.82888416637261,2024-02-08 16:30:00+00:00,32.17955791681369,-11.981419544728151,stop_hit,ema21,train
2024-02-08 18:15:00+00:00,32.794999999999995,32.75239392320936,32.88021215358126,2024-02-08 18:30:00+00:00,32.24239392320936,-12.970123475722495,stop_hit,ema21,train
2024-02-09 18:00:00+00:00,32.699999999999996,32.66016444269645,32.77967111460709,2024-02-09 18:15:00+00:00,32.15016444269645,-13.80263248518886,stop_hit,ema100,train
2024-02-12 15:00:00+00:00,32.68,32.639197600175166,32.76160479964967,2024-02-12 15:15:00+00:00,32.12919760017517,-13.499264802792123,stop_hit,ema50,train
2024-02-12 16:30:00+00:00,32.65,32.61081921155618,32.72836157688763,2024-02-12 16:45:00+00:00,32.100819211556185,-14.016583388344348,stop_hit,ema100,train
2024-02-12 19:00:00+00:00,32.72,32.688946523021684,32.78210695395663,2024-02-12 19:15:00+00:00,32.178946523021686,-17.423281694225196,stop_hit,ema50,train
2024-02-13 15:30:00+00:00,32.285,32.22485870297065,32.40528259405869,2024-02-13 15:45:00+00:00,31.714858702970652,-9.48002994932313,stop_hit,ema100,train
2024-02-16 15:15:00+00:00,33.19,33.1360642208726,33.2978715582548,2024-02-16 15:30:00+00:00,32.6260642208726,-10.455689863964757,stop_hit,ema21,train
2024-02-20 17:45:00+00:00,33.33,33.28633148444403,33.41733703111194,2024-02-20 18:00:00+00:00,32.77633148444403,-12.678894817166675,stop_hit,h_ema21,train
2024-02-20 18:45:00+00:00,33.339999999999996,33.29976854766779,33.42046290466441,2024-02-20 19:00:00+00:00,32.78976854766779,-13.676649000605767,stop_hit,h_ema21,train
2024-03-07 15:45:00+00:00,33.879999999999995,33.818662656857015,34.00267468628596,2024-03-07 16:00:00+00:00,33.30866265685702,-9.31467380012141,stop_hit,h_ema21,train
2024-03-08 17:00:00+00:00,33.89,33.847269073512635,33.97546185297473,2024-03-08 17:15:00+00:00,33.33726907351264,-12.935149595944072,stop_hit,h_ema21,train
2024-03-08 19:15:00+00:00,33.839999999999996,33.80416648259243,33.91166703481513,2024-03-08 19:30:00+00:00,33.29416648259243,-15.232485027894333,stop_hit,h_ema21,train
2024-03-11 16:00:00+00:00,33.75,33.70853966259263,33.832920674814744,2024-03-11 16:15:00+00:00,33.19853966259263,-13.300912918024505,stop_hit,h_ema21,train
2024-03-11 18:00:00+00:00,33.87,33.83098363887974,33.94803272224052,2024-03-11 18:15:00+00:00,33.32098363887974,-14.071439400204802,stop_hit,h_ema21,train
2024-03-12 17:30:00+00:00,34.089999999999996,34.04475230789988,34.180495384200235,2024-03-12 17:45:00+00:00,33.53475230789988,-12.271293105326224,stop_hit,h_ema21,train
2024-03-12 18:30:00+00:00,34.15,34.10932712062496,34.231345758750074,2024-03-12 18:45:00+00:00,33.59932712062496,-13.539067994114145,stop_hit,h_ema21,train
2024-03-13 16:45:00+00:00,34.28,34.24316615076191,34.35366769847619,2024-03-13 17:00:00+00:00,33.73316615076191,-14.8459599132139,stop_hit,h_ema21,train
2024-03-13 18:00:00+00:00,34.309999999999995,34.276618874603656,34.37676225079267,2024-03-13 18:15:00+00:00,33.76661887460366,-16.278094849849836,stop_hit,h_ema21,train
2024-03-14 18:00:00+00:00,33.98,33.93377820294676,34.07244359410647,2024-03-14 18:15:00+00:00,33.423778202946764,-12.033755338690437,stop_hit,h_ema21,train
2024-03-15 14:15:00+00:00,34.0,33.95121805761452,34.09756388477096,2024-03-15 14:30:00+00:00,33.44121805761452,-11.454688252671613,stop_hit,h_ema21,train
2024-03-15 15:15:00+00:00,33.96,33.9155627588382,34.048874482323605,2024-03-15 15:30:00+00:00,33.4055627588382,-12.476860099010647,stop_hit,h_ema21,train
2024-03-15 17:15:00+00:00,33.86,33.81605797390317,33.94788405219366,2024-03-15 17:30:00+00:00,33.30605797390317,-12.606201290677411,stop_hit,h_ema21,train
2024-03-15 18:00:00+00:00,33.89,33.84817032385761,33.973659352284784,2024-03-15 18:15:00+00:00,33.33817032385761,-13.19230094595796,stop_hit,h_ema21,train
2024-03-18 15:30:00+00:00,33.85,33.810615950216246,33.92876809956751,2024-03-18 15:45:00+00:00,33.30061595021625,-13.949404715874339,stop_hit,h_ema21,train
2024-03-18 17:15:00+00:00,33.839999999999996,33.80411632045373,33.91176735909253,2024-03-18 17:30:00+00:00,33.29411632045373,-15.21258930100609,stop_hit,h_ema21,train
2024-03-18 18:00:00+00:00,33.83,33.79524182071314,33.89951635857372,2024-03-18 18:15:00+00:00,33.28524182071314,-15.672805378870471,stop_hit,h_ema21,train
2024-03-18 19:00:00+00:00,33.86,33.827697616654206,33.92460476669159,2024-03-18 19:15:00+00:00,33.31769761665421,-16.78830869971724,stop_hit,h_ema21,train
2024-03-19 14:30:00+00:00,33.79,33.75700600556108,33.855987988877835,2024-03-19 14:45:00+00:00,33.24700600556108,-16.457358488198878,stop_hit,h_ema21,train
2024-03-19 16:30:00+00:00,33.91,33.878408077134885,33.97318384573022,2024-03-19 16:45:00+00:00,33.36840807713489,-17.143366840238194,stop_hit,h_ema21,train
2024-03-20 16:45:00+00:00,33.919999999999995,33.889455959633324,33.981088080733336,2024-03-20 17:00:00+00:00,33.379455959633326,-17.6972016104491,stop_hit,h_ema21,train
2024-03-20 18:00:00+00:00,33.919999999999995,33.89267995035576,33.97464009928846,2024-03-20 18:15:00+00:00,33.382679950355765,-19.667608830926262,stop_hit,h_ema21,train
2024-03-22 17:30:00+00:00,34.46,34.42797615788565,34.5240476842287,2024-03-22 17:45:00+00:00,33.917976157885654,-16.925634350148364,stop_hit,h_ema21,train
2024-03-25 15:00:00+00:00,34.559999999999995,34.52679816176695,34.62640367646609,2024-03-25 15:15:00+00:00,34.01679816176695,-16.360595290545373,stop_hit,h_ema21,train
2024-03-25 17:30:00+00:00,34.48,34.45135052626634,34.53729894746731,2024-03-25 17:45:00+00:00,33.94135052626634,-18.801374110437337,stop_hit,h_ema21,train
2024-03-26 13:45:00+00:00,34.5,34.466632903780926,34.56673419243815,2024-03-26 14:00:00+00:00,33.95663290378093,-16.284518516431916,stop_hit,h_ema21,train
2024-03-26 16:00:00+00:00,34.48,34.44444791608415,34.55110416783169,2024-03-26 16:15:00+00:00,33.93444791608415,-15.345150658599982,stop_hit,h_ema21,train
2024-03-27 14:15:00+00:00,34.449999999999996,34.41601947412597,34.51796105174805,2024-03-27 14:30:00+00:00,33.90601947412597,-16.008596449938835,stop_hit,h_ema21,train
2024-03-27 15:15:00+00:00,34.5,34.46509819347438,34.569803613051235,2024-03-27 15:30:00+00:00,33.955098193474385,-15.612424134139436,stop_hit,h_ema21,train
2024-03-27 16:30:00+00:00,34.489999999999995,34.45909647682082,34.55180704635835,2024-03-27 16:45:00+00:00,33.94909647682082,-17.502972720716944,stop_hit,h_ema21,train
2024-03-27 17:30:00+00:00,34.53,34.498566599189914,34.592866801620175,2024-03-27 17:45:00+00:00,33.988566599189916,-17.224779592933388,stop_hit,h_ema21,train
2024-04-01 16:30:00+00:00,34.6,34.55941049021575,34.68117901956851,2024-04-01 16:45:00+00:00,34.04941049021575,-13.564822849815164,stop_hit,h_ema50,train
2024-04-02 14:30:00+00:00,34.449999999999996,34.39742365501742,34.55515268996515,2024-04-02 14:45:00+00:00,33.88742365501742,-10.700179808410299,stop_hit,h_ema21,train
2024-04-02 15:15:00+00:00,34.46,34.407128196090845,34.56574360781831,2024-04-02 15:30:00+00:00,33.89712819609085,-10.645973132981782,stop_hit,h_ema200,train
2024-04-02 16:30:00+00:00,34.5,34.44882152769522,34.602356944609554,2024-04-02 16:45:00+00:00,33.938821527695225,-10.965127465369784,stop_hit,h_ema21,train
2024-04-02 18:00:00+00:00,34.47,34.42522630999746,34.55954738000507,2024-04-02 18:15:00+00:00,33.915226309997465,-12.390618016319618,stop_hit,h_ema21,train
2024-04-03 14:00:00+00:00,34.43,34.384545151057274,34.52090969788545,2024-04-03 14:15:00+00:00,33.874545151057276,-12.219925087477806,stop_hit,h_ema21,train
2024-04-03 14:45:00+00:00,34.54,34.4914197146038,34.637160570792396,2024-04-03 15:00:00+00:00,33.9814197146038,-11.498085711944094,stop_hit,h_ema21,train
2024-04-03 16:30:00+00:00,34.65,34.6043292790642,34.74134144187159,2024-04-03 16:45:00+00:00,34.094329279064205,-12.166891819311525,stop_hit,h_ema50,train
2024-04-05 14:45:00+00:00,34.5,34.44167260574982,34.616654788500355,2024-04-05 15:00:00+00:00,33.931672605749824,-9.74374736873223,stop_hit,h_ema200,train
2024-04-05 15:45:00+00:00,34.6,34.54385623940079,34.71228752119843,2024-04-05 16:00:00+00:00,34.03385623940079,-10.08382328787486,stop_hit,h_ema21,train
2024-04-05 18:15:00+00:00,34.64,34.592184950575316,34.73563009884937,2024-04-05 18:30:00+00:00,34.08218495057532,-11.666097936452372,stop_hit,h_ema21,train
2024-04-05 19:15:00+00:00,34.62,34.57623423504221,34.70753152991558,2024-04-05 19:30:00+00:00,34.06623423504221,-12.65294381331774,stop_hit,h_ema21,train
2024-04-08 17:30:00+00:00,34.809999999999995,34.767883846321325,34.894232307357335,2024-04-08 17:45:00+00:00,34.25788384632133,-13.109367913582595,stop_hit,h_ema21,train
2024-04-10 14:15:00+00:00,34.519999999999996,34.44671856572304,34.66656286855391,2024-04-10 14:30:00+00:00,33.93671856572304,-7.959470772263032,stop_hit,ema21,train
2024-04-10 17:00:00+00:00,34.519999999999996,34.460226761538394,34.6395464769232,2024-04-10 17:15:00+00:00,33.950226761538396,-9.532246422077607,stop_hit,ema21,train
2024-04-10 18:00:00+00:00,34.55,34.47553822720476,34.698923545590475,2024-04-10 18:15:00+00:00,33.96553822720476,-7.849151999139727,stop_hit,ema21,train
2024-04-11 15:45:00+00:00,34.36,34.28638103686405,34.5072379262719,2024-04-11 16:00:00+00:00,33.77638103686405,-7.9275629304667055,stop_hit,ema21,train
2024-04-12 13:45:00+00:00,34.699999999999996,34.641361693264614,34.81727661347076,2024-04-12 14:00:00+00:00,34.131361693264616,-9.697386203552593,stop_hit,h_ema21,train
2024-04-12 15:30:00+00:00,34.519999999999996,34.45454817584817,34.650903648303654,2024-04-12 15:45:00+00:00,33.94454817584817,-8.791990622246805,stop_hit,ema21,train
2024-04-15 13:45:00+00:00,34.6,34.52283755405391,34.75432489189219,2024-04-15 14:00:00+00:00,34.01283755405391,-7.609432784910519,stop_hit,ema21,train
2024-04-15 16:00:00+00:00,34.41,34.34003382055143,34.549932358897124,2024-04-15 16:15:00+00:00,33.830033820551435,-8.289236085485138,stop_hit,ema21,train
2024-04-15 18:00:00+00:00,34.18,34.11686528977947,34.30626942044106,2024-04-15 18:15:00+00:00,33.60686528977947,-9.077965325548428,stop_hit,ema21,train
2024-04-15 18:45:00+00:00,34.15,34.08753755162007,34.27492489675985,2024-04-15 19:00:00+00:00,33.577537551620075,-9.164905686980832,stop_hit,ema21,train
2024-04-16 15:45:00+00:00,33.72,33.644275801306556,33.871448397386885,2024-04-16 16:00:00+00:00,33.13427580130656,-7.734967273336867,stop_hit,ema50,train
2024-04-16 18:15:00+00:00,33.79,33.71382892623401,33.94234214753198,2024-04-16 18:30:00+00:00,33.20382892623401,-7.695455043298907,stop_hit,ema50,train
2024-04-17 18:45:00+00:00,34.05,33.98302989935194,34.18394020129611,2024-04-17 19:00:00+00:00,33.47302989935194,-8.615338711825547,stop_hit,ema50,train
2024-04-18 15:15:00+00:00,34.01,33.944118278765366,34.14176344246926,2024-04-18 15:30:00+00:00,33.43411827876537,-8.741145653794879,stop_hit,ema50,train
2024-04-18 18:00:00+00:00,33.86,33.80123084003244,33.97753831993512,2024-04-18 18:15:00+00:00,33.29123084003244,-9.678020925967052,stop_hit,ema50,train
2024-04-18 18:45:00+00:00,33.85,33.7935911645595,33.962817670881,2024-04-18 19:00:00+00:00,33.2835911645595,-10.04113683640827,stop_hit,ema50,train
2024-04-19 13:45:00+00:00,33.919999999999995,33.862565991505484,34.034868016989016,2024-04-19 14:00:00+00:00,33.352565991505486,-9.879756321531035,stop_hit,ema50,train
2024-04-19 16:45:00+00:00,33.919999999999995,33.865875947208245,34.028248105583494,2024-04-19 17:00:00+00:00,33.35587594720825,-10.422797697029463,stop_hit,ema50,train
2024-05-06 14:00:00+00:00,35.98,35.805911803650304,36.32817639269938,2024-05-06 14:15:00+00:00,35.295911803650306,-3.92954956564404,stop_hit,ema50,train
2024-05-08 18:45:00+00:00,36.25,36.22475785913006,36.300484281739884,2024-05-08 19:00:00+00:00,35.71475785913006,-21.20430844704225,stop_hit,h_ema21,train
2024-05-14 19:15:00+00:00,36.9,36.87304920417111,36.953901591657775,2024-05-14 19:30:00+00:00,36.36304920417111,-19.92337440563935,stop_hit,h_ema21,train
2024-05-16 14:15:00+00:00,37.21,37.17701081780106,37.27597836439788,2024-05-16 14:30:00+00:00,36.667010817801064,-16.459613303672544,stop_hit,h_ema21,train
2024-05-16 18:00:00+00:00,37.18,37.14477770334342,37.250444593313155,2024-05-16 18:15:00+00:00,36.634777703343424,-15.479464669001295,stop_hit,h_ema21,train
2024-05-17 14:00:00+00:00,37.14,37.09975434941564,37.22049130116872,2024-05-17 14:15:00+00:00,36.58975434941564,-13.672176809043503,stop_hit,h_ema21,train
2024-05-21 13:45:00+00:00,37.169999999999995,37.143155295978644,37.223689408042695,2024-05-21 14:00:00+00:00,36.633155295978646,-19.998160664926072,stop_hit,h_ema21,train
2024-05-21 15:15:00+00:00,37.269999999999996,37.236159115386045,37.3376817692279,2024-05-21 15:30:00+00:00,36.72615911538605,-16.070528026023922,stop_hit,h_ema21,train
2024-05-21 17:30:00+00:00,37.22,37.191283826332075,37.277432347335846,2024-05-21 17:45:00+00:00,36.68128382633208,-18.760026314706142,stop_hit,h_ema21,train
2024-05-21 19:00:00+00:00,37.22,37.196131330601794,37.26773733879641,2024-05-21 19:15:00+00:00,36.686131330601796,-22.366922114156864,stop_hit,h_ema21,train
2024-05-22 15:00:00+00:00,36.98,36.9370889481091,37.06582210378179,2024-05-22 15:15:00+00:00,36.4270889481091,-12.885050063482293,stop_hit,h_ema200,train
2024-05-22 15:45:00+00:00,37.059999999999995,37.017815021499885,37.144369957000215,2024-05-22 16:00:00+00:00,36.50781502149989,-13.089611471502055,stop_hit,h_ema200,train
2024-05-23 14:15:00+00:00,36.94,36.877937651093845,37.064124697812304,2024-05-23 14:30:00+00:00,36.36793765109385,-9.217542664574143,stop_hit,h_ema21,train
2024-05-23 15:15:00+00:00,36.9,36.840076979719164,37.01984604056167,2024-05-23 15:30:00+00:00,36.330076979719166,-9.51091946984381,stop_hit,h_ema21,train
2024-05-24 13:45:00+00:00,36.809999999999995,36.748156198955606,36.933687602088774,2024-05-24 14:00:00+00:00,36.23815619895561,-9.246582379920918,stop_hit,h_ema50,train
2024-05-24 15:00:00+00:00,36.879999999999995,36.822320219214504,36.99535956157098,2024-05-24 15:15:00+00:00,36.312320219214506,-9.841919873042928,stop_hit,h_ema50,train
2024-05-24 18:00:00+00:00,36.879999999999995,36.84034375774108,36.959312484517824,2024-05-24 18:15:00+00:00,36.33034375774108,-13.860522604996873,stop_hit,h_ema21,train
2024-05-28 15:00:00+00:00,36.669999999999995,36.62224797192036,36.765504056159266,2024-05-28 15:15:00+00:00,36.11224797192036,-11.68017465456078,stop_hit,h_ema21,train
2024-05-29 16:00:00+00:00,36.18,36.11862828348737,36.30274343302526,2024-05-29 16:15:00+00:00,35.60862828348737,-9.310016877155913,stop_hit,ema21,train
2024-05-29 19:15:00+00:00,36.16,36.11632061982934,36.247358760341314,2024-05-29 19:30:00+00:00,35.60632061982934,-12.675989860831145,stop_hit,ema21,train
2024-05-30 13:45:00+00:00,36.4,36.34340127090134,36.51319745819732,2024-05-30 14:00:00+00:00,35.83340127090134,-10.010803036071602,stop_hit,ema21,train
2024-05-30 14:30:00+00:00,36.4,36.34543097382297,36.509138052354054,2024-05-30 14:45:00+00:00,35.83543097382297,-10.345961174852299,stop_hit,ema21,train
2024-05-30 19:00:00+00:00,36.489999999999995,36.45289541770905,36.56420916458188,2024-05-30 19:15:00+00:00,35.94289541770905,-14.744933065166888,stop_hit,h_ema21,train
2024-05-31 15:45:00+00:00,36.65,36.59737109788849,36.755257804223014,2024-05-31 16:00:00+00:00,36.08737109788849,-10.69049285731696,stop_hit,h_ema200,train
2024-06-03 14:15:00+00:00,36.809999999999995,36.74855450800824,36.932890983983505,2024-06-03 14:30:00+00:00,36.23855450800824,-9.300039327025535,stop_hit,h_ema21,train
2024-06-03 18:30:00+00:00,36.699999999999996,36.64774731978746,36.80450536042506,2024-06-03 18:45:00+00:00,36.137747319787465,-10.760264888339172,stop_hit,h_ema21,train
2024-06-04 14:30:00+00:00,36.62,36.5627790953089,36.7344418093822,2024-06-04 14:45:00+00:00,36.0527790953089,-9.912826575412804,stop_hit,ema21,train
2024-06-04 15:30:00+00:00,36.6,36.54168064715529,36.71663870568943,2024-06-04 15:45:00+00:00,36.03168064715529,-9.74495300655992,stop_hit,ema21,train
2024-06-04 16:30:00+00:00,36.57,36.51371982932638,36.68256034134725,2024-06-04 16:45:00+00:00,36.00371982932638,-10.061806208043611,stop_hit,ema21,train
2024-06-05 18:00:00+00:00,36.61,36.56906037396201,36.69187925207598,2024-06-05 18:15:00+00:00,36.05906037396201,-13.457368309294068,stop_hit,h_ema21,train
2024-06-07 18:00:00+00:00,36.5,36.45438739171409,36.591225216571814,2024-06-07 18:15:00+00:00,35.944387391714095,-12.181118974894742,stop_hit,ema21,train
2024-06-10 14:45:00+00:00,36.4,36.35346209985248,36.49307580029504,2024-06-10 15:00:00+00:00,35.84346209985248,-11.958809881480587,stop_hit,ema21,train
2024-06-10 15:30:00+00:00,36.449999999999996,36.40338419583669,36.5432316083266,2024-06-10 15:45:00+00:00,35.893384195836695,-11.940495592726247,stop_hit,ema21,train
2024-06-10 18:45:00+00:00,36.57,36.53438451098557,36.641230978028865,2024-06-10 19:00:00+00:00,36.02438451098557,-15.319612452698061,stop_hit,ema21,train
2024-06-11 14:45:00+00:00,35.43,35.323151276799784,35.64369744640043,2024-06-11 15:00:00+00:00,34.813151276799786,-5.773103362633061,stop_hit,ema21,train
2024-06-12 18:30:00+00:00,36.0,35.94182029605812,36.11635940788376,2024-06-12 18:45:00+00:00,35.43182029605812,-9.765943541229776,stop_hit,ema50,train
2024-06-13 15:30:00+00:00,35.5,35.428650720980876,35.64269855803825,2024-06-13 15:45:00+00:00,34.91865072098088,-8.147934877706353,stop_hit,ema50,train
2024-06-13 16:45:00+00:00,35.51,35.44963367597049,35.630732648059016,2024-06-13 17:00:00+00:00,34.93963367597049,-9.448419018370116,stop_hit,ema50,train
2024-06-13 18:00:00+00:00,35.57,35.51554418629907,35.67891162740187,2024-06-13 18:15:00+00:00,35.00554418629907,-10.36539122894895,stop_hit,ema50,train
2024-06-14 15:00:00+00:00,35.25,35.181926288054775,35.38614742389045,2024-06-14 15:15:00+00:00,34.67192628805478,-8.491878809405438,stop_hit,donchian_low,train
2024-06-14 16:15:00+00:00,35.339999999999996,35.27509965578093,35.469800688438134,2024-06-14 16:30:00+00:00,34.76509965578093,-8.85820177283667,stop_hit,donchian_low,train
2024-06-14 18:30:00+00:00,35.33,35.28082352614943,35.42835294770113,2024-06-14 18:45:00+00:00,34.770823526149435,-11.370812709137283,stop_hit,donchian_low,train
2024-06-17 15:00:00+00:00,35.269999999999996,35.21663311852974,35.3767337629405,2024-06-17 15:15:00+00:00,34.706633118529744,-10.55648870515824,stop_hit,donchian_low,train
2024-06-17 17:00:00+00:00,35.36,35.31883924205002,35.44232151589996,2024-06-17 17:15:00+00:00,34.80883924205002,-13.390442387376563,stop_hit,donchian_low,train
2024-06-18 16:15:00+00:00,35.58,35.540007332343116,35.65998533531376,2024-06-18 16:30:00+00:00,35.03000733234312,-13.752337612873154,stop_hit,ema50,train
2024-07-05 14:45:00+00:00,35.89,35.81058359060324,36.04883281879353,2024-07-05 15:00:00+00:00,35.30058359060324,-7.4218466167620605,stop_hit,ema21,train
2024-07-05 15:30:00+00:00,35.879999999999995,35.80374349437147,36.03251301125705,2024-07-05 15:45:00+00:00,35.29374349437147,-7.687953975813997,stop_hit,ema21,train
2024-07-08 16:30:00+00:00,35.93,35.88889138610446,36.012217227791076,2024-07-08 16:45:00+00:00,35.37889138610446,-13.406158993732218,stop_hit,ema21,train
2024-07-08 19:00:00+00:00,35.93,35.89704535466981,35.995909290660386,2024-07-08 19:15:00+00:00,35.38704535466981,-16.475815166268436,stop_hit,ema21,train
2024-07-09 17:00:00+00:00,35.71,35.66050363026707,35.80899273946586,2024-07-09 17:15:00+00:00,35.150503630267075,-11.303785969594298,stop_hit,ema50,train
2024-07-15 18:00:00+00:00,36.19,36.14579410458987,36.27841179082026,2024-07-15 18:15:00+00:00,35.63579410458987,-12.536922740018303,stop_hit,ema21,train
2024-07-15 18:45:00+00:00,36.28,36.23658514860931,36.36682970278139,2024-07-15 19:00:00+00:00,35.72658514860931,-12.747132229256566,stop_hit,ema21,train
2024-07-16 15:15:00+00:00,36.129999999999995,36.07904441909751,36.23191116180497,2024-07-16 15:30:00+00:00,35.56904441909751,-11.008717219335786,stop_hit,ema21,train
2024-07-16 16:15:00+00:00,36.14,36.094609997236674,36.230780005526654,2024-07-16 16:30:00+00:00,35.584609997236676,-12.23595437213891,stop_hit,ema21,train
2024-07-16 17:30:00+00:00,36.19,36.1488341161867,36.272331767626596,2024-07-16 17:45:00+00:00,35.6388341161867,-13.388899563362076,stop_hit,ema21,train
2024-07-17 14:30:00+00:00,36.48,36.43695370373395,36.566092592532094,2024-07-17 14:45:00+00:00,35.92695370373395,-12.847709193096028,stop_hit,ema21,train
2024-07-17 16:00:00+00:00,36.419999999999995,36.37348975816921,36.51302048366157,2024-07-17 16:15:00+00:00,35.86348975816921,-11.965326773734354,stop_hit,h_ema21,train
2024-07-18 19:00:00+00:00,36.169999999999995,36.12176009943054,36.26647980113891,2024-07-18 19:15:00+00:00,35.61176009943054,-11.572161094438774,stop_hit,ema21,train
2024-07-19 14:00:00+00:00,36.059999999999995,35.999781649728774,36.18043670054244,2024-07-19 14:15:00+00:00,35.489781649728776,-9.469179207052012,stop_hit,ema21,train
2024-07-19 16:15:00+00:00,36.08,36.02029557284244,36.19940885431511,2024-07-19 16:30:00+00:00,35.510295572842445,-9.542080114999614,stop_hit,ema21,train
2024-07-19 17:30:00+00:00,36.019999999999996,35.966569889271184,36.12686022145762,2024-07-19 17:45:00+00:00,35.45656988927119,-10.545179544705428,stop_hit,ema21,train
2024-07-19 19:00:00+00:00,36.04,35.991248239023385,36.13750352195323,2024-07-19 19:15:00+00:00,35.48124823902339,-11.461160577248457,stop_hit,ema21,train
2024-07-22 14:45:00+00:00,36.23,36.16147297060255,36.367054058794885,2024-07-22 15:00:00+00:00,35.651472970602555,-8.442318811779987,stop_hit,ema21,train
2024-07-22 17:00:00+00:00,36.25,36.195872150864844,36.35825569827031,2024-07-22 17:15:00+00:00,35.685872150864846,-10.422136814018558,stop_hit,ema21,train
2024-07-23 17:15:00+00:00,36.0,35.954567843066286,36.09086431386743,2024-07-23 17:30:00+00:00,35.44456784306629,-12.225529105829029,stop_hit,ema21,train
2024-07-23 18:00:00+00:00,36.019999999999996,35.97826004053084,36.103479918938305,2024-07-23 18:15:00+00:00,35.46826004053084,-13.218507312564197,stop_hit,ema21,train
2024-07-23 18:45:00+00:00,36.04,36.00197788230549,36.11604423538902,2024-07-23 19:00:00+00:00,35.49197788230549,-14.413245524555247,stop_hit,ema21,train
2024-07-24 13:45:00+00:00,36.11,36.071056100948724,36.18788779810255,2024-07-24 14:00:00+00:00,35.561056100948726,-14.095761144216764,stop_hit,ema21,train
2024-07-24 14:30:00+00:00,36.05,36.00382662309925,36.14234675380149,2024-07-24 14:45:00+00:00,35.49382662309925,-12.045325991561844,stop_hit,ema21,train
2024-07-25 14:00:00+00:00,35.9,35.855319125068426,35.98936174986314,2024-07-25 14:15:00+00:00,35.34531912506843,-12.414279616973769,stop_hit,ema50,train
2024-07-26 14:45:00+00:00,36.41,36.33719449727651,36.55561100544696,2024-07-26 15:00:00+00:00,35.827194497276516,-8.004965022176819,stop_hit,ema21,train
2024-07-26 19:15:00+00:00,36.559999999999995,36.51063449514309,36.65873100971381,2024-07-26 19:30:00+00:00,36.00063449514309,-11.331100663880461,stop_hit,h_ema21,train
2024-07-29 15:00:00+00:00,36.449999999999996,36.39454773468205,36.56090453063589,2024-07-29 15:15:00+00:00,35.88454773468205,-10.197099470613436,stop_hit,h_ema21,train
2024-07-29 16:00:00+00:00,36.449999999999996,36.398508378026186,36.552983243947615,2024-07-29 16:15:00+00:00,35.88850837802619,-10.904523890496206,stop_hit,h_ema21,train
2024-07-29 17:15:00+00:00,36.44,36.3961740852072,36.527651829585594,2024-07-29 17:30:00+00:00,35.8861740852072,-12.63695047579036,stop_hit,h_ema21,train
2024-07-29 18:15:00+00:00,36.419999999999995,36.37852608412127,36.502947831757446,2024-07-29 18:30:00+00:00,35.86852608412127,-13.296885625444562,stop_hit,h_ema21,train
2024-07-30 18:15:00+00:00,36.3,36.25482558409704,36.39034883180591,2024-07-30 18:30:00+00:00,35.74482558409704,-12.289575964758122,stop_hit,ema21,train
2024-07-30 19:15:00+00:00,36.29,36.25013987680642,36.36972024638715,2024-07-30 19:30:00+00:00,35.740139876806424,-13.794742191920196,stop_hit,ema21,train
2024-08-01 18:00:00+00:00,36.07,35.99972558688258,36.210548826234835,2024-08-01 18:15:00+00:00,35.489725586882585,-8.257264449122768,stop_hit,ema21,train
2024-08-01 19:15:00+00:00,36.08,36.01514979311149,36.209700413777014,2024-08-01 19:30:00+00:00,35.50514979311149,-8.864277146822404,stop_hit,ema21,train
2024-08-02 16:30:00+00:00,35.87,35.7896881643264,36.03062367134719,2024-08-02 16:45:00+00:00,35.2796881643264,-7.350247080302485,stop_hit,ema50,train
2024-08-02 17:15:00+00:00,35.9,35.82302292165638,36.05395415668723,2024-08-02 17:30:00+00:00,35.31302292165638,-7.625348882733819,stop_hit,ema50,train
2024-08-02 18:30:00+00:00,35.949999999999996,35.878846387759864,36.09230722448026,2024-08-02 18:45:00+00:00,35.368846387759866,-8.167591130564604,stop_hit,ema50,train
2024-08-05 16:15:00+00:00,35.19,35.03885742252526,35.49228515494947,2024-08-05 16:30:00+00:00,34.52885742252526,-4.374297358963885,stop_hit,ema100,train
2024-08-05 18:15:00+00:00,35.07,34.9522956466637,35.3054087066726,2024-08-05 18:30:00+00:00,34.4422956466637,-5.332889868081983,stop_hit,ema100,train
2024-08-06 14:15:00+00:00,34.93,34.80467923807674,35.180641523846525,2024-08-06 14:30:00+00:00,34.29467923807674,-5.069557128229761,stop_hit,ema200,train
2024-08-06 16:00:00+00:00,34.96,34.84873120610814,35.18253758778372,2024-08-06 16:15:00+00:00,34.33873120610814,-5.583495355361347,stop_hit,ema100,train
2024-08-07 14:45:00+00:00,35.589999999999996,35.48736352365396,35.795272952692066,2024-08-07 15:00:00+00:00,34.97736352365396,-5.968993657581855,stop_hit,ema100,train
2024-08-07 15:30:00+00:00,35.589999999999996,35.498716348931396,35.7725673021372,2024-08-07 15:45:00+00:00,34.9887163489314,-6.586980735649233,stop_hit,ema100,train
2024-08-08 17:30:00+00:00,35.68,35.59801186495105,35.843976270097905,2024-08-08 17:45:00+00:00,35.08801186495105,-7.220412254718244,stop_hit,ema50,train
2024-08-08 18:45:00+00:00,35.75,35.68335814201908,35.88328371596184,2024-08-08 19:00:00+00:00,35.17335814201908,-8.652847856463163,stop_hit,ema21,train
2024-08-09 14:00:00+00:00,35.71,35.647157446275315,35.83568510744937,2024-08-09 14:15:00+00:00,35.13715744627532,-9.115519974479687,stop_hit,ema21,train
2024-08-09 18:45:00+00:00,35.85,35.79614314113179,35.95771371773642,2024-08-09 19:00:00+00:00,35.286143141131795,-10.469545954174679,stop_hit,ema21,train
2024-08-13 14:30:00+00:00,36.19,36.13353819353562,36.30292361292875,2024-08-13 14:45:00+00:00,35.62353819353562,-10.032654672885306,stop_hit,ema21,train
2024-08-13 16:00:00+00:00,36.25,36.19853971006998,36.35292057986004,2024-08-13 16:15:00+00:00,35.68853971006998,-10.910554345759381,stop_hit,ema21,train
2024-08-16 15:00:00+00:00,36.9,36.858564102749135,36.982871794501726,2024-08-16 15:15:00+00:00,36.34856410274914,-13.308168371794272,stop_hit,h_ema21,train
2024-08-16 17:30:00+00:00,36.98,36.948062504968675,37.04387499006264,2024-08-16 17:45:00+00:00,36.43806250496868,-16.968691329731076,stop_hit,h_ema21,train
2024-09-04 16:30:00+00:00,37.419999999999995,37.36837422823734,37.5232515435253,2024-09-04 16:45:00+00:00,36.858374228237345,-10.878786942783389,stop_hit,h_ema21,train
2024-09-04 18:15:00+00:00,37.379999999999995,37.33323763123283,37.47352473753433,2024-09-04 18:30:00+00:00,36.82323763123283,-11.906205426403885,stop_hit,h_ema21,train
2024-09-05 16:30:00+00:00,37.3,37.24485640807806,37.41028718384388,2024-09-05 16:45:00+00:00,36.73485640807806,-10.248581425779111,stop_hit,h_ema21,train
2024-09-06 18:00:00+00:00,37.0,36.93678463265969,37.126430734680625,2024-09-06 18:15:00+00:00,36.42678463265969,-9.067658568753918,stop_hit,h_ema200,train
2024-09-06 19:00:00+00:00,36.98,36.9221682604486,37.09566347910279,2024-09-06 19:15:00+00:00,36.4121682604486,-9.818686831073965,stop_hit,h_ema200,train
2024-09-09 15:00:00+00:00,37.25,37.187062530456764,37.37587493908647,2024-09-09 15:15:00+00:00,36.677062530456766,-9.103280981921966,stop_hit,h_ema50,train
2024-09-10 16:30:00+00:00,36.8,36.73566718187783,36.92866563624433,2024-09-10 16:45:00+00:00,36.22566718187783,-8.927524627189674,stop_hit,ema21,train
2024-09-10 18:15:00+00:00,36.91,36.85460491341226,37.02079017317547,2024-09-10 18:30:00+00:00,36.34460491341226,-10.206592703709212,stop_hit,ema21,train
2024-09-11 15:00:00+00:00,36.69,36.62335678237893,36.82328643524214,2024-09-11 15:15:00+00:00,36.11335678237893,-8.652691724757778,stop_hit,ema21,train
2024-09-11 16:15:00+00:00,36.87,36.80125215646721,37.00749568706558,2024-09-11 16:30:00+00:00,36.29125215646721,-8.418414510074708,stop_hit,ema21,train
2024-09-11 17:45:00+00:00,37.0,36.94304786511484,37.113904269770316,2024-09-11 18:00:00+00:00,36.433047865114844,-9.954888188623567,stop_hit,h_ema21,train
2024-09-11 19:15:00+00:00,37.089999999999996,37.03701055984951,37.19597888030096,2024-09-11 19:30:00+00:00,36.527010559849515,-10.624559130114644,stop_hit,h_ema200,train
2024-09-12 15:15:00+00:00,37.08,37.01769204050661,37.204615918986775,2024-09-12 15:30:00+00:00,36.50769204050661,-9.185150085907,stop_hit,h_ema21,train
2024-09-12 19:15:00+00:00,37.25,37.20377175851923,37.34245648296154,2024-09-12 19:30:00+00:00,36.69377175851923,-12.032217182913175,stop_hit,h_ema21,train
2024-09-16 14:00:00+00:00,37.629999999999995,37.57671469481297,37.736570610374045,2024-09-16 14:15:00+00:00,37.06671469481297,-10.571119058246198,stop_hit,h_ema21,train
2024-09-17 14:15:00+00:00,37.73,37.680941036737444,37.8281179265251,2024-09-17 14:30:00+00:00,37.170941036737446,-11.395653843530878,stop_hit,h_ema21,train
2024-09-18 15:30:00+00:00,37.48,37.43236422824101,37.575271543517964,2024-09-18 15:45:00+00:00,36.922364228241015,-11.70623989426221,stop_hit,h_ema21,train
2024-09-18 17:30:00+00:00,37.51,37.46925241911243,37.591495161775136,2024-09-18 17:45:00+00:00,36.95925241911243,-13.516080436951482,stop_hit,h_ema21,train
2024-09-18 18:15:00+00:00,37.669999999999995,37.609499841395774,37.791000317208436,2024-09-18 18:30:00+00:00,37.099499841395776,-9.42972996709498,stop_hit,h_ema21,train
2024-09-20 14:30:00+00:00,37.58,37.5046931579483,37.73061368410339,2024-09-20 14:45:00+00:00,36.994693157948305,-7.772293009576765,stop_hit,h_ema21,train
2024-09-20 15:45:00+00:00,37.58,37.510710356350955,37.718579287298084,2024-09-20 16:00:00+00:00,37.00071035635096,-8.360407315459513,stop_hit,h_ema200,train
2024-09-20 17:00:00+00:00,37.589999999999996,37.53278092896675,37.704438142066486,2024-09-20 17:15:00+00:00,37.02278092896675,-9.913112198268333,stop_hit,h_ema200,train
2024-09-20 19:00:00+00:00,37.58,37.533330810450934,37.673338379098126,2024-09-20 19:15:00+00:00,37.023330810450936,-11.92798064264276,stop_hit,h_ema21,train
2024-09-23 13:45:00+00:00,37.76,37.6976954107752,37.8846091784496,2024-09-23 14:00:00+00:00,37.1876954107752,-9.185592848704358,stop_hit,h_ema21,train
2024-09-23 17:00:00+00:00,37.86,37.80123591993077,37.97752816013846,2024-09-23 17:15:00+00:00,37.29123591993077,-9.678771103013194,stop_hit,h_ema21,train
2024-09-24 18:15:00+00:00,38.07,38.031543799325455,38.14691240134909,2024-09-24 18:30:00+00:00,37.52154379932546,-14.261840510874281,stop_hit,h_ema21,train
2024-09-25 16:15:00+00:00,37.9,37.859694685638495,37.98061062872301,2024-09-25 16:30:00+00:00,37.3496946856385,-13.653418242213348,stop_hit,h_ema50,train
2024-09-25 18:30:00+00:00,37.91,37.87096001773541,37.98807996452916,2024-09-25 18:45:00+00:00,37.360960017735415,-14.063530524773459,stop_hit,h_ema21,train
2024-09-27 14:00:00+00:00,38.26,38.212902708044176,38.35419458391164,2024-09-27 14:15:00+00:00,37.70290270804418,-11.828648077651357,stop_hit,h_ema21,train
2024-09-27 17:00:00+00:00,38.23,38.18735138592005,38.315297228159885,2024-09-27 17:15:00+00:00,37.677351385920055,-12.958184597605273,stop_hit,h_ema21,train
2024-09-30 16:45:00+00:00,37.919999999999995,37.871986655456155,38.016026689087674,2024-09-30 17:00:00+00:00,37.36198665545616,-11.622046950599952,stop_hit,h_ema200,train
2024-09-30 18:45:00+00:00,37.879999999999995,37.83263060184777,37.97473879630445,2024-09-30 19:00:00+00:00,37.32263060184777,-11.766444580128507,stop_hit,h_ema200,train
2024-10-01 14:00:00+00:00,37.839999999999996,37.78027543610318,37.959449127793626,2024-10-01 14:15:00+00:00,37.270275436103184,-9.539200066510624,stop_hit,h_ema21,train
2024-10-01 14:45:00+00:00,37.809999999999995,37.738398372127804,37.95320325574438,2024-10-01 15:00:00+00:00,37.228398372127806,-8.122743087773776,stop_hit,ema21,train
2024-10-01 15:30:00+00:00,37.79,37.71520452753819,37.939590944923616,2024-10-01 15:45:00+00:00,37.20520452753819,-7.818594538063943,stop_hit,ema21,train
2024-10-01 17:00:00+00:00,37.739999999999995,37.675476368047384,37.869047263905216,2024-10-01 17:15:00+00:00,37.165476368047386,-8.90408079282592,stop_hit,ema21,train
2024-10-01 17:45:00+00:00,37.769999999999996,37.706844599344066,37.896310801311856,2024-10-01 18:00:00+00:00,37.19684459934407,-9.075318891229497,stop_hit,ema21,train
2024-10-02 14:00:00+00:00,37.87,37.80426755768197,38.00146488463606,2024-10-02 14:15:00+00:00,37.29426755768197,-8.758725859180636,stop_hit,h_ema21,train
2024-10-02 15:30:00+00:00,37.839999999999996,37.77579658638027,37.968406827239455,2024-10-02 15:45:00+00:00,37.26579658638027,-8.94350286451554,stop_hit,h_ema21,train
2024-10-02 17:30:00+00:00,37.72,37.67181176182087,37.81637647635826,2024-10-02 17:45:00+00:00,37.16181176182087,-11.583495460120009,stop_hit,ema21,train
2024-10-02 18:45:00+00:00,37.72,37.67425240316861,37.81149519366278,2024-10-02 19:00:00+00:00,37.16425240316861,-12.148126575471993,stop_hit,ema21,train
2024-10-03 15:00:00+00:00,37.309999999999995,37.23695849134573,37.45608301730852,2024-10-03 15:15:00+00:00,36.726958491345734,-7.982331134670899,stop_hit,ema21,train
2024-10-03 16:15:00+00:00,37.46,37.393287114608555,37.59342577078289,2024-10-03 16:30:00+00:00,36.88328711460856,-8.644700075667673,stop_hit,ema21,train
2024-10-04 14:15:00+00:00,37.39,37.33804971918958,37.49390056162085,2024-10-04 14:30:00+00:00,36.82804971918958,-10.817078792337721,stop_hit,ema21,train
2024-10-04 15:45:00+00:00,37.339999999999996,37.28330818353637,37.45338363292725,2024-10-04 16:00:00+00:00,36.77330818353637,-9.9960073924817,stop_hit,ema21,train
2024-10-04 18:45:00+00:00,37.43,37.38750824940373,37.51498350119254,2024-10-04 19:00:00+00:00,36.87750824940373,-13.002329695608518,stop_hit,ema21,train
2024-10-07 14:45:00+00:00,37.33,37.28215049590091,37.42569900819818,2024-10-07 15:00:00+00:00,36.77215049590091,-11.65841767019879,stop_hit,ema21,train
2024-10-07 16:30:00+00:00,37.339999999999996,37.301492506677285,37.41701498664542,2024-10-07 16:45:00+00:00,36.79149250667729,-14.244175509580653,stop_hit,ema21,train
2024-10-08 17:30:00+00:00,36.93,36.886553797757955,37.01689240448409,2024-10-08 17:45:00+00:00,36.37655379775796,-12.73865547922274,stop_hit,ema50,train
2024-10-08 19:00:00+00:00,36.949999999999996,36.91620861896433,37.01758276207132,2024-10-08 19:15:00+00:00,36.406208618964335,-16.09260599505413,stop_hit,ema50,train
2024-10-09 16:15:00+00:00,37.11,37.07081885981417,37.18836228037166,2024-10-09 16:30:00+00:00,36.56081885981417,-14.01646653418258,stop_hit,ema50,train
2024-10-09 17:00:00+00:00,37.12,37.08112209730748,37.197755805385036,2024-10-09 17:15:00+00:00,36.57112209730748,-14.117991575665185,stop_hit,ema50,train
2024-10-09 19:15:00+00:00,37.16,37.125764473931966,37.22847105213606,2024-10-09 19:30:00+00:00,36.61576447393197,-15.89680628790566,stop_hit,ema50,train
2024-10-10 15:45:00+00:00,36.989999999999995,36.94389188124921,37.08221623750157,2024-10-10 16:00:00+00:00,36.43389188124921,-12.060958759921004,stop_hit,ema50,train
2024-10-10 17:30:00+00:00,37.03,36.9836466611216,37.12270667775681,2024-10-10 17:45:00+00:00,36.4736466611216,-12.002443671595,stop_hit,ema50,train
2024-10-10 19:15:00+00:00,36.98,36.94122871731293,37.05754256537413,2024-10-10 19:30:00+00:00,36.43122871731293,-14.154065706733512,stop_hit,ema50,train
2024-10-14 15:00:00+00:00,37.16,37.12206833639477,37.23586332721045,2024-10-14 15:15:00+00:00,36.61206833639477,-14.445231543435543,stop_hit,ema50,train
2024-10-14 19:15:00+00:00,37.309999999999995,37.28242246076401,37.365155078471965,2024-10-14 19:30:00+00:00,36.77242246076401,-19.493310648055264,stop_hit,ema21,train
2024-10-15 14:15:00+00:00,37.18,37.13479550073443,37.270408998531146,2024-10-15 14:30:00+00:00,36.62479550073443,-12.282062809805453,stop_hit,ema21,train
2024-10-15 15:00:00+00:00,37.14,37.091281237286275,37.23743752542745,2024-10-15 15:15:00+00:00,36.58128123728628,-11.468246145674609,stop_hit,ema21,train
2024-10-17 14:45:00+00:00,37.43,37.38558192614133,37.518836147717344,2024-10-17 15:00:00+00:00,36.87558192614133,-12.481812597788357,stop_hit,ema21,train
2024-10-17 15:30:00+00:00,37.48,37.43431978561679,37.571360428766404,2024-10-17 15:45:00+00:00,36.924319785616795,-12.164571070566668,stop_hit,ema21,train
2024-10-17 18:00:00+00:00,37.449999999999996,37.41539345973005,37.51921308053989,2024-10-17 18:15:00+00:00,36.90539345973005,-15.737098710872202,stop_hit,ema21,train
2024-11-04 18:45:00+00:00,36.4,36.33810027198512,36.52379945602976,2024-11-04 19:00:00+00:00,35.82810027198512,-9.239131517305022,stop_hit,ema100,train
2024-11-05 15:30:00+00:00,36.4,36.3442567231504,36.51148655369919,2024-11-05 15:45:00+00:00,35.8342567231504,-10.149085393312037,stop_hit,ema100,train
2024-11-05 16:15:00+00:00,36.5,36.44355029911131,36.61289940177738,2024-11-05 16:30:00+00:00,35.93355029911131,-10.03459171565183,stop_hit,ema100,train
2024-11-05 19:15:00+00:00,36.519999999999996,36.482158987271326,36.595682025457336,2024-11-05 19:30:00+00:00,35.97215898727133,-14.477440565791227,stop_hit,ema100,train
2024-11-06 16:00:00+00:00,36.089999999999996,36.012020968890994,36.245958062218,2024-11-06 16:15:00+00:00,35.502020968890996,-7.5402197584001485,stop_hit,donchian_low,train
2024-11-06 18:15:00+00:00,36.12,36.059720955037136,36.24055808992572,2024-11-06 18:30:00+00:00,35.54972095503714,-9.460651629670224,stop_hit,donchian_low,train
2024-11-07 15:30:00+00:00,36.44,36.37758074315242,36.56483851369515,2024-11-07 15:45:00+00:00,35.86758074315242,-9.17055546248146,stop_hit,ema100,train
2024-11-07 19:15:00+00:00,36.339999999999996,36.29169448429815,36.43661103140369,2024-11-07 19:30:00+00:00,35.78169448429815,-11.557800544927899,stop_hit,ema100,train
2024-11-08 19:15:00+00:00,35.83,35.7785427347335,35.932914530533,2024-11-08 19:30:00+00:00,35.2685427347335,-10.911136889196984,stop_hit,donchian_low,train
2024-11-11 16:45:00+00:00,35.91,35.85780718307331,36.014385633853365,2024-11-11 17:00:00+00:00,35.347807183073314,-10.771459561502482,stop_hit,donchian_low,train
2024-11-22 15:15:00+00:00,35.62,35.569303384675614,35.721393230648765,2024-11-22 15:30:00+00:00,35.059303384675616,-11.059843181576293,stop_hit,ema200,train
2024-11-25 15:30:00+00:00,35.949999999999996,35.88939483146175,36.07121033707649,2024-11-25 15:45:00+00:00,35.37939483146175,-9.415123863209098,stop_hit,ema21,train
2024-11-25 18:00:00+00:00,35.769999999999996,35.71332465741743,35.88335068516513,2024-11-25 18:15:00+00:00,35.20332465741743,-9.99862227135239,stop_hit,ema21,train
2024-11-26 15:45:00+00:00,35.69,35.636939329777746,35.7961213404445,2024-11-26 16:00:00+00:00,35.12693932977775,-10.61163886290539,stop_hit,ema21,train
2024-11-26 16:45:00+00:00,35.66,35.60792467195393,35.76415065609213,2024-11-26 17:00:00+00:00,35.09792467195393,-10.793505276603486,stop_hit,h_ema50,train
2024-11-26 17:45:00+00:00,35.66,35.61215916690119,35.7556816661976,2024-11-26 18:00:00+00:00,35.102159166901195,-11.660349474824608,stop_hit,ema200,train
2024-11-26 19:15:00+00:00,35.64,35.60034193026386,35.719316139472284,2024-11-26 19:30:00+00:00,35.09034193026386,-13.85992998129258,stop_hit,ema200,train
2024-11-29 17:30:00+00:00,36.21,36.16738197480616,36.29523605038768,2024-11-29 17:45:00+00:00,35.657381974806164,-12.96676752806755,stop_hit,ema50,train
2024-12-02 15:45:00+00:00,36.0,35.941880768061914,36.11623846387617,2024-12-02 16:00:00+00:00,35.431880768061916,-9.77506434605496,stop_hit,ema21,train
2024-12-02 17:45:00+00:00,36.169999999999995,36.117178642912485,36.275642714175014,2024-12-02 18:00:00+00:00,35.60717864291249,-10.65518548027982,stop_hit,ema21,train
2024-12-03 15:45:00+00:00,36.39,36.337237958158795,36.49552408368241,2024-12-03 16:00:00+00:00,35.8272379581588,-10.66603986886844,stop_hit,ema50,train
2024-12-03 16:30:00+00:00,36.43,36.37645837976489,36.53708324047022,2024-12-03 16:45:00+00:00,35.86645837976489,-10.525300089173944,stop_hit,ema50,train
2024-12-03 17:45:00+00:00,36.449999999999996,36.40128544133033,36.54742911733933,2024-12-03 18:00:00+00:00,35.89128544133033,-11.469149550513608,stop_hit,ema50,train
2024-12-04 15:30:00+00:00,36.39,36.34656939693238,36.47686120613524,2024-12-04 15:45:00+00:00,35.83656939693238,-12.742871707444369,stop_hit,ema50,train
2024-12-04 19:15:00+00:00,36.43,36.383475966387934,36.52304806722413,2024-12-04 19:30:00+00:00,35.873475966387936,-11.962076165892283,stop_hit,ema50,train
2024-12-05 18:45:00+00:00,36.66,36.6096607490768,36.760678501846385,2024-12-05 19:00:00+00:00,36.099660749076804,-11.131259219135698,stop_hit,h_ema21,train
2024-12-06 18:15:00+00:00,36.39,36.343108828329854,36.483782343340295,2024-12-06 18:30:00+00:00,35.833108828329856,-11.876247742060295,stop_hit,ema50,train
2024-12-09 15:00:00+00:00,36.809999999999995,36.74730565320366,36.935388693592664,2024-12-09 15:15:00+00:00,36.23730565320366,-9.134704739117197,stop_hit,ema50,train
2024-12-09 15:45:00+00:00,36.83,36.77116272597976,36.94767454804048,2024-12-09 16:00:00+00:00,36.26116272597976,-9.667974655395218,stop_hit,ema50,train
2024-12-09 18:45:00+00:00,36.68,36.63610432120446,36.76779135759107,2024-12-09 19:00:00+00:00,36.126104321204465,-12.618455711222763,stop_hit,h_ema21,train
2024-12-10 15:45:00+00:00,36.32,36.27055766472352,36.41888467055296,2024-12-10 16:00:00+00:00,35.76055766472352,-11.315046753922143,stop_hit,ema21,train
2024-12-11 14:45:00+00:00,36.47,36.4250095891797,36.55998082164059,2024-12-11 15:00:00+00:00,35.915009589179704,-12.3357489007394,stop_hit,ema21,train
2024-12-11 16:45:00+00:00,36.48,36.42991255977539,36.58017488044921,2024-12-11 17:00:00+00:00,35.91991255977539,-11.182193334556382,stop_hit,ema21,train
2024-12-11 17:45:00+00:00,36.43,36.38383050342943,36.52233899314114,2024-12-11 18:00:00+00:00,35.87383050342943,-12.046254299534326,stop_hit,ema50,train
2024-12-12 16:00:00+00:00,36.28,36.22676420677925,36.3864715864415,2024-12-12 16:15:00+00:00,35.71676420677925,-10.580020680544859,stop_hit,ema21,train
2024-12-12 18:30:00+00:00,36.239999999999995,36.19462327239384,36.3307534552123,2024-12-12 18:45:00+00:00,35.68462327239384,-12.23924149900203,stop_hit,ema21,train
2024-12-13 18:45:00+00:00,36.03,35.9902973153801,36.10940536923981,2024-12-13 19:00:00+00:00,35.4802973153801,-13.845478961498777,stop_hit,h_ema21,train
2024-12-16 15:00:00+00:00,35.989999999999995,35.95197561541326,36.06604876917346,2024-12-16 15:15:00+00:00,35.44197561541326,-14.412445869746609,stop_hit,h_ema21,train
2025-01-22 16:30:00+00:00,35.48,35.43469214786224,35.570615704275504,2025-01-22 16:45:00+00:00,34.924692147862245,-12.256327014783222,stop_hit,ema50,holdout
2025-01-24 18:45:00+00:00,35.75,35.71545841712622,35.81908316574756,2025-01-24 19:00:00+00:00,35.20545841712622,-15.764812656780515,stop_hit,ema50,holdout
2025-01-27 16:15:00+00:00,35.86,35.81399029620256,35.952019407594875,2025-01-27 16:30:00+00:00,35.303990296202564,-12.084618198050613,stop_hit,ema50,holdout
2025-01-27 18:15:00+00:00,35.809999999999995,35.766222806830676,35.89755438633863,2025-01-27 18:30:00+00:00,35.25622280683068,-12.649901765685305,stop_hit,ema50,holdout
2025-01-28 17:15:00+00:00,35.769999999999996,35.7206603827877,35.86867923442459,2025-01-28 17:30:00+00:00,35.2106603827877,-11.33652121388751,stop_hit,ema50,holdout
2025-01-28 18:00:00+00:00,35.75,35.70589317091275,35.838213658174496,2025-01-28 18:15:00+00:00,35.195893170912754,-12.56283529226652,stop_hit,ema50,holdout
2025-01-31 16:30:00+00:00,36.37,36.30819149716356,36.49361700567287,2025-01-31 16:45:00+00:00,35.798191497163565,-9.251291919327382,stop_hit,h_ema21,holdout
2025-01-31 17:15:00+00:00,36.43,36.36517737582666,36.559645248346676,2025-01-31 17:30:00+00:00,35.85517737582666,-8.86762348028734,stop_hit,h_ema21,holdout
2025-01-31 18:15:00+00:00,36.47,36.41035040168121,36.58929919663758,2025-01-31 18:30:00+00:00,35.90035040168121,-9.549931841524682,stop_hit,h_ema21,holdout
2025-02-03 15:30:00+00:00,35.93,35.8080001388334,36.1739997223332,2025-02-03 15:45:00+00:00,35.2980001388334,-5.180332625981882,stop_hit,ema21,holdout
2025-02-03 17:30:00+00:00,35.839999999999996,35.73118383372038,36.05763233255923,2025-02-03 17:45:00+00:00,35.22118383372038,-5.68680360130947,stop_hit,ema50,holdout
2025-02-03 18:15:00+00:00,35.82,35.71479259573021,36.03041480853958,2025-02-03 18:30:00+00:00,35.20479259573021,-5.847567559904508,stop_hit,ema50,holdout
2025-02-04 14:45:00+00:00,35.93,35.854839544058166,36.08032091188367,2025-02-04 15:00:00+00:00,35.34483954405817,-7.7854830523471374,stop_hit,ema50,holdout
2025-02-04 16:15:00+00:00,36.059999999999995,35.98706965539654,36.20586068920691,2025-02-04 16:30:00+00:00,35.47706965539654,-7.992973950322287,stop_hit,ema100,holdout
2025-02-04 19:15:00+00:00,36.03,35.978917008504695,36.132165982990614,2025-02-04 19:30:00+00:00,35.4689170085047,-10.983753595301051,stop_hit,ema100,holdout
2025-02-07 17:15:00+00:00,36.41,36.34170197629917,36.54659604740165,2025-02-07 17:30:00+00:00,35.83170197629917,-8.46727317080224,stop_hit,h_ema21,holdout
2025-02-07 18:00:00+00:00,36.4,36.333746079420294,36.53250784115941,2025-02-07 18:15:00+00:00,35.823746079420296,-8.69765767123863,stop_hit,h_ema50,holdout
2025-02-10 15:00:00+00:00,36.629999999999995,36.566407886131,36.75718422773798,2025-02-10 15:15:00+00:00,36.056407886131005,-9.01986235354059,stop_hit,h_ema21,holdout
2025-02-11 16:00:00+00:00,36.809999999999995,36.76813554227786,36.893728915444264,2025-02-11 16:15:00+00:00,36.25813554227786,-13.182171411009438,stop_hit,h_ema21,holdout
2025-02-12 15:30:00+00:00,36.919999999999995,36.864457380522374,37.031085238955235,2025-02-12 15:45:00+00:00,36.354457380522376,-10.182138055362902,stop_hit,h_ema21,holdout
2025-02-13 15:00:00+00:00,36.97,36.908776082768725,37.09244783446255,2025-02-13 15:15:00+00:00,36.39877608276873,-9.330077901965453,stop_hit,h_ema21,holdout
2025-02-13 16:00:00+00:00,37.07,37.01178372813301,37.18643254373398,2025-02-13 16:15:00+00:00,36.50178372813301,-9.760437308064503,stop_hit,h_ema21,holdout
2025-03-03 15:15:00+00:00,38.16,38.048614175211135,38.38277164957772,2025-03-03 15:30:00+00:00,37.53861417521114,-5.578679566872477,stop_hit,h_ema50,holdout
2025-03-04 15:45:00+00:00,37.769999999999996,37.67785814910086,37.954283701798275,2025-03-04 16:00:00+00:00,37.16785814910086,-6.534944165146583,stop_hit,h_ema21,holdout
2025-03-04 18:15:00+00:00,38.07,37.97940780904074,38.25118438191853,2025-03-04 18:30:00+00:00,37.46940780904074,-6.6296243042551986,stop_hit,h_ema21,holdout
2025-03-05 15:45:00+00:00,38.25,38.151751090893804,38.44649781821239,2025-03-05 16:00:00+00:00,37.641751090893806,-6.190897330460364,stop_hit,h_ema21,holdout
2025-03-05 19:00:00+00:00,38.39,38.3061343448056,38.5577313103888,2025-03-05 19:15:00+00:00,37.7961343448056,-7.081154422723032,stop_hit,h_ema21,holdout
2025-03-06 17:30:00+00:00,37.82,37.719412640513625,38.02117471897275,2025-03-06 17:45:00+00:00,37.20941264051363,-6.070219584291562,stop_hit,h_ema50,holdout
2025-03-07 14:45:00+00:00,38.03,37.93246789849885,38.225064203002304,2025-03-07 15:00:00+00:00,37.42246789849885,-6.22904758690118,stop_hit,h_ema21,holdout
2025-03-07 15:30:00+00:00,38.11,38.01871792019022,38.29256415961956,2025-03-07 15:45:00+00:00,37.50871792019022,-6.5870769055960725,stop_hit,h_ema21,holdout
2025-03-07 18:45:00+00:00,38.25,38.16136839258258,38.42726321483484,2025-03-07 19:00:00+00:00,37.65136839258258,-6.754154921258562,stop_hit,h_ema21,holdout
2025-03-10 15:00:00+00:00,37.78,37.684517337711654,37.970965324576696,2025-03-10 15:15:00+00:00,37.174517337711656,-6.341283828679316,stop_hit,h_ema200,holdout
2025-03-11 15:15:00+00:00,37.37,37.281288654229705,37.54742269154058,2025-03-11 15:30:00+00:00,36.77128865422971,-6.7489827887470355,stop_hit,ema21,holdout
2025-03-11 16:30:00+00:00,37.339999999999996,37.25369287777211,37.51261424445577,2025-03-11 16:45:00+00:00,36.74369287777211,-6.909129940092186,stop_hit,ema21,holdout
2025-03-11 18:00:00+00:00,37.339999999999996,37.26637457150963,37.48725085698073,2025-03-11 18:15:00+00:00,36.75637457150963,-7.926954592416781,stop_hit,ema21,holdout
2025-03-13 13:45:00+00:00,37.64,37.57212129459201,37.775757410815984,2025-03-13 14:00:00+00:00,37.06212129459201,-8.513401985712468,stop_hit,h_ema21,holdout
2025-03-13 18:15:00+00:00,37.57,37.506827231585184,37.69634553682963,2025-03-13 18:30:00+00:00,36.996827231585186,-9.073098786033048,stop_hit,h_ema21,holdout
2025-03-18 16:15:00+00:00,38.449999999999996,38.40495168189372,38.540096636212546,2025-03-18 16:30:00+00:00,37.89495168189372,-12.32117738106979,stop_hit,h_ema21,holdout
2025-03-19 14:00:00+00:00,38.339999999999996,38.290161991311926,38.43967601737614,2025-03-19 14:15:00+00:00,37.78016199131193,-11.233153639665355,stop_hit,h_ema21,holdout
2025-03-19 16:30:00+00:00,38.46,38.41904346594544,38.54191306810912,2025-03-19 16:45:00+00:00,37.909043465945444,-13.452225555039037,stop_hit,h_ema21,holdout
2025-03-19 17:45:00+00:00,38.364999999999995,38.32275414634021,38.44949170731957,2025-03-19 18:00:00+00:00,37.81275414634021,-13.072190660582415,stop_hit,h_ema21,holdout
2025-03-19 18:45:00+00:00,38.54,38.48731156741001,38.645376865179976,2025-03-19 19:00:00+00:00,37.97731156741001,-10.679543970660918,stop_hit,h_ema21,holdout
2025-03-20 14:00:00+00:00,38.309999999999995,38.23935499290416,38.45129001419166,2025-03-20 14:15:00+00:00,37.72935499290416,-8.219193839249728,stop_hit,h_ema21,holdout
2025-03-21 18:45:00+00:00,38.03,37.97928524190138,38.131429516197244,2025-03-21 19:00:00+00:00,37.46928524190138,-11.056244358067085,stop_hit,h_ema21,holdout
2025-03-24 17:00:00+00:00,37.94,37.8887684574919,38.042463085016195,2025-03-24 17:15:00+00:00,37.3787684574919,-10.954804697113683,stop_hit,h_ema21,holdout
2025-03-24 18:45:00+00:00,37.97,37.924965830981144,38.06006833803771,2025-03-24 19:00:00+00:00,37.414965830981146,-12.324734331979533,stop_hit,h_ema21,holdout
2025-03-25 16:15:00+00:00,38.16,38.10743655014946,38.26512689970107,2025-03-25 16:30:00+00:00,37.59743655014946,-10.702559505705183,stop_hit,h_ema21,holdout
2025-03-25 19:15:00+00:00,38.129999999999995,38.08789525988905,38.21420948022188,2025-03-25 19:30:00+00:00,37.577895259889054,-13.11265046776634,stop_hit,h_ema21,holdout
2025-03-26 14:15:00+00:00,38.12,38.06095200839598,38.238095983208034,2025-03-26 14:30:00+00:00,37.55095200839598,-9.637042279441282,stop_hit,h_ema21,holdout
2025-03-26 18:15:00+00:00,38.04,37.98895300188756,38.14209399622488,2025-03-26 18:30:00+00:00,37.47895300188756,-10.990793168221792,stop_hit,h_ema21,holdout
2025-03-27 14:30:00+00:00,38.089999999999996,38.037808896782124,38.19438220643574,2025-03-27 14:45:00+00:00,37.527808896782126,-10.771780409986725,stop_hit,ema21,holdout
2025-03-27 18:45:00+00:00,38.19,38.14515376776821,38.27969246446358,2025-03-27 19:00:00+00:00,37.63515376776821,-12.372192815753792,stop_hit,h_ema21,holdout
2025-03-28 15:15:00+00:00,38.129999999999995,38.07698174977483,38.236036500450325,2025-03-28 15:30:00+00:00,37.56698174977483,-10.619329152396835,stop_hit,h_ema21,holdout
2025-03-31 14:00:00+00:00,37.78,37.704229283145025,37.93154143370995,2025-03-31 14:15:00+00:00,37.19422928314503,-7.730832453071971,stop_hit,ema21,holdout
2025-03-31 14:45:00+00:00,37.76,37.68442118624986,37.91115762750028,2025-03-31 15:00:00+00:00,37.17442118624986,-7.747922793364102,stop_hit,ema21,holdout
2025-03-31 16:30:00+00:00,37.79,37.72235260873749,37.92529478252502,2025-03-31 16:45:00+00:00,37.21235260873749,-8.539093385299973,stop_hit,ema21,holdout
2025-03-31 17:15:00+00:00,37.86,37.797812930537994,37.98437413892401,2025-03-31 17:30:00+00:00,37.287812930537996,-9.201061802913733,stop_hit,ema21,holdout
2025-03-31 18:00:00+00:00,37.809999999999995,37.75033710218366,37.92932579563267,2025-03-31 18:15:00+00:00,37.24033710218366,-9.54802597034333,stop_hit,ema21,holdout
2025-04-01 17:00:00+00:00,37.97,37.90690182639046,38.09619634721908,2025-04-01 17:15:00+00:00,37.39690182639046,-9.082642821897707,stop_hit,ema21,holdout
2025-04-01 19:15:00+00:00,37.879999999999995,37.82789870616219,37.98420258767561,2025-04-01 19:30:00+00:00,37.31789870616219,-10.788624474233526,stop_hit,ema21,holdout
2025-04-02 14:15:00+00:00,37.9,37.838191270483605,38.023617459032785,2025-04-02 14:30:00+00:00,37.32819127048361,-9.251261658189136,stop_hit,ema21,holdout
2025-04-02 17:00:00+00:00,38.03,37.97587338196217,38.13825323607567,2025-04-02 17:15:00+00:00,37.46587338196217,-10.422351118326095,stop_hit,ema21,holdout
2025-04-02 18:45:00+00:00,38.0,37.941259258755885,38.11748148248823,2025-04-02 19:00:00+00:00,37.43125925875589,-9.682219345522661,stop_hit,ema21,holdout
2025-04-03 15:45:00+00:00,37.98,37.89848092895048,38.14303814209904,2025-04-03 16:00:00+00:00,37.38848092895048,-7.256204755942198,stop_hit,ema21,holdout
2025-04-03 17:45:00+00:00,38.0,37.92861255845193,38.14277488309614,2025-04-03 18:00:00+00:00,37.41861255845193,-8.144113711605543,stop_hit,ema21,holdout
2025-04-15 17:15:00+00:00,37.23,37.14489287150755,37.40021425698489,2025-04-15 17:30:00+00:00,36.63489287150755,-6.992447507440765,stop_hit,ema50,holdout
2025-05-01 14:15:00+00:00,38.559999999999995,38.409996803715366,38.860006392569254,2025-05-01 14:30:00+00:00,37.89999680371537,-4.399927552425476,stop_hit,ema50,holdout
2025-05-06 17:15:00+00:00,39.169999999999995,39.112804466129454,39.284391067741076,2025-05-06 17:30:00+00:00,38.602804466129456,-9.916780131021374,stop_hit,h_ema21,holdout
2025-05-06 18:30:00+00:00,39.129999999999995,39.07559760933428,39.238804781331424,2025-05-06 18:45:00+00:00,38.56559760933428,-10.374588023783492,stop_hit,h_ema21,holdout
2025-05-07 14:00:00+00:00,38.989999999999995,38.925749267189396,39.11850146562119,2025-05-07 14:15:00+00:00,38.4157492671894,-8.937652656871565,stop_hit,h_ema21,holdout
2025-05-07 14:45:00+00:00,39.01,38.94843700437868,39.13312599124263,2025-05-07 15:00:00+00:00,38.438437004378684,-9.284197265790883,stop_hit,h_ema21,holdout
2025-05-08 14:30:00+00:00,38.839999999999996,38.7658173639361,38.98836527212779,2025-05-08 14:45:00+00:00,38.2558173639361,-7.87492420140911,stop_hit,h_ema21,holdout
2025-05-08 18:15:00+00:00,38.699999999999996,38.63707772017378,38.82584455965243,2025-05-08 18:30:00+00:00,38.12707772017378,-9.105237149838578,stop_hit,h_ema21,holdout
2025-05-09 13:45:00+00:00,38.8,38.73114987430181,38.937700251396365,2025-05-09 14:00:00+00:00,38.221149874301815,-8.407393883864064,stop_hit,h_ema21,holdout
2025-05-09 17:15:00+00:00,38.69,38.63439641943128,38.80120716113743,2025-05-09 17:30:00+00:00,38.124396419431285,-10.172071200877859,stop_hit,h_ema21,holdout
2025-05-12 14:45:00+00:00,38.66,38.597256793683734,38.78548641263252,2025-05-12 15:00:00+00:00,38.087256793683736,-9.128370064948477,stop_hit,h_ema21,holdout
2025-05-13 14:45:00+00:00,38.769999999999996,38.72406677339621,38.86186645320757,2025-05-13 15:00:00+00:00,38.21406677339621,-12.103073694325662,stop_hit,h_ema21,holdout
2025-05-14 15:30:00+00:00,38.85,38.80414983943482,38.94170032113036,2025-05-14 15:45:00+00:00,38.29414983943482,-12.123188964081898,stop_hit,h_ema21,holdout
2025-05-14 17:00:00+00:00,38.769999999999996,38.72086329653414,38.868273406931706,2025-05-14 17:15:00+00:00,38.21086329653414,-11.379206662783027,stop_hit,h_ema21,holdout
2025-05-14 18:00:00+00:00,38.78,38.73624939119929,38.86750121760143,2025-05-14 18:15:00+00:00,38.22624939119929,-12.65698064507104,stop_hit,h_ema21,holdout
2025-05-16 17:00:00+00:00,39.339999999999996,39.29809003585988,39.42381992828023,2025-05-16 17:15:00+00:00,38.78809003585988,-13.168943841013943,stop_hit,h_ema21,holdout
2025-05-21 17:45:00+00:00,40.1,40.04095751098746,40.21808497802508,2025-05-21 18:00:00+00:00,39.53095751098746,-9.637847227132905,stop_hit,h_ema21,holdout
2025-05-21 18:30:00+00:00,40.07,40.01030016459164,40.18939967081672,2025-05-21 18:45:00+00:00,39.50030016459164,-9.542737119985167,stop_hit,h_ema21,holdout
2025-05-22 14:15:00+00:00,39.86,39.79120473351539,39.99759053296921,2025-05-22 14:30:00+00:00,39.281204733515395,-8.413300740889119,stop_hit,h_ema50,holdout
2025-05-23 14:15:00+00:00,40.1,40.04075017580491,40.218499648390186,2025-05-23 14:30:00+00:00,39.53075017580491,-9.60762047699449,stop_hit,h_ema21,holdout
2025-05-23 15:45:00+00:00,40.22,40.15841455905473,40.34317088189054,2025-05-23 16:00:00+00:00,39.64841455905473,-9.281178021493876,stop_hit,h_ema21,holdout
2025-05-27 17:45:00+00:00,40.519999999999996,40.47076734437796,40.618465311244066,2025-05-27 18:00:00+00:00,39.96076734437796,-11.358978071695562,stop_hit,h_ema21,holdout
2025-05-28 17:15:00+00:00,40.239999999999995,40.192462576953986,40.33507484609201,2025-05-28 17:30:00+00:00,39.68246257695399,-11.728389704809933,stop_hit,h_ema21,holdout
2025-05-29 14:00:00+00:00,40.19,40.13728452721582,40.295430945568356,2025-05-29 14:15:00+00:00,39.62728452721582,-10.674578886695667,stop_hit,h_ema21,holdout
2025-05-29 15:15:00+00:00,40.16,40.1022204735444,40.27555905291119,2025-05-29 15:30:00+00:00,39.5922204735444,-9.82665593308254,stop_hit,h_ema21,holdout
2025-05-29 16:15:00+00:00,40.169999999999995,40.10386242567944,40.30227514864111,2025-05-29 16:30:00+00:00,39.59386242567944,-8.711199045917844,stop_hit,h_ema21,holdout
2025-05-30 14:15:00+00:00,40.379999999999995,40.32409181772822,40.49181636454355,2025-05-30 14:30:00+00:00,39.81409181772822,-10.122099472324217,stop_hit,h_ema21,holdout
2025-06-02 14:15:00+00:00,40.47,40.402322930357066,40.605354139285865,2025-06-02 14:30:00+00:00,39.89232293035707,-8.535787271682702,stop_hit,h_ema21,holdout
2025-06-03 15:15:00+00:00,40.53,40.47007557043574,40.649848859128525,2025-06-03 15:30:00+00:00,39.96007557043574,-9.51071931278181,stop_hit,h_ema50,holdout
2025-06-03 17:00:00+00:00,40.57,40.522670163234224,40.66465967353155,2025-06-03 17:15:00+00:00,40.012670163234226,-11.775443881707508,stop_hit,h_ema21,holdout
2025-06-05 15:30:00+00:00,40.85,40.80180936756144,40.946381264877125,2025-06-05 15:45:00+00:00,40.29180936756144,-11.582969639383657,stop_hit,h_ema21,holdout
2025-06-09 15:00:00+00:00,40.79,40.7545736157642,40.860852768471595,2025-06-09 15:15:00+00:00,40.2445736157642,-15.396050034500778,stop_hit,h_ema21,holdout
2025-06-10 13:45:00+00:00,41.01,40.967011947343096,41.0959761053138,2025-06-10 14:00:00+00:00,40.4570119473431,-12.863761405300874,stop_hit,h_ema21,holdout
2025-06-10 17:00:00+00:00,40.85,40.81129576307806,40.92740847384389,2025-06-10 17:15:00+00:00,40.30129576307806,-14.176851956247727,stop_hit,h_ema21,holdout
2025-06-10 19:00:00+00:00,40.809999999999995,40.77478501618588,40.880429967628224,2025-06-10 19:15:00+00:00,40.26478501618588,-15.4824715153095,stop_hit,h_ema21,holdout
2025-06-11 16:30:00+00:00,40.949999999999996,40.91047288036607,41.02905423926784,2025-06-11 16:45:00+00:00,40.400472880366074,-13.90253387353567,stop_hit,h_ema21,holdout
2025-06-13 15:00:00+00:00,40.989999999999995,40.932568785343314,41.10486242931336,2025-06-13 15:15:00+00:00,40.422568785343316,-9.88018829218108,stop_hit,h_ema200,holdout
2025-06-13 18:00:00+00:00,41.019999999999996,40.97304196050138,41.113916078997235,2025-06-13 18:15:00+00:00,40.46304196050138,-11.860760062501988,stop_hit,h_ema21,holdout
2025-06-30 14:15:00+00:00,40.14,40.04081514016619,40.338369719667625,2025-06-30 14:30:00+00:00,39.53081514016619,-6.141913804733109,stop_hit,ema21,holdout
2025-06-30 16:45:00+00:00,40.16,40.090230667582865,40.29953866483426,2025-06-30 17:00:00+00:00,39.58023066758287,-8.309801919141954,stop_hit,ema21,holdout
2025-06-30 17:30:00+00:00,40.199999999999996,40.13550174077243,40.32899651845512,2025-06-30 17:45:00+00:00,39.625501740772435,-8.907190149126635,stop_hit,ema21,holdout
2025-06-30 18:15:00+00:00,40.18,40.11972205702516,40.300555885949684,2025-06-30 18:30:00+00:00,39.60972205702516,-9.46080630543169,stop_hit,ema21,holdout
2025-07-01 14:30:00+00:00,40.25,40.19693586528893,40.35612826942214,2025-07-01 14:45:00+00:00,39.68693586528893,-10.61101133141795,stop_hit,ema21,holdout
2025-07-01 15:15:00+00:00,40.269999999999996,40.217692454824984,40.37461509035002,2025-07-01 15:30:00+00:00,39.707692454824986,-10.750027425176029,stop_hit,ema21,holdout
2025-07-02 16:30:00+00:00,40.019999999999996,39.96451776414154,40.13096447171691,2025-07-02 16:45:00+00:00,39.45451776414154,-10.192131357162497,stop_hit,donchian_low,holdout
2025-07-03 16:45:00+00:00,40.29,40.245804532139445,40.37839093572111,2025-07-07 13:30:00+00:00,39.73580453213945,-12.539644780074614,stop_hit,ema21,holdout
2025-07-07 18:45:00+00:00,39.98,39.920204965505754,40.09959006898848,2025-07-07 19:00:00+00:00,39.410204965505756,-9.529136312298604,stop_hit,donchian_low,holdout
2025-07-08 13:45:00+00:00,40.04,39.98439278586992,40.151214428260154,2025-07-08 14:00:00+00:00,39.474392785869924,-10.171471867067405,stop_hit,donchian_low,holdout
2025-07-08 14:30:00+00:00,40.089999999999996,40.03238372833681,40.20523254332637,2025-07-08 14:45:00+00:00,39.52238372833681,-9.851666122746826,stop_hit,ema21,holdout
2025-07-08 18:00:00+00:00,40.33,40.274498839506144,40.44100232098771,2025-07-08 18:15:00+00:00,39.764498839506146,-10.188997049106234,stop_hit,ema21,holdout
2025-07-09 16:45:00+00:00,40.36,40.32150906319411,40.436981873611785,2025-07-09 17:00:00+00:00,39.81150906319411,-14.24987236792635,stop_hit,ema21,holdout
2025-07-11 15:45:00+00:00,40.43,40.377978621183985,40.53404275763203,2025-07-11 16:00:00+00:00,39.86797862118399,-10.803661717689682,stop_hit,ema21,holdout
2025-07-11 17:15:00+00:00,40.44,40.395092564872314,40.529814870255365,2025-07-11 17:30:00+00:00,39.885092564872316,-12.356694020710288,stop_hit,ema21,holdout
2025-07-14 15:15:00+00:00,40.47,40.428311516032956,40.553376967934085,2025-07-14 15:30:00+00:00,39.91831151603296,-13.233594303961254,stop_hit,ema21,holdout
2025-07-14 17:30:00+00:00,40.54,40.50507361684459,40.609852766310816,2025-07-14 17:45:00+00:00,39.99507361684459,-15.602141817281908,stop_hit,ema21,holdout
2025-07-16 13:45:00+00:00,40.15,40.10773217288223,40.234535654235536,2025-07-16 14:00:00+00:00,39.59773217288223,-13.065914781448548,stop_hit,ema21,holdout
2025-07-16 16:15:00+00:00,40.239999999999995,40.17815987414437,40.363680251711244,2025-07-16 16:30:00+00:00,39.66815987414437,-9.247072478323727,stop_hit,ema21,holdout
2025-07-16 18:45:00+00:00,40.32,40.271225888489404,40.41754822302119,2025-07-16 19:00:00+00:00,39.761225888489406,-11.456366793871794,stop_hit,ema21,holdout
2025-07-17 14:15:00+00:00,40.28,40.229604232816136,40.38079153436773,2025-07-17 14:30:00+00:00,39.71960423281614,-11.119897533046865,stop_hit,ema21,holdout
2025-07-17 17:45:00+00:00,40.199999999999996,40.15963969102441,40.28072061795117,2025-07-17 18:00:00+00:00,39.64963969102441,-13.636176802028334,stop_hit,ema21,holdout
2025-07-18 15:15:00+00:00,40.41,40.36762527869416,40.49474944261166,2025-07-18 15:30:00+00:00,39.857625278694165,-13.03547738565988,stop_hit,ema21,holdout
2025-07-18 16:00:00+00:00,40.43,40.388244437788295,40.51351112442341,2025-07-18 16:15:00+00:00,39.8782444377883,-13.213941640020222,stop_hit,ema21,holdout
2025-07-24 17:15:00+00:00,41.41,41.367257793107605,41.49548441378478,2025-07-24 17:30:00+00:00,40.85725779310761,-12.931999704273109,stop_hit,h_ema21,holdout
2025-07-28 14:45:00+00:00,40.769999999999996,40.71969545913919,40.87060908172161,2025-07-28 15:00:00+00:00,40.20969545913919,-11.138249773736481,stop_hit,ema21,holdout
2025-07-29 13:45:00+00:00,40.809999999999995,40.76909848455975,40.89180303088049,2025-07-29 14:00:00+00:00,40.25909848455975,-13.468975648226516,stop_hit,ema21,holdout
2025-07-29 17:15:00+00:00,40.9,40.86175145696889,40.97649708606222,2025-07-29 17:30:00+00:00,40.35175145696889,-14.333841228545417,stop_hit,h_ema50,holdout
2025-07-29 18:30:00+00:00,40.879999999999995,40.84706062524608,40.94587874950783,2025-07-29 18:45:00+00:00,40.33706062524608,-16.482989698806314,stop_hit,h_ema21,holdout
2025-07-30 14:45:00+00:00,40.68,40.63080059644189,40.778398807116226,2025-07-30 15:00:00+00:00,40.12080059644189,-11.36597932325746,stop_hit,ema21,holdout
2025-07-30 15:45:00+00:00,40.65,40.60648755297211,40.73702489405577,2025-07-30 16:00:00+00:00,40.096487552972114,-12.720784162590226,stop_hit,ema21,holdout
2025-07-30 16:30:00+00:00,40.68,40.63893336511652,40.762133269766956,2025-07-30 16:45:00+00:00,40.128933365116524,-13.418840780284663,stop_hit,ema21,holdout
2025-07-31 14:45:00+00:00,40.47,40.41006412578958,40.58987174842083,2025-07-31 15:00:00+00:00,39.900064125789584,-9.509094206410303,stop_hit,ema21,holdout
2025-07-31 15:45:00+00:00,40.5,40.43857146753114,40.62285706493772,2025-07-31 16:00:00+00:00,39.92857146753114,-9.302330846964916,stop_hit,ema21,holdout
2025-07-31 18:45:00+00:00,40.4,40.34347367291832,40.51305265416335,2025-07-31 19:00:00+00:00,39.83347367291832,-10.022344566330634,stop_hit,ema21,holdout
2025-08-01 14:30:00+00:00,40.3,40.22479933736761,40.45040132526478,2025-08-01 14:45:00+00:00,39.71479933736761,-7.781855134615937,stop_hit,ema50,holdout
2025-08-01 15:15:00+00:00,40.339999999999996,40.26379159773929,40.492416804521405,2025-08-01 15:30:00+00:00,39.753791597739294,-7.692175467152824,stop_hit,ema50,holdout
2025-08-04 15:15:00+00:00,40.64,40.567372563539266,40.78525487292147,2025-08-04 15:30:00+00:00,40.05737256353927,-8.022139632805615,stop_hit,ema21,holdout
2025-08-05 19:15:00+00:00,40.75,40.71498212828079,40.820035743438424,2025-08-05 19:30:00+00:00,40.20498212828079,-15.563991897891137,stop_hit,ema21,holdout
2025-08-06 18:15:00+00:00,40.93,40.891302507989835,41.00739498402033,2025-08-06 18:30:00+00:00,40.38130250798984,-14.179148660746064,stop_hit,h_ema21,holdout
2025-08-08 16:00:00+00:00,41.059999999999995,41.01523955751782,41.14952088496434,2025-08-08 16:15:00+00:00,40.505239557517825,-12.393989239564174,stop_hit,h_ema21,holdout
2025-08-11 14:15:00+00:00,41.12,41.08198393794717,41.19603212410565,2025-08-11 14:30:00+00:00,40.571983937947174,-14.415382142719556,stop_hit,h_ema21,holdout
2025-08-11 18:30:00+00:00,41.14,41.11175574709472,41.196488505810564,2025-08-11 18:45:00+00:00,40.60175574709472,-19.05677076006604,stop_hit,h_ema21,holdout
2025-09-02 16:15:00+00:00,41.23,41.15268683832552,41.38462632334895,2025-09-02 16:30:00+00:00,40.642686838325524,-7.596548232593826,stop_hit,h_ema200,holdout
2025-09-02 19:00:00+00:00,41.29,41.23673428244468,41.39653143511064,2025-09-02 19:15:00+00:00,40.72673428244468,-10.574638687075446,stop_hit,h_ema200,holdout
2025-09-03 18:15:00+00:00,41.6,41.55361830637451,41.692763387250984,2025-09-03 18:30:00+00:00,41.04361830637451,-11.995717494017958,stop_hit,h_ema21,holdout
2025-09-08 18:15:00+00:00,42.089999999999996,42.0498678561857,42.17026428762859,2025-09-08 18:30:00+00:00,41.5398678561857,-13.70801785122451,stop_hit,h_ema21,holdout
2025-09-09 15:30:00+00:00,42.22,42.16956839286878,42.32086321426243,2025-09-09 15:45:00+00:00,41.659568392868785,-11.112705682233136,stop_hit,h_ema21,holdout
2025-09-09 16:15:00+00:00,42.239999999999995,42.194967842249525,42.330064315500934,2025-09-09 16:30:00+00:00,41.68496784224953,-12.325240127865746,stop_hit,h_ema21,holdout
2025-09-09 17:15:00+00:00,42.26,42.21901386251793,42.34197227496413,2025-09-09 17:30:00+00:00,41.709013862517935,-13.44323157367944,stop_hit,h_ema21,holdout
2025-09-10 15:15:00+00:00,42.239999999999995,42.205033393373036,42.30993321325391,2025-09-10 15:30:00+00:00,41.69503339337304,-15.58534439560942,stop_hit,h_ema21,holdout
2025-09-10 19:00:00+00:00,42.269999999999996,42.241424291048496,42.327151417902996,2025-09-10 19:15:00+00:00,41.7314242910485,-18.847326233116036,stop_hit,h_ema21,holdout
2025-09-12 16:30:00+00:00,42.4,42.35813858206208,42.48372283587583,2025-09-12 16:45:00+00:00,41.848138582062084,-13.183056024436832,stop_hit,h_ema50,holdout
2025-09-15 13:45:00+00:00,42.54,42.49881821253746,42.62236357492508,2025-09-15 14:00:00+00:00,41.98881821253746,-13.384115198105249,stop_hit,h_ema21,holdout
2025-09-15 14:30:00+00:00,42.57,42.52359096681662,42.66281806636676,2025-09-15 14:45:00+00:00,42.01359096681662,-11.989239917685618,stop_hit,h_ema21,holdout
2025-09-15 18:30:00+00:00,42.57,42.536220725223956,42.63755854955209,2025-09-15 18:45:00+00:00,42.02622072522396,-16.098015081178627,stop_hit,h_ema21,holdout
2025-09-16 16:00:00+00:00,42.39,42.34624320298225,42.4775135940355,2025-09-16 16:15:00+00:00,41.83624320298225,-12.655332080022204,stop_hit,h_ema200,holdout
2025-09-16 18:00:00+00:00,42.44,42.404973574732935,42.51005285053412,2025-09-16 18:15:00+00:00,41.89497357473294,-15.560435331651721,stop_hit,h_ema21,holdout
2025-09-17 13:45:00+00:00,42.559999999999995,42.521355717596,42.63728856480798,2025-09-17 14:00:00+00:00,42.011355717596004,-14.197295130709907,stop_hit,h_ema21,holdout
2025-09-17 17:30:00+00:00,42.41,42.37764948664074,42.474701026718506,2025-09-17 17:45:00+00:00,41.867649486640744,-16.764819381269522,stop_hit,h_ema21,holdout
2025-09-18 14:15:00+00:00,42.26,42.16728055871127,42.445438882577456,2025-09-18 14:30:00+00:00,41.65728055871127,-6.5004645510304035,stop_hit,h_ema21,holdout
2025-09-18 19:00:00+00:00,42.21,42.16170315077048,42.30659369845905,2025-09-18 19:15:00+00:00,41.65170315077048,-11.559695055391854,stop_hit,h_ema21,holdout
2025-09-19 18:00:00+00:00,41.94,41.90367808201776,42.01264383596447,2025-09-19 18:15:00+00:00,41.393678082017765,-15.041108739065928,stop_hit,ema21,holdout
2025-09-22 13:45:00+00:00,41.97,41.93138538025302,42.04722923949396,2025-09-22 14:00:00+00:00,41.42138538025302,-14.207432918975876,stop_hit,ema21,holdout
2025-09-22 14:45:00+00:00,41.96,41.922549923089505,42.03490015382099,2025-09-22 15:00:00+00:00,41.41254992308951,-14.618129576045511,stop_hit,ema21,holdout
2025-09-22 15:30:00+00:00,42.019999999999996,41.98127630503922,42.09744738992154,2025-09-22 15:45:00+00:00,41.471276305039225,-14.170230798394435,stop_hit,ema21,holdout
2025-09-23 16:30:00+00:00,42.03,41.99999934146726,42.090001317065486,2025-09-23 16:45:00+00:00,41.48999934146726,-17.999626839637205,stop_hit,ema21,holdout
2025-09-24 14:30:00+00:00,41.949999999999996,41.911448511896936,42.027102976206116,2025-09-24 14:45:00+00:00,41.40144851189694,-14.22906131759709,stop_hit,ema21,holdout
2025-09-24 16:30:00+00:00,41.89,41.849305210862106,41.97138957827579,2025-09-24 16:45:00+00:00,41.33930521086211,-13.532317055922233,stop_hit,ema21,holdout
2025-09-24 18:30:00+00:00,41.86,41.82506579669717,41.929868406605664,2025-09-24 18:45:00+00:00,41.31506579669717,-15.598873075163327,stop_hit,ema21,holdout
2025-09-25 15:45:00+00:00,41.51,41.45664713192411,41.61670573615178,2025-09-25 16:00:00+00:00,40.94664713192411,-10.558998764125672,stop_hit,ema50,holdout
2025-09-26 15:30:00+00:00,41.98,41.92274367733324,42.094512645333516,2025-09-26 15:45:00+00:00,41.41274367733324,-9.907313223174906,stop_hit,ema21,holdout
2025-09-26 17:30:00+00:00,42.07,42.025443360551144,42.15911327889771,2025-09-26 17:45:00+00:00,41.515443360551146,-12.446105592981066,stop_hit,ema21,holdout
2025-09-29 16:15:00+00:00,42.089999999999996,42.04205665221697,42.18588669556605,2025-09-29 16:30:00+00:00,41.53205665221697,-11.637555022400095,stop_hit,ema21,holdout
2025-10-02 17:30:00+00:00,42.71,42.670839597621864,42.788320804756275,2025-10-02 17:45:00+00:00,42.160839597621866,-14.023359542514024,stop_hit,h_ema50,holdout
2025-10-06 18:00:00+00:00,43.12,43.09430203177057,43.17139593645886,2025-10-06 18:15:00+00:00,42.58430203177057,-20.845926940478176,stop_hit,h_ema21,holdout
2025-10-07 18:30:00+00:00,42.989999999999995,42.95659021876662,43.05681956246674,2025-10-07 18:45:00+00:00,42.44659021876662,-16.264990705492778,stop_hit,h_ema21,holdout
2025-10-10 14:15:00+00:00,42.61,42.56755388740746,42.69489222518507,2025-10-10 14:30:00+00:00,42.057553887407465,-13.015234584513582,stop_hit,ema21,holdout
2025-10-10 15:15:00+00:00,42.54,42.478564571487,42.662870857026,2025-10-10 15:30:00+00:00,41.968564571487,-9.301398921504639,stop_hit,ema21,holdout
2025-10-28 13:45:00+00:00,43.36,43.21809377061579,43.64381245876842,2025-10-28 14:00:00+00:00,42.70809377061579,-4.59392256571888,stop_hit,ema21,holdout
2025-10-29 18:00:00+00:00,43.58,43.53763942473121,43.664721150537574,2025-10-29 18:15:00+00:00,43.02763942473121,-13.039496554613098,stop_hit,h_ema21,holdout
2025-10-30 15:00:00+00:00,43.26,43.18425028356937,43.411499432861255,2025-10-30 15:15:00+00:00,42.67425028356937,-7.732698471116446,stop_hit,h_ema200,holdout
2025-10-30 18:00:00+00:00,43.37,43.319016937999415,43.47196612400116,2025-10-30 18:15:00+00:00,42.80901693799942,-11.00332227974395,stop_hit,h_ema21,holdout
2025-10-31 16:00:00+00:00,43.059999999999995,43.00327686030806,43.17344627938386,2025-10-31 16:15:00+00:00,42.493276860308065,-9.99103968450697,stop_hit,h_ema200,holdout
2025-10-31 17:45:00+00:00,43.05,43.0006120033231,43.148775993353794,2025-10-31 18:00:00+00:00,42.4906120033231,-11.326395770544623,stop_hit,h_ema21,holdout
2025-11-03 15:15:00+00:00,43.01,42.958914409841654,43.112171180316686,2025-11-03 15:30:00+00:00,42.448914409841656,-10.983245733664049,stop_hit,h_ema50,holdout
2025-11-03 18:45:00+00:00,43.05,43.010704140159056,43.12859171968188,2025-11-03 19:00:00+00:00,42.50070414015906,-13.978466486401956,stop_hit,h_ema21,holdout
2025-11-04 16:45:00+00:00,42.83,42.77623446339105,42.9375310732179,2025-11-04 17:00:00+00:00,42.26623446339105,-10.485630241345081,stop_hit,ema21,holdout
2025-11-04 17:30:00+00:00,42.79,42.73760098982147,42.89479802035705,2025-11-04 17:45:00+00:00,42.227600989821475,-10.73300828130921,stop_hit,ema21,holdout
2025-11-04 19:15:00+00:00,42.71,42.66267133145512,42.80465733708976,2025-11-04 19:30:00+00:00,42.152671331455124,-11.775709853667268,stop_hit,ema21,holdout
2025-11-05 14:45:00+00:00,42.93,42.871108292148705,43.04778341570259,2025-11-05 15:00:00+00:00,42.36110829214871,-9.659962813233033,stop_hit,ema21,holdout
2025-11-05 16:30:00+00:00,43.07,43.008680552528965,43.19263889494207,2025-11-05 16:45:00+00:00,42.49868055252897,-9.317100382238424,stop_hit,h_ema200,holdout
2025-11-07 15:00:00+00:00,43.04,42.97971107054456,43.16057785891088,2025-11-07 15:15:00+00:00,42.46971107054456,-9.459264488631426,stop_hit,ema21,holdout
2025-11-12 15:00:00+00:00,44.04,43.99589335105082,44.12821329789836,2025-11-12 15:15:00+00:00,43.48589335105082,-12.562882516592998,stop_hit,h_ema21,holdout
2025-11-12 16:45:00+00:00,44.08,44.03528602539006,44.16942794921988,2025-11-12 17:00:00+00:00,43.52528602539006,-12.405830155984678,stop_hit,h_ema21,holdout
2025-11-13 15:00:00+00:00,43.9,43.859146279592515,43.981707440814965,2025-11-13 15:15:00+00:00,43.34914627959252,-13.483563183797095,stop_hit,h_ema21,holdout
2025-11-17 15:00:00+00:00,43.29,43.241147567310676,43.387704865378645,2025-11-17 15:15:00+00:00,42.73114756731068,-11.439602941440922,stop_hit,ema21,holdout
2025-11-17 17:30:00+00:00,43.32,43.27197560125687,43.41604879748626,2025-11-17 17:45:00+00:00,42.76197560125687,-11.619601980398476,stop_hit,ema21,holdout
2025-11-18 17:45:00+00:00,42.65,42.57414310725525,42.80171378548949,2025-11-18 18:00:00+00:00,42.064143107255255,-7.723186009162289,stop_hit,ema50,holdout
2025-11-19 18:00:00+00:00,42.199999999999996,42.135439330044406,42.329121339911175,2025-11-19 18:15:00+00:00,41.62543933004441,-8.89954627718111,stop_hit,donchian_low,holdout
2025-11-19 19:00:00+00:00,42.29,42.22874174056118,42.41251651887763,2025-11-19 19:15:00+00:00,41.718741740561185,-9.325407947794885,stop_hit,ema50,holdout
2025-11-20 15:30:00+00:00,42.6,42.52624515152462,42.747509696950765,2025-11-20 15:45:00+00:00,42.01624515152462,-7.914799644259716,stop_hit,ema50,holdout
2025-11-20 18:15:00+00:00,42.169999999999995,42.07126614725265,42.36746770549468,2025-11-20 18:30:00+00:00,41.56126614725265,-6.165401590324522,stop_hit,donchian_low,holdout
2025-11-21 14:45:00+00:00,42.199999999999996,42.09021777498019,42.41956445003961,2025-11-21 15:00:00+00:00,41.58021777498019,-5.64556079008224,stop_hit,ema50,holdout
2025-11-24 16:00:00+00:00,42.48,42.40782485318091,42.624350293638166,2025-11-24 16:15:00+00:00,41.897824853180914,-8.066144268169937,stop_hit,ema50,holdout
2025-11-24 17:30:00+00:00,42.3,42.23192880567372,42.436142388652556,2025-11-24 17:45:00+00:00,41.72192880567372,-8.492155897184098,stop_hit,ema50,holdout
2025-11-25 15:30:00+00:00,42.87,42.79290753515615,43.0241849296877,2025-11-25 15:45:00+00:00,42.28290753515615,-7.6154325332961115,stop_hit,ema21,holdout
2025-11-28 15:00:00+00:00,43.62,43.57825150301513,43.70349699396973,2025-11-28 15:15:00+00:00,43.068251503015134,-13.216008643014796,stop_hit,h_ema21,holdout
2025-12-01 18:15:00+00:00,43.58,43.540270870636945,43.659458258726104,2025-12-01 18:30:00+00:00,43.03027087063695,-13.83692867617389,stop_hit,h_ema21,holdout
2025-12-02 15:00:00+00:00,43.44,43.393792891059654,43.532414217880685,2025-12-02 15:15:00+00:00,42.883792891059656,-12.037262700387505,stop_hit,h_ema50,holdout
2025-12-02 17:30:00+00:00,43.47,43.425210241380405,43.559579517239186,2025-12-02 17:45:00+00:00,42.91521024138041,-12.386531558062368,stop_hit,h_ema21,holdout
2025-12-04 17:00:00+00:00,44.03,43.98450961187292,44.12098077625416,2025-12-04 17:15:00+00:00,43.474509611872925,-12.211159565737395,stop_hit,h_ema21,holdout
2025-12-05 18:15:00+00:00,43.78,43.73664135662272,43.866717286754564,2025-12-05 18:30:00+00:00,43.22664135662272,-12.762360633894257,stop_hit,h_ema21,holdout
2025-12-08 18:00:00+00:00,43.589999999999996,43.546852525598034,43.67629494880392,2025-12-08 18:15:00+00:00,43.036852525598036,-12.819927054103594,stop_hit,h_ema21,holdout
2025-12-10 14:45:00+00:00,43.72,43.6585405451961,43.8429189096078,2025-12-10 15:00:00+00:00,43.1485405451961,-9.298153662886326,stop_hit,ema21,holdout
2025-12-10 19:15:00+00:00,43.76,43.70925723545541,43.86148552908917,2025-12-10 19:30:00+00:00,43.19925723545541,-11.050694016717696,stop_hit,h_ema21,holdout
2025-12-31 17:30:00+00:00,44.55,44.50517830906283,44.639643381874336,2025-12-31 17:45:00+00:00,43.99517830906283,-12.37841945130785,stop_hit,h_ema50,holdout
2025-12-31 18:15:00+00:00,44.57,44.52680639395446,44.65638721209108,2025-12-31 18:30:00+00:00,44.01680639395446,-12.807303133298886,stop_hit,h_ema21,holdout
2026-01-02 14:45:00+00:00,44.85,44.78261581291977,44.98476837416046,2026-01-02 15:00:00+00:00,44.272615812919774,-8.568541257205938,stop_hit,h_ema21,holdout
2026-01-06 17:15:00+00:00,45.58,45.51566866884017,45.708662662319654,2026-01-06 17:30:00+00:00,45.00566866884017,-8.927707864973767,stop_hit,h_ema21,holdout
2026-01-06 19:00:00+00:00,45.58,45.53224882082551,45.67550235834898,2026-01-06 19:15:00+00:00,45.02224882082551,-11.680364523279701,stop_hit,h_ema21,holdout
2026-01-08 15:15:00+00:00,45.019999999999996,44.96607513174618,45.12784973650763,2026-01-08 15:30:00+00:00,44.45607513174618,-10.457603078407328,stop_hit,h_ema200,holdout
2026-01-08 16:45:00+00:00,45.019999999999996,44.96292250951302,45.134154980973946,2026-01-08 17:00:00+00:00,44.45292250951302,-9.935221146703682,stop_hit,h_ema21,holdout
2026-01-08 17:45:00+00:00,45.01,44.9586336368753,45.1127327262494,2026-01-08 18:00:00+00:00,44.4486336368753,-10.928676452368123,stop_hit,h_ema21,holdout
2026-01-08 19:00:00+00:00,44.98,44.936437271182285,45.06712545763542,2026-01-08 19:15:00+00:00,44.42643727118229,-12.70725557928418,stop_hit,h_ema21,holdout
2026-01-12 15:00:00+00:00,45.55,45.49537347971187,45.659253040576246,2026-01-12 15:15:00+00:00,44.985373479711875,-10.336124602299991,stop_hit,h_ema21,holdout
2026-01-12 19:00:00+00:00,45.46,45.420026835437014,45.539946329125975,2026-01-12 19:15:00+00:00,44.910026835437016,-13.758559538021414,stop_hit,h_ema21,holdout
2026-01-13 15:45:00+00:00,45.4,45.343779603066764,45.51244079386647,2026-01-13 16:00:00+00:00,44.833779603066766,-10.071440754956921,stop_hit,h_ema21,holdout
2026-01-13 16:45:00+00:00,45.43,45.36905688367321,45.55188623265358,2026-01-13 17:00:00+00:00,44.85905688367321,-9.368459487126808,stop_hit,h_ema21,holdout
2026-01-13 18:45:00+00:00,45.48,45.42844891011223,45.58310217977553,2026-01-13 19:00:00+00:00,44.91844891011223,-10.89309830520238,stop_hit,h_ema21,holdout
2026-01-14 17:15:00+00:00,45.6,45.541930665241715,45.716138669516575,2026-01-14 17:30:00+00:00,45.03193066524172,-9.782604486909854,stop_hit,h_ema21,holdout
2026-01-14 18:15:00+00:00,45.6,45.54722932449939,45.70554135100122,2026-01-14 18:30:00+00:00,45.03722932449939,-10.6644584357101,stop_hit,h_ema21,holdout
2026-01-14 19:00:00+00:00,45.68,45.62819709399605,45.7836058120079,2026-01-14 19:15:00+00:00,45.11819709399605,-10.845007536085228,stop_hit,h_ema21,holdout
2026-01-15 15:00:00+00:00,45.669999999999995,45.604466213302864,45.801067573394256,2026-01-15 15:15:00+00:00,45.094466213302866,-8.782245246364294,stop_hit,h_ema21,holdout
2026-01-15 18:15:00+00:00,45.64,45.59227890697764,45.73544218604472,2026-01-15 18:30:00+00:00,45.08227890697764,-11.687098046162271,stop_hit,h_ema21,holdout
2026-01-15 19:15:00+00:00,45.699999999999996,45.65550181857008,45.78899636285983,2026-01-15 19:30:00+00:00,45.14550181857008,-12.461142536875286,stop_hit,h_ema21,holdout
2026-01-16 16:00:00+00:00,45.58,45.52968072179892,45.68063855640216,2026-01-16 16:15:00+00:00,45.01968072179892,-11.13528051737937,stop_hit,h_ema21,holdout
2026-01-20 16:30:00+00:00,45.41,45.340622452842084,45.54875509431582,2026-01-20 16:45:00+00:00,44.830622452842086,-8.351081450590444,stop_hit,h_ema200,holdout
2026-01-20 18:15:00+00:00,45.379999999999995,45.31826307740176,45.50347384519647,2026-01-20 18:30:00+00:00,44.80826307740176,-9.260858794645712,stop_hit,h_ema21,holdout
2026-01-21 14:45:00+00:00,45.53,45.46296375599082,45.66407248801836,2026-01-21 15:00:00+00:00,44.95296375599082,-8.607824804894388,stop_hit,h_ema50,holdout
2026-01-21 17:30:00+00:00,45.29,45.219193807323514,45.43161238535297,2026-01-21 17:45:00+00:00,44.709193807323516,-8.202759825403898,stop_hit,h_ema21,holdout
2026-01-28 15:30:00+00:00,46.629999999999995,46.55002585122044,46.78994829755911,2026-01-28 15:45:00+00:00,46.04002585122044,-7.377060685019408,stop_hit,h_ema21,holdout
2026-01-28 19:15:00+00:00,46.61,46.54954570771867,46.730908584562656,2026-01-28 19:30:00+00:00,46.03954570771867,-9.43612555460379,stop_hit,h_ema21,holdout
2026-01-29 16:15:00+00:00,46.82,46.693879301079654,47.07224139784069,2026-01-29 16:30:00+00:00,46.183879301079656,-5.043745430891556,stop_hit,h_ema21,holdout
2026-01-29 18:15:00+00:00,46.879999999999995,46.7729589810203,47.09408203795938,2026-01-29 18:30:00+00:00,46.262958981020304,-5.764528634548507,stop_hit,h_ema21,holdout
2026-01-30 15:45:00+00:00,46.79,46.70573964467966,46.95852071064068,2026-01-30 16:00:00+00:00,46.19573964467966,-7.052668518440169,stop_hit,h_ema21,holdout
2026-01-30 16:45:00+00:00,46.76,46.6764283109042,46.927143378191595,2026-01-30 17:00:00+00:00,46.1664283109042,-7.102545078577804,stop_hit,h_ema21,holdout
2026-01-30 19:00:00+00:00,46.69,46.593709985270074,46.882580029459845,2026-01-30 19:15:00+00:00,46.083709985270076,-6.296499345549556,stop_hit,h_ema21,holdout
2026-02-02 16:45:00+00:00,47.07,46.969974175887025,47.27005164822595,2026-02-02 17:00:00+00:00,46.45997417588703,-6.098683310261666,stop_hit,h_ema21,holdout
2026-02-03 15:00:00+00:00,46.839999999999996,46.746254753040844,47.0274904939183,2026-02-03 15:15:00+00:00,46.236254753040846,-6.440275817100599,stop_hit,h_ema21,holdout
2026-02-03 19:15:00+00:00,46.809999999999995,46.730818285665656,46.968363428668674,2026-02-03 19:30:00+00:00,46.22081828566566,-7.440881007533604,stop_hit,h_ema21,holdout
2026-02-04 18:30:00+00:00,47.36,47.24951995124175,47.580960097516495,2026-02-04 18:45:00+00:00,46.73951995124175,-5.616218093060204,stop_hit,h_ema21,holdout
2026-02-05 16:30:00+00:00,46.65,46.50004964461537,46.94990071076925,2026-02-05 16:45:00+00:00,45.990049644615375,-4.401125650498386,stop_hit,h_ema200,holdout
2026-02-05 17:30:00+00:00,46.76,46.616941323923875,47.046117352152244,2026-02-05 17:45:00+00:00,46.10694132392388,-4.564970779742305,stop_hit,h_ema200,holdout
2026-02-05 19:15:00+00:00,46.58,46.45658482116523,46.826830357669536,2026-02-05 19:30:00+00:00,45.94658482116523,-5.132392828946901,stop_hit,h_ema200,holdout
2026-02-09 15:15:00+00:00,47.23,47.148837255081325,47.39232548983734,2026-02-09 15:30:00+00:00,46.63883725508133,-7.283671166013902,stop_hit,h_ema21,holdout
2026-02-26 16:30:00+00:00,49.169999999999995,49.09780145054091,49.31439709891816,2026-02-26 16:45:00+00:00,48.587801450540915,-8.063853828379795,stop_hit,h_ema21,holdout
2026-02-26 18:15:00+00:00,48.94,48.874837344197296,49.0703253116054,2026-02-26 18:30:00+00:00,48.3648373441973,-8.826568664484231,stop_hit,h_ema21,holdout
2026-02-26 19:15:00+00:00,49.11,49.04436483203923,49.24127033592154,2026-02-26 19:30:00+00:00,48.53436483203923,-8.770224650065899,stop_hit,h_ema21,holdout
2026-02-27 16:15:00+00:00,49.37,49.29814943487006,49.51370113025987,2026-02-27 16:30:00+00:00,48.788149434870064,-8.098065256379112,stop_hit,h_ema21,holdout
2026-03-03 15:45:00+00:00,46.629999999999995,46.40844227106236,47.07311545787526,2026-03-03 16:00:00+00:00,45.898442271062365,-3.3018831364874672,stop_hit,ema21,holdout
2026-03-03 16:45:00+00:00,46.98,46.76353679987017,47.41292640025966,2026-03-03 17:00:00+00:00,46.25353679987017,-3.356058672763364,stop_hit,ema21,holdout
2026-03-03 18:30:00+00:00,47.23,47.04960563635925,47.590788727281485,2026-03-03 18:45:00+00:00,46.539605636359255,-3.8271393280095216,stop_hit,ema21,holdout
2026-03-04 16:00:00+00:00,47.589999999999996,47.4411719823742,47.88765603525159,2026-03-04 16:15:00+00:00,46.9311719823742,-4.426774125839067,stop_hit,ema21,holdout
2026-03-04 16:45:00+00:00,47.54,47.3946847103776,47.830630579244804,2026-03-04 17:00:00+00:00,46.8846847103776,-4.509610043961772,stop_hit,ema21,holdout
2026-03-06 16:15:00+00:00,46.379999999999995,46.225051227441135,46.68989754511772,2026-03-06 16:30:00+00:00,45.71505122744114,-4.291410390529321,stop_hit,ema50,holdout
2026-03-06 17:30:00+00:00,46.41,46.264204396587544,46.7015912068249,2026-03-06 17:45:00+00:00,45.75420439658755,-4.498047870190027,stop_hit,ema50,holdout
2026-03-06 19:15:00+00:00,46.57,46.45132951296969,46.807340974060615,2026-03-06 19:30:00+00:00,45.941329512969695,-5.2976144512640975,stop_hit,h_ema21,holdout
2026-03-09 15:00:00+00:00,46.059999999999995,45.89806370912968,46.383872581740626,2026-03-09 15:15:00+00:00,45.38806370912968,-4.14938669558898,stop_hit,ema50,holdout
2026-03-09 19:15:00+00:00,46.339999999999996,46.23987758592731,46.54024482814537,2026-03-09 19:30:00+00:00,45.72987758592731,-6.093764515403631,stop_hit,ema50,holdout
2026-03-10 15:45:00+00:00,47.33,47.19438648564605,47.601227028707896,2026-03-10 16:00:00+00:00,46.68438648564605,-4.760687144121246,stop_hit,ema21,holdout
2026-03-11 14:15:00+00:00,46.769999999999996,46.61205594025022,47.08588811949954,2026-03-11 14:30:00+00:00,46.102055940250224,-4.228991332804644,stop_hit,ema21,holdout
2026-03-11 16:45:00+00:00,46.73,46.59191224640002,47.00617550719995,2026-03-11 17:00:00+00:00,46.08191224640002,-4.693303618200704,stop_hit,ema21,holdout
2026-03-11 18:30:00+00:00,46.79,46.663524266546915,47.04295146690617,2026-03-11 18:45:00+00:00,46.15352426654692,-5.032394089172696,stop_hit,ema21,holdout
2026-03-12 14:15:00+00:00,46.53,46.40228090867562,46.78543818264876,2026-03-12 14:30:00+00:00,45.89228090867562,-4.993138337515289,stop_hit,ema21,holdout
2026-03-12 15:45:00+00:00,46.379999999999995,46.229568840699294,46.6808623186014,2026-03-12 16:00:00+00:00,45.719568840699296,-4.390255066641762,stop_hit,ema50,holdout
2026-03-12 16:30:00+00:00,46.37,46.2172240317115,46.67555193657699,2026-03-12 16:45:00+00:00,45.707224031711505,-4.338221355841374,stop_hit,ema50,holdout
2026-03-12 17:15:00+00:00,46.48,46.33072565512761,46.778548689744774,2026-03-12 17:30:00+00:00,45.82072565512761,-4.416528141094748,stop_hit,ema50,holdout
2026-03-12 18:15:00+00:00,46.54,46.40745849219335,46.8050830156133,2026-03-12 18:30:00+00:00,45.89745849219335,-4.8478512010288926,stop_hit,ema50,holdout
2026-03-13 13:45:00+00:00,46.5,46.38332462389832,46.733350752203364,2026-03-13 14:00:00+00:00,45.87332462389832,-5.371102258590837,stop_hit,ema50,holdout
2026-03-13 18:45:00+00:00,45.989999999999995,45.88374523814518,46.20250952370962,2026-03-13 19:00:00+00:00,45.37374523814518,-5.799784885846912,stop_hit,ema50,holdout
2026-03-16 13:45:00+00:00,46.54,46.39879019493184,46.822419610136315,2026-03-16 14:00:00+00:00,45.88879019493184,-4.611647220629162,stop_hit,ema21,holdout
2026-03-17 14:45:00+00:00,47.089999999999996,46.980287368300125,47.30942526339974,2026-03-17 15:00:00+00:00,46.47028736830013,-5.648507579283573,stop_hit,ema21,holdout
2026-03-17 16:00:00+00:00,46.97,46.867880919851586,47.174238160296824,2026-03-17 16:15:00+00:00,46.35788091985159,-5.994169544602254,stop_hit,ema21,holdout
2026-03-18 16:15:00+00:00,46.3,46.2014012583995,46.49719748320099,2026-03-18 16:30:00+00:00,45.6914012583995,-6.172479807768917,stop_hit,ema50,holdout
2026-03-18 17:00:00+00:00,46.379999999999995,46.287863908419716,46.564272183160554,2026-03-18 17:15:00+00:00,45.77786390841972,-6.535290148004905,stop_hit,ema50,holdout
2026-03-19 14:45:00+00:00,45.43,45.27803085592906,45.73393828814188,2026-03-19 15:00:00+00:00,44.76803085592906,-4.35594441304433,stop_hit,ema50,holdout
2026-03-19 16:00:00+00:00,45.4,45.2497730123432,45.7004539753136,2026-03-19 16:15:00+00:00,44.7397730123432,-4.394862720439502,stop_hit,donchian_low,holdout
2026-03-19 18:15:00+00:00,45.41,45.27860733611297,45.67278532777405,2026-03-19 18:30:00+00:00,44.76860733611297,-4.88149524419797,stop_hit,donchian_low,holdout
2026-03-19 19:00:00+00:00,45.48,45.355029270204156,45.72994145959168,2026-03-19 19:15:00+00:00,44.84502927020416,-5.08095560322935,stop_hit,donchian_low,holdout
2026-03-20 15:15:00+00:00,44.83,44.66572783033426,45.15854433933147,2026-03-20 15:30:00+00:00,44.155727830334264,-4.104603786738527,stop_hit,ema100,holdout
2026-03-23 13:45:00+00:00,45.05,44.86570100554299,45.418597988914016,2026-03-23 14:00:00+00:00,44.35570100554299,-3.7672424448249706,stop_hit,ema100,holdout
2026-03-24 14:00:00+00:00,44.69,44.50686789827652,45.05626420344696,2026-03-24 14:15:00+00:00,43.99686789827652,-3.784874935635653,stop_hit,ema100,holdout
2026-03-24 18:30:00+00:00,45.0,44.85076762862613,45.29846474274774,2026-03-24 18:45:00+00:00,44.34076762862613,-4.417489082997292,stop_hit,ema100,holdout
2026-03-24 19:15:00+00:00,45.14,44.995454256593156,45.42909148681369,2026-03-24 19:30:00+00:00,44.48545425659316,-4.5282948358052355,stop_hit,ema100,holdout
2026-03-25 16:30:00+00:00,45.589999999999996,45.434303531499964,45.90139293700006,2026-03-25 16:45:00+00:00,44.924303531499966,-4.275604160539402,stop_hit,ema50,holdout
2026-03-26 18:45:00+00:00,44.89,44.79239823847285,45.085203523054304,2026-03-26 19:00:00+00:00,44.28239823847285,-6.2253155273034935,stop_hit,ema100,holdout
2026-03-27 14:45:00+00:00,44.79,44.686186638410845,44.99762672317831,2026-03-27 15:00:00+00:00,44.17618663841085,-5.912662418334417,stop_hit,ema100,holdout
2026-03-27 16:30:00+00:00,44.809999999999995,44.700147074282775,45.029705851434436,2026-03-27 16:45:00+00:00,44.19014707428278,-5.642570934458523,stop_hit,ema100,holdout
2026-03-27 18:45:00+00:00,44.65,44.563237289668756,44.823525420662484,2026-03-27 19:00:00+00:00,44.05323728966876,-6.878101295509539,stop_hit,ema100,holdout
2026-03-30 13:45:00+00:00,45.03,44.91489859785633,45.260202804287346,2026-03-30 14:00:00+00:00,44.40489859785633,-5.430875649658934,stop_hit,ema100,holdout
2026-03-30 17:45:00+00:00,45.089999999999996,44.99308346134831,45.28383307730336,2026-03-30 18:00:00+00:00,44.483083461348315,-6.262259745294144,stop_hit,ema100,holdout
2026-03-31 18:15:00+00:00,45.79,45.62452199870459,46.12095600259082,2026-03-31 18:30:00+00:00,45.11452199870459,-4.081980662127674,stop_hit,ema21,holdout
2026-03-31 19:15:00+00:00,45.83,45.68467963361624,46.12064073276751,2026-03-31 19:30:00+00:00,45.17467963361624,-4.509487435871223,stop_hit,ema21,holdout
2026-04-01 19:15:00+00:00,46.699999999999996,46.59544429999664,46.9091114000067,2026-04-01 19:30:00+00:00,46.085444299996645,-5.877782846689802,stop_hit,h_ema21,holdout
2026-04-02 14:00:00+00:00,46.41,46.25538549874802,46.71922900250395,2026-04-02 14:15:00+00:00,45.74538549874802,-4.298526308142626,stop_hit,ema21,holdout
2026-04-02 16:45:00+00:00,46.72,46.5773714603158,47.00525707936839,2026-04-02 17:00:00+00:00,46.067371460315805,-4.575721949682894,stop_hit,h_ema21,holdout
2026-04-06 18:15:00+00:00,46.94,46.86023330536765,47.09953338926469,2026-04-06 18:30:00+00:00,46.35023330536765,-7.393645898838336,stop_hit,h_ema21,holdout
2026-04-07 14:45:00+00:00,46.58,46.47605971890704,46.78788056218592,2026-04-07 15:00:00+00:00,45.96605971890704,-5.906663659528434,stop_hit,ema21,holdout
2026-04-07 16:15:00+00:00,46.43,46.31288019949144,46.66423960101712,2026-04-07 16:30:00+00:00,45.80288019949144,-5.354515613802785,stop_hit,ema21,holdout
2026-04-07 17:45:00+00:00,46.6,46.49130120538996,46.817397589220086,2026-04-07 18:00:00+00:00,45.98130120538996,-5.691864356266573,stop_hit,ema21,holdout
2026-04-08 19:15:00+00:00,48.059999999999995,47.95064658476212,48.27870683047575,2026-04-08 19:30:00+00:00,47.44064658476212,-5.663777522545543,stop_hit,h_ema21,holdout
2026-04-10 15:15:00+00:00,48.29,48.195369338750595,48.47926132249881,2026-04-10 15:30:00+00:00,47.6853693387506,-6.389373732218419,stop_hit,h_ema21,holdout
2026-04-10 17:45:00+00:00,48.129999999999995,48.051079070395836,48.287841859208314,2026-04-10 18:00:00+00:00,47.54107907039584,-7.462164125004444,stop_hit,h_ema21,holdout
2026-04-10 18:30:00+00:00,48.18,48.10864093209172,48.322718135816565,2026-04-10 18:45:00+00:00,47.59864093209172,-8.146954338802423,stop_hit,h_ema21,holdout
2026-04-13 14:00:00+00:00,48.12,48.04051229720956,48.27897540558087,2026-04-13 14:15:00+00:00,47.53051229720956,-7.416086791998102,stop_hit,h_ema21,holdout
2026-04-13 17:15:00+00:00,48.29,48.20994858917068,48.45010282165864,2026-04-13 17:30:00+00:00,47.69994858917068,-7.370905830596594,stop_hit,h_ema21,holdout
2026-04-14 18:45:00+00:00,48.559999999999995,48.50579318804225,48.66841362391549,2026-04-14 19:00:00+00:00,47.99579318804225,-10.40841162910527,stop_hit,h_ema21,holdout
2026-04-15 18:15:00+00:00,48.33,48.27562422495201,48.43875155009597,2026-04-15 18:30:00+00:00,47.76562422495201,-10.37917665633124,stop_hit,h_ema21,holdout
2026-04-16 15:15:00+00:00,48.379999999999995,48.29578755814955,48.54842488370089,2026-04-16 15:30:00+00:00,47.78578755814955,-7.05611224177193,stop_hit,h_ema21,holdout
2026-04-16 17:30:00+00:00,48.269999999999996,48.19702928966603,48.415941420667934,2026-04-16 17:45:00+00:00,47.68702928966603,-7.9891055968326485,stop_hit,h_ema21,holdout
2026-04-17 14:30:00+00:00,48.739999999999995,48.65627330038328,48.90745339923342,2026-04-17 14:45:00+00:00,48.146273300383285,-7.091246906120772,stop_hit,h_ema21,holdout
2026-04-17 18:00:00+00:00,48.8,48.724930902667026,48.95013819466594,2026-04-17 18:15:00+00:00,48.21493090266703,-7.793740941600494,stop_hit,h_ema21,holdout
2026-04-20 14:30:00+00:00,48.489999999999995,48.40461386248031,48.66077227503936,2026-04-20 14:45:00+00:00,47.89461386248031,-6.972866495834016,stop_hit,h_ema21,holdout
2026-04-22 13:45:00+00:00,47.809999999999995,47.671594681799,48.086810636401985,2026-04-22 14:00:00+00:00,47.161594681799,-4.684829503873296,stop_hit,ema21,holdout
2026-04-22 17:15:00+00:00,47.69,47.593659127689804,47.882681744620385,2026-04-22 17:30:00+00:00,47.083659127689806,-6.2937033656694075,stop_hit,ema21,holdout
2026-04-23 14:15:00+00:00,47.66,47.5810173871431,47.81796522571379,2026-04-23 14:30:00+00:00,47.0710173871431,-7.457117352195315,stop_hit,ema21,holdout
2026-04-23 15:30:00+00:00,47.73,47.66040198787061,47.86919602425878,2026-04-23 15:45:00+00:00,47.15040198787061,-8.327795498696926,stop_hit,ema21,holdout
2026-04-23 16:45:00+00:00,47.62,47.55260457934648,47.754790841307035,2026-04-23 17:00:00+00:00,47.04260457934648,-8.567279721005379,stop_hit,ema21,holdout
2026-04-23 18:15:00+00:00,47.37,47.25580688863574,47.598386222728514,2026-04-23 18:30:00+00:00,46.74580688863574,-5.466118786913305,stop_hit,ema21,holdout
2026-04-24 14:15:00+00:00,47.46,47.35407902901102,47.671841941977966,2026-04-24 14:30:00+00:00,46.84407902901102,-5.814910543569742,stop_hit,ema21,holdout
2026-04-24 16:30:00+00:00,47.44,47.34712199778201,47.62575600443597,2026-04-24 16:45:00+00:00,46.83712199778201,-6.491074181408619,stop_hit,ema21,holdout
2026-04-27 16:00:00+00:00,47.29,47.220579543661025,47.42884091267795,2026-04-27 16:15:00+00:00,46.71057954366103,-8.346537705106806,stop_hit,ema21,holdout
2026-04-27 19:15:00+00:00,47.26,47.21227829076184,47.35544341847632,2026-04-27 19:30:00+00:00,46.70227829076184,-11.68696004694181,stop_hit,ema21,holdout
2026-04-28 15:15:00+00:00,47.07,46.99830590241561,47.21338819516878,2026-04-28 15:30:00+00:00,46.48830590241561,-8.113556306356696,stop_hit,ema50,holdout
2026-04-28 17:30:00+00:00,47.04,46.98535028391563,47.14929943216874,2026-04-28 17:45:00+00:00,46.47535028391563,-10.332161931319895,stop_hit,ema50,holdout
2026-04-28 19:15:00+00:00,47.059999999999995,47.01440103623948,47.15119792752103,2026-04-28 19:30:00+00:00,46.50440103623948,-12.184464688243137,stop_hit,ema50,holdout
2026-04-29 17:30:00+00:00,46.489999999999995,46.414956276239245,46.640087447521495,2026-04-29 17:45:00+00:00,45.90495627623925,-7.796038022126278,stop_hit,ema50,holdout
2026-04-30 15:00:00+00:00,47.61,47.47023225055424,47.88953549889152,2026-04-30 15:15:00+00:00,46.96023225055424,-4.648910439084634,stop_hit,ema21,holdout
2026-04-30 17:30:00+00:00,47.57,47.47611038145514,47.757779237089714,2026-04-30 17:45:00+00:00,46.966110381455145,-6.431910448718447,stop_hit,ema21,holdout
2026-04-30 18:15:00+00:00,47.589999999999996,47.5067071822365,47.756585635526996,2026-04-30 18:30:00+00:00,46.9967071822365,-7.122976910783397,stop_hit,ema21,holdout
2026-05-01 15:15:00+00:00,47.79,47.707446370433225,47.95510725913355,2026-05-01 15:30:00+00:00,47.19744637043323,-7.177802268372438,stop_hit,ema21,holdout
2026-05-04 14:30:00+00:00,47.3,47.223016044135036,47.45396791172992,2026-05-04 14:45:00+00:00,46.71301604413504,-7.624756993451988,stop_hit,ema21,holdout
2026-05-05 14:45:00+00:00,46.66,46.56188434219083,46.85623131561833,2026-05-05 15:00:00+00:00,46.05188434219083,-6.197947110459549,stop_hit,ema50,holdout
2026-05-05 15:30:00+00:00,46.82,46.727445298758475,47.00510940248305,2026-05-05 15:45:00+00:00,46.21744529875848,-6.510254942848696,stop_hit,ema50,holdout
2026-05-07 17:15:00+00:00,47.019999999999996,46.93856878717097,47.182862425658044,2026-05-07 17:30:00+00:00,46.428568787170974,-7.262954735438032,stop_hit,ema21,holdout
2026-05-08 13:45:00+00:00,47.16,47.04349213302432,47.393015733951344,2026-05-08 14:00:00+00:00,46.533492133024325,-5.377386808621971,stop_hit,ema21,holdout
2026-05-08 17:15:00+00:00,47.14,47.06192515971647,47.296149680567055,2026-05-08 17:30:00+00:00,46.551925159716475,-7.532193958360254,stop_hit,ema21,holdout
2026-05-08 18:15:00+00:00,47.21,47.142628969352934,47.344742061294134,2026-05-08 18:30:00+00:00,46.632628969352936,-8.570019266466467,stop_hit,ema21,holdout
