entry_date,entry_price,stop,target,exit_date,exit_price,R_multiple,exit_reason,zone_triggered,period
2023-02-02 15:30:00+00:00,179.54999999999998,178.93611347407457,180.7777730518508,2023-02-02 16:00:00+00:00,178.42611347407458,-1.8307724285545879,stop_hit,h_ema21,train
2023-02-03 15:45:00+00:00,175.1,174.53657881023585,176.22684237952828,2023-02-03 16:00:00+00:00,174.02657881023586,-1.9051842729122164,stop_hit,ema21,train
2023-02-06 14:45:00+00:00,174.56,174.204232782167,175.271534435666,2023-02-06 15:00:00+00:00,173.694232782167,-2.4335216243543316,stop_hit,h_ema21,train
2023-02-06 16:15:00+00:00,174.16,173.79434462841516,174.89131074316967,2023-02-06 16:30:00+00:00,173.28434462841517,-2.394755935868059,stop_hit,h_ema21,train
2023-02-06 18:00:00+00:00,174.03879999999998,173.73840881813743,174.63958236372508,2023-02-06 18:15:00+00:00,173.22840881813744,-2.697786189453956,stop_hit,h_ema21,train
2023-02-07 17:45:00+00:00,175.17,174.8342555799373,175.84148884012538,2023-02-07 18:00:00+00:00,174.3242555799373,-2.519012586731167,stop_hit,ema21,train
2023-02-08 17:00:00+00:00,174.92,174.55857055969577,175.64285888060843,2023-02-08 17:15:00+00:00,174.04857055969578,-2.411063801473161,stop_hit,ema21,train
2023-02-09 18:00:00+00:00,174.26,173.89235915882412,174.99528168235173,2023-02-09 18:15:00+00:00,173.38235915882413,-2.387223460725409,stop_hit,ema21,train
2023-02-10 14:45:00+00:00,173.91,173.57078687716196,174.58842624567606,2023-02-10 15:00:00+00:00,173.06078687716197,-2.5034795698145977,stop_hit,donchian_low,train
2023-02-10 17:15:00+00:00,173.38,173.05835034823474,174.0232993035305,2023-02-10 17:45:00+00:00,172.54835034823475,-2.5855760987181036,stop_hit,donchian_low,train
2023-02-13 15:30:00+00:00,173.2601,172.9930961021501,173.79410779569977,2023-02-13 15:45:00+00:00,172.4830961021501,-2.9100844748218426,stop_hit,ema50,train
2023-02-13 17:15:00+00:00,172.82999999999998,172.57403214210484,173.34193571579027,2023-02-13 17:30:00+00:00,172.06403214210485,-2.992437660703912,stop_hit,ema50,train
2023-02-13 18:45:00+00:00,173.015,172.7918759190209,173.46124816195817,2023-02-13 19:00:00+00:00,172.2818759190209,-3.2857237002929525,stop_hit,ema50,train
2023-02-14 15:00:00+00:00,173.14999999999998,172.8532705392007,173.74345892159852,2023-02-14 15:15:00+00:00,172.34327053920072,-2.718737326001456,stop_hit,ema50,train
2023-02-15 16:45:00+00:00,171.23,170.84834098615775,171.99331802768447,2023-02-15 17:00:00+00:00,170.33834098615776,-2.3362713351525954,stop_hit,ema50,train
2023-02-15 18:45:00+00:00,171.26,170.96860743753462,171.84278512493074,2023-02-15 19:00:00+00:00,170.45860743753462,-2.7502162570144217,stop_hit,ema50,train
2023-02-16 15:15:00+00:00,170.83499999999998,170.56201593697133,171.38096812605727,2023-02-16 15:30:00+00:00,170.05201593697134,-2.8682409307772514,stop_hit,ema50,train
2023-02-17 15:15:00+00:00,171.07999999999998,170.7144951131345,171.81100977373097,2023-02-17 15:30:00+00:00,170.2044951131345,-2.395330181146581,stop_hit,ema50,train
2023-02-17 16:15:00+00:00,171.3801,171.0033794389378,172.1335411221244,2023-02-17 16:30:00+00:00,170.4933794389378,-2.3537885974739385,stop_hit,ema50,train
2023-02-21 14:45:00+00:00,171.79999999999998,171.58122286403957,172.2375542719208,2023-02-21 15:00:00+00:00,171.07122286403958,-3.3311393933426583,stop_hit,ema50,train
2023-02-21 15:30:00+00:00,171.53,171.24785227124454,172.09429545751092,2023-02-21 15:45:00+00:00,170.73785227124455,-2.8075637264548385,stop_hit,ema50,train
2023-02-21 16:30:00+00:00,171.28,170.99287802267324,171.85424395465353,2023-02-21 16:45:00+00:00,170.48287802267325,-2.776248564280328,stop_hit,ema50,train
2023-02-21 17:30:00+00:00,171.09,170.82681525680889,171.61636948638224,2023-02-21 17:45:00+00:00,170.3168152568089,-2.9378022974137274,stop_hit,ema50,train
2023-02-22 15:30:00+00:00,171.26999999999998,171.0182903271935,171.77341934561292,2023-02-22 15:45:00+00:00,170.50829032719352,-3.026143827981177,stop_hit,ema50,train
2023-02-22 17:30:00+00:00,170.92,170.70596905486462,171.3480618902707,2023-02-22 17:45:00+00:00,170.19596905486463,-3.382833004252929,stop_hit,ema50,train
2023-02-23 15:00:00+00:00,170.5,170.22668586779724,171.0466282644055,2023-02-23 15:15:00+00:00,169.71668586779725,-2.8659847403047958,stop_hit,ema100,train
2023-02-23 18:45:00+00:00,169.95999999999998,169.7113458787081,170.45730824258374,2023-02-23 19:00:00+00:00,169.2013458787081,-3.0510418140278355,stop_hit,ema100,train
2023-02-24 15:00:00+00:00,169.10999999999999,168.82172302584962,169.6865539483007,2023-02-24 15:15:00+00:00,168.31172302584963,-2.7691319312030025,stop_hit,ema100,train
2023-02-24 16:30:00+00:00,169.13,168.83150968321,169.72698063358,2023-02-24 16:45:00+00:00,168.32150968321,-2.7085981397473,stop_hit,ema100,train
2023-03-13 14:15:00+00:00,177.91,177.03573574362048,179.65852851275903,2023-03-13 15:45:00+00:00,176.5257357436205,-1.5833476506428277,stop_hit,ema100,train
2023-03-14 16:45:00+00:00,177.73999999999998,177.36439667296062,178.4912066540787,2023-03-14 17:15:00+00:00,176.85439667296063,-2.3578154486010474,stop_hit,h_ema21,train
2023-03-14 18:15:00+00:00,177.92999999999998,177.60854639513195,178.57290720973603,2023-03-14 18:30:00+00:00,177.09854639513196,-2.5865431038154747,stop_hit,h_ema21,train
2023-03-15 18:15:00+00:00,179.51999999999998,179.06218386198123,180.4356322760375,2023-03-15 18:30:00+00:00,178.55218386198123,-2.1139843217564698,stop_hit,h_ema21,train
2023-03-15 19:00:00+00:00,178.62,178.07808234138952,179.70383531722098,2023-03-16 15:15:00+00:00,177.56808234138953,-1.9411023831695484,stop_hit,h_ema21,train
2023-03-16 16:00:00+00:00,178.868,178.2879585613564,180.0280828772872,2023-03-16 16:15:00+00:00,177.7779585613564,-1.8792475261639896,stop_hit,h_ema21,train
2023-03-16 16:45:00+00:00,178.88,178.3539502038265,179.93209959234696,2023-03-16 17:00:00+00:00,177.84395020382652,-1.96948996788852,stop_hit,h_ema21,train
2023-03-20 15:30:00+00:00,183.77499999999998,183.24687824659668,184.83124350680657,2023-03-20 15:45:00+00:00,182.7368782465967,-1.9656864098353697,stop_hit,h_ema21,train
2023-03-21 14:30:00+00:00,182.03,181.4962551609451,183.09748967810978,2023-03-21 14:45:00+00:00,180.98625516094512,-1.9555127519416498,stop_hit,h_ema21,train
2023-03-22 14:00:00+00:00,181.13,180.7929595483528,181.8040809032944,2023-03-22 14:15:00+00:00,180.2829595483528,-2.5131714828516816,stop_hit,h_ema21,train
2023-03-22 18:15:00+00:00,182.10999999999999,181.70304213655623,182.9239157268875,2023-03-22 18:30:00+00:00,182.4139157268875,2.0,scaleout_tier_1,h_ema21,train
2023-03-22 18:15:00+00:00,182.10999999999999,181.70304213655623,183.33087359033124,2023-03-22 18:30:00+00:00,182.82087359033125,3.0,scaleout_tier_2,h_ema21,train
2023-03-22 18:15:00+00:00,182.10999999999999,181.70304213655623,182.9239157268875,2023-03-22 19:00:00+00:00,181.6,-1.2532009964969821,stop_hit,h_ema21,train
2023-03-24 14:45:00+00:00,186.17,185.60960088592208,187.2907982281558,2023-03-24 15:00:00+00:00,185.0996008859221,-1.9100656785283348,stop_hit,h_ema21,train
2023-03-24 19:00:00+00:00,184.385,183.96952123806747,185.21595752386503,2023-03-24 19:15:00+00:00,183.45952123806748,-2.2274995661097683,stop_hit,h_ema50,train
2023-03-27 15:15:00+00:00,182.51999999999998,182.02332711144737,183.5133457771052,2023-03-27 15:30:00+00:00,181.51332711144738,-2.0268327741548746,stop_hit,h_ema200,train
2023-03-27 16:15:00+00:00,182.57,182.13886513249815,183.43226973500367,2023-03-27 16:30:00+00:00,181.62886513249816,-2.1829245056312105,stop_hit,h_ema200,train
2023-03-27 19:00:00+00:00,182.34,182.04122734064768,182.93754531870465,2023-03-27 19:15:00+00:00,181.5312273406477,-2.706983500784724,stop_hit,h_ema21,train
2023-03-28 16:30:00+00:00,183.4699,183.17054117770715,184.0686176445857,2023-03-28 16:45:00+00:00,182.66054117770716,-2.7036411223621393,stop_hit,h_ema50,train
2023-03-29 14:15:00+00:00,183.385,183.09097715280612,183.97304569438774,2023-03-29 14:30:00+00:00,182.58097715280613,-2.734559082286921,stop_hit,h_ema21,train
2023-03-29 16:15:00+00:00,183.01,182.69484223010815,183.64031553978367,2023-03-29 16:30:00+00:00,182.18484223010816,-2.618237113985859,stop_hit,h_ema21,train
2023-03-31 18:45:00+00:00,183.715,183.45439163962044,184.23621672075913,2023-03-31 19:00:00+00:00,182.94439163962045,-2.9569594745817045,stop_hit,h_ema50,train
2023-04-03 18:15:00+00:00,185.04,184.74664976043434,185.6267004791313,2023-04-03 18:30:00+00:00,184.23664976043435,-2.7385361633081193,stop_hit,h_ema21,train
2023-04-03 19:15:00+00:00,184.95,184.68915172344245,185.47169655311507,2023-04-03 19:30:00+00:00,184.17915172344246,-2.95515955378564,stop_hit,h_ema21,train
2023-04-06 14:45:00+00:00,187.39999999999998,187.0213309856589,188.15733802868215,2023-04-06 15:00:00+00:00,186.5113309856589,-2.3468226358246724,stop_hit,h_ema21,train
2023-04-06 15:30:00+00:00,187.31799999999998,186.96671872284716,188.02056255430563,2023-04-06 15:45:00+00:00,186.45671872284717,-2.4518280169487086,stop_hit,h_ema50,train
2023-04-06 16:15:00+00:00,187.6,187.2724435255449,188.25511294891018,2023-04-06 16:30:00+00:00,186.7624435255449,-2.5569834204877235,stop_hit,h_ema21,train
2023-04-10 19:00:00+00:00,185.51,185.28888247973146,185.95223504053706,2023-04-10 19:15:00+00:00,184.77888247973146,-3.3064658077777973,stop_hit,h_ema21,train
2023-04-11 14:30:00+00:00,186.67999999999998,186.4146029517959,187.21079409640814,2023-04-11 14:45:00+00:00,185.9046029517959,-2.921649104430968,stop_hit,h_ema21,train
2023-04-12 14:15:00+00:00,187.35,187.02225817393364,188.0054836521327,2023-04-12 14:30:00+00:00,186.51225817393365,-2.556102881713764,stop_hit,h_ema21,train
2023-04-12 16:15:00+00:00,187.14,186.80750279825236,187.80499440349524,2023-04-12 16:30:00+00:00,186.29750279825237,-2.533847495014681,stop_hit,h_ema21,train
2023-04-13 14:00:00+00:00,190.715,190.26508834657162,191.61482330685678,2023-04-13 14:15:00+00:00,189.75508834657163,-2.1335558795015035,stop_hit,h_ema21,train
2023-04-17 17:15:00+00:00,185.905,185.5671419386105,186.58071612277902,2023-04-17 17:30:00+00:00,185.0571419386105,-2.509509638167314,stop_hit,ema21,train
2023-04-17 18:00:00+00:00,185.92999999999998,185.63415154487143,186.52169691025708,2023-04-17 18:15:00+00:00,185.12415154487144,-2.7238555454967317,stop_hit,ema21,train
2023-04-17 18:45:00+00:00,186.06,185.78778241402426,186.60443517195148,2023-04-17 19:00:00+00:00,185.27778241402427,-2.8735012955608417,stop_hit,h_ema21,train
2023-04-18 17:00:00+00:00,187.045,186.76915297766652,187.59669404466692,2023-04-18 17:15:00+00:00,186.25915297766653,-2.8488508437965407,stop_hit,h_ema21,train
2023-04-19 16:45:00+00:00,186.0,185.70796053213977,186.58407893572047,2023-04-19 17:00:00+00:00,185.19796053213977,-2.7463393004265715,stop_hit,ema21,train
2023-04-20 14:15:00+00:00,187.34,187.0264145102513,187.9671709794974,2023-04-20 14:30:00+00:00,186.5164145102513,-2.62635076134641,stop_hit,ema21,train
2023-04-20 17:15:00+00:00,187.03,186.7433507428123,187.60329851437538,2023-04-20 17:30:00+00:00,186.23335074281232,-2.7791778182284155,stop_hit,h_ema21,train
2023-04-21 18:00:00+00:00,184.59,184.27162838204214,185.22674323591573,2023-04-21 18:15:00+00:00,183.76162838204215,-2.601901586803779,stop_hit,ema21,train
2023-04-21 19:15:00+00:00,184.57,184.30169474931122,185.10661050137753,2023-04-21 19:30:00+00:00,183.79169474931123,-2.900820049890059,stop_hit,ema21,train
2023-04-24 14:15:00+00:00,184.41,184.12201024507064,184.9859795098587,2023-04-24 14:30:00+00:00,183.61201024507065,-2.7708963297152502,stop_hit,ema21,train
2023-04-24 17:00:00+00:00,185.13,184.85891651403978,185.67216697192043,2023-04-24 17:15:00+00:00,184.3489165140398,-2.881339242017985,stop_hit,ema21,train
2023-04-25 16:00:00+00:00,185.45,185.20192220508562,185.94615558982872,2023-04-25 16:15:00+00:00,184.69192220508563,-3.05580672859511,stop_hit,ema21,train
2023-04-25 17:00:00+00:00,185.51,185.27888744532098,185.97222510935802,2023-04-25 17:15:00+00:00,184.76888744532098,-3.206716985619036,stop_hit,ema21,train
2023-04-25 19:15:00+00:00,186.14,185.85303754230455,186.71392491539086,2023-04-25 19:30:00+00:00,185.34303754230456,-2.7772359635324477,stop_hit,ema21,train
2023-04-26 14:30:00+00:00,186.64,186.30429283662113,187.3114143267577,2023-04-26 14:45:00+00:00,185.79429283662114,-2.5191811663084454,stop_hit,ema21,train
2023-04-26 17:15:00+00:00,185.13,184.8025149819892,185.7849700360216,2023-04-26 17:30:00+00:00,184.2925149819892,-2.557323150530094,stop_hit,ema21,train
2023-04-26 18:00:00+00:00,185.28,184.96280740358247,185.91438519283506,2023-04-26 18:15:00+00:00,184.45280740358248,-2.6078559391363196,stop_hit,ema21,train
2023-04-26 19:00:00+00:00,185.47,185.15511928763323,186.09976142473354,2023-04-26 19:15:00+00:00,184.64511928763324,-2.6196609699165827,stop_hit,ema21,train
2023-05-15 15:30:00+00:00,187.76,187.49818886869198,188.283622262616,2023-05-15 15:45:00+00:00,186.988188868692,-2.9479691235893295,stop_hit,h_ema21,train
2023-05-15 16:15:00+00:00,188.04,187.79522377715608,188.5295524456878,2023-05-15 16:30:00+00:00,187.2852237771561,-3.083535704876079,stop_hit,h_ema21,train
2023-05-16 18:15:00+00:00,185.325,185.04182424834397,185.89135150331202,2023-05-16 18:30:00+00:00,184.53182424834398,-2.8010016642226634,stop_hit,ema21,train
2023-05-17 14:15:00+00:00,184.57999999999998,184.27276281112714,185.19447437774568,2023-05-17 14:30:00+00:00,183.76276281112715,-2.659955299913447,stop_hit,ema21,train
2023-05-17 17:00:00+00:00,184.82999999999998,184.56800422437902,185.3539915512419,2023-05-17 17:15:00+00:00,184.05800422437903,-2.946596271604885,stop_hit,ema21,train
2023-05-17 17:45:00+00:00,184.67,184.4217420848982,185.16651583020356,2023-05-17 18:00:00+00:00,183.9117420848982,-3.0543151657053302,stop_hit,ema21,train
2023-05-17 18:30:00+00:00,184.7801,184.55057279902383,185.23915440195236,2023-05-17 18:45:00+00:00,184.04057279902383,-3.221958869497653,stop_hit,ema21,train
2023-05-18 17:30:00+00:00,182.37,182.09323859845426,182.9235228030915,2023-05-18 17:45:00+00:00,181.58323859845427,-2.8427425108833386,stop_hit,ema50,train
2023-05-19 13:45:00+00:00,182.48999999999998,182.27218794337077,182.9256241132584,2023-05-19 14:00:00+00:00,181.76218794337078,-3.3414681808370936,stop_hit,ema50,train
2023-05-19 15:15:00+00:00,183.29999999999998,183.02151879674304,183.85696240651387,2023-05-19 15:30:00+00:00,183.34696240651388,2.0,scaleout_tier_1,ema50,train
2023-05-19 15:15:00+00:00,183.29999999999998,183.02151879674304,184.13544360977082,2023-05-19 17:45:00+00:00,183.62544360977083,3.0,scaleout_tier_2,ema50,train
2023-05-19 15:15:00+00:00,183.29999999999998,183.02151879674304,183.85696240651387,2023-05-19 19:00:00+00:00,183.13,-0.6104541276458594,trail_exit,ema50,train
2023-05-22 17:15:00+00:00,184.31,184.051953813441,184.826092373118,2023-05-22 17:30:00+00:00,183.541953813441,-2.976390377245062,stop_hit,ema21,train
2023-05-22 18:00:00+00:00,184.005,183.75956560791906,184.49586878416187,2023-05-22 18:15:00+00:00,183.24956560791907,-3.0779483905083938,stop_hit,ema21,train
2023-05-23 14:15:00+00:00,183.73499999999999,183.46150926934004,184.28198146131987,2023-05-23 14:30:00+00:00,182.95150926934005,-2.8647798364841868,stop_hit,ema50,train
2023-05-23 15:00:00+00:00,183.39999999999998,183.11732400318516,183.9653519936296,2023-05-23 15:15:00+00:00,182.60732400318517,-2.80418573117864,stop_hit,ema50,train
2023-05-23 16:15:00+00:00,183.39,183.1320943117351,183.90581137652975,2023-05-23 16:30:00+00:00,182.6220943117351,-2.97746704786205,stop_hit,ema50,train
2023-05-24 14:45:00+00:00,183.6,183.33251118503978,184.13497762992043,2023-05-24 15:00:00+00:00,182.8225111850398,-2.906621778095067,stop_hit,ema21,train
2023-05-24 15:30:00+00:00,183.51989999999998,183.2616554932698,184.0363890134603,2023-05-24 15:45:00+00:00,182.75165549326982,-2.974872598288725,stop_hit,ema50,train
2023-05-24 17:15:00+00:00,182.73,182.42757251676392,183.33485496647214,2023-05-24 17:30:00+00:00,181.91757251676393,-2.686354674326631,stop_hit,ema50,train
2023-05-24 18:15:00+00:00,182.98999999999998,182.70235028767425,183.56529942465144,2023-05-24 18:30:00+00:00,182.19235028767426,-2.7729897793969402,stop_hit,ema50,train
2023-05-25 15:30:00+00:00,181.2335,180.89700666520739,181.9064866695852,2023-05-25 15:45:00+00:00,180.3870066652074,-2.515631803864176,stop_hit,ema50,train
2023-05-26 13:45:00+00:00,181.665,181.40904344396372,182.17691311207253,2023-05-26 14:00:00+00:00,180.89904344396373,-2.9925256375450204,stop_hit,ema50,train
2023-05-26 15:30:00+00:00,180.92999999999998,180.61848211414065,181.55303577171864,2023-05-26 15:45:00+00:00,180.10848211414066,-2.6371451629274554,stop_hit,ema50,train
2023-05-26 19:00:00+00:00,181.29999999999998,181.09272263485823,181.71455473028348,2023-05-26 19:15:00+00:00,180.58272263485824,-3.460471261062302,stop_hit,ema50,train
2023-05-30 14:15:00+00:00,182.20999999999998,181.9448034840677,182.74039303186453,2023-05-30 14:30:00+00:00,181.43480348406771,-2.9231021878516477,stop_hit,ema50,train
2023-05-30 15:30:00+00:00,182.67499999999998,182.42171179123645,183.18157641752705,2023-05-30 15:45:00+00:00,181.91171179123646,-3.0135165489528,stop_hit,ema50,train
2023-05-31 17:45:00+00:00,183.32,183.03269733054626,183.89460533890747,2023-05-31 18:00:00+00:00,182.52269733054626,-2.775131435324562,stop_hit,ema21,train
2023-06-05 14:15:00+00:00,182.59,182.2930320708398,183.18393585832038,2023-06-05 14:30:00+00:00,181.78303207083982,-2.717357161907166,stop_hit,ema21,train
2023-06-06 14:15:00+00:00,182.51999999999998,182.26060661485596,183.03878677028803,2023-06-06 14:30:00+00:00,181.75060661485597,-2.9661256963697213,stop_hit,ema21,train
2023-06-06 15:30:00+00:00,182.57999999999998,182.32224144153054,183.09551711693888,2023-06-06 15:45:00+00:00,181.81224144153055,-2.9785957953378372,stop_hit,ema21,train
2023-06-07 15:15:00+00:00,182.38,182.11051552698518,182.91896894602962,2023-06-07 15:30:00+00:00,181.6005155269852,-2.892502355681014,stop_hit,ema21,train
2023-06-07 17:30:00+00:00,180.98,180.70396087864356,181.53207824271286,2023-06-07 17:45:00+00:00,180.19396087864357,-2.8475642057324824,stop_hit,donchian_low,train
2023-06-08 13:45:00+00:00,183.06,182.69358328554006,183.7928334289199,2023-06-08 14:00:00+00:00,182.18358328554007,-2.3918579035120473,stop_hit,ema21,train
2023-06-08 16:00:00+00:00,183.1979,182.87225506148704,183.84918987702594,2023-06-08 16:15:00+00:00,182.36225506148705,-2.5661229138977855,stop_hit,ema21,train
2023-06-08 18:45:00+00:00,182.9299,182.70150838958034,183.38668322083933,2023-06-08 19:00:00+00:00,182.19150838958035,-3.2330067162400558,stop_hit,ema21,train
2023-06-12 15:15:00+00:00,182.23999999999998,181.99288630572474,182.73422738855047,2023-06-12 15:30:00+00:00,181.48288630572475,-3.0638273467432295,stop_hit,ema21,train
2023-06-12 16:45:00+00:00,182.0169,181.78950036847542,182.47169926304915,2023-06-12 17:00:00+00:00,181.27950036847542,-3.2427476974379856,stop_hit,ema21,train
2023-06-12 18:45:00+00:00,182.315,182.1338873666466,182.67722526670678,2023-06-12 19:00:00+00:00,181.6238873666466,-3.8159272523240313,stop_hit,ema21,train
2023-06-13 14:30:00+00:00,181.91,181.66399491427345,182.4020101714531,2023-06-13 14:45:00+00:00,181.15399491427345,-3.0731278725143296,stop_hit,ema21,train
2023-06-13 16:15:00+00:00,181.22,180.93224560168022,181.79550879663955,2023-06-13 16:30:00+00:00,180.42224560168023,-2.772344759899156,stop_hit,ema50,train
2023-06-13 17:30:00+00:00,181.17999999999998,180.93063971891297,181.678720562174,2023-06-13 17:45:00+00:00,180.42063971891298,-3.045233498201106,stop_hit,donchian_low,train
2023-06-13 19:15:00+00:00,180.83499999999998,180.61619793383477,181.2726041323304,2023-06-13 19:30:00+00:00,180.10619793383478,-3.330873784413473,stop_hit,donchian_low,train
2023-06-14 14:15:00+00:00,182.35,182.064059126328,182.92188174734397,2023-06-14 14:30:00+00:00,181.554059126328,-2.783585513503833,stop_hit,ema21,train
2023-06-14 16:15:00+00:00,182.23499999999999,181.99799917127814,182.70900165744368,2023-06-14 16:30:00+00:00,181.48799917127815,-3.1518912096233485,stop_hit,ema21,train
2023-06-14 18:45:00+00:00,181.51999999999998,181.19796527959608,182.1640694408078,2023-06-14 19:00:00+00:00,180.68796527959609,-2.5836801676550074,stop_hit,ema21,train
2023-06-15 13:45:00+00:00,181.20999999999998,180.85865037808992,181.9126992438201,2023-06-15 16:00:00+00:00,181.4026992438201,2.0,scaleout_tier_1,ema50,train
2023-06-15 13:45:00+00:00,181.20999999999998,180.85865037808992,182.26404886573016,2023-06-16 13:30:00+00:00,181.75404886573017,3.0,scaleout_tier_2,ema50,train
2023-06-15 13:45:00+00:00,181.20999999999998,180.85865037808992,181.9126992438201,2023-06-16 14:00:00+00:00,181.4199,0.5974106329158482,trail_exit,ema50,train
2023-06-20 17:00:00+00:00,180.42999999999998,180.15686693927017,180.9762661214596,2023-06-20 17:15:00+00:00,179.64686693927018,-2.86722178061229,stop_hit,ema100,train
2023-06-20 18:00:00+00:00,180.48499999999999,180.24729317868844,180.96041364262308,2023-06-20 18:15:00+00:00,179.73729317868845,-3.1455000625815654,stop_hit,donchian_low,train
2023-06-20 19:00:00+00:00,180.5,180.28859595940548,180.92280808118903,2023-06-20 19:15:00+00:00,179.7785959594055,-3.4124420638591166,stop_hit,donchian_low,train
2023-06-21 14:30:00+00:00,179.82999999999998,179.4797161102108,180.53056777957835,2023-06-21 14:45:00+00:00,178.9697161102108,-2.4559619065179783,stop_hit,ema100,train
2023-06-21 15:30:00+00:00,179.82,179.48678732360816,180.48642535278367,2023-06-21 15:45:00+00:00,178.97678732360816,-2.5305540158990274,stop_hit,ema100,train
2023-06-21 17:15:00+00:00,180.10999999999999,179.83772464771317,180.6545507045736,2023-06-21 17:30:00+00:00,179.32772464771318,-2.8731038109639933,stop_hit,ema100,train
2023-06-21 18:15:00+00:00,180.28,180.03823234234008,180.76353531531984,2023-06-21 18:30:00+00:00,179.5282323423401,-3.1094632960268656,stop_hit,ema100,train
2023-06-22 16:15:00+00:00,178.42,178.09145073186792,179.07709853626412,2023-06-22 16:30:00+00:00,177.58145073186793,-2.55227860618758,stop_hit,ema100,train
2023-06-23 13:45:00+00:00,180.20999999999998,179.87249957936854,180.88500084126287,2023-06-23 14:00:00+00:00,179.36249957936855,-2.511109227792403,stop_hit,ema100,train
2023-06-23 18:45:00+00:00,178.81,178.5919757044942,179.24604859101163,2023-06-23 19:00:00+00:00,178.0819757044942,-3.3391888450633354,stop_hit,ema100,train
2023-07-11 14:00:00+00:00,180.035,179.7571067060558,180.5907865878884,2023-07-11 14:15:00+00:00,179.2471067060558,-2.8352368017286222,stop_hit,ema100,train
2023-07-11 18:15:00+00:00,179.91,179.73178356365995,180.2664328726801,2023-07-11 18:30:00+00:00,179.22178356365995,-3.8616889130633854,stop_hit,ema100,train
2023-07-12 16:00:00+00:00,182.07999999999998,181.80132007094122,182.63735985811752,2023-07-12 16:15:00+00:00,181.29132007094123,-2.8300564440449607,stop_hit,ema21,train
2023-07-13 14:15:00+00:00,182.63899999999998,182.44076303943453,183.0354739211309,2023-07-13 14:30:00+00:00,181.93076303943454,-3.57267866973577,stop_hit,ema21,train
2023-07-13 15:30:00+00:00,182.59,182.37605941572107,183.01788116855786,2023-07-13 15:45:00+00:00,181.86605941572108,-3.383839427750025,stop_hit,ema21,train
2023-07-13 19:00:00+00:00,182.475,182.29999703890795,182.8250059221841,2023-07-13 19:15:00+00:00,181.78999703890796,-3.9142364038728568,stop_hit,ema21,train
2023-07-14 14:30:00+00:00,182.03,181.7925462457528,182.50490750849443,2023-07-14 14:45:00+00:00,181.2825462457528,-3.1477866358307014,stop_hit,ema21,train
2023-07-14 18:00:00+00:00,182.515,182.32557037140828,182.8938592571834,2023-07-14 18:15:00+00:00,181.81557037140828,-3.692292667158341,stop_hit,ema21,train
2023-07-17 14:00:00+00:00,181.60999999999999,181.3867968371448,182.05640632571036,2023-07-17 14:15:00+00:00,180.8767968371448,-3.2849138581915183,stop_hit,ema21,train
2023-07-17 14:45:00+00:00,181.84,181.60487705947784,182.31024588104432,2023-07-17 15:00:00+00:00,181.09487705947785,-3.169078010284257,stop_hit,ema21,train
2023-07-17 15:45:00+00:00,181.89999999999998,181.67266135713623,182.35467728572746,2023-07-17 16:00:00+00:00,181.16266135713624,-3.243349364523411,stop_hit,ema21,train
2023-07-17 18:45:00+00:00,182.07,181.91308876624973,182.38382246750052,2023-07-17 19:00:00+00:00,181.40308876624974,-4.250245299910729,stop_hit,ema21,train
2023-07-18 18:30:00+00:00,184.10999999999999,183.8776791484503,184.57464170309933,2023-07-18 18:45:00+00:00,183.36767914845032,-3.195239887414697,stop_hit,h_ema21,train
2023-07-19 15:00:00+00:00,183.845,183.59157543502195,184.3518491299561,2023-07-19 15:15:00+00:00,183.08157543502196,-3.0124331674167784,stop_hit,h_ema21,train
2023-07-19 18:45:00+00:00,184.09,183.9026138065289,184.4647723869422,2023-07-19 19:00:00+00:00,183.3926138065289,-3.721651956063935,stop_hit,h_ema21,train
2023-07-20 14:00:00+00:00,183.95999999999998,183.76157029182724,184.35685941634546,2023-07-20 14:15:00+00:00,183.25157029182725,-3.5701796605779434,stop_hit,h_ema21,train
2023-07-20 15:00:00+00:00,183.45,183.1790860033548,183.99182799329037,2023-07-20 15:15:00+00:00,182.6690860033548,-2.8825162461721154,stop_hit,h_ema21,train
2023-07-20 17:00:00+00:00,183.23,182.98891866889838,183.7121626622032,2023-07-20 17:15:00+00:00,182.4789186688984,-3.115468658106236,stop_hit,ema21,train
2023-07-20 18:45:00+00:00,183.477,183.2884547408289,183.8540905183422,2023-07-20 19:00:00+00:00,182.77845474082892,-3.704920835676902,stop_hit,h_ema21,train
2023-07-21 15:45:00+00:00,182.69029999999998,182.42719193700728,183.21651612598538,2023-07-21 16:00:00+00:00,181.9171919370073,-2.938367050401421,stop_hit,ema21,train
2023-07-21 16:30:00+00:00,182.67999999999998,182.4388471521884,183.16230569562313,2023-07-21 16:45:00+00:00,181.9288471521884,-3.114841291024171,stop_hit,ema21,train
2023-07-21 18:15:00+00:00,182.82999999999998,182.63667169244366,183.21665661511264,2023-07-21 18:30:00+00:00,182.12667169244367,-3.637999610333305,stop_hit,ema21,train
2023-07-24 14:15:00+00:00,182.57999999999998,182.38139723822167,182.97720552355662,2023-07-24 14:30:00+00:00,181.87139723822168,-3.5679401204362766,stop_hit,ema21,train
2023-07-24 16:30:00+00:00,182.4457,182.24022205104546,182.85665589790904,2023-07-24 16:45:00+00:00,181.73022205104547,-3.4820181561811445,stop_hit,ema21,train
2023-07-25 13:45:00+00:00,182.29,182.09540488291756,182.67919023416485,2023-07-25 14:00:00+00:00,181.58540488291757,-3.6208262963965305,stop_hit,ema21,train
2023-07-25 15:30:00+00:00,182.79,182.52553243376138,183.3189351324772,2023-07-25 15:45:00+00:00,182.0155324337614,-2.928402817984338,stop_hit,ema21,train
2023-07-26 18:45:00+00:00,183.98999999999998,183.70302750771776,184.56394498456442,2023-07-26 19:00:00+00:00,183.19302750771777,-2.777173818800869,stop_hit,ema21,train
2023-07-27 17:15:00+00:00,181.44,181.10121758546293,182.11756482907413,2023-07-27 17:30:00+00:00,180.59121758546294,-2.505391006486833,stop_hit,ema50,train
2023-07-28 13:45:00+00:00,182.07999999999998,181.76682214252986,182.70635571494023,2023-07-28 14:00:00+00:00,181.25682214252987,-2.6284676193898693,stop_hit,ema21,train
2023-07-28 16:15:00+00:00,182.625,182.35052017495178,183.17395965009644,2023-07-28 16:30:00+00:00,181.8405201749518,-2.8580600592790364,stop_hit,ema21,train
2023-07-28 17:15:00+00:00,182.66,182.41838558717194,183.1432288256561,2023-07-28 17:30:00+00:00,181.90838558717195,-3.1108012308973043,stop_hit,ema21,train
2023-07-31 15:00:00+00:00,183.13,182.88308432763057,183.62383134473885,2023-07-31 15:15:00+00:00,182.37308432763058,-3.0654824989681053,stop_hit,ema21,train
2023-08-01 14:00:00+00:00,181.39,181.1154991184209,181.93900176315816,2023-08-01 14:15:00+00:00,180.6054991184209,-2.857917530414394,stop_hit,ema21,train
2023-08-01 17:00:00+00:00,180.85999999999999,180.6144943048015,181.35101139039696,2023-08-01 17:15:00+00:00,180.1044943048015,-3.077344884352526,stop_hit,ema100,train
2023-08-01 19:15:00+00:00,181.045,180.86295006684034,181.40909986631928,2023-08-01 19:30:00+00:00,180.35295006684035,-3.801429207627076,stop_hit,ema100,train
2023-08-02 13:45:00+00:00,181.22,181.04951893375227,181.56096213249546,2023-08-02 14:00:00+00:00,180.53951893375228,-3.991534551167658,stop_hit,h_ema21,train
2023-08-02 15:45:00+00:00,180.10999999999999,179.88222169486184,180.56555661027627,2023-08-02 16:00:00+00:00,179.37222169486185,-3.239019206375612,stop_hit,ema100,train
2023-08-02 17:00:00+00:00,180.19,179.97843876463367,180.61312247073266,2023-08-02 17:15:00+00:00,179.46843876463367,-3.410649564968233,stop_hit,ema100,train
2023-08-02 19:00:00+00:00,180.26,180.08875750556763,180.60248498886472,2023-08-02 19:15:00+00:00,179.57875750556764,-3.978232720158312,stop_hit,ema100,train
2023-08-03 13:45:00+00:00,180.14999999999998,179.97676550714493,180.49646898571007,2023-08-03 14:00:00+00:00,179.46676550714494,-3.943986452090332,stop_hit,ema100,train
2023-08-03 14:30:00+00:00,180.39999999999998,180.17412675626727,180.8517464874654,2023-08-03 14:45:00+00:00,179.66412675626728,-3.25790355498464,stop_hit,ema100,train
2023-08-03 16:15:00+00:00,180.04,179.8215358088333,180.4769283823334,2023-08-03 16:30:00+00:00,179.3115358088333,-3.3344786954619328,stop_hit,ema100,train
2023-08-04 14:45:00+00:00,180.79,180.55432741550553,181.26134516898892,2023-08-04 15:00:00+00:00,180.04432741550553,-3.16401920950617,stop_hit,ema21,train
2023-08-07 14:30:00+00:00,180.24949999999998,180.05913397051393,180.6302320589721,2023-08-07 14:45:00+00:00,179.54913397051394,-3.6790494153650686,stop_hit,ema100,train
2023-08-07 16:30:00+00:00,180.07,179.89305444948457,180.42389110103085,2023-08-07 16:45:00+00:00,179.38305444948458,-3.8822425797902547,stop_hit,ema100,train
2023-08-08 14:45:00+00:00,179.76999999999998,179.5375621298084,180.23487574038313,2023-08-08 15:00:00+00:00,179.02756212980842,-3.194134714707418,stop_hit,ema100,train
2023-08-08 16:30:00+00:00,179.45499999999998,179.23163591161563,179.9017281767687,2023-08-08 16:45:00+00:00,178.72163591161564,-3.283267662626229,stop_hit,ema100,train
2023-08-08 17:45:00+00:00,179.29,179.08750671061816,179.69498657876366,2023-08-08 18:00:00+00:00,178.57750671061817,-3.518601982104709,stop_hit,ema100,train
2023-08-09 14:15:00+00:00,179.2,179.00238950651567,179.59522098696863,2023-08-09 14:30:00+00:00,178.49238950651568,-3.5808346055289837,stop_hit,ema100,train
2023-08-09 16:45:00+00:00,178.5,178.29223835943583,178.91552328112834,2023-08-09 17:00:00+00:00,177.78223835943584,-3.4547361034264914,stop_hit,donchian_low,train
2023-08-09 19:00:00+00:00,178.35999999999999,178.2069401828937,178.66611963421255,2023-08-09 19:15:00+00:00,177.6969401828937,-4.332030637707191,stop_hit,donchian_low,train
2023-08-10 13:45:00+00:00,179.14999999999998,178.9595411847131,179.53091763057375,2023-08-10 14:00:00+00:00,178.4495411847131,-3.677744263145697,stop_hit,donchian_low,train
2023-08-10 15:30:00+00:00,178.38,178.14011215530766,178.85977568938466,2023-08-10 15:45:00+00:00,177.63011215530767,-3.1259935060656705,stop_hit,donchian_low,train
2023-08-10 16:45:00+00:00,178.79999999999998,178.58069132556494,179.23861734887006,2023-08-10 17:00:00+00:00,178.07069132556495,-3.325489410365537,stop_hit,donchian_low,train
2023-08-10 19:00:00+00:00,178.245,178.04460585010332,178.64578829979337,2023-08-10 19:15:00+00:00,177.53460585010333,-3.544984473164192,stop_hit,donchian_low,train
2023-08-11 13:45:00+00:00,178.45,178.25634338910572,178.83731322178852,2023-08-11 14:00:00+00:00,177.74634338910573,-3.633527446571112,stop_hit,donchian_low,train
2023-08-11 18:30:00+00:00,178.09009999999998,177.93410383314,178.40209233371993,2023-08-11 18:45:00+00:00,177.42410383314,-4.26931110081548,stop_hit,donchian_low,train
2023-08-14 14:15:00+00:00,177.54,177.33282343485038,177.9543531302992,2023-08-14 14:30:00+00:00,176.8228234348504,-3.461668382385345,stop_hit,ema200,train
2023-08-14 15:15:00+00:00,177.67,177.45528243759793,178.0994351248041,2023-08-14 15:30:00+00:00,176.94528243759794,-3.3752132536090285,stop_hit,ema200,train
2023-08-14 16:15:00+00:00,177.98,177.7754408762035,178.38911824759296,2023-08-14 16:30:00+00:00,177.2654408762035,-3.4931667213601583,stop_hit,donchian_low,train
2023-08-15 14:30:00+00:00,177.48,177.28465824890563,177.8706835021887,2023-08-15 14:45:00+00:00,176.77465824890564,-3.610808990616822,stop_hit,ema200,train
2023-08-16 13:45:00+00:00,177.29999999999998,177.14745339943457,177.6050932011308,2023-08-16 14:00:00+00:00,176.63745339943458,-4.343240676027336,stop_hit,ema200,train
2023-08-24 14:00:00+00:00,178.32,178.15355316261954,178.6528936747609,2023-08-24 14:15:00+00:00,177.64355316261955,-4.064041396198366,stop_hit,ema21,train
2023-08-24 14:45:00+00:00,178.78,178.57207591045014,179.19584817909973,2023-08-24 15:00:00+00:00,178.06207591045015,-3.452818242965957,stop_hit,ema21,train
2023-08-24 16:00:00+00:00,178.76999999999998,178.57987193025738,179.15025613948518,2023-08-24 16:15:00+00:00,178.0698719302574,-3.682402449519654,stop_hit,ema21,train
2023-08-24 17:30:00+00:00,178.6,178.4307644774942,178.9384710450116,2023-08-24 17:45:00+00:00,177.9207644774942,-4.013551720399065,stop_hit,ema21,train
2023-08-24 18:15:00+00:00,178.48499999999999,178.32620406598204,178.80259186803588,2023-08-24 18:30:00+00:00,177.81620406598205,-4.211669134691804,stop_hit,ema21,train
2023-09-11 15:30:00+00:00,178.92999999999998,178.7127025028861,179.36459499422776,2023-09-11 15:45:00+00:00,178.2027025028861,-3.3470127671681826,stop_hit,ema21,train
2023-09-11 18:30:00+00:00,178.91,178.77248858871403,179.18502282257194,2023-09-11 18:45:00+00:00,178.26248858871404,-4.7087831128384545,stop_hit,ema21,train
2023-09-12 16:15:00+00:00,178.14,177.9463384942719,178.52732301145613,2023-09-12 16:30:00+00:00,177.43633849427192,-3.63346088363115,stop_hit,ema21,train
2023-09-12 17:45:00+00:00,177.95999999999998,177.79067671458083,178.2986465708383,2023-09-12 18:00:00+00:00,177.28067671458084,-4.011989749298242,stop_hit,ema21,train
2023-09-12 18:30:00+00:00,178.0001,177.8452129525999,178.30987409480022,2023-09-12 18:45:00+00:00,177.3352129525999,-4.292722074316147,stop_hit,ema21,train
2023-09-13 14:30:00+00:00,177.94,177.7792377732383,178.2615244535234,2023-09-13 14:45:00+00:00,177.2692377732383,-4.172387010761901,stop_hit,ema21,train
2023-09-13 16:30:00+00:00,177.845,177.6725728383936,178.1898543232128,2023-09-13 16:45:00+00:00,177.1625728383936,-3.957770662398004,stop_hit,ema21,train
2023-09-13 17:30:00+00:00,177.76,177.59653042319238,178.08693915361522,2023-09-13 17:45:00+00:00,177.0865304231924,-4.11984657916014,stop_hit,ema21,train
2023-09-13 18:30:00+00:00,177.73999999999998,177.59940374366923,178.0211925126615,2023-09-13 18:45:00+00:00,177.08940374366924,-4.627408106800628,stop_hit,h_ema21,train
2023-09-14 14:45:00+00:00,177.43949999999998,177.2419213005418,177.83465739891633,2023-09-14 15:00:00+00:00,176.7319213005418,-3.581249909016367,stop_hit,ema200,train
2023-09-15 14:45:00+00:00,179.5699,179.29560951973602,180.11848096052793,2023-09-15 15:00:00+00:00,178.78560951973603,-2.8593426921312677,stop_hit,ema21,train
2023-09-15 18:00:00+00:00,179.07999999999998,178.88226699727622,179.47546600544752,2023-09-15 18:15:00+00:00,178.37226699727623,-3.579235600404372,stop_hit,ema21,train
2023-09-15 18:45:00+00:00,179.07999999999998,178.9073234668425,179.42535306631493,2023-09-15 19:00:00+00:00,178.39732346684252,-3.953499185294044,stop_hit,ema21,train
2023-09-18 16:30:00+00:00,179.51,179.33866571802173,179.8526685639565,2023-09-18 16:45:00+00:00,178.82866571802174,-3.9766372153396587,stop_hit,ema50,train
2023-09-18 17:45:00+00:00,179.82989999999998,179.67672588921548,180.136248221569,2023-09-18 18:00:00+00:00,179.16672588921548,-4.329544381801511,stop_hit,ema50,train
2023-09-18 18:45:00+00:00,179.73499999999999,179.59907688780413,180.0068462243917,2023-09-18 19:00:00+00:00,179.08907688780414,-4.752121267390652,stop_hit,ema50,train
2023-09-19 14:45:00+00:00,180.0399,179.87815086074465,180.36339827851066,2023-09-19 15:00:00+00:00,179.36815086074466,-4.1530306890530815,stop_hit,ema50,train
2023-09-20 14:15:00+00:00,180.7901,180.6111098408239,181.14808031835219,2023-09-20 14:30:00+00:00,180.1011098408239,-3.8493186572242757,stop_hit,ema50,train
2023-09-21 18:00:00+00:00,178.69,178.46980189586785,179.1303962082643,2023-09-21 18:15:00+00:00,177.95980189586786,-3.3160962352968983,stop_hit,ema21,train
2023-09-21 18:45:00+00:00,178.765,178.57234539548892,179.1503092090221,2023-09-21 19:00:00+00:00,178.06234539548893,-3.647224556580508,stop_hit,ema21,train
2023-09-22 13:45:00+00:00,179.28,179.07610846140514,179.68778307718972,2023-09-22 14:00:00+00:00,178.56610846140515,-3.501329890954328,stop_hit,ema21,train
2023-09-22 19:00:00+00:00,179.07999999999998,178.9582686453486,179.32346270930276,2023-09-22 19:15:00+00:00,178.4482686453486,-5.189553311556584,stop_hit,ema21,train
2023-09-25 14:00:00+00:00,179.105,178.97131093146862,179.37237813706273,2023-09-25 14:15:00+00:00,178.46131093146863,-4.814822001548533,stop_hit,ema21,train
2023-09-25 17:00:00+00:00,178.31,178.14354966951998,178.64290066096004,2023-09-25 17:15:00+00:00,177.63354966952,-4.063977094723858,stop_hit,ema21,train
2023-09-26 15:45:00+00:00,177.13,176.91690419612527,177.55619160774944,2023-09-26 16:00:00+00:00,176.40690419612528,-3.3932897350706,stop_hit,ema200,train
2023-09-26 19:00:00+00:00,176.75,176.59370761856866,177.06258476286268,2023-09-26 19:15:00+00:00,176.08370761856867,-4.263114908924907,stop_hit,ema200,train
2023-10-16 14:15:00+00:00,178.47,178.1638150737612,179.08236985247757,2023-10-16 14:30:00+00:00,177.65381507376122,-2.665660051475741,stop_hit,ema100,train
2023-10-17 19:00:00+00:00,178.78,178.56905617476866,179.20188765046268,2023-10-17 19:15:00+00:00,178.05905617476867,-3.417705279785649,stop_hit,ema100,train
2023-10-19 15:15:00+00:00,181.75,181.45514060808964,182.33971878382073,2023-10-19 15:30:00+00:00,180.94514060808964,-2.7296379697989344,stop_hit,h_ema21,train
2023-10-19 17:00:00+00:00,182.475,182.1021734966623,183.2206530066754,2023-10-19 17:15:00+00:00,181.5921734966623,-2.367928501418886,stop_hit,h_ema21,train
2023-10-23 14:00:00+00:00,183.64999999999998,183.2606293639405,184.42874127211894,2023-10-23 14:15:00+00:00,182.7506293639405,-2.309806011982067,stop_hit,h_ema21,train
2023-10-23 15:15:00+00:00,183.89999999999998,183.5527588921758,184.59448221564833,2023-10-23 15:30:00+00:00,183.0427588921758,-2.4687201155291465,stop_hit,h_ema21,train
2023-10-23 16:15:00+00:00,183.76,183.43456910452502,184.41086179094992,2023-10-23 16:30:00+00:00,182.92456910452503,-2.5671529872898096,stop_hit,h_ema21,train
2023-11-09 14:45:00+00:00,181.905,181.66000364495423,182.39499271009154,2023-11-09 15:00:00+00:00,181.15000364495424,-3.0816636227290446,stop_hit,h_ema21,train
2023-11-09 15:45:00+00:00,182.58499999999998,182.2885863937822,183.17782721243555,2023-11-09 16:00:00+00:00,181.7785863937822,-2.7205687907095615,stop_hit,h_ema21,train
2023-11-09 18:00:00+00:00,182.42,182.1466498447959,182.96670031040819,2023-11-09 18:15:00+00:00,181.6366498447959,-2.865738834569877,stop_hit,h_ema21,train
2023-11-10 15:15:00+00:00,181.01,180.670049971758,181.68990005648396,2023-11-10 15:30:00+00:00,180.160049971758,-2.500220496045842,stop_hit,h_ema21,train
2023-11-13 16:00:00+00:00,180.255,180.04022588395244,180.6845482320951,2023-11-13 16:15:00+00:00,179.53022588395245,-3.3745878199171733,stop_hit,h_ema21,train
2023-11-13 17:30:00+00:00,181.14999999999998,180.91984482118082,181.6103103576383,2023-11-13 17:45:00+00:00,180.40984482118083,-3.2158962601519954,stop_hit,h_ema21,train
2023-11-13 18:45:00+00:00,181.04999999999998,180.83788737131607,181.4742252573678,2023-11-13 19:00:00+00:00,180.32788737131608,-3.404383007105102,stop_hit,h_ema50,train
2023-11-15 15:15:00+00:00,182.07999999999998,181.86215365662355,182.51569268675286,2023-11-15 15:30:00+00:00,181.35215365662356,-3.341099658114141,stop_hit,h_ema21,train
2023-11-22 15:45:00+00:00,185.54,185.26752571550458,186.08494856899082,2023-11-22 16:00:00+00:00,184.75752571550458,-2.871736266578104,stop_hit,h_ema21,train
2023-11-22 18:00:00+00:00,185.20999999999998,184.9735209537116,185.6829580925767,2023-11-22 18:15:00+00:00,184.46352095371162,-3.1566392794822473,stop_hit,h_ema50,train
2023-11-27 17:00:00+00:00,186.92,186.640646991112,187.47870601777598,2023-11-27 17:15:00+00:00,186.130646991112,-2.8256470622246743,stop_hit,h_ema21,train
2023-11-29 16:45:00+00:00,189.73,189.48668992372995,190.21662015254006,2023-11-29 17:00:00+00:00,188.97668992372996,-3.0960907489666534,stop_hit,h_ema21,train
2023-11-30 15:45:00+00:00,189.38,189.09557345373702,189.94885309252595,2023-11-30 16:00:00+00:00,188.58557345373703,-2.7930815765995702,stop_hit,h_ema21,train
2023-11-30 16:30:00+00:00,189.57,189.30086912458464,190.1082617508307,2023-11-30 16:45:00+00:00,188.79086912458465,-2.8949888198925318,stop_hit,h_ema21,train
2023-11-30 19:15:00+00:00,189.25,189.0278142851031,189.69437142979382,2023-11-30 19:30:00+00:00,188.5178142851031,-3.295377091351813,stop_hit,h_ema21,train
2023-12-01 16:00:00+00:00,190.48,190.19468504180693,191.0506299163861,2023-12-01 17:00:00+00:00,190.5406299163861,2.0,scaleout_tier_1,h_ema21,train
2023-12-01 16:00:00+00:00,190.48,190.19468504180693,191.33594487457916,2023-12-01 17:45:00+00:00,190.82594487457916,3.0,scaleout_tier_2,h_ema21,train
2023-12-01 16:00:00+00:00,190.48,190.19468504180693,191.6212598327722,2023-12-01 17:45:00+00:00,191.11125983277222,4.0,scaleout_tier_3,h_ema21,train
2023-12-01 16:00:00+00:00,190.48,190.19468504180693,191.90657479096527,2023-12-01 18:30:00+00:00,191.39657479096527,5.0,scaleout_tier_4,h_ema21,train
2023-12-01 16:00:00+00:00,190.48,190.19468504180693,191.0506299163861,2023-12-04 14:30:00+00:00,189.97,-1.7874982904152719,stop_hit,h_ema21,train
2023-12-04 17:00:00+00:00,188.32999999999998,187.7086971311208,189.57260573775835,2023-12-04 17:15:00+00:00,187.1986971311208,-1.8208556978338428,stop_hit,h_ema200,train
2023-12-04 19:00:00+00:00,188.17999999999998,187.70937376004133,189.12125247991727,2023-12-04 19:15:00+00:00,187.19937376004134,-2.083662483513037,stop_hit,h_ema200,train
2023-12-05 17:30:00+00:00,187.66,187.23964801879146,188.50070396241708,2023-12-05 17:45:00+00:00,186.72964801879147,-2.2132689336534264,stop_hit,h_ema21,train
2023-12-05 18:15:00+00:00,187.5899,187.20988042903966,188.3499391419207,2023-12-05 18:30:00+00:00,186.69988042903967,-2.34203614490479,stop_hit,h_ema21,train
2023-12-06 18:30:00+00:00,188.685,188.3953244401998,189.2643511196004,2023-12-06 18:45:00+00:00,187.8853244401998,-2.7605903665181626,stop_hit,h_ema21,train
2023-12-07 17:30:00+00:00,188.16,187.86426991476068,188.75146017047862,2023-12-07 17:45:00+00:00,187.3542699147607,-2.724545541544359,stop_hit,h_ema21,train
2023-12-07 18:45:00+00:00,188.855,188.55944764358088,189.4461047128382,2023-12-07 19:00:00+00:00,188.0494476435809,-2.725582587732053,stop_hit,h_ema21,train
2023-12-08 18:00:00+00:00,185.63,185.27216195253436,186.34567609493126,2023-12-08 18:15:00+00:00,184.76216195253437,-2.4252257511799944,stop_hit,ema21,train
2023-12-12 14:45:00+00:00,184.32,184.1176282718468,184.72474345630638,2023-12-12 15:00:00+00:00,183.6076282718468,-3.5201148631488675,stop_hit,h_ema21,train
2023-12-12 18:15:00+00:00,184.0,183.7777779784408,184.44444404311838,2023-12-12 18:30:00+00:00,183.26777797844082,-3.295002072349292,stop_hit,ema50,train
2023-12-15 15:15:00+00:00,189.29999999999998,188.99103890213436,189.91792219573122,2023-12-15 15:30:00+00:00,188.48103890213437,-2.6506932540154673,stop_hit,h_ema21,train
2023-12-15 16:30:00+00:00,189.23,188.9451489689753,189.79970206204936,2023-12-15 16:45:00+00:00,188.4351489689753,-2.790409527974613,stop_hit,h_ema21,train
2023-12-15 17:30:00+00:00,189.065,188.81043405619803,189.57413188760393,2023-12-15 17:45:00+00:00,188.30043405619804,-3.0034101670596525,stop_hit,h_ema21,train
2023-12-18 14:45:00+00:00,187.87,187.57474130155214,188.46051739689574,2023-12-18 15:00:00+00:00,187.06474130155215,-2.7272988151779716,stop_hit,h_ema21,train
2023-12-18 17:30:00+00:00,187.98739999999998,187.74845677995515,188.46528644008964,2023-12-18 17:45:00+00:00,187.23845677995516,-3.1343982888667163,stop_hit,h_ema21,train
2023-12-20 15:00:00+00:00,189.42999999999998,189.22094806353252,189.8481038729349,2023-12-20 15:15:00+00:00,188.71094806353253,-3.439585151029556,stop_hit,h_ema21,train
2023-12-20 15:45:00+00:00,189.01999999999998,188.76888953920587,189.5222209215882,2023-12-20 16:00:00+00:00,188.25888953920588,-3.030978711070705,stop_hit,h_ema21,train
2023-12-20 17:00:00+00:00,189.10999999999999,188.87643335083663,189.5771332983267,2023-12-20 17:15:00+00:00,188.36643335083664,-3.1835309185915084,stop_hit,h_ema21,train
2023-12-20 17:45:00+00:00,189.04,188.82152845181784,189.4769430963643,2023-12-20 18:00:00+00:00,188.31152845181785,-3.334400082040783,stop_hit,h_ema21,train
2023-12-21 14:45:00+00:00,189.82,189.53160182950234,190.3967963409953,2023-12-21 15:00:00+00:00,189.02160182950234,-2.7683884718129064,stop_hit,h_ema21,train
2023-12-21 16:00:00+00:00,189.70999999999998,189.40985065389683,190.3102986922063,2023-12-21 16:15:00+00:00,188.89985065389683,-2.6991541265084606,stop_hit,h_ema21,train
2023-12-22 17:30:00+00:00,190.91,190.5656251768214,191.59874964635716,2023-12-22 17:45:00+00:00,190.05562517682142,-2.480944499056829,stop_hit,h_ema21,train
2024-01-08 19:15:00+00:00,188.44,188.17112332315966,188.97775335368067,2024-01-08 19:30:00+00:00,187.66112332315967,-2.8967803603986058,stop_hit,ema21,train
2024-01-09 14:45:00+00:00,189.19,188.92314218885056,189.72371562229887,2024-01-09 15:00:00+00:00,188.41314218885057,-2.9111301175831055,stop_hit,ema21,train
2024-01-09 16:30:00+00:00,188.57999999999998,188.2959820752615,189.14803584947697,2024-01-09 16:45:00+00:00,187.7859820752615,-2.7956613142271567,stop_hit,ema21,train
2024-01-10 15:45:00+00:00,188.56,188.33190475185265,189.0161904962947,2024-01-10 16:00:00+00:00,187.82190475185266,-3.2359080434263103,stop_hit,ema21,train
2024-01-10 17:00:00+00:00,188.345,188.12243361198017,188.79013277603966,2024-01-10 17:15:00+00:00,187.61243361198018,-3.291451124032957,stop_hit,ema21,train
2024-01-10 19:00:00+00:00,188.03,187.82105896716138,188.44788206567725,2024-01-10 19:15:00+00:00,187.3110589671614,-3.4408800563070407,stop_hit,ema21,train
2024-01-11 18:15:00+00:00,187.35999999999999,187.03310399610484,188.01379200779027,2024-01-11 18:30:00+00:00,186.52310399610485,-2.560129196818144,stop_hit,ema21,train
2024-01-11 19:00:00+00:00,187.44,187.14126504352856,188.03746991294287,2024-01-11 19:15:00+00:00,186.63126504352857,-2.707198936555512,stop_hit,ema21,train
2024-01-16 16:30:00+00:00,189.22039999999998,188.8947100750332,189.87177984993355,2024-01-16 16:45:00+00:00,188.3847100750332,-2.565906590607642,stop_hit,ema21,train
2024-01-16 17:45:00+00:00,188.32,187.97037008777835,189.01925982444328,2024-01-16 18:00:00+00:00,187.46037008777836,-2.458685261679446,stop_hit,ema21,train
2024-01-17 16:15:00+00:00,186.76999999999998,186.43922215715745,187.43155568568505,2024-01-17 16:30:00+00:00,185.92922215715745,-2.541820321510384,stop_hit,ema21,train
2024-01-17 19:00:00+00:00,186.25,185.9668235086925,186.816352982615,2024-01-17 19:15:00+00:00,185.4568235086925,-2.8009969600413736,stop_hit,ema50,train
2024-01-18 14:45:00+00:00,186.85,186.60676651126752,187.33646697746494,2024-01-18 15:00:00+00:00,186.09676651126753,-3.0967507503086127,stop_hit,ema21,train
2024-01-18 17:30:00+00:00,187.2,186.976644204127,187.64671159174594,2024-01-18 17:45:00+00:00,186.46664420412702,-3.2833524333079365,stop_hit,ema21,train
2024-01-22 15:00:00+00:00,187.91,187.6492356695846,188.43152866083076,2024-01-22 15:15:00+00:00,187.13923566958462,-2.955788965414049,stop_hit,ema21,train
2024-01-22 19:00:00+00:00,187.785,187.58743209352892,188.18013581294215,2024-01-22 19:15:00+00:00,187.07743209352893,-3.581390920770057,stop_hit,ema21,train
2024-01-23 15:15:00+00:00,188.04999999999998,187.86036865290927,188.4292626941814,2024-01-23 15:30:00+00:00,187.35036865290928,-3.6894287670489,stop_hit,ema21,train
2024-01-23 16:00:00+00:00,188.14999999999998,187.95607140322215,188.53785719355562,2024-01-23 16:15:00+00:00,187.44607140322216,-3.629833910386506,stop_hit,ema21,train
2024-01-23 19:15:00+00:00,188.32,188.14000569456792,188.67998861086414,2024-01-23 19:30:00+00:00,187.63000569456793,-3.833422972886502,stop_hit,ema21,train
2024-01-24 17:00:00+00:00,187.23,186.9451895738775,187.79962085224494,2024-01-24 17:15:00+00:00,186.43518957387752,-2.790664783390609,stop_hit,ema21,train
2024-01-25 14:45:00+00:00,187.97,187.6962617487541,188.5174765024918,2024-01-25 15:00:00+00:00,187.1862617487541,-2.8630936585543254,stop_hit,ema21,train
2024-01-26 15:45:00+00:00,187.55499999999998,187.3399922279098,187.98501554418036,2024-01-26 16:00:00+00:00,186.8299922279098,-3.3720072769558387,stop_hit,ema21,train
2024-01-26 18:30:00+00:00,187.42999999999998,187.24489713430222,187.8002057313955,2024-01-26 18:45:00+00:00,186.73489713430223,-3.7552247669289827,stop_hit,ema21,train
2024-01-29 19:15:00+00:00,188.295,188.0870200375652,188.71095992486957,2024-01-29 19:30:00+00:00,187.5770200375652,-3.4521593043363152,stop_hit,ema21,train
2024-01-30 19:00:00+00:00,188.82,188.59186056252003,189.27627887495993,2024-01-30 19:15:00+00:00,188.08186056252003,-3.235474960548078,stop_hit,ema21,train
2024-02-01 14:45:00+00:00,190.31,189.81963631206213,191.29072737587575,2024-02-01 15:00:00+00:00,189.30963631206214,-2.0400443844948946,stop_hit,ema21,train
2024-02-01 18:45:00+00:00,191.13,190.63244457967073,192.12511084065852,2024-02-01 19:00:00+00:00,190.12244457967074,-2.0250114442778906,stop_hit,h_ema21,train
2024-02-02 16:45:00+00:00,189.095,188.6799909228966,189.9250181542068,2024-02-02 17:00:00+00:00,188.1699909228966,-2.228888783733558,stop_hit,ema21,train
2024-02-02 17:45:00+00:00,189.14,188.78241920681094,189.85516158637807,2024-02-02 18:00:00+00:00,188.27241920681095,-2.4262511010493983,stop_hit,ema21,train
2024-02-02 18:30:00+00:00,189.14999999999998,188.81957164626954,189.81085670746086,2024-02-02 18:45:00+00:00,188.30957164626955,-2.5434510817314533,stop_hit,ema21,train
2024-02-05 17:30:00+00:00,187.92999999999998,187.63759668300642,188.5148066339871,2024-02-05 17:45:00+00:00,187.12759668300643,-2.744166260642073,stop_hit,ema21,train
2024-02-07 14:45:00+00:00,189.48999999999998,189.27872302765218,189.9125539446956,2024-02-07 15:00:00+00:00,188.7687230276522,-3.413892978172887,stop_hit,ema21,train
2024-02-07 16:15:00+00:00,189.54999999999998,189.29298311210397,190.064033775792,2024-02-07 16:30:00+00:00,188.78298311210398,-2.984305405667855,stop_hit,ema21,train
2024-02-08 16:00:00+00:00,188.73999999999998,188.52895603486053,189.1620879302789,2024-02-08 16:15:00+00:00,188.01895603486054,-3.416558083823884,stop_hit,ema21,train
2024-02-08 17:00:00+00:00,188.73,188.5176995057177,189.15460098856457,2024-02-08 17:15:00+00:00,188.0076995057177,-3.402255358491352,stop_hit,ema21,train
2024-02-08 18:15:00+00:00,188.88,188.6713087102406,189.2973825795188,2024-02-08 18:30:00+00:00,188.1613087102406,-3.443801083351243,stop_hit,ema21,train
2024-02-09 17:45:00+00:00,187.98,187.77602347674315,188.38795304651367,2024-02-09 18:00:00+00:00,187.26602347674316,-3.5002877382992437,stop_hit,ema21,train
2024-02-09 19:00:00+00:00,187.95999999999998,187.7769240676325,188.32615186473492,2024-02-09 19:15:00+00:00,187.26692406763252,-3.7857293605164415,stop_hit,ema21,train
2024-02-12 16:15:00+00:00,187.06,186.83440945137667,187.51118109724666,2024-02-12 16:30:00+00:00,186.32440945137668,-3.260733009925609,stop_hit,ema50,train
2024-02-12 17:30:00+00:00,187.39999999999998,187.1999998297398,187.80000034052034,2024-02-12 17:45:00+00:00,186.6899998297398,-3.5499978291844805,stop_hit,ema50,train
2024-02-13 17:00:00+00:00,185.2894,184.9768819785751,185.9144360428498,2024-02-13 17:15:00+00:00,184.46688197857512,-2.631905890337779,stop_hit,ema100,train
2024-02-14 16:00:00+00:00,184.64,184.40971584827358,185.1005683034528,2024-02-14 16:15:00+00:00,183.8997158482736,-3.214655225627084,stop_hit,ema100,train
2024-02-14 17:00:00+00:00,185.12,184.8729516098121,185.6140967803758,2024-02-14 17:15:00+00:00,184.36295160981211,-3.064372893148977,stop_hit,ema100,train
2024-02-14 17:45:00+00:00,185.17499999999998,184.93184390916807,185.66131218166382,2024-02-14 18:00:00+00:00,184.42184390916808,-3.097418157427655,stop_hit,ema100,train
2024-02-15 15:15:00+00:00,186.30069999999998,186.0083520484627,186.8853959030745,2024-02-15 15:30:00+00:00,185.49835204846272,-2.744496574435481,stop_hit,ema50,train
2024-02-16 15:15:00+00:00,186.2,185.94072321022475,186.71855357955047,2024-02-16 15:30:00+00:00,185.43072321022476,-2.967009852451858,stop_hit,ema50,train
2024-02-16 17:15:00+00:00,186.72,186.46605343818194,187.2278931236361,2024-02-16 17:30:00+00:00,185.95605343818195,-3.0082965343133563,stop_hit,ema50,train
2024-02-20 16:30:00+00:00,188.31,188.05321384463693,188.82357231072615,2024-02-20 16:45:00+00:00,187.54321384463694,-2.9860883826812814,stop_hit,ema21,train
2024-03-12 14:30:00+00:00,200.64999999999998,200.17387161407612,201.6022567718477,2024-03-12 14:45:00+00:00,199.66387161407613,-2.071139665429547,stop_hit,h_ema21,train
2024-03-12 15:45:00+00:00,200.79,200.3471551719618,201.6756896560764,2024-03-12 16:00:00+00:00,199.8371551719618,-2.151644927771389,stop_hit,h_ema50,train
2024-03-12 16:45:00+00:00,200.97,200.58420915416494,201.74158169167012,2024-03-12 17:00:00+00:00,200.07420915416495,-2.3219598274709554,stop_hit,h_ema21,train
2024-03-12 18:30:00+00:00,200.09,199.73959624975254,200.79080750049494,2024-03-12 18:45:00+00:00,199.22959624975255,-2.455463874572727,stop_hit,h_ema21,train
2024-03-14 17:15:00+00:00,200.73,200.4245413650022,201.34091726999557,2024-03-14 17:30:00+00:00,199.9145413650022,-2.6696205036196767,stop_hit,h_ema21,train
2024-03-15 14:00:00+00:00,200.54999999999998,200.29803147166737,201.0539370566652,2024-03-15 14:15:00+00:00,199.78803147166738,-3.0240623040301493,stop_hit,h_ema21,train
2024-03-15 15:00:00+00:00,200.91,200.6197034272775,201.490593145445,2024-03-15 15:15:00+00:00,200.1097034272775,-2.7568240479625485,stop_hit,h_ema21,train
2024-03-15 16:15:00+00:00,200.7,200.4157820116323,201.26843597673536,2024-03-15 16:30:00+00:00,199.9057820116323,-2.7943973318825113,stop_hit,h_ema21,train
2024-03-15 18:15:00+00:00,200.34,200.0833975963484,200.85320480730323,2024-03-15 18:30:00+00:00,199.5733975963484,-2.987510610743984,stop_hit,h_ema21,train
2024-03-18 14:00:00+00:00,200.2,199.99680194527147,200.60639610945702,2024-03-18 14:15:00+00:00,199.48680194527148,-3.5098665471053665,stop_hit,h_ema21,train
2024-03-18 16:30:00+00:00,200.35999999999999,200.12234696011942,200.83530607976112,2024-03-18 16:45:00+00:00,199.61234696011942,-3.1459855941934776,stop_hit,h_ema21,train
2024-03-19 14:15:00+00:00,199.76,199.5316296704167,200.2167406591666,2024-03-19 14:30:00+00:00,199.0216296704167,-3.2332148004102508,stop_hit,h_ema21,train
2024-03-19 15:30:00+00:00,199.91,199.67829138383192,200.37341723233615,2024-03-19 15:45:00+00:00,199.16829138383193,-3.201040291182116,stop_hit,h_ema21,train
2024-03-19 16:30:00+00:00,200.07999999999998,199.85743466820136,200.52513066359722,2024-03-19 16:45:00+00:00,199.34743466820137,-3.291461998499593,stop_hit,h_ema21,train
2024-03-19 18:45:00+00:00,200.20999999999998,200.02463983006098,200.58072033987798,2024-03-19 19:00:00+00:00,199.514639830061,-3.7514001533760952,stop_hit,h_ema21,train
2024-03-20 15:15:00+00:00,200.35,200.09810061939967,200.85379876120064,2024-03-20 15:30:00+00:00,199.58810061939968,-3.024617919998733,stop_hit,h_ema21,train
2024-03-21 17:00:00+00:00,202.35,201.83287707900809,203.3842458419838,2024-03-21 17:45:00+00:00,201.3228770790081,-1.9862258648712467,stop_hit,h_ema21,train
2024-03-25 14:15:00+00:00,202.35,202.01162828941472,203.02674342117055,2024-03-25 14:30:00+00:00,201.50162828941473,-2.507218198347164,stop_hit,h_ema21,train
2024-03-27 18:45:00+00:00,203.32999999999998,203.12322451364741,203.74355097270512,2024-03-27 19:00:00+00:00,202.61322451364742,-3.466443237523808,stop_hit,h_ema21,train
2024-04-02 17:45:00+00:00,210.0,209.55713026431496,210.88573947137007,2024-04-03 14:00:00+00:00,210.37573947137008,2.0,scaleout_tier_1,h_ema21,train
2024-04-02 17:45:00+00:00,210.0,209.55713026431496,211.3286092070551,2024-04-03 14:30:00+00:00,210.81860920705512,3.0,scaleout_tier_2,h_ema21,train
2024-04-02 17:45:00+00:00,210.0,209.55713026431496,211.77147894274015,2024-04-03 16:15:00+00:00,211.26147894274015,4.0,scaleout_tier_3,h_ema21,train
2024-04-02 17:45:00+00:00,210.0,209.55713026431496,212.21434867842518,2024-04-03 16:30:00+00:00,211.7043486784252,5.0,scaleout_tier_4,h_ema21,train
2024-04-02 17:45:00+00:00,210.0,209.55713026431496,212.65721841411022,2024-04-03 18:30:00+00:00,212.14721841411023,6.0,scaleout_tier_5,h_ema21,train
2024-04-02 17:45:00+00:00,210.0,209.55713026431496,210.88573947137007,2024-04-04 13:30:00+00:00,211.27,2.8676603923624597,trail_exit,h_ema21,train
2024-04-04 17:15:00+00:00,212.56,212.19560223001275,213.2887955399745,2024-04-04 17:30:00+00:00,211.68560223001276,-2.3995694869862576,stop_hit,h_ema21,train
2024-04-05 13:45:00+00:00,212.92999999999998,212.36599820495283,214.05800359009427,2024-04-05 14:30:00+00:00,213.54800359009428,2.0,scaleout_tier_1,h_ema21,train
2024-04-05 13:45:00+00:00,212.92999999999998,212.36599820495283,214.62200538514142,2024-04-05 14:30:00+00:00,214.11200538514143,3.0,scaleout_tier_2,h_ema21,train
2024-04-05 13:45:00+00:00,212.92999999999998,212.36599820495283,215.18600718018857,2024-04-05 15:15:00+00:00,214.67600718018858,4.0,scaleout_tier_3,h_ema21,train
2024-04-05 13:45:00+00:00,212.92999999999998,212.36599820495283,215.75000897523572,2024-04-08 13:30:00+00:00,215.24000897523572,5.0,scaleout_tier_4,h_ema21,train
2024-04-05 13:45:00+00:00,212.92999999999998,212.36599820495283,214.05800359009427,2024-04-08 14:00:00+00:00,214.29000000000002,2.411339843140665,trail_exit,h_ema21,train
2024-04-09 17:45:00+00:00,217.82,217.3166230370378,218.82675392592438,2024-04-09 18:00:00+00:00,216.8066230370378,-2.0131572112454728,stop_hit,h_ema21,train
2024-04-10 14:15:00+00:00,217.35999999999999,216.73298844127308,218.6140231174538,2024-04-10 15:00:00+00:00,216.2229884412731,-1.8133821345104113,stop_hit,h_ema21,train
2024-04-10 15:30:00+00:00,216.88,216.16219366805052,218.31561266389895,2024-04-10 15:45:00+00:00,215.65219366805053,-1.710498051215141,stop_hit,h_ema21,train
2024-04-10 17:45:00+00:00,216.67,215.9883710440833,218.03325791183337,2024-04-10 18:45:00+00:00,215.4783710440833,-1.7482076510586526,stop_hit,h_ema21,train
2024-04-10 19:15:00+00:00,216.10999999999999,215.50613651636976,217.31772696726043,2024-04-11 16:30:00+00:00,216.80772696726044,2.0,scaleout_tier_1,h_ema21,train
2024-04-10 19:15:00+00:00,216.10999999999999,215.50613651636976,217.92159045089065,2024-04-11 17:15:00+00:00,217.41159045089066,3.0,scaleout_tier_2,h_ema21,train
2024-04-10 19:15:00+00:00,216.10999999999999,215.50613651636976,218.52545393452087,2024-04-11 18:00:00+00:00,218.01545393452088,4.0,scaleout_tier_3,h_ema21,train
2024-04-10 19:15:00+00:00,216.10999999999999,215.50613651636976,219.1293174181511,2024-04-11 19:30:00+00:00,218.6193174181511,5.0,scaleout_tier_4,h_ema21,train
2024-04-10 19:15:00+00:00,216.10999999999999,215.50613651636976,219.7331809017813,2024-04-12 13:30:00+00:00,219.22318090178132,6.0,scaleout_tier_5,h_ema21,train
2024-04-10 19:15:00+00:00,216.10999999999999,215.50613651636976,220.33704438541153,2024-04-12 13:30:00+00:00,219.82704438541154,7.0,scaleout_tier_6,h_ema21,train
2024-04-10 19:15:00+00:00,216.10999999999999,215.50613651636976,220.94090786904175,2024-04-12 13:30:00+00:00,220.43090786904176,8.0,scaleout_tier_7,h_ema21,train
2024-04-10 19:15:00+00:00,216.10999999999999,215.50613651636976,221.54477135267197,2024-04-12 13:30:00+00:00,221.03477135267198,9.0,scaleout_tier_8,h_ema21,train
2024-04-10 19:15:00+00:00,216.10999999999999,215.50613651636976,222.1486348363022,2024-04-12 13:30:00+00:00,221.6386348363022,10.0,scaleout_tier_9,h_ema21,train
2024-04-12 16:00:00+00:00,222.26999999999998,221.34994785244152,224.1101042951169,2024-04-12 16:15:00+00:00,220.83994785244153,-1.5543164062530301,stop_hit,h_ema21,train
2024-04-15 14:00:00+00:00,217.92,217.08439085611676,219.59121828776645,2024-04-15 14:15:00+00:00,216.57439085611676,-1.6103331967263133,stop_hit,h_ema21,train
2024-04-15 14:45:00+00:00,217.95,216.9774186264171,219.89516274716578,2024-04-15 15:00:00+00:00,216.4674186264171,-1.5243777167160821,stop_hit,h_ema21,train
2024-04-15 16:00:00+00:00,218.25,217.3872359434653,219.9755281130694,2024-04-15 16:15:00+00:00,216.8772359434653,-1.5911233739249757,stop_hit,h_ema21,train
2024-04-15 16:45:00+00:00,218.60999999999999,217.8092118687293,220.21157626254134,2024-04-15 19:00:00+00:00,219.70157626254135,2.0,scaleout_tier_1,h_ema21,train
2024-04-15 16:45:00+00:00,218.60999999999999,217.8092118687293,220.21157626254134,2024-04-16 13:45:00+00:00,218.51000000000002,-0.12487697568804797,trail_exit,h_ema21,train
2024-04-17 13:45:00+00:00,222.09,221.51657324044825,223.2368535191035,2024-04-17 14:00:00+00:00,221.00657324044826,-1.8893899552205398,stop_hit,h_ema21,train
2024-04-17 17:45:00+00:00,220.2,219.6071530141542,221.38569397169158,2024-04-17 18:00:00+00:00,219.0971530141542,-1.8602557020213069,stop_hit,h_ema50,train
2024-04-18 16:00:00+00:00,221.23,220.63725411866128,222.41549176267742,2024-04-18 16:15:00+00:00,220.12725411866128,-1.860402435607241,stop_hit,h_ema21,train
2024-05-06 17:00:00+00:00,215.73999999999998,215.19042697415577,216.8391460516884,2024-05-06 17:15:00+00:00,214.68042697415578,-1.9279931437984406,stop_hit,ema21,train
2024-05-07 16:30:00+00:00,214.81,214.465279464447,215.499441071106,2024-05-07 16:45:00+00:00,213.95527946444702,-2.479459293545881,stop_hit,ema21,train
2024-05-07 18:30:00+00:00,214.75,214.4541868515319,215.34162629693623,2024-05-07 18:45:00+00:00,213.9441868515319,-2.724061295588305,stop_hit,ema21,train
2024-05-08 14:15:00+00:00,214.57,214.27079811964984,215.1684037607003,2024-05-08 14:30:00+00:00,213.76079811964985,-2.7045347422387245,stop_hit,ema21,train
2024-05-08 15:30:00+00:00,214.98,214.66267748601615,215.61464502796767,2024-05-08 15:45:00+00:00,214.15267748601616,-2.607197653885864,stop_hit,ema21,train
2024-05-08 19:00:00+00:00,214.53,214.30491116265839,214.98017767468323,2024-05-08 19:15:00+00:00,213.7949111626584,-3.265772065924206,stop_hit,ema21,train
2024-05-09 13:45:00+00:00,215.14,214.85230967810458,215.7153806437908,2024-05-09 14:00:00+00:00,215.20538064379082,2.0,scaleout_tier_1,ema21,train
2024-05-09 13:45:00+00:00,215.14,214.85230967810458,216.00307096568622,2024-05-09 14:15:00+00:00,215.49307096568623,3.0,scaleout_tier_2,ema21,train
2024-05-09 13:45:00+00:00,215.14,214.85230967810458,216.29076128758163,2024-05-09 18:45:00+00:00,215.78076128758164,4.0,scaleout_tier_3,ema21,train
2024-05-09 13:45:00+00:00,215.14,214.85230967810458,216.57845160947704,2024-05-09 19:30:00+00:00,216.06845160947705,5.0,scaleout_tier_4,ema21,train
2024-05-09 13:45:00+00:00,215.14,214.85230967810458,216.86614193137245,2024-05-09 19:45:00+00:00,216.35614193137246,6.0,scaleout_tier_5,ema21,train
2024-05-09 13:45:00+00:00,215.14,214.85230967810458,217.15383225326786,2024-05-10 13:30:00+00:00,216.64383225326787,7.0,scaleout_tier_6,ema21,train
2024-05-09 13:45:00+00:00,215.14,214.85230967810458,217.44152257516328,2024-05-10 13:30:00+00:00,216.93152257516329,8.0,scaleout_tier_7,ema21,train
2024-05-09 13:45:00+00:00,215.14,214.85230967810458,217.7292128970587,2024-05-10 13:30:00+00:00,217.2192128970587,9.0,scaleout_tier_8,ema21,train
2024-05-09 13:45:00+00:00,215.14,214.85230967810458,218.0169032189541,2024-05-10 13:30:00+00:00,217.5069032189541,10.0,scaleout_tier_9,ema21,train
2024-05-09 13:45:00+00:00,215.14,214.85230967810458,218.3045935408495,2024-05-10 13:30:00+00:00,217.79459354084952,11.0,scaleout_tier_10,ema21,train
2024-05-09 13:45:00+00:00,215.14,214.85230967810458,218.59228386274492,2024-05-10 13:30:00+00:00,218.08228386274493,12.0,scaleout_tier_11,ema21,train
2024-05-09 13:45:00+00:00,215.14,214.85230967810458,218.87997418464033,2024-05-10 13:30:00+00:00,218.36997418464034,13.0,scaleout_tier_12,ema21,train
2024-05-14 13:45:00+00:00,217.78,217.47165367704812,218.39669264590376,2024-05-14 14:00:00+00:00,216.96165367704813,-2.653984374185599,stop_hit,h_ema21,train
2024-05-15 14:15:00+00:00,219.10999999999999,218.69305116811375,219.94389766377245,2024-05-15 15:00:00+00:00,219.43389766377246,2.0,scaleout_tier_1,h_ema21,train
2024-05-15 14:15:00+00:00,219.10999999999999,218.69305116811375,220.36084649565868,2024-05-15 15:15:00+00:00,219.8508464956587,3.0,scaleout_tier_2,h_ema21,train
2024-05-15 14:15:00+00:00,219.10999999999999,218.69305116811375,220.7777953275449,2024-05-15 17:00:00+00:00,220.26779532754492,4.0,scaleout_tier_3,h_ema21,train
2024-05-15 14:15:00+00:00,219.10999999999999,218.69305116811375,219.94389766377245,2024-05-16 13:30:00+00:00,219.11,6.816594089453931e-14,trail_exit,h_ema21,train
2024-05-16 15:15:00+00:00,220.51,220.0954099729772,221.33918005404558,2024-05-16 18:15:00+00:00,219.5854099729772,-2.2301308925888557,stop_hit,h_ema21,train
2024-05-17 14:30:00+00:00,223.19,222.75432557722928,224.06134884554143,2024-05-17 15:15:00+00:00,222.2443255772293,-2.170598899877098,stop_hit,h_ema21,train
2024-05-20 14:00:00+00:00,224.42999999999998,224.00122402820887,225.2875519435822,2024-05-20 14:15:00+00:00,223.49122402820888,-2.189432322593976,stop_hit,h_ema21,train
2024-05-20 18:30:00+00:00,225.87,225.39409493294693,226.82181013410616,2024-05-20 18:45:00+00:00,224.88409493294694,-2.0716422986585084,stop_hit,h_ema21,train
2024-05-21 16:45:00+00:00,224.54,224.13332396508952,225.35335206982094,2024-05-21 17:00:00+00:00,223.62332396508953,-2.2540694710772935,stop_hit,h_ema21,train
2024-05-21 17:30:00+00:00,224.63,224.24111980732567,225.40776038534864,2024-05-21 17:45:00+00:00,223.73111980732568,-2.3114578978495435,stop_hit,h_ema21,train
2024-05-21 18:45:00+00:00,224.37,224.03874380210138,225.03251239579726,2024-05-21 19:00:00+00:00,223.5287438021014,-2.5395938347274845,stop_hit,h_ema21,train
2024-05-22 14:00:00+00:00,223.63,223.24674942495795,224.39650115008408,2024-05-22 14:15:00+00:00,222.73674942495796,-2.3307220737869634,stop_hit,h_ema21,train
2024-05-22 15:15:00+00:00,221.81,221.2751673116873,222.87966537662538,2024-05-22 15:30:00+00:00,220.76516731168732,-1.95356923977283,stop_hit,h_ema200,train
2024-05-22 16:00:00+00:00,221.85999999999999,221.3450118745543,222.88997625089135,2024-05-22 16:15:00+00:00,220.8350118745543,-1.9903140961912953,stop_hit,h_ema200,train
2024-05-22 17:15:00+00:00,221.89999999999998,221.4464760478128,222.80704790437431,2024-05-22 17:30:00+00:00,220.93647604781282,-2.124527155711314,stop_hit,h_ema200,train
2024-05-23 15:45:00+00:00,217.48999999999998,216.896813437679,218.67637312464197,2024-05-23 16:15:00+00:00,216.386813437679,-1.8597632387431118,stop_hit,ema21,train
2024-05-23 17:15:00+00:00,217.17,216.6761745348332,218.15765093033357,2024-05-23 17:30:00+00:00,216.1661745348332,-2.0327535454813668,stop_hit,ema21,train
2024-05-23 18:15:00+00:00,216.56,216.0547412767954,217.5705174464092,2024-05-23 18:30:00+00:00,215.5447412767954,-2.0093838593529156,stop_hit,ema21,train
2024-05-24 13:45:00+00:00,217.19,216.72469698414594,218.12060603170812,2024-05-24 14:00:00+00:00,216.21469698414595,-2.0960599493727505,stop_hit,ema21,train
2024-05-24 14:45:00+00:00,216.79999999999998,216.34829473563596,217.70341052872803,2024-05-24 15:00:00+00:00,215.83829473563597,-2.129054806828617,stop_hit,ema21,train
2024-05-24 16:30:00+00:00,216.59,216.2078205810336,217.35435883793284,2024-05-24 16:45:00+00:00,215.6978205810336,-2.334451764512225,stop_hit,ema21,train
2024-05-24 18:15:00+00:00,216.6,216.30114678990213,217.19770642019571,2024-05-24 18:30:00+00:00,215.79114678990214,-2.7065234127248963,stop_hit,h_ema21,train
2024-05-29 14:00:00+00:00,217.5,217.0928310795672,218.31433784086562,2024-05-29 14:15:00+00:00,216.5828310795672,-2.2525513967467723,stop_hit,ema21,train
2024-05-29 15:00:00+00:00,217.32,216.93111199665552,218.09777600668895,2024-05-29 15:15:00+00:00,216.42111199665553,-2.311431557707975,stop_hit,ema21,train
2024-05-29 17:00:00+00:00,217.17999999999998,216.8398348876857,217.86033022462854,2024-05-29 17:15:00+00:00,216.3298348876857,-2.499271916894281,stop_hit,ema21,train
2024-05-29 19:15:00+00:00,216.89999999999998,216.6374528949562,217.42509421008754,2024-05-29 19:30:00+00:00,216.1274528949562,-2.9425085639963493,stop_hit,ema21,train
2024-05-30 13:45:00+00:00,217.6,217.3072363633081,218.18552727338377,2024-05-30 14:00:00+00:00,216.79723636330812,-2.742019622938107,stop_hit,ema21,train
2024-05-30 14:30:00+00:00,217.70999999999998,217.40799500371278,218.31400999257437,2024-05-30 14:45:00+00:00,216.8979950037128,-2.6887137837779362,stop_hit,ema21,train
2024-05-31 16:15:00+00:00,216.37,215.93477863792344,217.24044272415313,2024-05-31 16:30:00+00:00,215.42477863792345,-2.1718174805727375,stop_hit,ema21,train
2024-06-04 15:45:00+00:00,215.88,215.38556759056402,216.86886481887194,2024-06-04 16:00:00+00:00,214.87556759056403,-2.0314857810024565,stop_hit,donchian_low,train
2024-06-04 16:45:00+00:00,215.62,215.17124286636036,216.5175142672793,2024-06-04 17:00:00+00:00,214.66124286636037,-2.1364721845503265,stop_hit,donchian_low,train
2024-06-04 19:00:00+00:00,215.91,215.57702176315004,216.5759564736999,2024-06-04 19:15:00+00:00,215.06702176315005,-2.5316316310179956,stop_hit,h_ema21,train
2024-06-05 15:15:00+00:00,218.12,217.65818158720504,219.04363682558994,2024-06-05 15:30:00+00:00,217.14818158720504,-2.1043301563344396,stop_hit,ema21,train
2024-06-05 16:45:00+00:00,218.22,217.79395390615775,219.0720921876845,2024-06-05 17:00:00+00:00,217.28395390615776,-2.197053575589949,stop_hit,ema21,train
2024-06-05 18:30:00+00:00,218.44,218.08726479017108,219.14547041965784,2024-06-05 18:45:00+00:00,217.57726479017109,-2.4458437541501565,stop_hit,ema21,train
2024-06-06 14:30:00+00:00,219.09,218.69564520633364,219.87870958733274,2024-06-06 14:45:00+00:00,218.18564520633365,-2.293251681457848,stop_hit,ema21,train
2024-06-06 15:15:00+00:00,219.73999999999998,219.34509202562498,220.52981594874998,2024-06-06 16:15:00+00:00,218.835092025625,-2.2914401154019197,stop_hit,ema21,train
2024-06-06 19:15:00+00:00,220.01999999999998,219.71123438842054,220.63753122315887,2024-06-06 19:30:00+00:00,219.20123438842054,-2.651738344147716,stop_hit,h_ema21,train
2024-06-07 16:15:00+00:00,214.01999999999998,213.41110566126025,215.23778867747944,2024-06-07 17:15:00+00:00,212.90110566126026,-1.8375837440951939,stop_hit,ema50,train
2024-06-10 13:45:00+00:00,213.6,213.057498895365,214.68500220926998,2024-06-10 14:00:00+00:00,212.547498895365,-1.9400902516929064,stop_hit,ema50,train
2024-06-10 17:00:00+00:00,214.45,214.03826315858257,215.27347368283483,2024-06-10 17:15:00+00:00,213.52826315858258,-2.23865524941682,stop_hit,ema50,train
2024-06-10 18:45:00+00:00,214.35,214.030331747883,214.989336504234,2024-06-10 19:00:00+00:00,213.520331747883,-2.5954039746597437,stop_hit,ema50,train
2024-06-11 17:00:00+00:00,214.06,213.77744684284463,214.62510631431076,2024-06-11 17:15:00+00:00,213.26744684284463,-2.804970098846004,stop_hit,ema50,train
2024-06-13 15:00:00+00:00,214.44,213.94139067344264,215.4372186531147,2024-06-13 15:15:00+00:00,213.43139067344265,-2.0228448864390094,stop_hit,ema21,train
2024-06-13 17:00:00+00:00,213.13,212.66432546657944,214.0613490668411,2024-06-14 13:30:00+00:00,213.5513490668411,2.0,scaleout_tier_1,ema50,train
2024-06-13 17:00:00+00:00,213.13,212.66432546657944,214.52702360026166,2024-06-14 13:30:00+00:00,214.01702360026167,3.0,scaleout_tier_2,ema50,train
2024-06-13 17:00:00+00:00,213.13,212.66432546657944,214.9926981336822,2024-06-14 13:30:00+00:00,214.48269813368222,4.0,scaleout_tier_3,ema50,train
2024-06-13 17:00:00+00:00,213.13,212.66432546657944,215.45837266710276,2024-06-14 13:30:00+00:00,214.94837266710277,5.0,scaleout_tier_4,ema50,train
2024-06-14 17:15:00+00:00,216.16,215.77556921983472,216.92886156033055,2024-06-14 17:30:00+00:00,215.26556921983473,-2.326636747923076,stop_hit,ema21,train
2024-06-14 18:00:00+00:00,216.42999999999998,216.07305961223648,217.14388077552698,2024-06-14 18:15:00+00:00,215.5630596122365,-2.428810012774186,stop_hit,ema21,train
2024-06-14 19:00:00+00:00,216.48,216.17930121785417,217.08139756429162,2024-06-14 19:15:00+00:00,215.66930121785418,-2.6960494364512617,stop_hit,ema21,train
2024-06-17 14:30:00+00:00,215.64999999999998,215.29916838337522,216.3516632332495,2024-06-17 14:45:00+00:00,214.78916838337523,-2.4536888234490957,stop_hit,ema21,train
2024-06-17 17:00:00+00:00,214.76999999999998,214.44893789005698,215.41212421988598,2024-06-17 17:15:00+00:00,213.938937890057,-2.588477693897091,stop_hit,ema21,train
2024-06-17 17:45:00+00:00,214.67999999999998,214.3732895570172,215.29342088596556,2024-06-17 18:00:00+00:00,213.8632895570172,-2.6628061145886925,stop_hit,ema50,train
2024-06-17 18:45:00+00:00,214.95,214.67533926067182,215.49932147865633,2024-06-17 19:00:00+00:00,214.16533926067183,-2.8568361872449284,stop_hit,ema21,train
2024-06-18 15:30:00+00:00,215.60999999999999,215.28234130922152,216.2653173815569,2024-06-18 15:45:00+00:00,214.77234130922153,-2.5564977043285944,stop_hit,ema21,train
2024-06-18 17:00:00+00:00,216.1,215.7806031397449,216.7387937205102,2024-06-18 17:15:00+00:00,215.2706031397449,-2.596759591163992,stop_hit,ema21,train
2024-06-18 18:30:00+00:00,216.04999999999998,215.7467953696415,216.65640926071697,2024-06-18 18:45:00+00:00,215.2367953696415,-2.682032360115983,stop_hit,ema21,train
2024-07-08 16:45:00+00:00,218.5,218.06425645975244,219.37148708049511,2024-07-08 17:00:00+00:00,217.55425645975245,-2.1704132199188693,stop_hit,ema21,train
2024-07-09 15:45:00+00:00,218.54999999999998,218.11914214649494,219.41171570701007,2024-07-09 16:30:00+00:00,217.60914214649495,-2.183685050303994,stop_hit,ema21,train
2024-07-17 15:30:00+00:00,228.39999999999998,227.81715652059407,229.5656869588118,2024-07-17 15:45:00+00:00,227.30715652059408,-1.8750205124021162,stop_hit,h_ema21,train
2024-07-17 17:15:00+00:00,227.76999999999998,227.25071046537033,228.80857906925928,2024-07-17 17:30:00+00:00,226.74071046537034,-1.9821110690468973,stop_hit,h_ema21,train
2024-07-17 18:15:00+00:00,227.51,227.03696693048317,228.45606613903362,2024-07-18 16:30:00+00:00,226.52696693048318,-2.0781487233459908,stop_hit,h_ema21,train
2024-07-18 17:00:00+00:00,227.56,227.19765008761192,228.28469982477617,2024-07-18 17:15:00+00:00,226.68765008761193,-2.407479297121429,stop_hit,h_ema21,train
2024-07-18 17:45:00+00:00,227.51999999999998,227.1605347093598,228.23893058128033,2024-07-18 18:00:00+00:00,226.65053470935982,-2.4187739770138292,stop_hit,h_ema21,train
2024-07-19 15:15:00+00:00,223.07999999999998,222.48714733159719,224.26570533680558,2024-07-19 15:30:00+00:00,221.9771473315972,-1.8602474563772806,stop_hit,ema21,train
2024-07-22 14:15:00+00:00,221.87,221.54782142550397,222.51435714899208,2024-07-22 14:30:00+00:00,221.03782142550398,-2.582973047781817,stop_hit,ema21,train
2024-07-22 16:45:00+00:00,221.62,221.27961502929537,222.30076994140927,2024-07-22 17:00:00+00:00,220.76961502929538,-2.498303520699625,stop_hit,ema21,train
2024-07-22 17:45:00+00:00,221.82999999999998,221.5176729709419,222.45465405811615,2024-07-22 18:00:00+00:00,221.0076729709419,-2.632903823719812,stop_hit,ema21,train
2024-07-25 14:30:00+00:00,219.20999999999998,218.62282325006484,220.38435349987026,2024-07-25 14:45:00+00:00,218.11282325006485,-1.8685630009300038,stop_hit,ema21,train
2024-07-26 16:15:00+00:00,221.14,220.69355574235956,222.03288851528083,2024-07-26 16:30:00+00:00,220.18355574235957,-2.1423598607706986,stop_hit,ema21,train
2024-07-29 15:45:00+00:00,220.26999999999998,219.8557164041455,221.09856719170892,2024-07-29 16:00:00+00:00,219.34571640414552,-2.2310407776298806,stop_hit,ema21,train
2024-07-29 16:30:00+00:00,220.26999999999998,219.88334509471855,221.04330981056285,2024-07-29 16:45:00+00:00,219.37334509471856,-2.319005637931272,stop_hit,ema21,train
2024-08-01 19:00:00+00:00,225.98999999999998,225.5460653642728,226.87786927145433,2024-08-01 19:15:00+00:00,225.03606536427282,-2.148817773960349,stop_hit,h_ema21,train
2024-08-02 15:30:00+00:00,224.79,223.8568074007322,226.65638519853556,2024-08-02 15:45:00+00:00,223.34680740073222,-1.5465109779054775,stop_hit,ema21,train
2024-08-02 18:15:00+00:00,225.28,224.53177158082326,226.77645683835348,2024-08-02 18:30:00+00:00,224.02177158082327,-1.681610036359128,stop_hit,h_ema21,train
2024-08-05 15:15:00+00:00,223.10999999999999,222.23333066366268,224.8633386726746,2024-08-05 15:30:00+00:00,221.7233306636627,-1.5817472778627757,stop_hit,ema21,train
2024-08-05 17:15:00+00:00,222.92,222.2118169989878,224.33636600202433,2024-08-05 17:30:00+00:00,221.70181699898782,-1.7201528408209055,stop_hit,ema21,train
2024-08-05 19:15:00+00:00,223.17999999999998,222.64890859234313,224.24218281531367,2024-08-05 19:30:00+00:00,222.13890859234314,-1.9602866712720721,stop_hit,ema21,train
2024-08-06 16:00:00+00:00,221.20999999999998,220.60211568747363,222.42576862505268,2024-08-06 16:15:00+00:00,220.09211568747364,-1.8389754259004378,stop_hit,ema21,train
2024-08-06 17:00:00+00:00,221.42999999999998,220.9059841251024,222.47803174979512,2024-08-06 17:15:00+00:00,220.39598412510242,-1.9732529574598854,stop_hit,ema21,train
2024-08-07 13:45:00+00:00,222.35,221.8997114909025,223.250577018195,2024-08-07 14:00:00+00:00,221.3897114909025,-2.132607183385968,stop_hit,ema21,train
2024-08-07 14:30:00+00:00,222.53,222.10020996556588,223.38958006886824,2024-08-07 14:45:00+00:00,221.5902099655659,-2.1866259315935017,stop_hit,ema21,train
2024-08-07 16:45:00+00:00,222.07,221.68694169357443,222.83611661285113,2024-08-07 17:00:00+00:00,221.17694169357443,-2.3313900036758226,stop_hit,ema21,train
2024-08-07 19:15:00+00:00,221.32999999999998,220.961285195434,222.06742960913198,2024-08-07 19:30:00+00:00,220.451285195434,-2.3831828656847582,stop_hit,ema21,train
2024-08-08 13:45:00+00:00,223.72,223.20643889178442,224.74712221643117,2024-08-08 14:00:00+00:00,222.69643889178442,-1.9930658530043954,stop_hit,ema21,train
2024-08-08 17:15:00+00:00,224.32999999999998,223.83926073035772,225.3114785392845,2024-08-08 17:30:00+00:00,223.32926073035773,-2.0392483983842777,stop_hit,ema21,train
2024-08-09 15:30:00+00:00,225.1,224.69855472089026,225.90289055821947,2024-08-09 16:00:00+00:00,224.18855472089027,-2.2704097582888254,stop_hit,h_ema21,train
2024-08-09 18:45:00+00:00,225.06,224.75764816064057,225.66470367871887,2024-08-09 19:00:00+00:00,224.24764816064058,-2.686776574868824,stop_hit,h_ema21,train
2024-08-12 14:45:00+00:00,227.17999999999998,226.74703074327175,228.04593851345643,2024-08-12 17:30:00+00:00,227.53593851345644,2.0,scaleout_tier_1,h_ema21,train
2024-08-12 14:45:00+00:00,227.17999999999998,226.74703074327175,228.47890777018466,2024-08-13 13:30:00+00:00,227.96890777018467,3.0,scaleout_tier_2,h_ema21,train
2024-08-12 14:45:00+00:00,227.17999999999998,226.74703074327175,228.04593851345643,2024-08-13 16:15:00+00:00,227.47,0.6697935141895112,trail_exit,h_ema21,train
2024-08-13 18:00:00+00:00,228.59,228.30529565338267,229.15940869323467,2024-08-13 18:15:00+00:00,227.79529565338268,-2.79133197669608,stop_hit,h_ema21,train
2024-08-13 19:00:00+00:00,228.60999999999999,228.36056250406764,229.10887499186467,2024-08-13 19:15:00+00:00,227.85056250406765,-3.0446003841312086,stop_hit,h_ema21,train
2024-08-14 14:30:00+00:00,227.59,227.19675900911997,228.37648198176007,2024-08-14 14:45:00+00:00,226.68675900911998,-2.2969146447796955,stop_hit,h_ema21,train
2024-08-14 18:00:00+00:00,226.20999999999998,225.8602352118032,226.90952957639354,2024-08-14 18:15:00+00:00,225.3502352118032,-2.458122764813771,stop_hit,h_ema200,train
2024-08-15 14:00:00+00:00,226.39,226.03711581865645,227.09576836268707,2024-08-15 14:15:00+00:00,225.52711581865645,-2.4452333852377888,stop_hit,h_ema21,train
2024-08-15 18:00:00+00:00,227.44,227.11559299418903,228.08881401162193,2024-08-15 18:15:00+00:00,226.60559299418904,-2.5720992175402255,stop_hit,h_ema21,train
2024-08-15 19:00:00+00:00,227.7,227.42312295676365,228.25375408647267,2024-08-15 19:15:00+00:00,226.91312295676366,-2.841972862895172,stop_hit,h_ema21,train
2024-09-03 14:15:00+00:00,229.81,229.2056212019635,231.018757596073,2024-09-03 14:30:00+00:00,228.69562120196352,-1.8438416464258514,stop_hit,h_ema21,train
2024-09-03 15:15:00+00:00,229.73,229.14203475503123,230.9059304899375,2024-09-04 19:30:00+00:00,229.8,0.11905465603454374,trail_exit,h_ema50,train
2024-09-05 15:45:00+00:00,232.32,231.8840710532612,233.19185789347756,2024-09-05 16:00:00+00:00,231.37407105326122,-2.1699154273083674,stop_hit,h_ema21,train
2024-09-05 17:00:00+00:00,232.45999999999998,232.07439101560828,233.23121796878337,2024-09-05 17:15:00+00:00,231.5643910156083,-2.3225832919959717,stop_hit,h_ema21,train
2024-09-06 14:00:00+00:00,232.41,232.07431127732139,233.08137744535722,2024-09-06 14:15:00+00:00,231.5643112773214,-2.519264620897811,stop_hit,h_ema21,train
2024-09-06 14:45:00+00:00,232.79999999999998,232.35226015899238,233.6954796820152,2024-09-06 15:00:00+00:00,231.8422601589924,-2.1390543196966254,stop_hit,h_ema21,train
2024-09-06 17:30:00+00:00,231.09,230.50454825003283,232.26090349993436,2024-09-06 17:45:00+00:00,229.99454825003284,-1.8711221719442868,stop_hit,h_ema50,train
2024-09-09 14:30:00+00:00,231.5,231.05189695820306,232.39620608359388,2024-09-09 14:45:00+00:00,230.54189695820307,-2.138131082428802,stop_hit,h_ema21,train
2024-09-09 16:45:00+00:00,231.76999999999998,231.40970302937748,232.49059394124498,2024-09-09 17:00:00+00:00,230.8997030293775,-2.4154989955059665,stop_hit,h_ema21,train
2024-09-11 14:30:00+00:00,232.17999999999998,231.8131801122756,232.91363977544873,2024-09-11 14:45:00+00:00,231.3031801122756,-2.390328106700691,stop_hit,h_ema21,train
2024-09-16 15:00:00+00:00,238.94,238.5778199260974,239.6643601478052,2024-09-16 15:15:00+00:00,238.0678199260974,-2.408139311764384,stop_hit,h_ema21,train
2024-09-17 14:15:00+00:00,238.97,238.67399001496054,239.56201997007892,2024-09-17 14:30:00+00:00,238.16399001496055,-2.7229148534702383,stop_hit,h_ema21,train
2024-09-17 15:00:00+00:00,238.6,238.26637976052052,239.26724047895894,2024-09-17 15:15:00+00:00,237.75637976052053,-2.5286842332938586,stop_hit,h_ema21,train
2024-09-17 18:45:00+00:00,238.12,237.80416584493835,238.7516683101233,2024-09-17 19:00:00+00:00,237.29416584493836,-2.6147715243161027,stop_hit,h_ema21,train
2024-09-18 15:30:00+00:00,238.22,237.88654056129226,238.88691887741547,2024-09-18 15:45:00+00:00,237.37654056129227,-2.529421395226986,stop_hit,h_ema21,train
2024-09-19 13:45:00+00:00,238.39,237.4426769456845,240.28464610863097,2024-09-20 13:30:00+00:00,239.77464610863098,2.0,scaleout_tier_1,h_ema21,train
2024-09-19 13:45:00+00:00,238.39,237.4426769456845,241.23196916294646,2024-09-20 14:15:00+00:00,240.72196916294646,3.0,scaleout_tier_2,h_ema21,train
2024-09-19 13:45:00+00:00,238.39,237.4426769456845,242.17929221726195,2024-09-20 15:30:00+00:00,241.66929221726195,4.0,scaleout_tier_3,h_ema21,train
2024-09-19 13:45:00+00:00,238.39,237.4426769456845,243.12661527157744,2024-09-23 13:45:00+00:00,242.61661527157744,5.0,scaleout_tier_4,h_ema21,train
2024-09-19 13:45:00+00:00,238.39,237.4426769456845,240.28464610863097,2024-09-23 18:30:00+00:00,242.26000000000002,4.085195628218286,trail_exit,h_ema21,train
2024-09-25 18:30:00+00:00,246.42999999999998,246.09701277036592,247.0959744592681,2024-09-25 18:45:00+00:00,245.58701277036593,-2.5315902671717048,stop_hit,h_ema21,train
2024-09-26 17:15:00+00:00,247.25,246.85636901849577,248.03726196300846,2024-09-26 17:30:00+00:00,246.34636901849578,-2.2956297241926054,stop_hit,h_ema21,train
2024-09-27 15:30:00+00:00,245.69,245.24632459260874,246.5773508147825,2024-09-27 15:45:00+00:00,244.73632459260875,-2.149488999173328,stop_hit,h_ema50,train
2024-09-30 15:15:00+00:00,243.82,243.36605782537993,244.72788434924013,2024-09-30 15:30:00+00:00,242.85605782537993,-2.1234911151995117,stop_hit,h_ema200,train
2024-09-30 16:30:00+00:00,244.14,243.76028839947415,244.89942320105166,2024-09-30 16:45:00+00:00,243.25028839947416,-2.343124622196756,stop_hit,h_ema21,train
2024-09-30 18:45:00+00:00,243.6,243.2170932189189,244.36581356216217,2024-09-30 19:00:00+00:00,242.7070932189189,-2.331916866450025,stop_hit,h_ema21,train
2024-10-01 17:15:00+00:00,247.32,246.69780704405107,248.56438591189783,2024-10-01 17:30:00+00:00,246.18780704405108,-1.8196814109252977,stop_hit,h_ema21,train
2024-10-02 15:30:00+00:00,245.07999999999998,244.55045741161638,246.1390851767672,2024-10-03 13:30:00+00:00,244.0404574116164,-1.9630953415035652,stop_hit,h_ema21,train
2024-10-03 14:15:00+00:00,245.45999999999998,245.02135982243124,246.33728035513747,2024-10-03 14:30:00+00:00,244.51135982243125,-2.1626841910077066,stop_hit,h_ema21,train
2024-10-03 15:00:00+00:00,245.29999999999998,244.84081542634163,246.21836914731668,2024-10-03 15:15:00+00:00,244.33081542634164,-2.1106644893071946,stop_hit,h_ema21,train
2024-10-03 16:45:00+00:00,246.14999999999998,245.70825794021283,247.03348411957427,2024-10-03 17:00:00+00:00,245.19825794021284,-2.154519902962683,stop_hit,h_ema21,train
2024-10-04 14:00:00+00:00,245.51,245.16330098158582,246.20339803682833,2024-10-04 14:15:00+00:00,244.65330098158583,-2.4710165674329625,stop_hit,h_ema21,train
2024-10-04 17:00:00+00:00,244.89999999999998,244.3755466295477,245.94890674090453,2024-10-04 18:15:00+00:00,243.8655466295477,-1.972441076239394,stop_hit,h_ema21,train
2024-10-07 14:45:00+00:00,244.98,244.53448812574385,245.87102374851227,2024-10-07 15:00:00+00:00,244.02448812574386,-2.144750632856922,stop_hit,h_ema21,train
2024-10-07 19:15:00+00:00,244.62,244.30593599592737,245.24812800814527,2024-10-07 19:30:00+00:00,243.79593599592738,-2.623872820146694,stop_hit,h_ema21,train
2024-10-08 17:15:00+00:00,241.91,241.41700014007478,242.89599971985044,2024-10-09 13:30:00+00:00,240.90700014007479,-2.0344830525455917,stop_hit,ema21,train
2024-10-09 15:00:00+00:00,241.60999999999999,241.17962430913147,242.47075138173702,2024-10-09 16:30:00+00:00,240.66962430913148,-2.1850111677329864,stop_hit,ema21,train
2024-10-09 17:45:00+00:00,241.5,241.15407835289795,242.1918432942041,2024-10-09 18:00:00+00:00,240.64407835289796,-2.4743223046967717,stop_hit,ema21,train
2024-10-09 19:15:00+00:00,241.51999999999998,241.2067561853045,242.14648762939095,2024-10-09 19:30:00+00:00,240.6967561853045,-2.628124726088473,stop_hit,ema21,train
2024-10-14 15:15:00+00:00,245.06,244.71898630217322,245.74202739565357,2024-10-14 15:30:00+00:00,244.20898630217323,-2.495541097762725,stop_hit,h_ema21,train
2024-10-14 17:15:00+00:00,245.23999999999998,244.9532118336639,245.81357633267217,2024-10-14 17:30:00+00:00,244.4432118336639,-2.778316052979356,stop_hit,h_ema21,train
2024-10-14 19:15:00+00:00,245.39999999999998,245.16783657261405,245.86432685477183,2024-10-14 19:30:00+00:00,244.65783657261406,-3.196728424207027,stop_hit,h_ema21,train
2024-10-15 14:15:00+00:00,245.79,245.4975978253139,246.37480434937217,2024-10-15 14:30:00+00:00,244.9875978253139,-2.744173074456462,stop_hit,h_ema21,train
2024-10-16 15:30:00+00:00,247.59,247.12445686174303,248.52108627651396,2024-10-16 15:45:00+00:00,246.61445686174304,-2.0954946128289302,stop_hit,h_ema21,train
2024-10-16 16:45:00+00:00,247.29999999999998,246.87500271755658,248.14999456488678,2024-10-17 13:45:00+00:00,247.6399945648868,2.0,scaleout_tier_1,h_ema21,train
2024-10-16 16:45:00+00:00,247.29999999999998,246.87500271755658,248.57499184733018,2024-10-17 14:30:00+00:00,248.0649918473302,3.0,scaleout_tier_2,h_ema21,train
2024-10-16 16:45:00+00:00,247.29999999999998,246.87500271755658,248.99998912977358,2024-11-04 14:30:00+00:00,248.4899891297736,4.0,scaleout_tier_3,h_ema21,train
2024-10-16 16:45:00+00:00,247.29999999999998,246.87500271755658,249.42498641221698,2024-11-04 14:30:00+00:00,248.914986412217,5.0,scaleout_tier_4,h_ema21,train
2024-10-16 16:45:00+00:00,247.29999999999998,246.87500271755658,249.84998369466038,2024-11-04 14:30:00+00:00,249.3399836946604,6.0,scaleout_tier_5,h_ema21,train
2024-10-16 16:45:00+00:00,247.29999999999998,246.87500271755658,250.27498097710378,2024-11-04 14:30:00+00:00,249.7649809771038,7.0,scaleout_tier_6,h_ema21,train
2024-10-16 16:45:00+00:00,247.29999999999998,246.87500271755658,250.69997825954718,2024-11-04 14:30:00+00:00,250.1899782595472,8.0,scaleout_tier_7,h_ema21,train
2024-10-16 16:45:00+00:00,247.29999999999998,246.87500271755658,251.12497554199058,2024-11-04 14:30:00+00:00,250.6149755419906,9.0,scaleout_tier_8,h_ema21,train
2024-10-16 16:45:00+00:00,247.29999999999998,246.87500271755658,251.54997282443398,2024-11-04 14:30:00+00:00,251.039972824434,10.0,scaleout_tier_9,h_ema21,train
2024-10-16 16:45:00+00:00,247.29999999999998,246.87500271755658,251.97497010687738,2024-11-04 14:30:00+00:00,251.4649701068774,11.0,scaleout_tier_10,h_ema21,train
2024-10-16 16:45:00+00:00,247.29999999999998,246.87500271755658,252.39996738932078,2024-11-04 14:30:00+00:00,251.8899673893208,12.0,scaleout_tier_11,h_ema21,train
2024-10-16 16:45:00+00:00,247.29999999999998,246.87500271755658,252.82496467176418,2024-11-04 14:30:00+00:00,252.3149646717642,13.0,scaleout_tier_12,h_ema21,train
2024-10-16 16:45:00+00:00,247.29999999999998,246.87500271755658,253.24996195420758,2024-11-04 14:30:00+00:00,252.7399619542076,14.0,scaleout_tier_13,h_ema21,train
2024-11-05 15:45:00+00:00,253.34,252.93423838889626,254.1515232222075,2024-11-05 16:15:00+00:00,252.42423838889627,-2.256895640306392,stop_hit,h_ema21,train
2024-11-07 14:45:00+00:00,248.85999999999999,248.26226920430292,250.0554615913941,2024-11-07 19:00:00+00:00,247.75226920430293,-1.8532269102936885,stop_hit,ema21,train
2024-11-08 18:00:00+00:00,248.76999999999998,248.32837295840727,249.6532540831854,2024-11-08 18:15:00+00:00,247.81837295840728,-2.1548205883423632,stop_hit,h_ema21,train
2024-11-12 16:45:00+00:00,240.64999999999998,240.2000737992546,241.54985240149074,2024-11-12 17:00:00+00:00,239.6900737992546,-2.133519228609242,stop_hit,ema50,train
2024-11-14 16:00:00+00:00,237.87,237.35376434166866,238.90247131666268,2024-11-14 17:15:00+00:00,236.84376434166867,-1.9879209073788031,stop_hit,ema50,train
2024-11-14 18:00:00+00:00,238.06,237.6090854086829,238.96182918263423,2024-11-14 18:15:00+00:00,237.0990854086829,-2.131034590187663,stop_hit,ema50,train
2024-11-14 19:15:00+00:00,238.14999999999998,237.7364104217106,238.97717915657876,2024-11-14 19:30:00+00:00,237.2264104217106,-2.2331065064776427,stop_hit,ema50,train
2024-11-15 15:00:00+00:00,238.10999999999999,237.64111528978717,239.04776942042562,2024-11-15 15:15:00+00:00,237.13111528978718,-2.087687418445592,stop_hit,ema50,train
2024-11-15 16:00:00+00:00,237.89999999999998,237.4112217251044,238.8775565497911,2024-11-15 16:15:00+00:00,236.90122172510442,-2.0434178976325397,stop_hit,ema50,train
2024-11-15 17:15:00+00:00,237.17999999999998,236.72021718625274,238.09956562749446,2024-11-15 17:30:00+00:00,236.21021718625275,-2.1092193634718113,stop_hit,ema50,train
2024-11-15 18:30:00+00:00,237.42999999999998,237.01342589719934,238.26314820560125,2024-11-15 18:45:00+00:00,236.50342589719935,-2.2242719760331915,stop_hit,donchian_low,train
2024-11-18 17:45:00+00:00,241.59,241.17398366911206,242.4220326617759,2024-11-18 18:00:00+00:00,240.66398366911207,-2.2259134128495655,stop_hit,ema21,train
2024-11-18 19:00:00+00:00,241.63,241.2694678713773,242.3510642572454,2024-11-18 19:15:00+00:00,240.7594678713773,-2.4145757326767923,stop_hit,h_ema200,train
2024-11-19 17:00:00+00:00,243.03,242.6141235507077,243.86175289858463,2024-11-19 18:00:00+00:00,242.1041235507077,-2.2263257534006704,stop_hit,ema21,train
2024-11-20 16:30:00+00:00,245.20999999999998,244.8435680836284,245.94286383274311,2024-11-20 16:45:00+00:00,244.33356808362842,-2.3918001604501153,stop_hit,ema21,train
2024-11-25 19:15:00+00:00,242.44,241.8786359910802,243.56272801783962,2024-11-26 14:30:00+00:00,241.3686359910802,-1.908501421352867,stop_hit,ema21,train
2024-11-26 15:45:00+00:00,243.44,242.93050084020723,244.45899831958553,2024-11-26 16:00:00+00:00,242.42050084020724,-2.000983004971838,stop_hit,ema21,train
2024-11-26 19:00:00+00:00,242.69,242.3121992698766,243.4456014602468,2024-11-26 19:15:00+00:00,241.8021992698766,-2.349917984100812,stop_hit,ema21,train
2024-11-27 16:45:00+00:00,244.57999999999998,244.072946083383,245.59410783323398,2024-11-27 17:00:00+00:00,243.562946083383,-2.005810197469039,stop_hit,ema21,train
2024-11-27 18:30:00+00:00,244.23999999999998,243.80260503960898,245.114789920782,2024-11-27 18:45:00+00:00,243.292605039609,-2.165994229892551,stop_hit,ema21,train
2024-11-29 15:45:00+00:00,245.64,245.21017951941937,246.49964096116122,2024-12-02 14:30:00+00:00,244.70017951941938,-2.1865418774625747,stop_hit,ema21,train
2024-12-02 15:30:00+00:00,244.73,244.26919045102449,245.651619097951,2024-12-02 15:45:00+00:00,243.7591904510245,-2.1067478986358883,stop_hit,ema21,train
2024-12-02 16:30:00+00:00,244.51999999999998,244.0791971697134,245.40160566057313,2024-12-02 16:45:00+00:00,243.56919716971342,-2.156979867094849,stop_hit,ema21,train
2024-12-02 19:15:00+00:00,244.12,243.7914869569647,244.77702608607063,2024-12-02 19:30:00+00:00,243.2814869569647,-2.5524497757769886,stop_hit,ema21,train
2024-12-03 16:00:00+00:00,244.29,243.814184452633,245.241631094734,2024-12-03 19:45:00+00:00,243.304184452633,-2.0718439168752467,stop_hit,ema21,train
2024-12-04 18:00:00+00:00,245.32,244.99447386875053,245.97105226249892,2024-12-04 18:15:00+00:00,244.48447386875054,-2.5666945017362113,stop_hit,ema21,train
2024-12-04 19:15:00+00:00,245.51,245.18517597978146,246.15964804043705,2024-12-04 19:30:00+00:00,244.67517597978147,-2.5700809307663985,stop_hit,ema21,train
2024-12-05 16:15:00+00:00,244.25,243.86187749276584,245.02624501446832,2024-12-05 16:30:00+00:00,243.35187749276585,-2.314018101228804,stop_hit,ema21,train
2024-12-05 18:00:00+00:00,243.04,242.6160195750322,243.88796084993558,2024-12-05 18:15:00+00:00,242.1060195750322,-2.2028857229404646,stop_hit,ema21,train
2024-12-05 18:45:00+00:00,243.07999999999998,242.6742110081435,243.89157798371298,2024-12-05 19:00:00+00:00,242.1642110081435,-2.256810830837785,stop_hit,ema21,train
2024-12-06 16:30:00+00:00,244.17,243.78589015018633,244.9382196996273,2024-12-06 16:45:00+00:00,243.27589015018634,-2.3277451756246554,stop_hit,ema21,train
2024-12-12 15:00:00+00:00,248.45,247.90978421471127,249.53043157057743,2024-12-12 15:15:00+00:00,247.39978421471127,-1.9440671929410895,stop_hit,h_ema21,train
2024-12-13 16:15:00+00:00,246.26,245.8061491403519,247.1677017192962,2024-12-13 16:30:00+00:00,245.2961491403519,-2.1237171620550144,stop_hit,ema21,train
2024-12-16 14:45:00+00:00,245.72,245.36016744867024,246.43966510265952,2024-12-16 15:00:00+00:00,244.85016744867025,-2.417325914832575,stop_hit,ema21,train
2024-12-16 16:45:00+00:00,245.32999999999998,244.94722203568398,246.095555928632,2024-12-16 17:00:00+00:00,244.437222035684,-2.3323650981615964,stop_hit,ema21,train
2025-01-02 15:45:00+00:00,245.23999999999998,244.9508744453431,245.81825110931376,2025-01-02 16:00:00+00:00,244.4408744453431,-2.7639395473195503,stop_hit,ema21,holdout
2025-01-02 16:30:00+00:00,245.67999999999998,245.36672782668322,246.3065443466335,2025-01-02 16:45:00+00:00,244.85672782668323,-2.6279773418761665,stop_hit,ema21,holdout
2025-01-02 18:00:00+00:00,245.64999999999998,245.3357193012139,246.2785613975721,2025-01-02 18:15:00+00:00,244.82571930121392,-2.622753169284368,stop_hit,ema21,holdout
2025-01-03 18:00:00+00:00,244.32999999999998,244.03764613893404,244.91470772213188,2025-01-03 18:15:00+00:00,243.52764613893405,-2.744461311851625,stop_hit,ema21,holdout
2025-01-06 15:30:00+00:00,244.1,243.69862365248002,244.90275269503994,2025-01-06 15:45:00+00:00,243.18862365248003,-2.2706279359787516,stop_hit,ema21,holdout
2025-01-08 18:30:00+00:00,245.67,245.22968298579536,246.55063402840923,2025-01-08 18:45:00+00:00,244.71968298579537,-2.158256400610003,stop_hit,ema21,holdout
2025-01-08 19:15:00+00:00,245.70999999999998,245.26950930021587,246.5909813995682,2025-01-08 19:30:00+00:00,244.75950930021588,-2.1577996998573457,stop_hit,ema21,holdout
2025-01-14 16:15:00+00:00,247.17,246.8587607516951,247.7924784966098,2025-01-14 16:30:00+00:00,246.3487607516951,-2.638610820382066,stop_hit,ema21,holdout
2025-01-14 18:30:00+00:00,246.85999999999999,246.5808815718457,247.41823685630854,2025-01-14 18:45:00+00:00,246.07088157184572,-2.8271813988508816,stop_hit,ema21,holdout
2025-01-17 16:00:00+00:00,251.01,250.70485867173318,251.62028265653362,2025-01-17 16:15:00+00:00,250.1948586717332,-2.671356688708028,stop_hit,h_ema21,holdout
2025-01-23 15:45:00+00:00,254.10999999999999,253.7709184891806,254.78816302163878,2025-01-23 16:00:00+00:00,253.2609184891806,-2.5040631344586295,stop_hit,h_ema21,holdout
2025-01-23 17:15:00+00:00,254.69,254.34153737784683,255.38692524430633,2025-01-23 17:30:00+00:00,253.83153737784684,-2.463571607332462,stop_hit,h_ema21,holdout
2025-01-24 15:15:00+00:00,257.36,256.9185009890957,258.2429980218086,2025-01-24 15:30:00+00:00,256.4085009890957,-2.155155475785529,stop_hit,h_ema21,holdout
2025-01-27 17:30:00+00:00,252.94,252.50560221442367,253.80879557115264,2025-01-27 17:45:00+00:00,251.99560221442368,-2.1740391340240497,stop_hit,h_ema200,holdout
2025-01-29 15:45:00+00:00,254.62,254.30525480065646,255.2494903986871,2025-01-29 16:00:00+00:00,253.79525480065647,-2.6203583122591803,stop_hit,h_ema21,holdout
2025-01-29 17:15:00+00:00,254.54,254.23974879715053,255.14050240569892,2025-01-29 17:30:00+00:00,253.72974879715053,-2.698577708132227,stop_hit,h_ema50,holdout
2025-01-29 18:30:00+00:00,254.64999999999998,254.36518392660128,255.21963214679738,2025-01-29 18:45:00+00:00,253.85518392660128,-2.7906292784468816,stop_hit,h_ema21,holdout
2025-01-30 15:00:00+00:00,257.76,257.19957891575143,258.8808421684971,2025-01-31 14:30:00+00:00,258.3708421684971,2.0,scaleout_tier_1,h_ema21,holdout
2025-01-30 15:00:00+00:00,257.76,257.19957891575143,259.44126325274567,2025-01-31 14:45:00+00:00,258.9312632527457,3.0,scaleout_tier_2,h_ema21,holdout
2025-01-30 15:00:00+00:00,257.76,257.19957891575143,258.8808421684971,2025-01-31 18:15:00+00:00,257.82,0.10706235308839819,trail_exit,h_ema21,holdout
2025-02-03 18:15:00+00:00,260.63,260.03099526725947,261.82800946548105,2025-02-03 18:30:00+00:00,259.5209952672595,-1.8514123046518751,stop_hit,h_ema21,holdout
2025-02-06 16:00:00+00:00,263.5,262.9900142404302,264.51997151913963,2025-02-06 16:15:00+00:00,262.4800142404302,-2.0000279231917917,stop_hit,h_ema50,holdout
2025-02-06 17:15:00+00:00,263.33,262.8569835436352,264.2760329127296,2025-02-06 17:30:00+00:00,262.3469835436352,-2.0781865897846585,stop_hit,h_ema21,holdout
2025-02-06 18:00:00+00:00,263.61,263.17875103694115,264.47249792611774,2025-02-06 18:15:00+00:00,262.66875103694116,-2.182611539243003,stop_hit,h_ema21,holdout
2025-02-07 15:15:00+00:00,266.24,265.7736678933942,267.17266421321165,2025-02-07 15:45:00+00:00,265.2636678933942,-2.0936411899922724,stop_hit,h_ema21,holdout
2025-02-11 15:45:00+00:00,268.44,267.9662493696608,269.38750126067845,2025-02-11 16:00:00+00:00,267.4562493696608,-2.076515718057852,stop_hit,h_ema21,holdout
2025-02-11 17:30:00+00:00,268.55,268.14318456028553,269.36363087942897,2025-02-11 17:45:00+00:00,267.63318456028554,-2.253639734907634,stop_hit,h_ema21,holdout
2025-02-12 15:45:00+00:00,267.58,267.2031120740709,268.3337758518582,2025-02-12 16:00:00+00:00,266.6931120740709,-2.353187419689101,stop_hit,h_ema50,holdout
2025-03-03 15:15:00+00:00,266.21,265.7164022814357,267.1971954371285,2025-03-03 19:45:00+00:00,265.2064022814357,-2.0332300592543784,stop_hit,h_ema21,holdout
2025-03-04 19:00:00+00:00,269.03,268.56875084317386,269.9524983136522,2025-03-05 14:30:00+00:00,268.05875084317387,-2.1056930781387986,stop_hit,h_ema21,holdout
2025-03-05 15:15:00+00:00,269.56,269.0398327337897,270.6003345324206,2025-03-05 15:45:00+00:00,268.5298327337897,-1.9804538523071804,stop_hit,h_ema21,holdout
2025-03-05 16:15:00+00:00,270.15,269.6069312971097,271.2361374057805,2025-03-05 16:45:00+00:00,269.09693129710973,-1.9391076990548939,stop_hit,h_ema21,holdout
2025-03-06 15:00:00+00:00,269.36,268.92389317932174,270.23221364135657,2025-03-06 15:15:00+00:00,268.41389317932175,-2.16943825645008,stop_hit,h_ema21,holdout
2025-03-06 16:30:00+00:00,269.51,269.05539763711715,270.41920472576567,2025-03-06 16:45:00+00:00,268.54539763711716,-2.1218595450447104,stop_hit,h_ema21,holdout
2025-03-06 17:15:00+00:00,269.78,269.3536656737414,270.63266865251717,2025-03-06 17:30:00+00:00,268.8436656737414,-2.196244281983161,stop_hit,h_ema21,holdout
2025-03-07 14:45:00+00:00,269.81,269.37450999375204,270.6809800124959,2025-03-07 15:30:00+00:00,268.86450999375205,-2.171094612236879,stop_hit,h_ema21,holdout
2025-03-07 18:00:00+00:00,268.73,268.2089833749277,269.77203325014466,2025-03-07 18:15:00+00:00,267.6989833749277,-1.9788555210291026,stop_hit,h_ema21,holdout
2025-03-10 14:15:00+00:00,268.71,268.2236124236072,269.6827751527855,2025-03-10 14:30:00+00:00,267.71361242360723,-2.0485465187707956,stop_hit,h_ema21,holdout
2025-03-10 16:15:00+00:00,268.48,267.9977691635787,269.44446167284264,2025-03-10 16:30:00+00:00,267.4877691635787,-2.057584794420781,stop_hit,h_ema21,holdout
2025-03-11 13:45:00+00:00,269.87,269.16638443598055,271.2772311280389,2025-03-11 14:00:00+00:00,268.65638443598056,-1.7248276275848373,stop_hit,h_ema21,holdout
2025-03-11 18:45:00+00:00,269.63,269.212954114046,270.464091771908,2025-03-11 19:00:00+00:00,268.702954114046,-2.222887018375355,stop_hit,h_ema21,holdout
2025-03-13 14:15:00+00:00,272.84999999999997,272.4285771221381,273.6928457557237,2025-03-13 14:30:00+00:00,271.9185771221381,-2.2101858413276956,stop_hit,h_ema21,holdout
2025-03-14 19:15:00+00:00,275.82,275.4765461773718,276.5069076452564,2025-03-14 19:30:00+00:00,274.9665461773718,-2.484915777315704,stop_hit,h_ema21,holdout
2025-03-17 14:15:00+00:00,276.51,276.1491695780263,277.23166084394734,2025-03-17 15:15:00+00:00,275.6391695780263,-2.4134063231431204,stop_hit,h_ema21,holdout
2025-03-17 18:15:00+00:00,277.05,276.7576706298793,277.6346587402414,2025-03-17 18:30:00+00:00,276.24767062987934,-2.744607460377472,stop_hit,h_ema21,holdout
2025-03-19 17:30:00+00:00,280.2,279.86056835988273,280.8788632802345,2025-03-19 17:45:00+00:00,279.35056835988274,-2.5025116686936273,stop_hit,h_ema21,holdout
2025-03-20 14:15:00+00:00,280.38,279.8593232144295,281.421353571141,2025-03-20 14:30:00+00:00,279.3493232144295,-1.9794944083039432,stop_hit,h_ema21,holdout
2025-03-21 14:30:00+00:00,277.86,277.32107166595495,278.93785666809015,2025-03-24 14:30:00+00:00,277.11,-1.3916507123881927,trail_exit,h_ema200,holdout
2025-03-24 15:45:00+00:00,278.48,278.03535765822573,279.3692846835486,2025-03-24 16:00:00+00:00,277.52535765822574,-2.1469892812387292,stop_hit,h_ema21,holdout
2025-03-24 19:15:00+00:00,277.81,277.51737365040935,278.3952526991813,2025-03-24 19:30:00+00:00,277.00737365040936,-2.7428369000721373,stop_hit,h_ema200,holdout
2025-03-25 13:45:00+00:00,279.71,279.303423803346,280.52315239330795,2025-03-25 14:00:00+00:00,278.793423803346,-2.2543774185433247,stop_hit,h_ema200,holdout
2025-03-25 16:15:00+00:00,279.37,278.93496522224706,280.2400695555059,2025-03-25 16:30:00+00:00,278.42496522224707,-2.172320067453588,stop_hit,h_ema21,holdout
2025-03-25 19:15:00+00:00,278.96999999999997,278.6670551126533,279.5758897746933,2025-03-25 19:30:00+00:00,278.1570551126533,-2.6834745239202737,stop_hit,h_ema21,holdout
2025-03-26 14:45:00+00:00,278.94,278.60552161044853,279.6089567791029,2025-03-26 15:00:00+00:00,278.09552161044854,-2.5247621847375608,stop_hit,h_ema21,holdout
2025-03-26 17:45:00+00:00,278.8,278.49832195432856,279.4033560913429,2025-03-26 18:00:00+00:00,277.98832195432857,-2.6905439667141597,stop_hit,h_ema21,holdout
2025-03-28 18:15:00+00:00,284.52,284.09630074924536,285.36739850150923,2025-03-28 18:30:00+00:00,283.58630074924537,-2.2036839788875313,stop_hit,h_ema21,holdout
2025-04-01 16:45:00+00:00,287.19,286.74903912074967,288.07192175850065,2025-04-01 17:00:00+00:00,286.2390391207497,-2.1565651829863848,stop_hit,h_ema21,holdout
2025-04-01 17:30:00+00:00,287.59,287.1722700248859,288.4254599502281,2025-04-01 17:45:00+00:00,286.6622700248859,-2.2208843759912695,stop_hit,h_ema50,holdout
2025-04-02 16:15:00+00:00,289.06,288.67522449755336,289.8295510048933,2025-04-02 16:45:00+00:00,288.16522449755337,-2.325448207479664,stop_hit,h_ema21,holdout
2025-04-02 19:15:00+00:00,288.55,288.2140540232024,289.2218919535953,2025-04-02 19:30:00+00:00,287.7040540232024,-2.51810122824363,stop_hit,h_ema21,holdout
2025-04-03 14:15:00+00:00,287.65,286.84645354981757,289.2570929003648,2025-04-03 15:15:00+00:00,286.3364535498176,-1.6346863953965798,stop_hit,h_ema21,holdout
2025-04-04 17:45:00+00:00,279.59,278.8237619396376,281.1224761207247,2025-04-04 18:00:00+00:00,278.31376193963763,-1.6655894902412072,stop_hit,ema21,holdout
2025-04-04 19:00:00+00:00,279.26,278.6300435864779,280.5199128270442,2025-04-07 13:30:00+00:00,278.1200435864779,-1.809579820210993,stop_hit,ema21,holdout
2025-04-07 14:15:00+00:00,279.65999999999997,278.86775501558935,281.2444899688212,2025-04-07 14:30:00+00:00,278.35775501558936,-1.6437402697846064,stop_hit,ema21,holdout
2025-04-08 14:30:00+00:00,278.3,277.4811944312026,279.93761113759484,2025-04-08 14:45:00+00:00,276.9711944312026,-1.622858489774356,stop_hit,ema21,holdout
2025-04-08 15:30:00+00:00,277.81,277.0713724528732,279.28725509425357,2025-04-08 15:45:00+00:00,276.56137245287323,-1.6904697800452486,stop_hit,ema21,holdout
2025-04-08 17:45:00+00:00,275.42,274.7751598238109,276.70968035237826,2025-04-08 19:15:00+00:00,274.2651598238109,-1.790893649049585,stop_hit,h_ema21,holdout
2025-04-09 18:30:00+00:00,282.90999999999997,281.97776556241973,284.77446887516044,2025-04-09 19:15:00+00:00,284.26446887516045,2.0,scaleout_tier_1,h_ema21,holdout
2025-04-09 18:30:00+00:00,282.90999999999997,281.97776556241973,285.7067033127407,2025-04-09 19:30:00+00:00,285.1967033127407,3.0,scaleout_tier_2,h_ema21,holdout
2025-04-09 18:30:00+00:00,282.90999999999997,281.97776556241973,286.6389377503209,2025-04-10 13:30:00+00:00,286.1289377503209,4.0,scaleout_tier_3,h_ema21,holdout
2025-04-09 18:30:00+00:00,282.90999999999997,281.97776556241973,287.57117218790114,2025-04-10 13:30:00+00:00,287.06117218790115,5.0,scaleout_tier_4,h_ema21,holdout
2025-04-09 18:30:00+00:00,282.90999999999997,281.97776556241973,288.5034066254814,2025-04-10 14:00:00+00:00,287.9934066254814,6.0,scaleout_tier_5,h_ema21,holdout
2025-04-09 18:30:00+00:00,282.90999999999997,281.97776556241973,289.4356410630616,2025-04-10 14:00:00+00:00,288.9256410630616,7.0,scaleout_tier_6,h_ema21,holdout
2025-04-09 18:30:00+00:00,282.90999999999997,281.97776556241973,290.36787550064184,2025-04-10 14:30:00+00:00,289.85787550064185,8.0,scaleout_tier_7,h_ema21,holdout
2025-04-09 18:30:00+00:00,282.90999999999997,281.97776556241973,291.3001099382221,2025-04-10 15:15:00+00:00,290.7901099382221,9.0,scaleout_tier_8,h_ema21,holdout
2025-04-14 14:30:00+00:00,295.95,295.2045148308487,297.4409703383025,2025-04-14 15:30:00+00:00,294.69451483084873,-1.6841182374970993,stop_hit,h_ema21,holdout
2025-04-14 16:15:00+00:00,295.76,295.0941824645186,297.09163507096275,2025-04-15 14:15:00+00:00,296.58163507096276,2.0,scaleout_tier_1,h_ema21,holdout
2025-04-14 16:15:00+00:00,295.76,295.0941824645186,297.75745260644413,2025-04-15 18:45:00+00:00,297.24745260644414,3.0,scaleout_tier_2,h_ema21,holdout
2025-04-14 16:15:00+00:00,295.76,295.0941824645186,297.09163507096275,2025-05-01 15:15:00+00:00,295.8,0.06007651926905288,trail_exit,h_ema21,holdout
2025-05-01 16:00:00+00:00,296.96,296.3106525697899,298.2586948604201,2025-05-01 16:15:00+00:00,295.8006525697899,-1.7854038936213246,stop_hit,h_ema21,holdout
2025-05-01 16:45:00+00:00,296.67,296.029064757955,297.9518704840901,2025-05-01 17:30:00+00:00,295.519064757955,-1.7957122132537666,stop_hit,h_ema21,holdout
2025-05-01 18:45:00+00:00,297.76,297.1522909634535,298.975418073093,2025-05-01 19:00:00+00:00,296.6422909634535,-1.8392174039376148,stop_hit,h_ema21,holdout
2025-05-05 14:15:00+00:00,306.15999999999997,305.0089273731594,308.4621452536811,2025-05-05 16:00:00+00:00,304.4989273731594,-1.4430650057241152,stop_hit,h_ema21,holdout
2025-05-08 14:45:00+00:00,310.31,309.5091223658499,311.91175526830017,2025-05-08 15:00:00+00:00,308.9991223658499,-1.6368014016788208,stop_hit,h_ema50,holdout
2025-05-09 13:45:00+00:00,307.93,306.96527266199786,309.8594546760043,2025-05-09 14:00:00+00:00,306.45527266199787,-1.528646779157465,stop_hit,h_ema50,holdout
2025-05-09 14:30:00+00:00,308.13,307.1365102180792,310.1169795638416,2025-05-09 19:15:00+00:00,306.6265102180792,-1.5133419681619307,stop_hit,h_ema21,holdout
2025-05-12 18:30:00+00:00,297.65,297.00332828645463,298.94334342709067,2025-05-13 13:45:00+00:00,296.93,-1.113393372430977,trail_exit,ema21,holdout
2025-05-13 14:15:00+00:00,298.4,297.74212413191884,299.71575173616225,2025-05-13 15:45:00+00:00,299.20575173616226,2.0,scaleout_tier_1,ema21,holdout
2025-05-13 14:15:00+00:00,298.4,297.74212413191884,299.71575173616225,2025-05-14 13:30:00+00:00,297.89,-0.7752222337741889,stop_hit,ema21,holdout
2025-05-14 16:30:00+00:00,293.88,293.1754824700657,295.28903505986864,2025-05-14 16:45:00+00:00,292.6654824700657,-1.72389965945565,stop_hit,ema21,holdout
2025-05-15 14:00:00+00:00,294.68,294.04203399392685,295.9559320121463,2025-05-15 15:15:00+00:00,295.44593201214633,2.0,scaleout_tier_1,ema21,holdout
2025-05-15 14:00:00+00:00,294.68,294.04203399392685,296.5938980182195,2025-05-15 15:45:00+00:00,296.0838980182195,3.0,scaleout_tier_2,ema21,holdout
2025-05-15 14:00:00+00:00,294.68,294.04203399392685,297.23186402429263,2025-05-15 18:30:00+00:00,296.72186402429264,4.0,scaleout_tier_3,ema21,holdout
2025-05-15 14:00:00+00:00,294.68,294.04203399392685,295.9559320121463,2025-05-16 13:30:00+00:00,294.17,-0.7994156352297999,stop_hit,ema21,holdout
2025-05-16 16:15:00+00:00,294.03999999999996,293.29351882269987,295.53296235460016,2025-05-16 16:30:00+00:00,292.7835188226999,-1.6832054384071398,stop_hit,ema21,holdout
2025-05-16 18:30:00+00:00,294.53,293.9584864925271,295.6730270149458,2025-05-16 18:45:00+00:00,293.4484864925271,-1.8923673602310678,stop_hit,ema21,holdout
2025-05-19 14:30:00+00:00,298.28999999999996,297.499331945022,299.8713361099559,2025-05-19 17:00:00+00:00,296.989331945022,-1.645024162528231,stop_hit,ema21,holdout
2025-05-19 19:15:00+00:00,298.71999999999997,298.2255282844414,299.7089434311171,2025-05-19 19:30:00+00:00,297.7155282844414,-2.0314037870171697,stop_hit,ema21,holdout
2025-05-21 17:15:00+00:00,305.67,305.14358861889576,306.7228227622085,2025-05-21 17:30:00+00:00,304.63358861889577,-1.9688240382078435,stop_hit,h_ema21,holdout
2025-05-22 14:30:00+00:00,304.34999999999997,303.6024070279741,305.8451859440517,2025-05-22 15:00:00+00:00,303.0924070279741,-1.6821893986215033,stop_hit,h_ema21,holdout
2025-05-22 15:30:00+00:00,304.01,303.23083317175053,305.5683336564989,2025-05-22 16:00:00+00:00,302.72083317175054,-1.6545453188064996,stop_hit,h_ema21,holdout
2025-05-22 18:00:00+00:00,304.28,303.63697991723825,305.5660401655234,2025-05-22 18:15:00+00:00,303.12697991723826,-1.7931323043746619,stop_hit,h_ema21,holdout
2025-05-27 14:45:00+00:00,304.48,303.6267563742396,306.1864872515208,2025-05-27 15:15:00+00:00,303.1167563742396,-1.5977190858536867,stop_hit,h_ema21,holdout
2025-05-27 19:00:00+00:00,304.93,304.4686821864531,305.8526356270938,2025-05-28 13:30:00+00:00,303.95868218645313,-2.105528520736733,stop_hit,h_ema21,holdout
2025-05-28 14:30:00+00:00,305.34999999999997,304.8615181671907,306.3269636656185,2025-05-28 14:45:00+00:00,304.3515181671907,-2.044051110492623,stop_hit,h_ema21,holdout
2025-05-28 17:15:00+00:00,304.28,303.82806608704044,305.18386782591904,2025-05-28 17:30:00+00:00,303.31806608704045,-2.1284835799557666,stop_hit,h_ema200,holdout
2025-05-28 18:15:00+00:00,304.56,304.14332141586743,305.39335716826514,2025-05-28 18:45:00+00:00,303.63332141586744,-2.223964992253432,stop_hit,h_ema21,holdout
2025-05-30 15:45:00+00:00,303.78999999999996,303.0924749970895,305.1850500058209,2025-05-30 16:00:00+00:00,302.5824749970895,-1.7311565863187317,stop_hit,ema21,holdout
2025-05-30 17:00:00+00:00,304.01,303.3634957143868,305.3030085712264,2025-05-30 17:15:00+00:00,302.8534957143868,-1.7888578797528751,stop_hit,ema21,holdout
2025-05-30 18:15:00+00:00,304.09,303.5394357527403,305.1911284945193,2025-05-30 18:30:00+00:00,303.0294357527403,-1.926322409307212,stop_hit,h_ema21,holdout
2025-06-03 14:30:00+00:00,308.9,308.20655973562896,310.286880528742,2025-06-03 15:00:00+00:00,307.69655973562897,-1.7354634944115666,stop_hit,h_ema50,holdout
2025-06-03 19:00:00+00:00,309.56,309.1656831247607,310.34863375047865,2025-06-03 19:15:00+00:00,308.6556831247607,-2.2933760435448067,stop_hit,h_ema21,holdout
2025-06-04 14:15:00+00:00,310.75,310.27873079715346,311.6925384056931,2025-06-04 14:30:00+00:00,311.1825384056931,2.0,scaleout_tier_1,h_ema21,holdout
2025-06-04 14:15:00+00:00,310.75,310.27873079715346,311.6925384056931,2025-06-04 15:00:00+00:00,310.24,-1.0821840190691605,stop_hit,h_ema21,holdout
2025-06-05 18:30:00+00:00,309.61,309.0596053950298,310.71078920994046,2025-06-05 18:45:00+00:00,308.5496053950298,-1.9266079198352304,stop_hit,h_ema21,holdout
2025-06-05 19:15:00+00:00,309.69,309.19180869274066,310.68638261451866,2025-06-05 19:30:00+00:00,308.6818086927407,-2.0237031288354275,stop_hit,h_ema21,holdout
2025-06-06 15:30:00+00:00,307.43,306.7144566450766,308.8610867098468,2025-06-06 16:15:00+00:00,306.2044566450766,-1.7127450719664483,stop_hit,ema21,holdout
2025-06-06 18:45:00+00:00,306.3,305.75832706708695,307.38334586582613,2025-06-06 19:00:00+00:00,305.24832706708696,-1.9415275695192402,stop_hit,ema21,holdout
2025-06-09 14:00:00+00:00,306.4,305.88916719465715,307.42166561068564,2025-06-09 14:30:00+00:00,305.37916719465716,-1.9983697105312574,stop_hit,ema21,holdout
2025-06-09 19:15:00+00:00,307.71999999999997,307.3639103030591,308.43217939388177,2025-06-09 19:30:00+00:00,306.8539103030591,-2.4322234099478517,stop_hit,h_ema21,holdout
2025-06-10 16:00:00+00:00,307.05,306.56665091774664,308.01669816450675,2025-06-10 16:15:00+00:00,306.05665091774665,-2.05513803320444,stop_hit,ema21,holdout
2025-06-10 17:15:00+00:00,306.68,306.23782705718395,307.5643458856321,2025-06-10 17:30:00+00:00,305.72782705718396,-2.1533948611870386,stop_hit,ema21,holdout
2025-06-11 18:00:00+00:00,306.83,306.3653602147215,307.759279570557,2025-06-11 18:15:00+00:00,307.249279570557,2.0,scaleout_tier_1,ema21,holdout
2025-06-11 18:00:00+00:00,306.83,306.3653602147215,308.2239193558355,2025-06-11 18:15:00+00:00,307.7139193558355,3.0,scaleout_tier_2,ema21,holdout
2025-06-11 18:00:00+00:00,306.83,306.3653602147215,308.688559141114,2025-06-12 13:30:00+00:00,308.178559141114,4.0,scaleout_tier_3,ema21,holdout
2025-06-11 18:00:00+00:00,306.83,306.3653602147215,309.1531989263925,2025-06-12 13:30:00+00:00,308.64319892639253,5.0,scaleout_tier_4,ema21,holdout
2025-06-11 18:00:00+00:00,306.83,306.3653602147215,309.617838711671,2025-06-12 13:30:00+00:00,309.10783871167104,6.0,scaleout_tier_5,ema21,holdout
2025-06-11 18:00:00+00:00,306.83,306.3653602147215,310.08247849694953,2025-06-12 13:30:00+00:00,309.57247849694954,7.0,scaleout_tier_6,ema21,holdout
2025-06-11 18:00:00+00:00,306.83,306.3653602147215,310.54711828222804,2025-06-12 13:30:00+00:00,310.03711828222805,8.0,scaleout_tier_7,ema21,holdout
2025-06-11 18:00:00+00:00,306.83,306.3653602147215,311.01175806750655,2025-06-12 13:30:00+00:00,310.50175806750656,9.0,scaleout_tier_8,ema21,holdout
2025-06-11 18:00:00+00:00,306.83,306.3653602147215,311.47639785278506,2025-06-12 13:30:00+00:00,310.96639785278506,10.0,scaleout_tier_9,ema21,holdout
2025-06-11 18:00:00+00:00,306.83,306.3653602147215,311.94103763806356,2025-06-12 13:30:00+00:00,311.4310376380636,11.0,scaleout_tier_10,ema21,holdout
2025-06-11 18:00:00+00:00,306.83,306.3653602147215,312.40567742334207,2025-06-12 13:30:00+00:00,311.8956774233421,12.0,scaleout_tier_11,ema21,holdout
2025-06-11 18:00:00+00:00,306.83,306.3653602147215,312.8703172086206,2025-06-12 13:30:00+00:00,312.3603172086206,13.0,scaleout_tier_12,ema21,holdout
2025-06-30 19:15:00+00:00,304.73,304.1610593062531,305.86788138749387,2025-06-30 19:30:00+00:00,303.95,-1.3709689051474114,trail_exit,ema21,holdout
2025-07-02 14:30:00+00:00,307.94,307.5425330334504,308.73493393309917,2025-07-02 14:45:00+00:00,307.0325330334504,-2.283125499528437,stop_hit,ema21,holdout
2025-07-02 16:45:00+00:00,308.71,308.338058010817,309.4538839783659,2025-07-02 17:00:00+00:00,307.828058010817,-2.371181568180256,stop_hit,ema21,holdout
2025-07-02 18:00:00+00:00,308.93,308.6107967532321,309.56840649353586,2025-07-02 18:15:00+00:00,308.1007967532321,-2.597728109484991,stop_hit,ema21,holdout
2025-07-03 15:15:00+00:00,307.08,306.59919950426183,308.0416009914763,2025-07-03 15:30:00+00:00,306.08919950426184,-2.0607310194574797,stop_hit,ema21,holdout
2025-07-03 16:45:00+00:00,307.51,307.1018447736974,308.3263104526052,2025-07-07 13:30:00+00:00,306.5918447736974,-2.2495246100852047,stop_hit,ema21,holdout
2025-07-07 15:45:00+00:00,306.44,305.9629570649018,307.3940858701964,2025-07-07 16:00:00+00:00,305.4529570649018,-2.069086160756148,stop_hit,ema21,holdout
2025-07-08 17:00:00+00:00,304.53,304.02020526375543,305.54958947248906,2025-07-08 18:15:00+00:00,303.51020526375544,-2.0004026400055817,stop_hit,donchian_low,holdout
2025-07-08 18:45:00+00:00,304.90999999999997,304.4292803563028,305.8714392873943,2025-07-08 19:00:00+00:00,303.9192803563028,-2.0609094233753953,stop_hit,ema21,holdout
2025-07-09 14:00:00+00:00,304.51,304.0202870696266,305.4894258607468,2025-07-10 13:30:00+00:00,304.9794258607468,2.0,scaleout_tier_1,ema21,holdout
2025-07-09 14:00:00+00:00,304.51,304.0202870696266,305.4894258607468,2025-07-10 13:45:00+00:00,304.57,0.12252075916037783,trail_exit,ema21,holdout
2025-07-10 15:15:00+00:00,306.09,305.63319285738646,307.003614285227,2025-07-10 15:45:00+00:00,305.12319285738647,-2.1164448898109325,stop_hit,ema21,holdout
2025-07-11 14:15:00+00:00,309.40999999999997,308.9310135732876,310.3679728534247,2025-07-11 16:15:00+00:00,308.4210135732876,-2.064748334311876,stop_hit,ema21,holdout
2025-07-14 15:15:00+00:00,308.90999999999997,308.48520821046196,309.759583579076,2025-07-14 15:30:00+00:00,307.975208210462,-2.200588176515031,stop_hit,ema21,holdout
2025-07-15 14:00:00+00:00,308.78,308.40215449352166,309.5356910129566,2025-07-15 14:15:00+00:00,307.8921544935217,-2.349758012880507,stop_hit,ema21,holdout
2025-07-15 14:45:00+00:00,309.03999999999996,308.63861640753174,309.8427671849364,2025-07-15 15:00:00+00:00,308.12861640753175,-2.270605001225528,stop_hit,ema21,holdout
2025-07-15 18:45:00+00:00,307.25,306.8598604509612,308.0302790980776,2025-07-15 19:00:00+00:00,306.3498604509612,-2.3072245591519875,stop_hit,ema21,holdout
2025-07-16 15:00:00+00:00,307.95,307.4338221088997,308.9823557822006,2025-07-16 15:15:00+00:00,308.4723557822006,2.0,scaleout_tier_1,ema21,holdout
2025-07-16 15:00:00+00:00,307.95,307.4338221088997,309.4985336733009,2025-07-16 15:15:00+00:00,308.98853367330094,3.0,scaleout_tier_2,ema21,holdout
2025-07-16 15:00:00+00:00,307.95,307.4338221088997,308.9823557822006,2025-07-16 15:45:00+00:00,307.44,-0.9880314689822292,stop_hit,ema21,holdout
2025-07-17 14:30:00+00:00,307.15,306.4571746588501,308.5356506822998,2025-07-18 13:30:00+00:00,308.0256506822998,2.0,scaleout_tier_1,ema21,holdout
2025-07-17 14:30:00+00:00,307.15,306.4571746588501,308.5356506822998,2025-07-18 18:00:00+00:00,308.05,1.2990286967654545,trail_exit,ema21,holdout
2025-07-21 14:15:00+00:00,313.17,312.6326903173177,314.2446193653646,2025-07-21 16:45:00+00:00,312.12269031731773,-1.949173291376458,stop_hit,ema21,holdout
2025-07-23 14:15:00+00:00,315.18,314.7339257588643,316.0721484822714,2025-07-23 14:30:00+00:00,314.2239257588643,-2.14330744295284,stop_hit,h_ema50,holdout
2025-07-23 15:15:00+00:00,315.03,314.57448546436177,315.9410290712764,2025-07-23 15:30:00+00:00,314.0644854643618,-2.1196130092433876,stop_hit,h_ema50,holdout
2025-07-23 16:45:00+00:00,312.76,312.17557579241947,313.92884841516104,2025-07-23 17:00:00+00:00,311.6655757924195,-1.8726537904912504,stop_hit,h_ema50,holdout
2025-07-24 18:45:00+00:00,311.06,310.68508690763673,311.80982618472655,2025-07-24 19:00:00+00:00,310.17508690763674,-2.3603152580914046,stop_hit,ema21,holdout
2025-07-25 16:45:00+00:00,307.19,306.7376176856938,308.0947646286124,2025-07-25 17:00:00+00:00,306.2276176856938,-2.127365027039499,stop_hit,ema21,holdout
2025-07-25 18:15:00+00:00,307.96999999999997,307.5966408585955,308.7167182828089,2025-07-25 18:30:00+00:00,307.0866408585955,-2.3659770002724616,stop_hit,ema21,holdout
2025-07-28 18:00:00+00:00,305.4,305.03052277345506,306.1389544530898,2025-07-28 18:15:00+00:00,304.52052277345507,-2.380328646420626,stop_hit,ema50,holdout
2025-07-28 19:15:00+00:00,305.83,305.5169255409287,306.45614891814256,2025-07-28 19:30:00+00:00,305.0069255409287,-2.629005449735082,stop_hit,ema50,holdout
2025-07-29 17:15:00+00:00,306.73,306.37052252501627,307.4489549499675,2025-07-29 17:30:00+00:00,305.8605225250163,-2.4187258882438947,stop_hit,h_ema21,holdout
2025-07-29 18:30:00+00:00,307.17,306.85110073161644,307.80779853676717,2025-07-29 18:45:00+00:00,306.34110073161645,-2.599251081964096,stop_hit,ema21,holdout
2025-07-30 16:15:00+00:00,303.93,303.44576863163843,304.89846273672316,2025-07-30 16:30:00+00:00,302.93576863163844,-2.053215535634553,stop_hit,ema50,holdout
2025-07-30 18:00:00+00:00,304.53,304.15181158478924,305.28637683042143,2025-07-30 18:15:00+00:00,303.64181158478925,-2.3485341683875083,stop_hit,ema50,holdout
2025-07-31 13:45:00+00:00,304.63,303.887035478236,306.115929043528,2025-07-31 14:00:00+00:00,303.377035478236,-1.6864392377567454,stop_hit,ema50,holdout
2025-07-31 17:15:00+00:00,304.09999999999997,303.56904160118006,305.1619167976398,2025-07-31 17:30:00+00:00,303.05904160118007,-1.9605272298799759,stop_hit,ema50,holdout
2025-08-01 17:30:00+00:00,308.78,308.19947094395445,309.941058112091,2025-08-01 18:00:00+00:00,307.68947094395446,-1.8785089991430175,stop_hit,ema21,holdout
2025-08-05 17:45:00+00:00,311.94,311.55790395639144,312.7041920872171,2025-08-05 18:00:00+00:00,311.04790395639145,-2.334742948876143,stop_hit,h_ema21,holdout
2025-08-06 14:00:00+00:00,310.95,310.5678457069208,311.7143085861583,2025-08-06 14:15:00+00:00,310.05784570692083,-2.334539502070537,stop_hit,ema21,holdout
2025-08-06 16:45:00+00:00,311.4,311.04240044722275,312.11519910555444,2025-08-06 17:00:00+00:00,310.53240044722276,-2.4261762802530664,stop_hit,h_ema21,holdout
2025-08-06 18:45:00+00:00,311.06,310.73438789077437,311.71122421845126,2025-08-06 19:00:00+00:00,310.2243878907744,-2.5662808155779913,stop_hit,h_ema21,holdout
2025-08-07 16:00:00+00:00,312.64,312.1437227589679,313.63255448206417,2025-08-07 16:15:00+00:00,311.6337227589679,-2.0276513969074275,stop_hit,h_ema21,holdout
2025-08-08 17:15:00+00:00,313.46,313.01605215403526,314.3478956919294,2025-08-08 17:30:00+00:00,312.5060521540353,-2.1487835894140725,stop_hit,h_ema21,holdout
2025-08-08 18:15:00+00:00,313.39,312.7322580583976,314.7054838832048,2025-08-08 18:30:00+00:00,312.2222580583976,-1.7753800810657052,stop_hit,h_ema21,holdout
2025-08-11 17:45:00+00:00,309.78999999999996,309.15860591472466,311.05278817055057,2025-08-11 18:00:00+00:00,308.64860591472467,-1.8077364230892632,stop_hit,ema21,holdout
2025-08-12 13:45:00+00:00,309.37,308.8328349966732,310.44433000665356,2025-08-12 14:00:00+00:00,308.32283499667324,-1.9494289405330811,stop_hit,ema21,holdout
2025-08-12 14:45:00+00:00,307.69,307.0876908147643,308.8946183704714,2025-08-12 19:00:00+00:00,307.64,-0.0830138427665606,trail_exit,ema21,holdout
2025-09-04 15:45:00+00:00,327.25,326.6617411359713,328.42651772805743,2025-09-04 16:45:00+00:00,326.1517411359713,-1.8669652616999826,stop_hit,h_ema50,holdout
2025-09-04 18:30:00+00:00,326.83,326.3786609513977,327.73267809720454,2025-09-04 18:45:00+00:00,325.8686609513977,-2.129970920041985,stop_hit,h_ema21,holdout
2025-09-04 19:15:00+00:00,326.99,326.58088852413294,327.80822295173414,2025-09-05 13:30:00+00:00,327.29822295173415,2.0,scaleout_tier_1,h_ema21,holdout
2025-09-04 19:15:00+00:00,326.99,326.58088852413294,328.2173344276012,2025-09-05 13:30:00+00:00,327.7073344276012,3.0,scaleout_tier_2,h_ema21,holdout
2025-09-04 19:15:00+00:00,326.99,326.58088852413294,328.62644590346827,2025-09-05 13:30:00+00:00,328.1164459034683,4.0,scaleout_tier_3,h_ema21,holdout
2025-09-04 19:15:00+00:00,326.99,326.58088852413294,329.03555737933533,2025-09-05 13:30:00+00:00,328.52555737933534,5.0,scaleout_tier_4,h_ema21,holdout
2025-09-04 19:15:00+00:00,326.99,326.58088852413294,329.4446688552024,2025-09-05 13:30:00+00:00,328.9346688552024,6.0,scaleout_tier_5,h_ema21,holdout
2025-09-04 19:15:00+00:00,326.99,326.58088852413294,329.85378033106946,2025-09-05 13:30:00+00:00,329.34378033106947,7.0,scaleout_tier_6,h_ema21,holdout
2025-09-08 18:45:00+00:00,335.07,334.6159936561494,335.9780126877012,2025-09-08 19:00:00+00:00,334.1059936561494,-2.1233323210298747,stop_hit,h_ema21,holdout
2025-09-10 13:45:00+00:00,336.5,335.8796368039292,337.7407263921416,2025-09-10 14:30:00+00:00,335.3696368039292,-1.8220990594383808,stop_hit,h_ema21,holdout
2025-09-10 17:45:00+00:00,336.09,335.6225248190085,337.0249503619829,2025-09-10 18:30:00+00:00,335.1125248190085,-2.090967009025653,stop_hit,h_ema21,holdout
2025-09-11 14:30:00+00:00,335.03999999999996,334.4959221013375,336.1281557973249,2025-09-11 14:45:00+00:00,333.9859221013375,-1.9373657729044873,stop_hit,h_ema21,holdout
2025-09-11 15:15:00+00:00,334.90999999999997,334.3737430235563,335.9825139528873,2025-09-11 15:30:00+00:00,333.8637430235563,-1.951036578362474,stop_hit,h_ema50,holdout
2025-09-12 14:15:00+00:00,336.65999999999997,336.2159500775914,337.5480998448171,2025-09-12 14:30:00+00:00,335.7059500775914,-2.1485195115758713,stop_hit,h_ema21,holdout
2025-09-12 18:45:00+00:00,336.39,336.1043759802442,336.9612480395116,2025-09-12 19:00:00+00:00,335.5943759802442,-2.785564114796872,stop_hit,h_ema21,holdout
2025-09-15 14:45:00+00:00,337.58,337.16593208473296,338.40813583053404,2025-09-15 15:45:00+00:00,337.89813583053404,2.0,scaleout_tier_1,h_ema21,holdout
2025-09-15 14:45:00+00:00,337.58,337.16593208473296,338.82220374580106,2025-09-15 16:00:00+00:00,338.31220374580107,3.0,scaleout_tier_2,h_ema21,holdout
2025-09-15 14:45:00+00:00,337.58,337.16593208473296,339.2362716610681,2025-09-16 13:30:00+00:00,338.7262716610681,4.0,scaleout_tier_3,h_ema21,holdout
2025-09-15 14:45:00+00:00,337.58,337.16593208473296,339.6503395763351,2025-09-16 13:30:00+00:00,339.1403395763351,5.0,scaleout_tier_4,h_ema21,holdout
2025-09-15 14:45:00+00:00,337.58,337.16593208473296,340.06440749160214,2025-09-16 13:45:00+00:00,339.55440749160215,6.0,scaleout_tier_5,h_ema21,holdout
2025-09-15 14:45:00+00:00,337.58,337.16593208473296,340.47847540686917,2025-09-16 14:00:00+00:00,339.9684754068692,7.0,scaleout_tier_6,h_ema21,holdout
2025-09-15 14:45:00+00:00,337.58,337.16593208473296,338.40813583053404,2025-09-16 14:45:00+00:00,338.8,2.9463765605052217,trail_exit,h_ema21,holdout
2025-09-17 14:15:00+00:00,339.62,339.2234782080859,340.4130435838282,2025-09-17 14:30:00+00:00,338.7134782080859,-2.2861840393137287,stop_hit,h_ema21,holdout
2025-09-18 17:00:00+00:00,336.05,335.36152098474275,337.4269580305145,2025-09-18 17:15:00+00:00,334.85152098474276,-1.7407633184134506,stop_hit,h_ema21,holdout
2025-09-18 19:15:00+00:00,335.63,335.18833574072414,336.5133285185517,2025-09-18 19:30:00+00:00,334.67833574072415,-2.1547232751778007,stop_hit,h_ema200,holdout
2025-09-23 19:15:00+00:00,346.32,345.62954470299024,347.7009105940195,2025-09-24 14:15:00+00:00,345.11954470299025,-1.7386430406265538,stop_hit,h_ema21,holdout
2025-09-24 15:15:00+00:00,346.14,345.4794321367836,347.46113572643276,2025-09-24 15:30:00+00:00,344.9694321367836,-1.7720629906467724,stop_hit,h_ema21,holdout
2025-09-25 14:00:00+00:00,344.03,343.37204698217596,345.345906035648,2025-09-25 14:15:00+00:00,342.86204698217597,-1.7751313333688572,stop_hit,h_ema21,holdout
2025-09-25 15:45:00+00:00,344.25,343.5184612465389,345.7130775069222,2025-09-25 16:45:00+00:00,343.0084612465389,-1.6971606050766852,stop_hit,h_ema21,holdout
2025-09-25 17:15:00+00:00,344.71,344.0552392406311,346.0195215187377,2025-09-25 17:30:00+00:00,343.54523924063113,-1.778910453478605,stop_hit,h_ema21,holdout
2025-09-25 18:30:00+00:00,345.56,344.8883764454016,346.9032471091968,2025-09-25 19:30:00+00:00,344.3783764454016,-1.7593539513439924,stop_hit,h_ema21,holdout
2025-09-30 14:15:00+00:00,354.27,353.5545262325526,355.7009475348948,2025-09-30 15:00:00+00:00,353.0445262325526,-1.7128143940476201,stop_hit,h_ema21,holdout
2025-09-30 15:45:00+00:00,353.9,353.0916337381242,355.51673252375156,2025-10-01 13:30:00+00:00,355.00673252375157,2.0,scaleout_tier_1,h_ema21,holdout
2025-09-30 15:45:00+00:00,353.9,353.0916337381242,356.32509878562735,2025-10-01 13:30:00+00:00,355.81509878562736,3.0,scaleout_tier_2,h_ema21,holdout
2025-09-30 15:45:00+00:00,353.9,353.0916337381242,355.51673252375156,2025-10-01 17:45:00+00:00,354.82,1.1380979679498044,trail_exit,h_ema21,holdout
2025-10-06 14:15:00+00:00,363.87,363.00006920215174,365.60986159569654,2025-10-07 13:45:00+00:00,365.09986159569655,2.0,scaleout_tier_1,h_ema21,holdout
2025-10-06 14:15:00+00:00,363.87,363.00006920215174,366.4797923935448,2025-10-07 14:45:00+00:00,365.9697923935448,3.0,scaleout_tier_2,h_ema21,holdout
2025-10-06 14:15:00+00:00,363.87,363.00006920215174,365.60986159569654,2025-10-07 15:45:00+00:00,364.47,0.6897100338142907,trail_exit,h_ema21,holdout
2025-10-07 16:30:00+00:00,365.78,364.944612404364,367.4507751912719,2025-10-08 13:30:00+00:00,366.9407751912719,2.0,scaleout_tier_1,h_ema21,holdout
2025-10-07 16:30:00+00:00,365.78,364.944612404364,368.2861627869078,2025-10-08 13:30:00+00:00,367.77616278690783,3.0,scaleout_tier_2,h_ema21,holdout
2025-10-07 16:30:00+00:00,365.78,364.944612404364,369.1215503825438,2025-10-08 13:30:00+00:00,368.6115503825438,4.0,scaleout_tier_3,h_ema21,holdout
2025-10-07 16:30:00+00:00,365.78,364.944612404364,369.9569379781797,2025-10-08 13:30:00+00:00,369.44693797817973,5.0,scaleout_tier_4,h_ema21,holdout
2025-10-07 16:30:00+00:00,365.78,364.944612404364,370.7923255738157,2025-10-08 13:30:00+00:00,370.2823255738157,6.0,scaleout_tier_5,h_ema21,holdout
2025-10-08 19:00:00+00:00,373.23,372.5179291004359,374.6541417991283,2025-10-08 19:15:00+00:00,372.0079291004359,-1.716220814966829,stop_hit,h_ema21,holdout
2025-10-09 14:15:00+00:00,370.67,369.6188561236281,372.7722877527438,2025-10-09 14:30:00+00:00,369.10885612362813,-1.4851857214449988,stop_hit,h_ema21,holdout
2025-10-09 15:00:00+00:00,370.63,369.4391570348436,373.01168593031275,2025-10-09 15:15:00+00:00,368.9291570348436,-1.4282680545818391,stop_hit,h_ema21,holdout
2025-10-09 16:00:00+00:00,369.78,368.63121184069576,372.0775763186084,2025-10-09 16:30:00+00:00,368.12121184069576,-1.4439460799359918,stop_hit,h_ema21,holdout
2025-10-28 15:15:00+00:00,364.78999999999996,363.28805001980413,367.7938999603916,2025-10-28 18:30:00+00:00,362.77805001980414,-1.33955857833128,stop_hit,h_ema200,holdout
2025-10-28 19:00:00+00:00,364.59,363.55997666305694,366.65004667388604,2025-10-28 19:30:00+00:00,363.04997666305695,-1.4951344126955426,stop_hit,h_ema21,holdout
2025-10-29 17:15:00+00:00,368.28999999999996,367.3532882564839,370.1634234870321,2025-10-29 17:30:00+00:00,366.8432882564839,-1.5444577838702425,stop_hit,h_ema21,holdout
2025-10-29 19:00:00+00:00,365.65,364.31675900023095,368.31648199953804,2025-10-29 19:15:00+00:00,363.80675900023095,-1.382526490025691,stop_hit,h_ema21,holdout
2025-10-30 13:45:00+00:00,366.09,364.4286919316965,369.4126161366069,2025-10-30 18:45:00+00:00,368.9026161366069,2.0,scaleout_tier_1,h_ema21,holdout
2025-10-30 13:45:00+00:00,366.09,364.4286919316965,369.4126161366069,2025-10-31 16:00:00+00:00,365.58,-0.3069870120602037,stop_hit,h_ema21,holdout
2025-10-31 17:45:00+00:00,368.37,367.2653411655712,370.5793176688576,2025-10-31 19:15:00+00:00,366.7553411655712,-1.4616810042203734,stop_hit,h_ema21,holdout
2025-11-04 15:00:00+00:00,364.63,363.3440750345966,367.2018499308068,2025-11-04 15:15:00+00:00,362.8340750345966,-1.396601678730141,stop_hit,h_ema21,holdout
2025-11-04 15:45:00+00:00,365.3,363.984873487977,367.93025302404607,2025-11-04 17:45:00+00:00,363.474873487977,-1.387795391042243,stop_hit,h_ema21,holdout
2025-11-05 14:45:00+00:00,366.28,365.2036117298944,368.4327765402111,2025-11-05 15:00:00+00:00,364.6936117298944,-1.4738067239900141,stop_hit,h_ema200,holdout
2025-11-05 15:30:00+00:00,366.61,365.52170006216403,368.786599875672,2025-11-06 15:00:00+00:00,365.77,-0.7718460424341463,trail_exit,h_ema50,holdout
2025-11-06 17:45:00+00:00,366.74,365.93877584427213,368.34244831145577,2025-11-07 16:15:00+00:00,367.8324483114558,2.0,scaleout_tier_1,h_ema21,holdout
2025-11-06 17:45:00+00:00,366.74,365.93877584427213,369.14367246718365,2025-11-07 16:30:00+00:00,368.63367246718366,3.0,scaleout_tier_2,h_ema21,holdout
2025-11-06 17:45:00+00:00,366.74,365.93877584427213,368.34244831145577,2025-11-07 17:00:00+00:00,367.41,0.8362204199789108,trail_exit,h_ema21,holdout
2025-11-11 16:15:00+00:00,378.93,378.0787250178867,380.6325499642266,2025-11-11 16:30:00+00:00,377.5687250178867,-1.5991013605661388,stop_hit,h_ema21,holdout
2025-11-11 19:00:00+00:00,378.92,378.25001046768415,380.25997906463175,2025-11-12 14:30:00+00:00,379.74997906463176,2.0,scaleout_tier_1,h_ema21,holdout
2025-11-11 19:00:00+00:00,378.92,378.25001046768415,380.9299685969476,2025-11-12 15:00:00+00:00,380.4199685969476,3.0,scaleout_tier_2,h_ema21,holdout
2025-11-11 19:00:00+00:00,378.92,378.25001046768415,381.5999581292635,2025-11-12 15:00:00+00:00,381.0899581292635,4.0,scaleout_tier_3,h_ema21,holdout
2025-11-11 19:00:00+00:00,378.92,378.25001046768415,382.26994766157935,2025-11-12 15:00:00+00:00,381.75994766157936,5.0,scaleout_tier_4,h_ema21,holdout
2025-11-13 17:00:00+00:00,387.46999999999997,386.4440844607451,389.5218310785097,2025-11-13 17:15:00+00:00,385.9340844607451,-1.4971169462648053,stop_hit,h_ema21,holdout
2025-11-14 16:00:00+00:00,377.11,375.38036503374775,380.56926993250454,2025-11-14 20:15:00+00:00,374.87036503374776,-1.2948599039397592,stop_hit,h_ema200,holdout
2025-11-17 17:15:00+00:00,375.31,374.30860443060885,377.3127911387823,2025-11-17 18:15:00+00:00,373.79860443060886,-1.5092892515093428,stop_hit,h_ema21,holdout
2025-11-18 14:45:00+00:00,375.28999999999996,373.98893829472956,377.89212341054076,2025-11-18 15:00:00+00:00,373.4789382947296,-1.39198755749559,stop_hit,ema21,holdout
2025-11-19 19:00:00+00:00,376.31,375.1899904355968,378.55001912880635,2025-11-19 19:15:00+00:00,374.67999043559684,-1.4553532543016778,stop_hit,h_ema21,holdout
2025-11-20 15:30:00+00:00,377.21,376.15396452424733,379.3220709515053,2025-11-20 15:45:00+00:00,375.64396452424734,-1.4829383214010938,stop_hit,h_ema21,holdout
2025-11-20 18:00:00+00:00,374.45,373.2252138846341,376.89957223073174,2025-11-20 18:15:00+00:00,372.7152138846341,-1.4163992337940912,stop_hit,ema21,holdout
2025-11-21 15:00:00+00:00,375.03999999999996,374.01566350894217,377.08867298211555,2025-11-21 15:30:00+00:00,373.5056635089422,-1.497883268293344,stop_hit,h_ema21,holdout
2025-11-21 16:30:00+00:00,374.86,373.8755056707258,376.8289886585485,2025-11-21 16:45:00+00:00,376.3189886585485,2.0,scaleout_tier_1,ema21,holdout
2025-11-21 16:30:00+00:00,374.86,373.8755056707258,376.8289886585485,2025-11-21 20:15:00+00:00,374.35,-0.5180324404468204,stop_hit,ema21,holdout
2025-11-24 15:00:00+00:00,375.92,374.9624517046511,377.8350965906979,2025-11-24 18:30:00+00:00,377.3250965906979,2.0,scaleout_tier_1,ema21,holdout
2025-11-24 15:00:00+00:00,375.92,374.9624517046511,378.79264488604684,2025-11-24 18:45:00+00:00,378.28264488604685,3.0,scaleout_tier_2,ema21,holdout
2025-11-24 15:00:00+00:00,375.92,374.9624517046511,379.7501931813958,2025-11-24 20:30:00+00:00,379.2401931813958,4.0,scaleout_tier_3,ema21,holdout
2025-11-24 15:00:00+00:00,375.92,374.9624517046511,380.70774147674473,2025-11-25 16:15:00+00:00,380.19774147674474,5.0,scaleout_tier_4,ema21,holdout
2025-11-24 15:00:00+00:00,375.92,374.9624517046511,381.6652897720937,2025-11-25 17:00:00+00:00,381.1552897720937,6.0,scaleout_tier_5,ema21,holdout
2025-11-24 15:00:00+00:00,375.92,374.9624517046511,377.8350965906979,2025-11-25 18:45:00+00:00,379.75,3.999798254148929,trail_exit,ema21,holdout
2025-12-02 19:00:00+00:00,385.95,385.1301362472259,387.5897275055482,2025-12-03 14:30:00+00:00,387.0797275055482,2.0,scaleout_tier_1,h_ema21,holdout
2025-12-02 19:00:00+00:00,385.95,385.1301362472259,388.4095912583223,2025-12-03 14:30:00+00:00,387.8995912583223,3.0,scaleout_tier_2,h_ema21,holdout
2025-12-02 19:00:00+00:00,385.95,385.1301362472259,387.5897275055482,2025-12-03 14:45:00+00:00,386.92,1.1831234113203908,trail_exit,h_ema21,holdout
2025-12-03 18:45:00+00:00,387.2,386.30857645835084,388.9828470832983,2025-12-03 19:00:00+00:00,385.79857645835085,-1.5721186127264302,stop_hit,h_ema21,holdout
2025-12-04 17:45:00+00:00,387.95,387.2487955171957,389.3524089656086,2025-12-04 18:00:00+00:00,386.7387955171957,-1.7273199366329735,stop_hit,h_ema21,holdout
2025-12-08 16:30:00+00:00,386.33,385.42142144939504,388.14715710120987,2025-12-08 16:45:00+00:00,384.91142144939505,-1.5613163547174058,stop_hit,h_ema21,holdout
2025-12-08 17:30:00+00:00,386.02,385.2068382449024,387.6463235101951,2025-12-08 17:45:00+00:00,384.69683824490244,-1.6271814885573501,stop_hit,h_ema21,holdout
2025-12-09 15:30:00+00:00,387.34,386.60648027815586,388.8070394436882,2025-12-09 15:45:00+00:00,386.09648027815587,-1.695277829364719,stop_hit,h_ema21,holdout
2025-12-09 19:00:00+00:00,387.57,386.92223713692823,388.8655257261435,2025-12-10 14:30:00+00:00,386.41223713692824,-1.7873251602932523,stop_hit,h_ema21,holdout
2025-12-10 15:15:00+00:00,386.18,385.512922559768,387.514154880464,2025-12-10 15:45:00+00:00,385.002922559768,-1.7645289275899156,stop_hit,h_ema21,holdout
2025-12-11 14:45:00+00:00,390.65999999999997,389.5853743598629,392.8092512802741,2025-12-11 15:00:00+00:00,389.0753743598629,-1.4745838745620652,stop_hit,h_ema21,holdout
2025-12-29 16:15:00+00:00,398.99,397.21432715093647,402.5413456981271,2025-12-29 17:30:00+00:00,396.7043271509365,-1.2872150690759034,stop_hit,h_ema21,holdout
2025-12-30 19:15:00+00:00,401.9,400.953707171848,403.7925856563039,2025-12-30 19:30:00+00:00,400.443707171848,-1.5389452237485293,stop_hit,h_ema21,holdout
2025-12-31 14:45:00+00:00,399.76,398.7364216865181,401.8071566269638,2025-12-31 15:00:00+00:00,398.2264216865181,-1.4982520568114923,stop_hit,h_ema21,holdout
2025-12-31 16:00:00+00:00,399.03,397.9722498758931,401.1455002482137,2025-12-31 16:15:00+00:00,397.4622498758931,-1.4821554622180952,stop_hit,h_ema21,holdout
2026-01-02 14:45:00+00:00,401.08,399.9106351739132,403.41872965217357,2026-01-02 15:00:00+00:00,399.4006351739132,-1.4361342060430147,stop_hit,h_ema21,holdout
2026-01-07 16:00:00+00:00,409.26,408.16354241788184,411.4529151642363,2026-01-08 14:30:00+00:00,407.65354241788185,-1.4651342726954995,stop_hit,h_ema50,holdout
2026-01-08 15:15:00+00:00,409.39,408.40576901037065,411.35846197925866,2026-01-08 20:45:00+00:00,410.8484619792587,2.0,scaleout_tier_1,h_ema21,holdout
2026-01-08 15:15:00+00:00,409.39,408.40576901037065,412.342692968888,2026-01-09 14:30:00+00:00,411.832692968888,3.0,scaleout_tier_2,h_ema21,holdout
2026-01-08 15:15:00+00:00,409.39,408.40576901037065,413.32692395851734,2026-01-09 15:00:00+00:00,412.81692395851735,4.0,scaleout_tier_3,h_ema21,holdout
2026-01-08 15:15:00+00:00,409.39,408.40576901037065,414.3111549481467,2026-01-09 15:30:00+00:00,413.8011549481467,5.0,scaleout_tier_4,h_ema21,holdout
2026-01-08 15:15:00+00:00,409.39,408.40576901037065,411.35846197925866,2026-01-09 17:45:00+00:00,411.8,2.4486121910341705,trail_exit,h_ema21,holdout
2026-01-13 18:45:00+00:00,423.48,422.3931377034277,425.6537245931446,2026-01-13 19:00:00+00:00,421.88313770342774,-1.469240677138595,stop_hit,h_ema21,holdout
2026-01-14 16:00:00+00:00,425.07,423.83083278838893,427.5483344232221,2026-01-14 16:45:00+00:00,423.32083278838894,-1.411566732254747,stop_hit,h_ema21,holdout
2026-01-14 18:00:00+00:00,424.68,423.59620059051514,426.84759881896974,2026-01-15 14:30:00+00:00,423.08620059051515,-1.4705667815803616,stop_hit,h_ema21,holdout
2026-01-15 15:00:00+00:00,424.28,423.2153564008382,426.40928719832357,2026-01-15 16:30:00+00:00,422.7053564008382,-1.4790335473782192,stop_hit,h_ema21,holdout
2026-01-16 14:45:00+00:00,424.24,423.51820894380285,425.68358211239433,2026-01-16 15:15:00+00:00,423.00820894380286,-1.7065756712018345,stop_hit,h_ema21,holdout
2026-01-16 16:15:00+00:00,422.8,421.4815517720917,425.4368964558167,2026-01-16 16:45:00+00:00,420.9715517720917,-1.3868183742103288,stop_hit,h_ema21,holdout
2026-01-27 17:15:00+00:00,468.55,466.85681990828346,471.9363601834331,2026-01-27 17:30:00+00:00,466.34681990828346,-1.3012083608205847,stop_hit,h_ema21,holdout
2026-01-29 16:00:00+00:00,476.59999999999997,470.58868534316804,488.6226293136638,2026-01-29 17:15:00+00:00,488.11262931366383,2.0,scaleout_tier_1,h_ema21,holdout
2026-01-29 16:00:00+00:00,476.59999999999997,470.58868534316804,494.63394397049575,2026-01-29 20:45:00+00:00,494.12394397049576,3.0,scaleout_tier_2,h_ema21,holdout
2026-01-29 16:00:00+00:00,476.59999999999997,470.58868534316804,488.6226293136638,2026-01-30 14:30:00+00:00,476.09,-0.08484001073215658,stop_hit,h_ema21,holdout
2026-01-30 15:30:00+00:00,464.11,457.90611019914184,476.51777960171637,2026-01-30 16:30:00+00:00,457.39611019914184,-1.0822064892141448,stop_hit,h_ema21,holdout
2026-02-02 16:15:00+00:00,432.34999999999997,425.97655670634,445.09688658731994,2026-02-02 18:00:00+00:00,425.46655670634,-1.0800195399098185,stop_hit,ema21,holdout
2026-02-03 14:45:00+00:00,452.55,446.92688433497756,463.7962313300449,2026-02-04 15:45:00+00:00,451.7,-0.151161749221573,trail_exit,h_ema21,holdout
2026-02-04 18:15:00+00:00,451.87,448.21125207024437,459.1874958595113,2026-02-05 14:30:00+00:00,447.7012520702444,-1.139391947680324,stop_hit,ema21,holdout
2026-02-05 16:30:00+00:00,446.42,443.0463812379478,453.16723752410445,2026-02-05 19:45:00+00:00,443.14,-0.9722497505926727,trail_exit,ema21,holdout
2026-02-06 14:45:00+00:00,453.8,450.59410333878446,460.2117933224311,2026-02-09 14:30:00+00:00,459.7017933224311,2.0,scaleout_tier_1,ema21,holdout
2026-02-06 14:45:00+00:00,453.8,450.59410333878446,463.41768998364665,2026-02-09 15:30:00+00:00,462.90768998364666,3.0,scaleout_tier_2,ema21,holdout
2026-02-06 14:45:00+00:00,453.8,450.59410333878446,466.6235866448622,2026-02-09 16:30:00+00:00,466.1135866448622,4.0,scaleout_tier_3,ema21,holdout
2026-02-06 14:45:00+00:00,453.8,450.59410333878446,469.82948330607775,2026-02-25 14:30:00+00:00,469.31948330607776,5.0,scaleout_tier_4,ema21,holdout
2026-02-06 14:45:00+00:00,453.8,450.59410333878446,473.0353799672933,2026-02-25 14:30:00+00:00,472.5253799672933,6.0,scaleout_tier_5,ema21,holdout
2026-02-06 14:45:00+00:00,453.8,450.59410333878446,476.24127662850884,2026-02-25 14:45:00+00:00,475.73127662850885,7.0,scaleout_tier_6,ema21,holdout
2026-02-06 14:45:00+00:00,453.8,450.59410333878446,460.2117933224311,2026-02-25 20:15:00+00:00,476.14,6.968409266045882,trail_exit,ema21,holdout
2026-02-26 14:45:00+00:00,475.75,474.3788402626529,478.4923194746942,2026-02-26 15:00:00+00:00,473.8688402626529,-1.371947911033857,stop_hit,h_ema21,holdout
2026-02-26 15:45:00+00:00,476.01,474.39590995266633,479.2381800946673,2026-02-26 17:45:00+00:00,473.88590995266634,-1.3159675018394836,stop_hit,h_ema21,holdout
2026-02-27 17:45:00+00:00,481.56,480.21630284713956,484.2473943057209,2026-02-27 18:15:00+00:00,479.70630284713957,-1.379549810695297,stop_hit,h_ema21,holdout
2026-02-27 18:45:00+00:00,482.03,480.8168314144406,484.45633717111866,2026-03-02 14:30:00+00:00,483.94633717111867,2.0,scaleout_tier_1,h_ema21,holdout
2026-02-27 18:45:00+00:00,482.03,480.8168314144406,485.669505756678,2026-03-02 14:30:00+00:00,485.159505756678,3.0,scaleout_tier_2,h_ema21,holdout
2026-02-27 18:45:00+00:00,482.03,480.8168314144406,486.88267434223735,2026-03-02 14:30:00+00:00,486.37267434223736,4.0,scaleout_tier_3,h_ema21,holdout
2026-02-27 18:45:00+00:00,482.03,480.8168314144406,488.0958429277967,2026-03-02 14:30:00+00:00,487.5858429277967,5.0,scaleout_tier_4,h_ema21,holdout
2026-02-27 18:45:00+00:00,482.03,480.8168314144406,489.30901151335604,2026-03-02 14:30:00+00:00,488.79901151335605,6.0,scaleout_tier_5,h_ema21,holdout
2026-02-27 18:45:00+00:00,482.03,480.8168314144406,490.5221800989154,2026-03-02 14:30:00+00:00,490.0121800989154,7.0,scaleout_tier_6,h_ema21,holdout
2026-03-03 18:45:00+00:00,472.25,469.4128225108194,477.9243549783612,2026-03-03 19:00:00+00:00,469.14,-1.096159832037233,trail_exit,h_ema21,holdout
2026-03-04 14:45:00+00:00,475.75,472.925098508576,481.399802982848,2026-03-04 15:00:00+00:00,472.415098508576,-1.1805372688386766,stop_hit,h_ema21,holdout
2026-03-04 15:30:00+00:00,474.37,471.5007330259991,480.10853394800176,2026-03-04 17:15:00+00:00,470.99073302599913,-1.1777457464297412,stop_hit,h_ema21,holdout
2026-03-05 16:00:00+00:00,469.2,467.1955061202991,473.20898775940174,2026-03-05 16:15:00+00:00,466.6855061202991,-1.2544283148802116,stop_hit,ema21,holdout
2026-03-05 17:15:00+00:00,467.76,465.8264528803553,471.62709423928936,2026-03-05 17:30:00+00:00,465.3164528803553,-1.2637639366625366,stop_hit,ema21,holdout
2026-03-05 18:15:00+00:00,466.51,464.6481997270884,470.23360054582315,2026-03-05 19:30:00+00:00,464.1381997270884,-1.2739284161788345,stop_hit,ema21,holdout
2026-03-06 15:00:00+00:00,471.99,470.16066013695405,475.6486797260919,2026-03-09 13:30:00+00:00,469.65066013695406,-1.2787890923400154,stop_hit,ema21,holdout
2026-03-09 14:45:00+00:00,470.21,468.3658511022578,473.8982977954843,2026-03-09 15:00:00+00:00,467.8558511022578,-1.2765503374615759,stop_hit,ema21,holdout
2026-03-10 14:30:00+00:00,479.12,477.3365241033702,482.6869517932596,2026-03-10 18:15:00+00:00,476.8265241033702,-1.2859584483108122,stop_hit,h_ema200,holdout
2026-03-11 14:00:00+00:00,476.18,474.5642976367515,479.411404726497,2026-03-11 15:45:00+00:00,474.0542976367515,-1.3156521965930648,stop_hit,h_ema21,holdout
2026-03-11 16:15:00+00:00,475.75,474.36606318908457,478.51787362183086,2026-03-11 17:30:00+00:00,473.8560631890846,-1.3685139350131474,stop_hit,h_ema21,holdout
2026-03-11 18:00:00+00:00,475.52,474.3290909739927,477.9018180520145,2026-03-12 13:30:00+00:00,473.81909097399273,-1.42824429814749,stop_hit,h_ema21,holdout
2026-03-12 14:15:00+00:00,474.64,473.594509181626,476.73098163674797,2026-03-12 14:30:00+00:00,473.084509181626,-1.4878091620098326,stop_hit,h_ema21,holdout
2026-03-13 13:45:00+00:00,470.26,469.0658511158805,472.648297768239,2026-03-13 14:00:00+00:00,468.5558511158805,-1.427082423960926,stop_hit,ema21,holdout
2026-03-13 16:30:00+00:00,463.68,462.03377999213893,466.97244001572216,2026-03-13 19:30:00+00:00,461.52377999213894,-1.3098006327007476,stop_hit,ema21,holdout
2026-03-16 16:15:00+00:00,459.45,458.1399068067899,462.0701863864202,2026-03-16 16:30:00+00:00,457.6299068067899,-1.389285283400602,stop_hit,ema21,holdout
2026-03-16 17:15:00+00:00,460.05,458.7307577131593,462.6884845736815,2026-03-16 17:30:00+00:00,458.2207577131593,-1.3865855461784187,stop_hit,ema21,holdout
2026-03-16 18:15:00+00:00,459.76,458.55415506678315,462.17168986643367,2026-03-17 15:15:00+00:00,458.28000000000003,-1.2273551592174947,trail_exit,ema21,holdout
2026-03-17 16:00:00+00:00,459.65999999999997,458.3814392958211,462.2171214083577,2026-03-18 13:30:00+00:00,457.8714392958211,-1.3988860273376953,stop_hit,ema21,holdout
2026-03-18 16:15:00+00:00,448.56,447.0670704883689,451.54585902326215,2026-03-18 18:45:00+00:00,446.55707048836894,-1.341610234124717,stop_hit,ema50,holdout
2026-03-19 14:00:00+00:00,424.88,421.32787820382936,431.9842435923413,2026-03-19 14:15:00+00:00,420.81787820382937,-1.1435761579318018,stop_hit,ema50,holdout
2026-03-20 15:15:00+00:00,420.87,418.11038827477745,426.3892234504451,2026-03-20 15:45:00+00:00,417.60038827477746,-1.1848086074351132,stop_hit,donchian_low,holdout
2026-03-20 16:15:00+00:00,421.96999999999997,419.265966772072,427.37806645585596,2026-03-20 17:30:00+00:00,418.755966772072,-1.1886071497689346,stop_hit,donchian_low,holdout
2026-03-20 18:00:00+00:00,420.65999999999997,418.2799783355915,425.42004332881686,2026-03-20 18:15:00+00:00,417.76997833559153,-1.214283763726475,stop_hit,donchian_low,holdout
2026-03-23 17:45:00+00:00,406.53,403.30144718484263,412.98710563031466,2026-03-24 13:30:00+00:00,402.79144718484264,-1.1579655124753274,stop_hit,ema100,holdout
2026-03-24 14:00:00+00:00,402.93,399.9204874846729,408.94902503065424,2026-03-25 13:30:00+00:00,408.43902503065425,2.0,scaleout_tier_1,ema100,holdout
2026-03-24 14:00:00+00:00,402.93,399.9204874846729,411.95853754598136,2026-03-25 13:30:00+00:00,411.44853754598137,3.0,scaleout_tier_2,ema100,holdout
2026-03-24 14:00:00+00:00,402.93,399.9204874846729,414.9680500613085,2026-03-25 13:30:00+00:00,414.4580500613085,4.0,scaleout_tier_3,ema100,holdout
2026-03-24 14:00:00+00:00,402.93,399.9204874846729,417.9775625766356,2026-03-25 13:30:00+00:00,417.4675625766356,5.0,scaleout_tier_4,ema100,holdout
2026-03-26 14:30:00+00:00,410.0,407.60994242258164,414.7801151548367,2026-03-26 14:45:00+00:00,409.56,-0.18409598335922397,trail_exit,ema100,holdout
2026-03-26 18:15:00+00:00,403.45,401.4955407658861,407.3589184682277,2026-03-26 19:45:00+00:00,400.9855407658861,-1.2609417434235815,stop_hit,ema100,holdout
2026-03-27 13:45:00+00:00,407.3,405.21171569742364,411.47656860515275,2026-03-27 14:45:00+00:00,410.96656860515276,2.0,scaleout_tier_1,ema100,holdout
2026-03-27 13:45:00+00:00,407.3,405.21171569742364,413.5648529077291,2026-03-27 14:45:00+00:00,413.0548529077291,3.0,scaleout_tier_2,ema100,holdout
2026-03-27 13:45:00+00:00,407.3,405.21171569742364,415.6531372103055,2026-03-27 15:00:00+00:00,415.1431372103055,4.0,scaleout_tier_3,ema100,holdout
2026-03-27 13:45:00+00:00,407.3,405.21171569742364,411.47656860515275,2026-03-27 17:15:00+00:00,412.34000000000003,2.413464485550193,trail_exit,ema100,holdout
2026-03-27 18:15:00+00:00,413.78,411.9148382363664,417.51032352726713,2026-03-30 15:30:00+00:00,417.00032352726714,2.0,scaleout_tier_1,ema100,holdout
2026-03-27 18:15:00+00:00,413.78,411.9148382363664,417.51032352726713,2026-03-30 17:00:00+00:00,414.92,0.611207039639915,trail_exit,ema100,holdout
2026-03-31 18:15:00+00:00,429.13,427.4205194064017,432.5489611871966,2026-04-01 13:30:00+00:00,432.0389611871966,2.0,scaleout_tier_1,ema21,holdout
2026-03-31 18:15:00+00:00,429.13,427.4205194064017,434.2584417807949,2026-04-01 13:30:00+00:00,433.7484417807949,3.0,scaleout_tier_2,ema21,holdout
2026-03-31 18:15:00+00:00,429.13,427.4205194064017,435.9679223743932,2026-04-01 14:30:00+00:00,435.4579223743932,4.0,scaleout_tier_3,ema21,holdout
2026-03-31 18:15:00+00:00,429.13,427.4205194064017,437.6774029679915,2026-04-01 15:15:00+00:00,437.1674029679915,5.0,scaleout_tier_4,ema21,holdout
2026-03-31 18:15:00+00:00,429.13,427.4205194064017,439.3868835615898,2026-04-01 15:30:00+00:00,438.8768835615898,6.0,scaleout_tier_5,ema21,holdout
2026-03-31 18:15:00+00:00,429.13,427.4205194064017,432.5489611871966,2026-04-01 18:15:00+00:00,436.02,4.030464005149755,trail_exit,ema21,holdout
2026-04-02 14:45:00+00:00,431.46,428.79194633838387,436.7961073232322,2026-04-02 15:00:00+00:00,428.2819463383839,-1.1911505781675582,stop_hit,ema21,holdout
2026-04-02 16:45:00+00:00,428.40999999999997,426.20593948732545,432.818121025349,2026-04-06 16:45:00+00:00,427.6,-0.3675035214968083,trail_exit,ema21,holdout
2026-04-07 14:00:00+00:00,427.02,425.8455308521427,429.36893829571454,2026-04-07 14:15:00+00:00,425.3355308521427,-1.4342387375014856,stop_hit,ema21,holdout
2026-04-07 17:15:00+00:00,429.18,427.76880867296046,432.0023826540791,2026-04-08 13:30:00+00:00,431.4923826540791,2.0,scaleout_tier_1,ema21,holdout
2026-04-07 17:15:00+00:00,429.18,427.76880867296046,433.41357398111865,2026-04-08 13:30:00+00:00,432.90357398111865,3.0,scaleout_tier_2,ema21,holdout
2026-04-07 17:15:00+00:00,429.18,427.76880867296046,434.8247653081582,2026-04-08 13:30:00+00:00,434.3147653081582,4.0,scaleout_tier_3,ema21,holdout
2026-04-07 17:15:00+00:00,429.18,427.76880867296046,436.23595663519774,2026-04-08 13:30:00+00:00,435.72595663519775,5.0,scaleout_tier_4,ema21,holdout
2026-04-07 17:15:00+00:00,429.18,427.76880867296046,437.6471479622373,2026-04-08 13:30:00+00:00,437.1371479622373,6.0,scaleout_tier_5,ema21,holdout
2026-04-08 19:15:00+00:00,433.57,432.01892793107055,436.6721441378589,2026-04-08 19:30:00+00:00,433.16,-0.26433330095548174,trail_exit,ema21,holdout
2026-04-09 15:00:00+00:00,438.43,436.83243367840197,441.6251326431961,2026-04-09 19:45:00+00:00,437.39,-0.6509901879752408,trail_exit,ema21,holdout
2026-04-10 17:00:00+00:00,438.01,436.8533359109108,440.3233281781784,2026-04-10 18:00:00+00:00,436.3433359109108,-1.4409231727783542,stop_hit,ema21,holdout
2026-04-13 15:45:00+00:00,433.2,432.0230456352683,435.55390872946333,2026-04-13 17:15:00+00:00,435.04390872946334,2.0,scaleout_tier_1,ema21,holdout
2026-04-13 15:45:00+00:00,433.2,432.0230456352683,436.730863094195,2026-04-14 13:30:00+00:00,436.220863094195,3.0,scaleout_tier_2,ema21,holdout
2026-04-13 15:45:00+00:00,433.2,432.0230456352683,437.9078174589267,2026-04-14 13:30:00+00:00,437.3978174589267,4.0,scaleout_tier_3,ema21,holdout
2026-04-13 15:45:00+00:00,433.2,432.0230456352683,439.08477182365834,2026-04-14 13:30:00+00:00,438.57477182365835,5.0,scaleout_tier_4,ema21,holdout
2026-04-15 14:00:00+00:00,444.07,443.056902475573,446.096195048854,2026-04-15 14:15:00+00:00,442.546902475573,-1.5034066195043214,stop_hit,h_ema21,holdout
2026-04-15 15:45:00+00:00,441.7,440.6289429392825,443.8421141214349,2026-04-15 17:30:00+00:00,440.11894293928253,-1.476165107075023,stop_hit,ema21,holdout
2026-04-15 18:15:00+00:00,441.14,440.21971097823257,442.9805780435348,2026-04-16 13:45:00+00:00,439.7097109782326,-1.5541737301402716,stop_hit,ema21,holdout
2026-04-16 18:00:00+00:00,440.15999999999997,439.14570349128377,442.18859301743237,2026-04-16 19:45:00+00:00,438.6357034912838,-1.502811550288683,stop_hit,ema21,holdout
2026-04-20 14:30:00+00:00,443.56,442.50529067397474,445.6694186520505,2026-04-20 14:45:00+00:00,441.99529067397475,-1.483545548916267,stop_hit,ema21,holdout
2026-04-20 15:30:00+00:00,442.23,441.0345230356985,444.62095392860306,2026-04-20 15:45:00+00:00,440.5245230356985,-1.4266079692283893,stop_hit,ema21,holdout
2026-04-20 16:30:00+00:00,441.46999999999997,440.3891691592717,443.6316616814565,2026-04-21 13:30:00+00:00,439.8791691592717,-1.4718592223519062,stop_hit,ema21,holdout
2026-04-21 17:45:00+00:00,433.71,432.39428952261704,436.34142095476585,2026-04-21 18:00:00+00:00,431.88428952261705,-1.3876232718116115,stop_hit,ema21,holdout
2026-04-22 13:45:00+00:00,437.17,435.3617675798901,440.7864648402198,2026-04-22 14:30:00+00:00,434.8517675798901,-1.2820433890732883,stop_hit,ema21,holdout
2026-04-23 16:30:00+00:00,434.08,433.2263368705869,435.7873262588261,2026-04-23 17:00:00+00:00,432.71633687058693,-1.597425357178822,stop_hit,ema21,holdout
2026-04-23 18:00:00+00:00,432.92,431.5076479126975,435.74470417460503,2026-04-23 18:45:00+00:00,430.9976479126975,-1.3610997601696149,stop_hit,ema21,holdout
2026-04-24 14:45:00+00:00,434.84999999999997,433.535789849552,437.47842030089595,2026-04-24 15:00:00+00:00,433.025789849552,-1.388065789802446,stop_hit,ema21,holdout
2026-04-27 14:45:00+00:00,431.58,430.6979858165598,433.3440283668803,2026-04-27 15:00:00+00:00,430.18798581655983,-1.5782219941303135,stop_hit,ema21,holdout
2026-04-27 17:45:00+00:00,430.52,429.728937370429,432.102125259142,2026-04-27 18:00:00+00:00,429.218937370429,-1.6447024305478406,stop_hit,h_ema21,holdout
2026-04-27 18:30:00+00:00,430.64,429.9363649427232,432.0472701145536,2026-04-27 18:45:00+00:00,429.4263649427232,-1.7248075472159923,stop_hit,h_ema21,holdout
2026-04-28 15:00:00+00:00,420.55,419.1950894915051,423.25982101698986,2026-04-29 13:30:00+00:00,418.6850894915051,-1.3764086238924476,stop_hit,ema100,holdout
2026-04-29 15:30:00+00:00,417.71,416.537231246908,420.05553750618395,2026-04-29 18:00:00+00:00,416.027231246908,-1.4348683392658474,stop_hit,ema100,holdout
2026-04-29 19:00:00+00:00,417.25,415.9857970240963,419.7784059518074,2026-04-30 13:30:00+00:00,419.2684059518074,2.0,scaleout_tier_1,ema100,holdout
2026-04-29 19:00:00+00:00,417.25,415.9857970240963,421.04260892771106,2026-04-30 13:30:00+00:00,420.53260892771107,3.0,scaleout_tier_2,ema100,holdout
2026-04-29 19:00:00+00:00,417.25,415.9857970240963,422.30681190361474,2026-04-30 13:30:00+00:00,421.79681190361475,4.0,scaleout_tier_3,ema100,holdout
2026-04-29 19:00:00+00:00,417.25,415.9857970240963,423.57101487951843,2026-04-30 13:30:00+00:00,423.06101487951844,5.0,scaleout_tier_4,ema100,holdout
2026-05-01 15:15:00+00:00,426.15,424.87094429059226,428.7081114188154,2026-05-01 17:30:00+00:00,424.3609442905923,-1.3987316551177853,stop_hit,ema21,holdout
2026-05-05 13:45:00+00:00,420.43,419.0346569378649,423.22068612427023,2026-05-05 16:00:00+00:00,418.5246569378649,-1.365501512738813,stop_hit,ema100,holdout
2026-05-05 17:00:00+00:00,419.17,418.1472271479502,421.2155457040996,2026-05-05 19:45:00+00:00,417.6372271479502,-1.4986444438546356,stop_hit,ema100,holdout
2026-05-06 16:30:00+00:00,430.96,429.7475588021757,433.3848823956485,2026-05-06 16:45:00+00:00,429.2375588021757,-1.420638956276965,stop_hit,ema21,holdout
2026-05-07 14:15:00+00:00,436.78999999999996,435.6578840871483,439.05423182570325,2026-05-07 15:15:00+00:00,435.1478840871483,-1.4504839073548312,stop_hit,ema21,holdout
2026-05-07 18:30:00+00:00,433.18,432.0130664726224,435.51386705475517,2026-05-07 18:45:00+00:00,431.50306647262244,-1.4370428889348144,stop_hit,ema21,holdout
