entry_date,entry_price,stop,target,exit_date,exit_price,R_multiple,exit_reason,zone_triggered,period
2024-07-25 11:00:00+00:00,2380.8150000000005,2374.5459445154506,2393.3531109691003,2024-07-25 11:15:00+00:00,2374.5309445154503,-1.0023927049357426,stop_hit,ema50,train
2024-07-26 01:45:00+00:00,2368.6150000000002,2363.865081900898,2378.1148361982046,2024-07-26 05:00:00+00:00,2367.3849999999998,-0.2589518333448676,trail_exit,ema50,train
2024-07-26 10:45:00+00:00,2373.215,2369.2555729743444,2381.1338540513116,2024-07-26 11:00:00+00:00,2369.240572974344,-1.0037884269373152,stop_hit,ema50,train
2024-07-29 10:30:00+00:00,2393.215,2388.751354308862,2402.142291382276,2024-07-29 11:15:00+00:00,2388.736354308862,-1.0033604817761652,stop_hit,ema21,train
2024-07-30 03:30:00+00:00,2429.1150000000002,2424.0751973609586,2439.1946052780836,2024-07-30 13:15:00+00:00,2439.1796052780833,2.0,scaleout_tier_1,,train
2024-07-30 03:30:00+00:00,2429.1150000000002,2424.0751973609586,2439.1946052780836,2024-07-30 15:15:00+00:00,2429.1,-0.002976307025225033,stop_hit,,train
2024-07-31 01:45:00+00:00,2456.3150000000005,2452.146410623328,2464.6521787533457,2024-07-31 02:00:00+00:00,2452.1314106233276,-1.0035983395448511,stop_hit,h_ema21,train
2024-07-31 03:15:00+00:00,2460.3150000000005,2455.3409995940488,2470.263000811904,2024-07-31 13:45:00+00:00,2470.2480008119037,2.0,scaleout_tier_1,h_ema21,train
2024-07-31 03:15:00+00:00,2460.3150000000005,2455.3409995940488,2475.237001217856,2024-07-31 18:30:00+00:00,2475.2220012178554,3.0,scaleout_tier_2,h_ema21,train
2024-07-31 03:15:00+00:00,2460.3150000000005,2455.3409995940488,2480.2110016238075,2024-07-31 19:15:00+00:00,2480.196001623807,4.0,scaleout_tier_3,h_ema21,train
2024-07-31 03:15:00+00:00,2460.3150000000005,2455.3409995940488,2485.1850020297593,2024-07-31 19:15:00+00:00,2485.170002029759,5.0,scaleout_tier_4,h_ema21,train
2024-08-01 01:15:00+00:00,2496.715,2491.997059590169,2506.1508808196622,2024-08-01 02:30:00+00:00,2491.982059590169,-1.0031793534248696,stop_hit,h_ema21,train
2024-08-02 00:30:00+00:00,2493.715,2489.1641542172138,2502.816691565573,2024-08-02 01:00:00+00:00,2489.1491542172134,-1.0032960905986015,stop_hit,h_ema21,train
2024-08-02 03:00:00+00:00,2499.9150000000004,2493.1126800611682,2513.5196398776648,2024-08-02 11:45:00+00:00,2503.4849999999997,0.5248209481620113,trail_exit,h_ema21,train
2024-08-02 12:45:00+00:00,2515.4150000000004,2508.4794273013367,2529.286145397328,2024-08-02 13:00:00+00:00,2508.4644273013364,-1.002162762997671,stop_hit,h_ema21,train
2024-08-06 00:45:00+00:00,2456.715,2450.6138111316495,2468.9173777367014,2024-08-06 02:00:00+00:00,2450.598811131649,-1.002458537233315,stop_hit,ema21,train
2024-08-06 08:15:00+00:00,2454.3150000000005,2447.0802383180185,2468.7845233639646,2024-08-06 12:15:00+00:00,2447.065238318018,-1.0020733233048553,stop_hit,ema21,train
2024-08-06 18:30:00+00:00,2435.215,2428.3652681887183,2448.9144636225637,2024-08-06 19:30:00+00:00,2428.350268188718,-1.0021898667588156,stop_hit,ema21,train
2024-08-07 04:15:00+00:00,2429.5150000000003,2424.144703534467,2440.2555929310665,2024-08-07 11:45:00+00:00,2440.240592931066,2.0,scaleout_tier_1,ema21,train
2024-08-07 04:15:00+00:00,2429.5150000000003,2424.144703534467,2440.2555929310665,2024-08-07 15:30:00+00:00,2433.785,0.7951143903143251,trail_exit,ema21,train
2024-08-08 00:30:00+00:00,2425.6150000000002,2421.6736914736302,2433.49761705274,2024-08-08 04:00:00+00:00,2433.48261705274,2.0,scaleout_tier_1,ema21,train
2024-08-08 00:30:00+00:00,2425.6150000000002,2421.6736914736302,2437.43892557911,2024-08-08 06:15:00+00:00,2437.42392557911,3.0,scaleout_tier_2,ema21,train
2024-08-08 00:30:00+00:00,2425.6150000000002,2421.6736914736302,2441.38023410548,2024-08-08 10:30:00+00:00,2441.36523410548,4.0,scaleout_tier_3,ema21,train
2024-08-09 02:00:00+00:00,2466.6150000000002,2462.1875466458932,2475.4699067082142,2024-08-09 02:45:00+00:00,2462.172546645893,-1.003387952125213,stop_hit,h_ema21,train
2024-08-12 04:30:00+00:00,2469.0150000000003,2465.689133569158,2475.666732861685,2024-08-12 06:45:00+00:00,2475.6517328616846,2.0,scaleout_tier_1,h_ema21,train
2024-08-12 04:30:00+00:00,2469.0150000000003,2465.689133569158,2478.9925992925273,2024-08-12 07:30:00+00:00,2478.977599292527,3.0,scaleout_tier_2,h_ema21,train
2024-08-12 04:30:00+00:00,2469.0150000000003,2465.689133569158,2482.3184657233696,2024-08-12 10:30:00+00:00,2482.3034657233693,4.0,scaleout_tier_3,h_ema21,train
2024-08-12 12:45:00+00:00,2484.3150000000005,2480.750829312237,2502.1358534388187,2024-08-12 16:00:00+00:00,2502.1208534388184,5.0,scaleout_tier_4,h_ema21,train
2024-08-12 12:45:00+00:00,2484.3150000000005,2480.750829312237,2505.7000241265823,2024-08-12 17:30:00+00:00,2505.685024126582,6.0,scaleout_tier_5,h_ema21,train
2024-08-12 12:45:00+00:00,2484.3150000000005,2480.750829312237,2509.264194814346,2024-08-12 18:15:00+00:00,2509.2491948143456,7.0,scaleout_tier_6,h_ema21,train
2024-08-13 11:30:00+00:00,2504.3150000000005,2500.258638497054,2512.4277230058933,2024-08-13 13:15:00+00:00,2500.243638497054,-1.0036978952663445,stop_hit,h_ema21,train
2024-08-14 01:15:00+00:00,2507.9150000000004,2504.7645568925927,2514.215886214816,2024-08-14 01:45:00+00:00,2504.7495568925924,-1.0047612350037547,stop_hit,h_ema21,train
2024-08-15 00:15:00+00:00,2487.1150000000002,2483.9671638428063,2493.410672314388,2024-08-15 06:00:00+00:00,2493.395672314388,2.0,scaleout_tier_1,h_ema21,train
2024-08-15 00:15:00+00:00,2487.1150000000002,2483.9671638428063,2496.558508471582,2024-08-15 10:00:00+00:00,2496.543508471582,3.0,scaleout_tier_2,h_ema21,train
2024-08-15 00:15:00+00:00,2487.1150000000002,2483.9671638428063,2499.706344628776,2024-08-15 11:45:00+00:00,2499.691344628776,4.0,scaleout_tier_3,h_ema21,train
2024-08-16 00:30:00+00:00,2496.1150000000002,2492.8927915708778,2502.559416858245,2024-08-16 02:00:00+00:00,2493.8849999999998,-0.6920719280123613,trail_exit,h_ema21,train
2024-09-04 02:45:00+00:00,2527.215,2523.9339850431666,2533.7770299136673,2024-09-04 06:00:00+00:00,2523.9189850431662,-1.0045717560564866,stop_hit,h_ema21,train
2024-09-05 01:30:00+00:00,2528.4150000000004,2525.5285919320236,2534.187816135954,2024-09-05 03:45:00+00:00,2525.5135919320232,-1.0051967703966547,stop_hit,h_ema21,train
2024-09-06 04:00:00+00:00,2547.9150000000004,2545.575041929558,2552.594916140885,2024-09-06 11:45:00+00:00,2545.560041929558,-1.0064103712753676,stop_hit,h_ema21,train
2024-09-09 03:45:00+00:00,2528.4150000000004,2525.020050572346,2535.2048988553092,2024-09-09 05:30:00+00:00,2525.0050505723457,-1.0044183279662846,stop_hit,h_ema21,train
2024-09-10 06:15:00+00:00,2535.1150000000002,2532.697377866211,2539.950244267579,2024-09-10 06:45:00+00:00,2532.6823778662106,-1.0062044435276645,stop_hit,h_ema21,train
2024-09-11 01:45:00+00:00,2549.215,2546.252785666494,2555.139428667012,2024-09-11 03:00:00+00:00,2546.237785666494,-1.005063779426985,stop_hit,h_ema21,train
2024-09-11 05:15:00+00:00,2549.5150000000003,2546.8815636125387,2554.7818727749236,2024-09-11 06:45:00+00:00,2554.7668727749233,2.0,scaleout_tier_1,h_ema21,train
2024-09-11 05:15:00+00:00,2549.5150000000003,2546.8815636125387,2554.7818727749236,2024-09-11 10:00:00+00:00,2550.0849999999996,0.21644722565281882,trail_exit,h_ema21,train
2024-09-12 01:15:00+00:00,2541.6150000000002,2538.965327472745,2546.914345054511,2024-09-12 02:45:00+00:00,2538.9503274727444,-1.005661076924047,stop_hit,h_ema21,train
2024-09-12 04:00:00+00:00,2543.8150000000005,2541.2425012594886,2548.9599974810244,2024-09-12 06:45:00+00:00,2544.3849999999998,0.22157445250520122,trail_exit,h_ema21,train
2024-09-12 10:15:00+00:00,2548.215,2545.393110013559,2553.858779972882,2024-09-12 10:30:00+00:00,2545.378110013559,-1.0053155863879888,stop_hit,h_ema21,train
2024-09-13 00:45:00+00:00,2589.215,2585.4702483299225,2596.7045033401555,2024-09-13 04:30:00+00:00,2596.689503340155,2.0,scaleout_tier_1,h_ema21,train
2024-09-13 00:45:00+00:00,2589.215,2585.4702483299225,2596.7045033401555,2024-09-13 11:30:00+00:00,2592.0849999999996,0.7664059603556849,trail_exit,h_ema21,train
2024-09-16 00:15:00+00:00,2609.215,2605.703140435354,2616.238719129293,2024-09-16 05:30:00+00:00,2616.2237191292925,2.0,scaleout_tier_1,h_ema21,train
2024-09-16 00:15:00+00:00,2609.215,2605.703140435354,2616.238719129293,2024-09-16 07:00:00+00:00,2609.2,-0.004271241410485625,stop_hit,h_ema21,train
2024-09-17 02:15:00+00:00,2612.215,2609.531003378301,2617.582993243398,2024-09-17 02:45:00+00:00,2609.516003378301,-1.0055886806559513,stop_hit,h_ema21,train
2024-09-18 10:00:00+00:00,2598.8150000000005,2595.519496012909,2605.406007974184,2024-09-18 11:30:00+00:00,2605.3910079741836,2.0,scaleout_tier_1,h_ema21,train
2024-09-18 10:00:00+00:00,2598.8150000000005,2595.519496012909,2605.406007974184,2024-09-18 13:30:00+00:00,2598.8,-0.0045516558496307485,stop_hit,h_ema21,train
2024-09-18 17:00:00+00:00,2601.715,2597.10089925477,2610.9432014904605,2024-09-18 17:15:00+00:00,2597.0858992547696,-1.0032509043101916,stop_hit,h_ema21,train
2024-09-19 02:30:00+00:00,2586.5150000000003,2579.927212057804,2599.690575884393,2024-09-19 06:00:00+00:00,2599.675575884393,2.0,scaleout_tier_1,h_ema21,train
2024-09-19 02:30:00+00:00,2586.5150000000003,2579.927212057804,2606.2783638265896,2024-09-19 07:45:00+00:00,2606.2633638265893,3.0,scaleout_tier_2,h_ema21,train
2024-09-19 02:30:00+00:00,2586.5150000000003,2579.927212057804,2612.866151768786,2024-09-19 09:15:00+00:00,2612.8511517687857,4.0,scaleout_tier_3,h_ema21,train
2024-09-20 00:45:00+00:00,2612.8150000000005,2610.2526969218557,2617.93960615629,2024-09-20 01:00:00+00:00,2612.4849999999997,-0.12879038503117365,trail_exit,h_ema21,train
2024-09-20 02:15:00+00:00,2614.4150000000004,2611.370587992631,2620.503824014739,2024-09-20 06:00:00+00:00,2620.488824014739,2.0,scaleout_tier_1,h_ema21,train
2024-09-20 02:15:00+00:00,2614.4150000000004,2611.370587992631,2623.5482360221085,2024-09-20 06:15:00+00:00,2623.533236022108,3.0,scaleout_tier_2,h_ema21,train
2024-09-20 02:15:00+00:00,2614.4150000000004,2611.370587992631,2626.592648029478,2024-09-20 06:45:00+00:00,2626.5776480294776,4.0,scaleout_tier_3,h_ema21,train
2024-09-20 02:15:00+00:00,2614.4150000000004,2611.370587992631,2629.6370600368473,2024-09-20 06:45:00+00:00,2629.622060036847,5.0,scaleout_tier_4,h_ema21,train
2024-09-20 12:15:00+00:00,2641.1150000000002,2636.559976666244,2650.2250466675127,2024-09-20 13:00:00+00:00,2636.5449766662437,-1.0032930676532799,stop_hit,,train
2024-09-23 02:45:00+00:00,2647.9150000000004,2644.16252321023,2655.419953579541,2024-09-23 03:15:00+00:00,2655.4049535795407,2.0,scaleout_tier_1,h_ema21,train
2024-09-23 02:45:00+00:00,2647.9150000000004,2644.16252321023,2655.419953579541,2024-09-23 07:00:00+00:00,2647.9,-0.003997359834768123,stop_hit,h_ema21,train
2024-09-23 13:00:00+00:00,2651.9150000000004,2647.475542584555,2660.793914830891,2024-09-23 19:00:00+00:00,2651.5849999999996,-0.07433340814414272,trail_exit,h_ema21,train
2024-09-24 01:15:00+00:00,2653.9150000000004,2651.148878742844,2659.4472425143135,2024-09-24 03:30:00+00:00,2659.432242514313,2.0,scaleout_tier_1,h_ema21,train
2024-09-24 01:15:00+00:00,2653.9150000000004,2651.148878742844,2662.21336377147,2024-09-24 04:45:00+00:00,2662.1983637714698,3.0,scaleout_tier_2,h_ema21,train
2024-09-24 01:15:00+00:00,2653.9150000000004,2651.148878742844,2659.4472425143135,2024-09-24 05:45:00+00:00,2653.9,-0.005422755767311055,stop_hit,h_ema21,train
2024-09-24 10:15:00+00:00,2656.4150000000004,2652.099209154748,2665.046581690505,2024-09-24 11:30:00+00:00,2652.084209154748,-1.0034756086516168,stop_hit,h_ema21,train
2024-09-25 01:00:00+00:00,2685.5150000000003,2681.8054523792543,2692.9340952414923,2024-09-25 01:15:00+00:00,2681.790452379254,-1.0040436197439382,stop_hit,h_ema21,train
2024-09-25 02:30:00+00:00,2688.9150000000004,2684.3866776383375,2697.9716447233263,2024-09-25 03:15:00+00:00,2684.371677638337,-1.003312485022559,stop_hit,h_ema21,train
2024-09-25 12:15:00+00:00,2683.215,2678.9775858358425,2691.6898283283153,2024-09-25 14:45:00+00:00,2678.962585835842,-1.003539894713905,stop_hit,h_ema21,train
2024-09-26 01:15:00+00:00,2684.3150000000005,2681.0167280720475,2690.9115438559065,2024-09-26 02:45:00+00:00,2681.001728072047,-1.0045478360571793,stop_hit,h_ema21,train
2024-09-26 04:00:00+00:00,2685.715,2682.271245129306,2692.6025097413885,2024-09-26 06:00:00+00:00,2682.2562451293056,-1.0043557107179653,stop_hit,h_ema21,train
2024-09-26 08:00:00+00:00,2687.715,2683.901417689817,2695.342164620366,2024-09-26 10:30:00+00:00,2695.3271646203657,2.0,scaleout_tier_1,h_ema21,train
2024-09-26 08:00:00+00:00,2687.715,2683.901417689817,2699.155746930549,2024-09-26 11:00:00+00:00,2699.1407469305486,3.0,scaleout_tier_2,h_ema21,train
2024-09-26 08:00:00+00:00,2687.715,2683.901417689817,2702.969329240732,2024-09-26 11:30:00+00:00,2702.9543292407316,4.0,scaleout_tier_3,h_ema21,train
2024-09-27 03:45:00+00:00,2696.1150000000002,2692.4545334700415,2703.4359330599177,2024-09-27 04:00:00+00:00,2693.4849999999997,-0.7184876513623549,trail_exit,h_ema21,train
2024-09-27 11:15:00+00:00,2689.0150000000003,2684.9226527065025,2697.199694586996,2024-09-27 12:15:00+00:00,2684.907652706502,-1.003665378064115,stop_hit,h_ema21,train
2024-09-30 05:45:00+00:00,2680.3150000000005,2676.181299984718,2688.5824000305656,2024-09-30 07:45:00+00:00,2676.1662999847176,-1.003628710343003,stop_hit,h_ema21,train
2024-09-30 17:00:00+00:00,2660.8150000000005,2655.260545096469,2671.923909807064,2024-09-30 18:00:00+00:00,2655.2455450964685,-1.0027005350229399,stop_hit,h_ema21,train
2024-10-01 00:15:00+00:00,2657.9150000000004,2654.522236809934,2664.7005263801334,2024-10-01 05:30:00+00:00,2664.685526380133,2.0,scaleout_tier_1,h_ema21,train
2024-10-01 00:15:00+00:00,2657.9150000000004,2654.522236809934,2668.0932895702,2024-10-01 09:00:00+00:00,2668.0782895701996,3.0,scaleout_tier_2,h_ema21,train
2024-10-01 00:15:00+00:00,2657.9150000000004,2654.522236809934,2671.4860527602664,2024-10-01 10:45:00+00:00,2671.471052760266,4.0,scaleout_tier_3,h_ema21,train
2024-10-01 11:15:00+00:00,2672.9150000000004,2669.6721067587655,2679.4007864824703,2024-10-01 11:30:00+00:00,2669.657106758765,-1.0046254991714174,stop_hit,h_ema200,train
2024-10-03 06:45:00+00:00,2677.715,2674.500966322322,2684.143067355357,2024-10-03 07:00:00+00:00,2674.4859663223215,-1.0046670326152782,stop_hit,h_ema21,train
2024-10-03 12:00:00+00:00,2668.3150000000005,2663.9582956049985,2677.0284087900045,2024-10-03 12:45:00+00:00,2663.943295604998,-1.0034429694191636,stop_hit,h_ema21,train
2024-10-04 02:30:00+00:00,2681.1150000000002,2678.2956459866164,2686.753708026768,2024-10-04 05:30:00+00:00,2686.7387080267677,2.0,scaleout_tier_1,h_ema21,train
2024-10-04 02:30:00+00:00,2681.1150000000002,2678.2956459866164,2686.753708026768,2024-10-04 06:45:00+00:00,2681.1,-0.005320367690300791,stop_hit,h_ema21,train
2024-10-04 11:45:00+00:00,2681.215,2678.060961154613,2687.5230776907747,2024-10-04 12:00:00+00:00,2678.0459611546125,-1.0047558069940277,stop_hit,h_ema21,train
2024-10-08 02:00:00+00:00,2666.5150000000003,2661.8525797070247,2675.8398405859516,2024-10-08 02:15:00+00:00,2661.8375797070244,-1.0032172131763681,stop_hit,ema21,train
2024-10-09 05:30:00+00:00,2640.215,2636.2380874688342,2648.168825062332,2024-10-09 06:00:00+00:00,2636.223087468834,-1.0037717701565667,stop_hit,ema21,train
2024-10-09 10:45:00+00:00,2637.8150000000005,2633.3632934000284,2646.7184131999447,2024-10-09 13:00:00+00:00,2633.348293400028,-1.003369494296956,stop_hit,ema21,train
2024-10-10 00:45:00+00:00,2627.215,2624.2647820106536,2633.1154359786933,2024-10-10 01:30:00+00:00,2624.2497820106532,-1.0050843700548546,stop_hit,h_ema21,train
2024-10-10 02:45:00+00:00,2631.3150000000005,2627.7093890566052,2638.526221886791,2024-10-10 07:15:00+00:00,2627.694389056605,-1.0041601826253064,stop_hit,ema21,train
2024-10-10 12:45:00+00:00,2638.215,2632.329823947403,2649.9853521051946,2024-10-10 13:30:00+00:00,2632.3148239474026,-1.002548776768319,stop_hit,ema21,train
2024-10-14 02:45:00+00:00,2669.5150000000003,2664.8548470754486,2678.835305849104,2024-10-14 06:15:00+00:00,2678.8203058491035,2.0,scaleout_tier_1,ema21,train
2024-10-14 02:45:00+00:00,2669.5150000000003,2664.8548470754486,2678.835305849104,2024-10-14 09:45:00+00:00,2675.285,1.2381567930100728,trail_exit,ema21,train
2024-10-15 02:30:00+00:00,2668.215,2664.486440256616,2675.6721194867687,2024-10-15 03:15:00+00:00,2664.4714402566156,-1.0040230011137525,stop_hit,h_ema21,train
2024-10-16 05:00:00+00:00,2683.215,2679.760721693046,2690.1235566139085,2024-10-16 06:15:00+00:00,2690.108556613908,2.0,scaleout_tier_1,h_ema21,train
2024-10-16 05:00:00+00:00,2683.215,2679.760721693046,2693.5778349208626,2024-10-16 06:15:00+00:00,2693.5628349208623,3.0,scaleout_tier_2,h_ema21,train
2024-10-16 05:00:00+00:00,2683.215,2679.760721693046,2697.032113227817,2024-10-16 09:30:00+00:00,2697.0171132278165,4.0,scaleout_tier_3,h_ema21,train
2024-10-16 13:00:00+00:00,2698.215,2693.857416172201,2706.930167655599,2024-10-16 13:45:00+00:00,2693.8424161722005,-1.0034422745707459,stop_hit,h_ema21,train
2024-10-17 00:15:00+00:00,2690.9150000000004,2688.5280638675736,2695.688872264854,2024-10-17 01:30:00+00:00,2695.673872264854,2.0,scaleout_tier_1,h_ema21,train
2024-10-17 00:15:00+00:00,2690.9150000000004,2688.5280638675736,2698.075808397281,2024-10-17 01:45:00+00:00,2698.0608083972807,3.0,scaleout_tier_2,h_ema21,train
2024-10-17 00:15:00+00:00,2690.9150000000004,2688.5280638675736,2695.688872264854,2024-10-17 03:30:00+00:00,2690.9,-0.006284206685109989,stop_hit,h_ema21,train
2024-10-17 05:30:00+00:00,2698.0150000000003,2694.356469433196,2705.3320611336094,2024-10-17 09:00:00+00:00,2694.3414694331955,-1.0041000067449017,stop_hit,h_ema21,train
2024-10-17 10:30:00+00:00,2702.4150000000004,2697.7145995862134,2711.8158008275745,2024-10-17 11:45:00+00:00,2697.699599586213,-1.00319121748784,stop_hit,h_ema21,train
2024-10-18 01:15:00+00:00,2712.8150000000005,2709.665621225933,2719.1137575481353,2024-10-18 01:30:00+00:00,2719.098757548135,2.0,scaleout_tier_1,h_ema21,train
2024-10-18 01:15:00+00:00,2712.8150000000005,2709.665621225933,2722.2631363222026,2024-10-18 02:00:00+00:00,2722.2481363222023,3.0,scaleout_tier_2,h_ema21,train
2024-10-18 01:15:00+00:00,2712.8150000000005,2709.665621225933,2719.1137575481353,2024-11-03 23:00:00+00:00,2743.4849999999997,9.738428496610888,eod_force_close,h_ema21,train
2024-11-05 13:45:00+00:00,2753.8150000000005,2749.3335931018546,2762.7778137962923,2024-11-05 15:00:00+00:00,2749.3185931018543,-1.0033471631434614,stop_hit,h_ema21,train
2024-11-07 07:30:00+00:00,2671.5150000000003,2665.4427660001256,2683.6594679997497,2024-11-07 08:45:00+00:00,2665.4277660001253,-1.002470260533543,stop_hit,ema21,train
2024-11-07 12:45:00+00:00,2677.4150000000004,2671.7635870116887,2688.7178259766238,2024-11-07 13:15:00+00:00,2688.7028259766234,2.0,scaleout_tier_1,ema21,train
2024-11-07 12:45:00+00:00,2677.4150000000004,2671.7635870116887,2694.3692389649354,2024-11-07 14:15:00+00:00,2694.354238964935,3.0,scaleout_tier_2,ema21,train
2024-11-07 12:45:00+00:00,2677.4150000000004,2671.7635870116887,2700.020651953247,2024-11-07 15:00:00+00:00,2700.005651953247,4.0,scaleout_tier_3,ema21,train
2024-11-08 11:45:00+00:00,2700.5150000000003,2694.9827759777177,2711.5794480445657,2024-11-08 12:15:00+00:00,2694.9677759777173,-1.0027113869467164,stop_hit,ema21,train
2024-11-08 13:30:00+00:00,2702.4150000000004,2696.6836744702086,2713.877651059584,2024-11-08 14:45:00+00:00,2696.6686744702083,-1.0026171956072565,stop_hit,ema21,train
2024-11-13 01:15:00+00:00,2608.8150000000005,2605.077590019962,2616.2898199600777,2024-11-13 02:45:00+00:00,2616.2748199600774,2.0,scaleout_tier_1,donchian_low,train
2024-11-13 01:15:00+00:00,2608.8150000000005,2605.077590019962,2616.2898199600777,2024-11-13 08:00:00+00:00,2608.8,-0.0040134745934864045,stop_hit,donchian_low,train
2024-11-13 08:45:00+00:00,2615.0150000000003,2609.9943478674686,2625.0563042650638,2024-11-13 14:45:00+00:00,2609.9793478674683,-1.0029876596912846,stop_hit,ema50,train
2024-11-15 01:15:00+00:00,2574.715,2570.0283992105174,2584.0882015789657,2024-11-15 01:30:00+00:00,2570.013399210517,-1.0032006139788967,stop_hit,donchian_low,train
2024-11-15 08:45:00+00:00,2572.5150000000003,2567.4528852129547,2582.6392295740916,2024-11-15 13:30:00+00:00,2567.4378852129544,-1.0029631884363257,stop_hit,ema100,train
2024-11-18 09:30:00+00:00,2595.9150000000004,2590.6009076221176,2606.543184755766,2024-11-18 13:30:00+00:00,2606.528184755766,2.0,scaleout_tier_1,h_ema21,train
2024-11-18 09:30:00+00:00,2595.9150000000004,2590.6009076221176,2611.857277133649,2024-11-18 14:00:00+00:00,2611.8422771336486,3.0,scaleout_tier_2,h_ema21,train
2024-11-18 09:30:00+00:00,2595.9150000000004,2590.6009076221176,2617.171369511532,2024-11-18 15:45:00+00:00,2617.1563695115315,4.0,scaleout_tier_3,h_ema21,train
2024-11-19 01:15:00+00:00,2622.0150000000003,2618.729811826006,2628.585376347989,2024-11-19 01:30:00+00:00,2618.7148118260056,-1.0045659484954523,stop_hit,ema50,train
2024-11-19 02:15:00+00:00,2622.5150000000003,2618.599925306189,2630.3451493876228,2024-11-19 08:30:00+00:00,2630.3301493876224,2.0,scaleout_tier_1,ema21,train
2024-11-19 02:15:00+00:00,2622.5150000000003,2618.599925306189,2634.260224081434,2024-11-19 09:15:00+00:00,2634.2452240814337,3.0,scaleout_tier_2,ema21,train
2024-11-19 02:15:00+00:00,2622.5150000000003,2618.599925306189,2638.175298775245,2024-11-19 10:15:00+00:00,2638.160298775245,4.0,scaleout_tier_3,ema21,train
2024-11-20 00:15:00+00:00,2639.4150000000004,2635.771317568496,2646.702364863009,2024-11-20 06:00:00+00:00,2635.756317568496,-1.0041167144179837,stop_hit,ema21,train
2024-11-20 12:00:00+00:00,2631.4150000000004,2626.715669830009,2640.813660339983,2024-11-20 13:15:00+00:00,2640.7986603399827,2.0,scaleout_tier_1,ema21,train
2024-11-20 12:00:00+00:00,2631.4150000000004,2626.715669830009,2645.5129905099743,2024-11-20 14:30:00+00:00,2645.497990509974,3.0,scaleout_tier_2,ema21,train
2024-11-20 12:00:00+00:00,2631.4150000000004,2626.715669830009,2650.2123206799656,2024-11-20 15:00:00+00:00,2650.1973206799653,4.0,scaleout_tier_3,ema21,train
2024-11-21 00:30:00+00:00,2656.4150000000004,2652.59720614547,2675.5039692726527,2024-11-21 11:15:00+00:00,2675.4889692726524,5.0,scaleout_tier_4,ema21,train
2024-11-21 00:30:00+00:00,2656.4150000000004,2652.59720614547,2664.0505877090613,2024-11-21 12:45:00+00:00,2665.9849999999997,2.5066832743320635,trail_exit,ema21,train
2024-11-21 18:00:00+00:00,2674.5150000000003,2667.949241053722,2687.6465178925573,2024-11-21 21:30:00+00:00,2672.0849999999996,-0.3701019211766955,eod_force_close,h_ema21,train
2024-11-22 00:30:00+00:00,2675.1150000000002,2671.342880775541,2682.659238448919,2024-11-22 02:15:00+00:00,2682.6442384489187,2.0,scaleout_tier_1,h_ema21,train
2024-11-22 00:30:00+00:00,2675.1150000000002,2671.342880775541,2686.4313576733784,2024-11-22 02:30:00+00:00,2686.416357673378,3.0,scaleout_tier_2,h_ema21,train
2024-11-22 00:30:00+00:00,2675.1150000000002,2671.342880775541,2690.203476897838,2024-11-22 03:00:00+00:00,2690.1884768978375,4.0,scaleout_tier_3,h_ema21,train
2024-11-25 09:15:00+00:00,2676.0150000000003,2668.10940405712,2691.8261918857606,2024-11-25 09:30:00+00:00,2675.1849999999995,-0.1049889225300392,trail_exit,ema21,train
2024-11-25 11:00:00+00:00,2679.4150000000004,2672.3386246741507,2693.5677506517,2024-11-25 14:00:00+00:00,2672.3236246741503,-1.0021197292836537,stop_hit,ema21,train
2024-11-26 09:45:00+00:00,2626.215,2619.6070066279553,2639.4309867440898,2024-11-26 13:00:00+00:00,2639.4159867440894,2.0,scaleout_tier_1,ema50,train
2024-11-26 09:45:00+00:00,2626.215,2619.6070066279553,2639.4309867440898,2024-11-26 13:45:00+00:00,2626.2,-0.002269978063807555,stop_hit,ema50,train
2024-11-27 07:00:00+00:00,2673.0150000000003,2667.871063125783,2683.3028737484346,2024-11-27 11:00:00+00:00,2667.856063125783,-1.002916054447618,stop_hit,ema21,train
2024-11-27 12:15:00+00:00,2678.5150000000003,2673.526740908825,2688.491518182351,2024-11-27 13:00:00+00:00,2673.511740908825,-1.003007061126168,stop_hit,ema21,train
2024-11-27 14:00:00+00:00,2681.4150000000004,2675.5156160336633,2693.2137679326747,2024-11-27 14:15:00+00:00,2675.500616033663,-1.0025426383646021,stop_hit,ema21,train
2024-11-28 06:30:00+00:00,2660.0150000000003,2655.446253226546,2669.1524935469088,2024-11-28 09:00:00+00:00,2669.1374935469084,2.0,scaleout_tier_1,ema21,train
2024-11-28 06:30:00+00:00,2660.0150000000003,2655.446253226546,2669.1524935469088,2024-11-28 15:15:00+00:00,2662.5849999999996,0.5625174971245328,trail_exit,ema21,train
2024-11-29 01:15:00+00:00,2665.215,2661.5945991648196,2672.4558016703613,2024-11-29 02:00:00+00:00,2672.440801670361,2.0,scaleout_tier_1,ema21,train
2024-11-29 01:15:00+00:00,2665.215,2661.5945991648196,2676.076202505542,2024-11-29 02:00:00+00:00,2676.0612025055416,3.0,scaleout_tier_2,ema21,train
2024-11-29 01:15:00+00:00,2665.215,2661.5945991648196,2679.6966033407225,2024-11-29 02:00:00+00:00,2679.681603340722,4.0,scaleout_tier_3,ema21,train
2024-11-29 10:00:00+00:00,2688.215,2682.5653214187396,2699.5143571625213,2024-11-29 13:00:00+00:00,2682.5503214187393,-1.0026550182960994,stop_hit,h_ema21,train
2024-12-02 07:30:00+00:00,2653.9150000000004,2647.7632145064777,2666.218570987046,2024-12-02 11:30:00+00:00,2666.2035709870456,2.0,scaleout_tier_1,ema21,train
2024-12-02 07:30:00+00:00,2653.9150000000004,2647.7632145064777,2672.3703564805687,2024-12-02 14:00:00+00:00,2672.3553564805684,3.0,scaleout_tier_2,ema21,train
2024-12-02 07:30:00+00:00,2653.9150000000004,2647.7632145064777,2666.218570987046,2024-12-02 17:30:00+00:00,2662.0849999999996,1.3280697138418402,trail_exit,ema21,train
2024-12-03 00:30:00+00:00,2665.8150000000005,2661.6523044496507,2674.1403911007,2024-12-03 01:15:00+00:00,2661.6373044496504,-1.0036034343177145,stop_hit,ema21,train
2024-12-03 06:15:00+00:00,2668.0150000000003,2663.5762022327704,2676.8925955344603,2024-12-03 08:00:00+00:00,2663.56120223277,-1.0033792934003587,stop_hit,ema21,train
2024-12-03 13:30:00+00:00,2668.6150000000002,2663.886314220934,2678.072371558133,2024-12-03 15:00:00+00:00,2663.8713142209335,-1.0031721287269142,stop_hit,ema21,train
2024-12-04 02:15:00+00:00,2667.215,2663.0640221351664,2675.5169557296676,2024-12-04 07:30:00+00:00,2663.049022135166,-1.0036136063570478,stop_hit,ema21,train
2024-12-05 05:45:00+00:00,2677.215,2673.3481426929075,2684.9487146141855,2024-12-05 06:30:00+00:00,2673.333142692907,-1.0038791190905374,stop_hit,ema21,train
2024-12-06 09:00:00+00:00,2666.3150000000005,2661.2144447052888,2676.516110589424,2024-12-06 10:00:00+00:00,2661.1994447052884,-1.002940856266352,stop_hit,ema21,train
2024-12-09 07:30:00+00:00,2668.8150000000005,2663.4880938589563,2679.468812282089,2024-12-09 10:15:00+00:00,2679.4538122820886,2.0,scaleout_tier_1,ema21,train
2024-12-09 07:30:00+00:00,2668.8150000000005,2663.4880938589563,2684.795718423133,2024-12-09 13:45:00+00:00,2684.780718423133,3.0,scaleout_tier_2,ema21,train
2024-12-09 07:30:00+00:00,2668.8150000000005,2663.4880938589563,2690.1226245641774,2024-12-09 14:15:00+00:00,2690.107624564177,4.0,scaleout_tier_3,ema21,train
2024-12-10 01:00:00+00:00,2687.8150000000005,2684.10355779594,2695.2378844081213,2024-12-10 01:30:00+00:00,2684.08855779594,-1.0040415555936495,stop_hit,h_ema21,train
2024-12-10 02:00:00+00:00,2690.215,2685.730492222247,2699.1840155555064,2024-12-10 07:45:00+00:00,2685.7154922222467,-1.0033448486977188,stop_hit,h_ema21,train
2024-12-10 10:30:00+00:00,2690.9150000000004,2686.3763686729694,2699.9922626540624,2024-12-10 12:00:00+00:00,2699.977262654062,2.0,scaleout_tier_1,h_ema21,train
2024-12-10 10:30:00+00:00,2690.9150000000004,2686.3763686729694,2704.5308939810934,2024-12-10 14:00:00+00:00,2704.515893981093,3.0,scaleout_tier_2,h_ema21,train
2024-12-10 10:30:00+00:00,2690.9150000000004,2686.3763686729694,2709.0695253081244,2024-12-10 14:30:00+00:00,2709.054525308124,4.0,scaleout_tier_3,h_ema21,train
2024-12-10 10:30:00+00:00,2690.9150000000004,2686.3763686729694,2713.6081566351554,2024-12-10 14:30:00+00:00,2713.593156635155,5.0,scaleout_tier_4,h_ema21,train
2024-12-11 00:30:00+00:00,2727.215,2723.346800492035,2734.9513990159303,2024-12-11 05:45:00+00:00,2727.785,0.14735537782526795,trail_exit,,train
2024-12-11 13:45:00+00:00,2730.8150000000005,2724.0622412780685,2744.3205174438644,2024-12-11 15:00:00+00:00,2744.305517443864,2.0,scaleout_tier_1,h_ema21,train
2024-12-11 13:45:00+00:00,2730.8150000000005,2724.0622412780685,2751.0732761657964,2024-12-11 15:00:00+00:00,2751.058276165796,3.0,scaleout_tier_2,h_ema21,train
2024-12-11 13:45:00+00:00,2730.8150000000005,2724.0622412780685,2757.8260348877284,2024-12-11 15:30:00+00:00,2757.811034887728,4.0,scaleout_tier_3,h_ema21,train
2024-12-12 00:30:00+00:00,2755.4150000000004,2751.384835278233,2763.4753294435354,2024-12-12 01:30:00+00:00,2751.3698352782326,-1.0037219322374866,stop_hit,h_ema21,train
2024-12-12 07:00:00+00:00,2751.8150000000005,2747.6538439345813,2760.137312130839,2024-12-12 09:45:00+00:00,2747.638843934581,-1.0036047674647397,stop_hit,h_ema21,train
2024-12-13 01:00:00+00:00,2708.8150000000005,2705.0369450477046,2716.3711099045922,2024-12-13 05:00:00+00:00,2707.6849999999995,-0.2990957024895407,trail_exit,h_ema21,train
2024-12-16 01:30:00+00:00,2672.5150000000003,2667.38771160195,2682.7695767961013,2024-12-16 15:00:00+00:00,2671.785,-0.14237545137465535,trail_exit,ema21,train
2024-12-17 01:00:00+00:00,2672.1150000000002,2669.163703468586,2678.017593062829,2024-12-17 03:00:00+00:00,2669.1487034685856,-1.0050825119877531,stop_hit,ema21,train
2025-01-02 09:15:00+00:00,2651.3150000000005,2647.068111252069,2659.808777495864,2025-01-02 10:00:00+00:00,2647.0531112520684,-1.0035319973963606,stop_hit,ema50,holdout
2025-01-03 01:00:00+00:00,2674.715,2671.2084072727152,2681.72818545457,2025-01-03 01:30:00+00:00,2671.193407272715,-1.0042776567360139,stop_hit,ema21,holdout
2025-01-06 01:00:00+00:00,2656.0150000000003,2652.4926846290955,2663.05963074181,2025-01-06 03:30:00+00:00,2652.477684629095,-1.0042585624570222,stop_hit,ema21,holdout
2025-01-07 02:15:00+00:00,2648.8150000000005,2644.8379403674526,2656.7691192650964,2025-01-07 11:15:00+00:00,2656.754119265096,2.0,scaleout_tier_1,ema21,holdout
2025-01-07 02:15:00+00:00,2648.8150000000005,2644.8379403674526,2660.7461788976443,2025-01-07 12:30:00+00:00,2660.731178897644,3.0,scaleout_tier_2,ema21,holdout
2025-01-07 02:15:00+00:00,2648.8150000000005,2644.8379403674526,2664.7232385301922,2025-01-07 13:00:00+00:00,2664.708238530192,4.0,scaleout_tier_3,ema21,holdout
2025-01-08 06:00:00+00:00,2664.0150000000003,2661.130051118799,2669.7848977624026,2025-01-08 11:15:00+00:00,2661.6849999999995,-0.8076399603416056,trail_exit,ema21,holdout
2025-01-09 03:45:00+00:00,2680.3150000000005,2676.6413934497473,2687.662213100507,2025-01-09 04:00:00+00:00,2676.626393449747,-1.0040831808728383,stop_hit,ema21,holdout
2025-01-09 06:45:00+00:00,2680.9150000000004,2677.3272174584117,2688.090565083178,2025-01-09 08:00:00+00:00,2677.3122174584114,-1.0041808553964604,stop_hit,ema21,holdout
2025-01-09 11:30:00+00:00,2688.0150000000003,2683.206222880795,2697.632554238411,2025-01-09 17:00:00+00:00,2683.1912228807946,-1.0031192961596036,stop_hit,ema21,holdout
2025-01-10 00:45:00+00:00,2694.715,2691.803384007096,2700.538231985808,2025-01-10 06:30:00+00:00,2700.523231985808,2.0,scaleout_tier_1,h_ema21,holdout
2025-01-10 00:45:00+00:00,2694.715,2691.803384007096,2703.449847978712,2025-01-10 08:15:00+00:00,2703.434847978712,3.0,scaleout_tier_2,h_ema21,holdout
2025-01-10 00:45:00+00:00,2694.715,2691.803384007096,2706.361463971616,2025-01-10 08:30:00+00:00,2706.346463971616,4.0,scaleout_tier_3,h_ema21,holdout
2025-01-13 00:15:00+00:00,2722.4150000000004,2716.888295809028,2733.468408381945,2025-01-13 01:00:00+00:00,2716.8732958090277,-1.0027140949618454,stop_hit,h_ema21,holdout
2025-01-15 03:30:00+00:00,2691.1150000000002,2687.8295102284637,2697.6859795430732,2025-01-15 07:15:00+00:00,2697.670979543073,2.0,scaleout_tier_1,ema21,holdout
2025-01-15 03:30:00+00:00,2691.1150000000002,2687.8295102284637,2700.9714693146097,2025-01-15 08:30:00+00:00,2700.9564693146094,3.0,scaleout_tier_2,ema21,holdout
2025-01-15 03:30:00+00:00,2691.1150000000002,2687.8295102284637,2704.2569590861463,2025-01-15 09:15:00+00:00,2704.241959086146,4.0,scaleout_tier_3,ema21,holdout
2025-01-20 02:45:00+00:00,2739.5150000000003,2734.771096256701,2749.0028074865986,2025-01-20 07:30:00+00:00,2747.1849999999995,1.6168118948098786,trail_exit,h_ema21,holdout
2025-01-20 18:45:00+00:00,2731.4150000000004,2724.1556254051484,2745.9337491897045,2025-01-20 23:00:00+00:00,2731.5849999999996,0.02341799528016068,eod_force_close,h_ema21,holdout
2025-01-21 10:30:00+00:00,2735.215,2728.698439523996,2748.2481209520083,2025-01-21 11:15:00+00:00,2728.6834395239957,-1.0023018277902218,stop_hit,h_ema21,holdout
2025-01-21 12:30:00+00:00,2736.9150000000004,2731.092833866773,2748.559332266455,2025-01-21 14:45:00+00:00,2748.5443322664546,2.0,scaleout_tier_1,h_ema21,holdout
2025-01-21 12:30:00+00:00,2736.9150000000004,2731.092833866773,2754.381498399682,2025-01-21 16:00:00+00:00,2754.366498399682,3.0,scaleout_tier_2,h_ema21,holdout
2025-01-21 12:30:00+00:00,2736.9150000000004,2731.092833866773,2760.2036645329094,2025-01-21 17:15:00+00:00,2760.188664532909,4.0,scaleout_tier_3,h_ema21,holdout
2025-01-22 00:45:00+00:00,2760.5150000000003,2756.9343007000953,2767.6763985998105,2025-01-22 06:15:00+00:00,2762.1849999999995,0.46638934468567095,trail_exit,h_ema21,holdout
2025-01-22 16:00:00+00:00,2770.715,2763.9481375690184,2784.2487248619636,2025-01-22 21:15:00+00:00,2765.4849999999997,-0.7728840438746288,trail_exit,h_ema21,holdout
2025-01-24 00:15:00+00:00,2764.715,2761.1129117148384,2771.9191765703235,2025-01-24 02:00:00+00:00,2771.904176570323,2.0,scaleout_tier_1,h_ema21,holdout
2025-01-24 00:15:00+00:00,2764.715,2761.1129117148384,2775.5212648554852,2025-01-24 02:00:00+00:00,2775.506264855485,3.0,scaleout_tier_2,h_ema21,holdout
2025-01-24 00:15:00+00:00,2764.715,2761.1129117148384,2779.123353140647,2025-01-24 02:30:00+00:00,2779.1083531406466,4.0,scaleout_tier_3,h_ema21,holdout
2025-01-24 09:30:00+00:00,2783.4150000000004,2779.029940046295,2792.1851199074113,2025-01-24 09:45:00+00:00,2779.0149400462947,-1.0034207057962006,stop_hit,h_ema21,holdout
2025-01-28 05:00:00+00:00,2746.215,2741.8722326741736,2754.9005346516533,2025-01-28 06:30:00+00:00,2741.8572326741732,-1.0034540188029697,stop_hit,ema21,holdout
2025-01-28 13:45:00+00:00,2752.0150000000003,2748.156052361982,2759.732895276037,2025-01-28 15:15:00+00:00,2759.717895276037,2.0,scaleout_tier_1,h_ema21,holdout
2025-01-28 13:45:00+00:00,2752.0150000000003,2748.156052361982,2763.5918429140556,2025-01-28 16:45:00+00:00,2763.5768429140553,3.0,scaleout_tier_2,h_ema21,holdout
2025-01-28 13:45:00+00:00,2752.0150000000003,2748.156052361982,2767.450790552074,2025-01-28 17:00:00+00:00,2767.4357905520737,4.0,scaleout_tier_3,h_ema21,holdout
2025-01-29 13:15:00+00:00,2771.3150000000005,2767.813573669566,2778.31785266087,2025-01-29 13:30:00+00:00,2767.7985736695655,-1.004283968470205,stop_hit,h_ema21,holdout
2025-01-29 14:15:00+00:00,2774.6150000000002,2770.0960199546143,2783.652960090772,2025-01-29 15:15:00+00:00,2770.081019954614,-1.0033193330905816,stop_hit,h_ema21,holdout
2025-01-30 04:00:00+00:00,2798.5150000000003,2794.7985789594745,2805.947842081052,2025-01-30 07:45:00+00:00,2805.9328420810516,2.0,scaleout_tier_1,,holdout
2025-01-30 04:00:00+00:00,2798.5150000000003,2794.7985789594745,2809.6642631215777,2025-01-30 08:45:00+00:00,2809.6492631215774,3.0,scaleout_tier_2,,holdout
2025-01-30 04:00:00+00:00,2798.5150000000003,2794.7985789594745,2813.3806841621035,2025-01-30 10:00:00+00:00,2813.365684162103,4.0,scaleout_tier_3,,holdout
2025-01-31 13:45:00+00:00,2848.715,2844.145181526781,2857.8546369464384,2025-01-31 16:45:00+00:00,2849.6849999999995,0.2122622606748853,trail_exit,h_ema21,holdout
2025-02-04 01:30:00+00:00,2853.715,2848.6950670139217,2863.754865972157,2025-02-04 03:45:00+00:00,2848.6800670139214,-1.0029880876979687,stop_hit,h_ema21,holdout
2025-02-04 13:00:00+00:00,2848.8150000000005,2843.6541199508965,2859.1367600982085,2025-02-04 13:15:00+00:00,2859.121760098208,2.0,scaleout_tier_1,h_ema21,holdout
2025-02-04 13:00:00+00:00,2848.8150000000005,2843.6541199508965,2864.2976401473124,2025-02-04 13:30:00+00:00,2864.282640147312,3.0,scaleout_tier_2,h_ema21,holdout
2025-02-04 13:00:00+00:00,2848.8150000000005,2843.6541199508965,2869.4585201964164,2025-02-04 14:30:00+00:00,2869.443520196416,4.0,scaleout_tier_3,h_ema21,holdout
2025-02-05 06:15:00+00:00,2886.3150000000005,2880.921953386331,2897.1010932273393,2025-02-05 13:15:00+00:00,2888.9849999999997,0.49508194370723296,trail_exit,h_ema21,holdout
2025-02-06 00:15:00+00:00,2887.9150000000004,2883.0714901656884,2897.6020196686245,2025-02-06 06:45:00+00:00,2883.056490165688,-1.003096927747326,stop_hit,h_ema21,holdout
2025-02-06 11:45:00+00:00,2887.715,2882.2560316143217,2898.632936771357,2025-02-06 13:00:00+00:00,2882.2410316143214,-1.0027477719123048,stop_hit,h_ema21,holdout
2025-02-07 00:15:00+00:00,2882.8150000000005,2878.9822187525015,2890.4805624949986,2025-02-07 02:45:00+00:00,2890.4655624949983,2.0,scaleout_tier_1,h_ema21,holdout
2025-02-07 00:15:00+00:00,2882.8150000000005,2878.9822187525015,2890.4805624949986,2025-02-07 05:45:00+00:00,2884.785,0.5139870691250134,trail_exit,h_ema21,holdout
2025-02-07 09:15:00+00:00,2893.8150000000005,2889.0537033312157,2903.33759333757,2025-02-07 10:15:00+00:00,2889.0387033312154,-1.0031504023050417,stop_hit,h_ema21,holdout
2025-02-13 00:15:00+00:00,2931.5150000000003,2926.3897601894123,2941.7654796211764,2025-02-13 03:15:00+00:00,2941.750479621176,2.0,scaleout_tier_1,h_ema21,holdout
2025-02-13 00:15:00+00:00,2931.5150000000003,2926.3897601894123,2946.8907194317644,2025-02-13 05:00:00+00:00,2946.875719431764,3.0,scaleout_tier_2,h_ema21,holdout
2025-02-13 00:15:00+00:00,2931.5150000000003,2926.3897601894123,2941.7654796211764,2025-02-13 08:00:00+00:00,2937.8849999999998,1.2428686725721416,trail_exit,h_ema21,holdout
2025-02-13 10:45:00+00:00,2945.215,2939.4298620252584,2956.7852759494835,2025-02-13 13:15:00+00:00,2939.414862025258,-1.002592850864719,stop_hit,h_ema21,holdout
2025-02-14 06:45:00+00:00,2963.215,2959.3163283087647,2971.012343382471,2025-02-14 07:00:00+00:00,2959.3013283087644,-1.0038474642617508,stop_hit,h_ema21,holdout
2025-02-14 10:30:00+00:00,2963.215,2958.6045748730226,2972.4358502539553,2025-02-14 11:00:00+00:00,2958.5895748730222,-1.003253496063206,stop_hit,h_ema21,holdout
2025-03-03 09:00:00+00:00,2878.8150000000005,2872.9710051756906,2890.5029896486203,2025-03-03 15:00:00+00:00,2890.48798964862,2.0,scaleout_tier_1,ema21,holdout
2025-03-03 09:00:00+00:00,2878.8150000000005,2872.9710051756906,2896.34698447293,2025-03-03 15:15:00+00:00,2896.33198447293,3.0,scaleout_tier_2,ema21,holdout
2025-03-03 09:00:00+00:00,2878.8150000000005,2872.9710051756906,2902.19097929724,2025-03-03 16:30:00+00:00,2902.17597929724,4.0,scaleout_tier_3,ema21,holdout
2025-03-04 07:30:00+00:00,2908.8150000000005,2903.1690995510494,2937.044502244756,2025-03-04 13:00:00+00:00,2937.029502244756,5.0,scaleout_tier_4,h_ema21,holdout
2025-03-04 07:30:00+00:00,2908.8150000000005,2903.1690995510494,2920.1068008979028,2025-03-04 14:30:00+00:00,2922.3849999999998,2.4035138633236515,trail_exit,h_ema21,holdout
2025-03-05 06:00:00+00:00,2929.3150000000005,2923.5682033311214,2940.808593337759,2025-03-05 07:45:00+00:00,2923.553203331121,-1.002610149769446,stop_hit,h_ema21,holdout
2025-03-06 01:45:00+00:00,2932.5150000000003,2928.0226980555467,2941.4996038889076,2025-03-06 04:00:00+00:00,2928.0076980555464,-1.003339045368232,stop_hit,h_ema21,holdout
2025-03-07 05:30:00+00:00,2918.6150000000002,2913.5000169759523,2928.844966048096,2025-03-07 08:30:00+00:00,2928.8299660480957,2.0,scaleout_tier_1,h_ema21,holdout
2025-03-07 05:30:00+00:00,2918.6150000000002,2913.5000169759523,2928.844966048096,2025-03-07 13:15:00+00:00,2918.6,-0.002932561052462055,stop_hit,h_ema21,holdout
2025-03-10 07:00:00+00:00,2920.4150000000004,2915.8618969833747,2929.521206033252,2025-03-10 07:45:00+00:00,2915.8468969833743,-1.0032944565377842,stop_hit,h_ema21,holdout
2025-03-11 01:45:00+00:00,2893.3150000000005,2886.97245205478,2906.000095890441,2025-03-11 06:45:00+00:00,2905.985095890441,2.0,scaleout_tier_1,ema21,holdout
2025-03-11 01:45:00+00:00,2893.3150000000005,2886.97245205478,2912.3426438356614,2025-03-11 08:30:00+00:00,2912.327643835661,3.0,scaleout_tier_2,ema21,holdout
2025-03-11 01:45:00+00:00,2893.3150000000005,2886.97245205478,2918.6851917808817,2025-03-11 10:30:00+00:00,2918.6701917808814,4.0,scaleout_tier_3,ema21,holdout
2025-03-11 13:45:00+00:00,2926.3150000000005,2919.813306262471,2939.3183874750594,2025-03-11 14:30:00+00:00,2919.7983062624708,-1.0023070911374592,stop_hit,h_ema21,holdout
2025-03-12 03:30:00+00:00,2924.8150000000005,2920.87432857488,2932.6963428502413,2025-03-12 03:45:00+00:00,2920.85932857488,-1.003806457931181,stop_hit,h_ema21,holdout
2025-03-13 13:45:00+00:00,2962.6150000000002,2956.171604070951,2975.5017918580984,2025-03-13 14:30:00+00:00,2975.486791858098,2.0,scaleout_tier_1,h_ema21,holdout
2025-03-13 13:45:00+00:00,2962.6150000000002,2956.171604070951,2981.9451877871475,2025-03-13 15:00:00+00:00,2981.930187787147,3.0,scaleout_tier_2,h_ema21,holdout
2025-03-13 13:45:00+00:00,2962.6150000000002,2956.171604070951,2988.3885837161965,2025-03-13 15:45:00+00:00,2988.373583716196,4.0,scaleout_tier_3,h_ema21,holdout
2025-03-14 01:15:00+00:00,3003.6150000000002,2998.4042287909547,3014.0365424180914,2025-03-14 01:30:00+00:00,2998.3892287909543,-1.0028786525829974,stop_hit,h_ema21,holdout
2025-03-14 04:00:00+00:00,3004.215,2999.0300551731957,3014.584889653609,2025-03-14 04:45:00+00:00,2999.0150551731954,-1.0028929912470395,stop_hit,h_ema21,holdout
2025-03-14 08:15:00+00:00,3003.215,2998.2358955506284,3013.1732088987437,2025-03-14 10:00:00+00:00,3013.1582088987434,2.0,scaleout_tier_1,h_ema21,holdout
2025-03-14 08:15:00+00:00,3003.215,2998.2358955506284,3013.1732088987437,2025-03-14 10:30:00+00:00,3003.2,-0.003012589945209918,stop_hit,h_ema21,holdout
2025-03-17 06:30:00+00:00,2998.215,2994.4687970572068,3005.707405885587,2025-03-17 07:45:00+00:00,2994.4537970572064,-1.0040040542996165,stop_hit,h_ema21,holdout
2025-03-18 00:30:00+00:00,3012.1150000000002,3008.6166241600376,3019.1117516799254,2025-03-18 01:00:00+00:00,3008.6016241600373,-1.0042877039765081,stop_hit,h_ema21,holdout
2025-03-18 02:00:00+00:00,3015.215,3010.926829508523,3023.7913409829544,2025-03-18 06:00:00+00:00,3023.776340982954,2.0,scaleout_tier_1,h_ema21,holdout
2025-03-18 02:00:00+00:00,3015.215,3010.926829508523,3028.0795114744315,2025-03-18 08:00:00+00:00,3028.064511474431,3.0,scaleout_tier_2,h_ema21,holdout
2025-03-18 02:00:00+00:00,3015.215,3010.926829508523,3032.3676819659086,2025-03-18 08:15:00+00:00,3032.3526819659082,4.0,scaleout_tier_3,h_ema21,holdout
2025-03-19 04:15:00+00:00,3042.4150000000004,3038.794483590898,3049.6560328182054,2025-03-19 08:00:00+00:00,3039.8849999999998,-0.6987953413606621,trail_exit,h_ema21,holdout
2025-03-19 18:15:00+00:00,3047.4150000000004,3040.9354302078877,3060.3741395842258,2025-03-19 22:00:00+00:00,3057.9849999999997,1.6312811404340002,eod_force_close,h_ema21,holdout
2025-03-20 04:30:00+00:00,3062.1150000000002,3057.1680137981866,3072.0089724036275,2025-03-20 05:15:00+00:00,3057.1530137981863,-1.0030321491486733,stop_hit,h_ema21,holdout
2025-03-20 18:15:00+00:00,3052.5150000000003,3046.0800993167018,3065.3848013665975,2025-03-20 22:00:00+00:00,3052.5849999999996,0.01087817876986593,eod_force_close,h_ema21,holdout
2025-03-21 11:45:00+00:00,3041.5150000000003,3036.713335356057,3051.118329287887,2025-03-21 13:15:00+00:00,3036.6983353560568,-1.0031239166232169,stop_hit,h_ema21,holdout
2025-03-25 01:00:00+00:00,3018.8150000000005,3015.022584353092,3026.3998312938174,2025-03-25 02:00:00+00:00,3015.0075843530917,-1.0039552626602402,stop_hit,h_ema21,holdout
2025-03-25 03:45:00+00:00,3019.6150000000002,3015.5638440270063,3027.717311945988,2025-03-25 07:30:00+00:00,3016.785,-0.6985660435850702,trail_exit,h_ema21,holdout
2025-03-25 08:45:00+00:00,3023.9150000000004,3019.259036176017,3033.226927647967,2025-03-25 12:15:00+00:00,3019.244036176017,-1.003221674516254,stop_hit,h_ema21,holdout
2025-03-26 01:45:00+00:00,3026.1150000000002,3022.7829885614397,3032.7790228771214,2025-03-26 03:15:00+00:00,3022.7679885614393,-1.0045017852660216,stop_hit,h_ema21,holdout
2025-03-27 01:00:00+00:00,3029.3150000000005,3025.767580451042,3036.409839097918,2025-03-27 02:30:00+00:00,3036.3948390979176,2.0,scaleout_tier_1,h_ema21,holdout
2025-03-27 01:00:00+00:00,3029.3150000000005,3025.767580451042,3039.9572586468767,2025-03-27 04:00:00+00:00,3039.9422586468763,3.0,scaleout_tier_2,h_ema21,holdout
2025-03-27 01:00:00+00:00,3029.3150000000005,3025.767580451042,3043.5046781958354,2025-03-27 07:45:00+00:00,3043.489678195835,4.0,scaleout_tier_3,h_ema21,holdout
2025-03-28 12:45:00+00:00,3117.1150000000002,3099.7414532218186,3151.8620935563636,2025-03-28 13:00:00+00:00,3099.7264532218182,-1.000863381564619,stop_hit,h_ema21,holdout
2025-03-31 02:15:00+00:00,3129.8150000000005,3120.1323969217347,3149.180206156532,2025-03-31 05:45:00+00:00,3149.165206156532,2.0,scaleout_tier_1,h_ema21,holdout
2025-03-31 02:15:00+00:00,3129.8150000000005,3120.1323969217347,3149.180206156532,2025-03-31 13:00:00+00:00,3129.8,-0.0015491701848232636,stop_hit,h_ema21,holdout
2025-04-01 01:00:00+00:00,3161.5150000000003,3136.5221074436918,3211.5007851126175,2025-04-01 05:45:00+00:00,3136.5071074436914,-1.0006001706271705,stop_hit,h_ema21,holdout
2025-04-01 10:30:00+00:00,3165.9150000000004,3137.8787060052496,3221.987587989502,2025-04-01 11:00:00+00:00,3137.8637060052492,-1.0005350207842425,stop_hit,h_ema21,holdout
2025-04-02 13:45:00+00:00,3163.9150000000004,3155.60784880437,3180.5293023912614,2025-04-02 18:15:00+00:00,3161.785,-0.25640558957455073,trail_exit,h_ema21,holdout
2025-04-04 06:00:00+00:00,3129.3150000000005,3120.127816308562,3147.689367382877,2025-04-04 07:00:00+00:00,3120.112816308562,-1.001632709272408,stop_hit,h_ema21,holdout
2025-04-07 11:15:00+00:00,3057.8150000000005,3042.7268810469973,3087.991237906007,2025-04-07 12:00:00+00:00,3042.711881046997,-1.0009941597124896,stop_hit,ema21,holdout
2025-04-08 00:45:00+00:00,3005.0150000000003,2994.6730187967673,3025.6989624064663,2025-04-08 06:15:00+00:00,3025.683962406466,2.0,scaleout_tier_1,ema50,holdout
2025-04-08 00:45:00+00:00,3005.0150000000003,2994.6730187967673,3025.6989624064663,2025-04-08 09:15:00+00:00,3009.9849999999997,0.48056556111760107,trail_exit,ema50,holdout
2025-04-08 11:15:00+00:00,3026.4150000000004,3017.7558185999756,3043.73336280005,2025-04-08 12:15:00+00:00,3017.7408185999752,-1.0017322653617446,stop_hit,ema21,holdout
2025-04-09 11:30:00+00:00,3078.5150000000003,3066.0494958774743,3103.4460082450523,2025-04-09 12:15:00+00:00,3066.034495877474,-1.0012033207684896,stop_hit,ema21,holdout
2025-04-10 00:30:00+00:00,3112.715,3097.269310063052,3143.606379873896,2025-04-10 01:30:00+00:00,3097.254310063052,-1.0009711447051934,stop_hit,h_ema21,holdout
2025-04-10 02:15:00+00:00,3121.715,3105.3508277001656,3154.443344599669,2025-04-10 07:45:00+00:00,3124.4849999999997,0.16927223383168213,trail_exit,h_ema21,holdout
2025-04-10 10:15:00+00:00,3135.4150000000004,3124.307364940875,3157.6302701182517,2025-04-10 14:00:00+00:00,3157.6152701182514,2.0,scaleout_tier_1,h_ema21,holdout
2025-04-10 10:15:00+00:00,3135.4150000000004,3124.307364940875,3168.7379051773773,2025-04-10 14:45:00+00:00,3168.722905177377,3.0,scaleout_tier_2,h_ema21,holdout
2025-04-10 10:15:00+00:00,3135.4150000000004,3124.307364940875,3179.845540236503,2025-04-10 15:15:00+00:00,3179.8305402365027,4.0,scaleout_tier_3,h_ema21,holdout
2025-04-14 01:30:00+00:00,3244.8150000000005,3234.2542590512653,3265.936481897471,2025-04-14 04:45:00+00:00,3242.3849999999998,-0.23009749143517935,trail_exit,h_ema21,holdout
2025-04-14 06:30:00+00:00,3251.715,3242.0824610222244,3270.9800779555517,2025-04-14 07:45:00+00:00,3242.067461022224,-1.0015572218326794,stop_hit,h_ema21,holdout
2025-04-14 12:15:00+00:00,3242.9150000000004,3233.1036724159403,3262.5376551681206,2025-04-14 12:30:00+00:00,3233.08867241594,-1.0015288450897,stop_hit,h_ema21,holdout
2025-04-14 17:45:00+00:00,3231.6150000000002,3221.955668714328,3250.9336625713445,2025-04-14 18:30:00+00:00,3221.940668714328,-1.0015529025309007,stop_hit,h_ema21,holdout
2025-04-15 01:15:00+00:00,3233.715,3227.6775225267043,3245.789954946592,2025-04-15 04:30:00+00:00,3245.7749549465916,2.0,scaleout_tier_1,h_ema21,holdout
2025-04-15 01:15:00+00:00,3233.715,3227.6775225267043,3245.789954946592,2025-04-15 07:30:00+00:00,3233.7,-0.002484481319669228,stop_hit,h_ema21,holdout
2025-04-15 08:15:00+00:00,3246.715,3239.6868084793978,3260.771383041205,2025-04-15 09:30:00+00:00,3239.6718084793974,-1.00213426170251,stop_hit,h_ema21,holdout
2025-04-15 17:45:00+00:00,3244.8150000000005,3237.670089058643,3259.1048218827154,2025-04-15 22:00:00+00:00,3248.3849999999998,0.49965633292008366,eod_force_close,h_ema21,holdout
2025-05-02 02:30:00+00:00,3254.715,3245.410604083171,3273.323791833658,2025-05-02 09:30:00+00:00,3273.308791833658,2.0,scaleout_tier_1,h_ema21,holdout
2025-05-02 02:30:00+00:00,3254.715,3245.410604083171,3273.323791833658,2025-05-02 12:45:00+00:00,3257.5849999999996,0.3084563496280753,trail_exit,h_ema21,holdout
2025-05-05 06:45:00+00:00,3270.715,3262.125378854642,3287.8942422907166,2025-05-05 08:45:00+00:00,3287.8792422907163,2.0,scaleout_tier_1,h_ema21,holdout
2025-05-05 06:45:00+00:00,3270.715,3262.125378854642,3296.483863436075,2025-05-05 09:00:00+00:00,3296.4688634360746,3.0,scaleout_tier_2,h_ema21,holdout
2025-05-05 06:45:00+00:00,3270.715,3262.125378854642,3305.073484581433,2025-05-05 09:15:00+00:00,3305.058484581433,4.0,scaleout_tier_3,h_ema21,holdout
2025-05-05 18:30:00+00:00,3328.4150000000004,3319.51113975241,3346.222720495181,2025-05-05 22:00:00+00:00,3345.6849999999995,1.9396081609291878,eod_force_close,h_ema21,holdout
2025-05-06 07:15:00+00:00,3376.0150000000003,3364.420523512044,3399.203952975913,2025-05-06 12:45:00+00:00,3399.188952975913,2.0,scaleout_tier_1,h_ema21,holdout
2025-05-06 07:15:00+00:00,3376.0150000000003,3364.420523512044,3410.7984294638695,2025-05-06 16:15:00+00:00,3410.783429463869,3.0,scaleout_tier_2,h_ema21,holdout
2025-05-07 06:15:00+00:00,3401.3150000000005,3387.7682564928155,3428.4084870143706,2025-05-07 08:45:00+00:00,3387.753256492815,-1.0011072771838023,stop_hit,h_ema21,holdout
2025-05-07 10:30:00+00:00,3398.0150000000003,3385.505648555404,3423.0337028891927,2025-05-07 14:15:00+00:00,3385.490648555404,-1.0011991029324552,stop_hit,h_ema21,holdout
2025-05-07 18:15:00+00:00,3403.3150000000005,3393.438329191231,3423.0683416175398,2025-05-07 18:30:00+00:00,3393.4233291912306,-1.0015187303789663,stop_hit,h_ema21,holdout
2025-05-08 00:15:00+00:00,3385.6150000000002,3376.8499570924546,3403.1450858150915,2025-05-08 01:45:00+00:00,3403.130085815091,2.0,scaleout_tier_1,h_ema21,holdout
2025-05-08 00:15:00+00:00,3385.6150000000002,3376.8499570924546,3411.910128722637,2025-05-08 01:45:00+00:00,3411.895128722637,3.0,scaleout_tier_2,h_ema21,holdout
2025-05-08 12:15:00+00:00,3353.1150000000002,3342.673990164433,3373.997019671135,2025-05-08 12:30:00+00:00,3358.4849999999997,0.5143180673680098,trail_exit,h_ema21,holdout
2025-05-09 11:15:00+00:00,3335.715,3326.626249571366,3353.8925008572687,2025-05-09 14:00:00+00:00,3326.6112495713655,-1.0016503918902944,stop_hit,h_ema21,holdout
2025-05-09 16:15:00+00:00,3351.715,3341.0174347831958,3373.110130433609,2025-05-09 17:00:00+00:00,3341.0024347831954,-1.0014021882266035,stop_hit,h_ema21,holdout
2025-05-13 04:45:00+00:00,3251.5150000000003,3241.845211572102,3270.854576855797,2025-05-13 11:45:00+00:00,3253.0849999999996,0.1623613599931149,trail_exit,ema21,holdout
2025-05-14 11:15:00+00:00,3241.4150000000004,3233.2339982556996,3257.777003488602,2025-05-14 11:45:00+00:00,3233.2189982556993,-1.0018335162941112,stop_hit,ema21,holdout
2025-05-15 01:00:00+00:00,3190.215,3182.8792404058463,3204.886519188308,2025-05-15 01:30:00+00:00,3182.864240405846,-1.002044778023026,stop_hit,h_ema21,holdout
2025-05-16 06:15:00+00:00,3231.1150000000002,3220.282022957073,3252.780954085855,2025-05-16 06:30:00+00:00,3220.2670229570726,-1.001384660923852,stop_hit,ema21,holdout
2025-05-16 17:00:00+00:00,3192.6150000000002,3180.670264217175,3216.504471565651,2025-05-18 22:00:00+00:00,3219.9849999999997,2.2913859709942903,eod_force_close,h_ema21,holdout
2025-05-19 08:15:00+00:00,3238.4150000000004,3228.364609832259,3258.5157803354837,2025-05-19 12:45:00+00:00,3231.8849999999998,-0.6497260196882466,trail_exit,ema21,holdout
2025-05-20 01:15:00+00:00,3230.9150000000004,3224.230025796407,3244.284948407187,2025-05-20 01:45:00+00:00,3224.2150257964067,-1.0022438381276422,stop_hit,ema21,holdout
2025-05-20 07:45:00+00:00,3224.5150000000003,3215.805620883743,3241.933758232515,2025-05-20 11:15:00+00:00,3241.918758232515,2.0,scaleout_tier_1,ema21,holdout
2025-05-20 07:45:00+00:00,3224.5150000000003,3215.805620883743,3250.6431373487726,2025-05-20 13:45:00+00:00,3250.6281373487723,3.0,scaleout_tier_2,ema21,holdout
2025-05-20 07:45:00+00:00,3224.5150000000003,3215.805620883743,3259.35251646503,2025-05-20 13:45:00+00:00,3259.3375164650297,4.0,scaleout_tier_3,ema21,holdout
2025-05-21 10:30:00+00:00,3318.3150000000005,3309.7248801798523,3335.495239640297,2025-05-21 11:30:00+00:00,3309.709880179852,-1.0017461921736115,stop_hit,h_ema21,holdout
2025-05-21 18:00:00+00:00,3318.8150000000005,3308.852518439253,3338.7399631214957,2025-05-21 22:00:00+00:00,3317.9849999999997,-0.08331257578142515,eod_force_close,h_ema21,holdout
2025-05-22 01:15:00+00:00,3328.5150000000003,3320.5908061719865,3344.363387656028,2025-05-22 02:30:00+00:00,3344.3483876560276,2.0,scaleout_tier_1,h_ema21,holdout
2025-05-22 01:15:00+00:00,3328.5150000000003,3320.5908061719865,3344.363387656028,2025-05-22 05:45:00+00:00,3328.5,-0.0018929370388819913,stop_hit,h_ema21,holdout
2025-05-23 00:30:00+00:00,3303.0150000000003,3295.9986161874726,3317.0477676250557,2025-05-23 00:45:00+00:00,3295.9836161874723,-1.0021378534015692,stop_hit,h_ema21,holdout
2025-05-23 04:15:00+00:00,3305.3150000000005,3296.7766544198257,3322.39169116035,2025-05-23 05:45:00+00:00,3322.3766911603498,2.0,scaleout_tier_1,h_ema21,holdout
2025-05-23 04:15:00+00:00,3305.3150000000005,3296.7766544198257,3330.930036740525,2025-05-23 07:30:00+00:00,3330.9150367405246,3.0,scaleout_tier_2,h_ema21,holdout
2025-05-23 04:15:00+00:00,3305.3150000000005,3296.7766544198257,3339.4683823206997,2025-05-23 11:45:00+00:00,3339.4533823206993,4.0,scaleout_tier_3,h_ema21,holdout
2025-05-23 04:15:00+00:00,3305.3150000000005,3296.7766544198257,3348.0067279008745,2025-05-23 11:45:00+00:00,3347.991727900874,5.0,scaleout_tier_4,h_ema21,holdout
2025-05-26 13:30:00+00:00,3338.0150000000003,3331.355105715221,3351.3347885695594,2025-05-26 14:15:00+00:00,3336.9849999999997,-0.1546571095512149,trail_exit,h_ema21,holdout
2025-05-26 16:45:00+00:00,3343.0150000000003,3337.6179267780403,3353.8091464439203,2025-05-26 22:00:00+00:00,3342.785,-0.04261569012342327,eod_force_close,h_ema21,holdout
2025-05-27 17:45:00+00:00,3302.5150000000003,3294.839595680745,3317.865808638511,2025-05-27 22:00:00+00:00,3300.8849999999998,-0.21236666268008167,eod_force_close,ema21,holdout
2025-05-28 00:30:00+00:00,3310.9150000000004,3305.395507199131,3321.9539856017395,2025-05-28 01:00:00+00:00,3305.3805071991305,-1.0027176410118632,stop_hit,ema21,holdout
2025-05-29 07:15:00+00:00,3302.3150000000005,3292.6850498377817,3321.574900324438,2025-05-29 10:15:00+00:00,3321.559900324438,2.0,scaleout_tier_1,ema21,holdout
2025-05-29 07:15:00+00:00,3302.3150000000005,3292.6850498377817,3331.204850486657,2025-05-29 12:15:00+00:00,3331.1898504866567,3.0,scaleout_tier_2,ema21,holdout
2025-05-29 07:15:00+00:00,3302.3150000000005,3292.6850498377817,3340.834800648876,2025-05-29 12:45:00+00:00,3340.8198006488756,4.0,scaleout_tier_3,ema21,holdout
2025-05-30 12:15:00+00:00,3326.9150000000004,3317.2138879195995,3346.317224160802,2025-05-30 13:15:00+00:00,3318.5849999999996,-0.8586644428972113,trail_exit,ema21,holdout
2025-06-02 04:30:00+00:00,3337.4150000000004,3330.499086222266,3351.246827555469,2025-06-02 06:00:00+00:00,3351.2318275554685,2.0,scaleout_tier_1,h_ema21,holdout
2025-06-02 04:30:00+00:00,3337.4150000000004,3330.499086222266,3358.162741333203,2025-06-02 06:15:00+00:00,3358.1477413332027,3.0,scaleout_tier_2,h_ema21,holdout
2025-06-02 04:30:00+00:00,3337.4150000000004,3330.499086222266,3365.0786551109372,2025-06-02 06:30:00+00:00,3365.063655110937,4.0,scaleout_tier_3,h_ema21,holdout
2025-06-02 11:45:00+00:00,3381.3150000000005,3373.1873504793843,3397.570299041233,2025-06-02 22:00:00+00:00,3406.4849999999997,3.0968362914953813,eod_force_close,h_ema21,holdout
2025-06-03 12:45:00+00:00,3385.3150000000005,3377.2264481178277,3401.492103764346,2025-06-03 13:30:00+00:00,3377.2114481178273,-1.0018544728671874,stop_hit,h_ema21,holdout
2025-06-05 00:30:00+00:00,3404.4150000000004,3398.7518633701243,3415.7412732597527,2025-06-05 00:45:00+00:00,3398.736863370124,-1.0026487088305789,stop_hit,h_ema21,holdout
2025-06-05 07:15:00+00:00,3394.8150000000005,3387.9129624677,3408.619075064602,2025-06-05 09:15:00+00:00,3408.6040750646016,2.0,scaleout_tier_1,h_ema21,holdout
2025-06-05 07:15:00+00:00,3394.8150000000005,3387.9129624677,3415.5211125969026,2025-06-05 10:15:00+00:00,3415.5061125969023,3.0,scaleout_tier_2,h_ema21,holdout
2025-06-05 07:15:00+00:00,3394.8150000000005,3387.9129624677,3422.4231501292033,2025-06-05 10:30:00+00:00,3422.408150129203,4.0,scaleout_tier_3,h_ema21,holdout
2025-06-06 00:15:00+00:00,3386.6150000000002,3379.9531286302927,3399.9387427394154,2025-06-06 00:30:00+00:00,3383.8849999999998,-0.4097947631372999,trail_exit,h_ema21,holdout
2025-06-09 14:15:00+00:00,3347.0150000000003,3338.741491200522,3363.562017598957,2025-06-09 14:30:00+00:00,3338.7264912005217,-1.0018130155371652,stop_hit,ema21,holdout
2025-06-09 15:30:00+00:00,3351.9150000000004,3343.4800405101214,3368.7849189797585,2025-06-09 20:15:00+00:00,3346.4849999999997,-0.6437493868839703,trail_exit,ema21,holdout
2025-06-10 05:45:00+00:00,3335.5150000000003,3328.168098800981,3350.2088023980386,2025-06-10 07:45:00+00:00,3350.1938023980383,2.0,scaleout_tier_1,ema21,holdout
2025-06-10 05:45:00+00:00,3335.5150000000003,3328.168098800981,3357.555703597058,2025-06-10 11:00:00+00:00,3357.5407035970575,3.0,scaleout_tier_2,ema21,holdout
2025-06-10 05:45:00+00:00,3335.5150000000003,3328.168098800981,3364.902604796077,2025-06-10 13:15:00+00:00,3364.8876047960766,4.0,scaleout_tier_3,ema21,holdout
2025-06-10 19:15:00+00:00,3347.215,3340.5296998773006,3360.5856002453993,2025-06-10 19:45:00+00:00,3349.8849999999998,0.39938371516542365,trail_exit,ema21,holdout
2025-06-11 00:15:00+00:00,3348.8150000000005,3341.5180136721865,3363.4089726556285,2025-06-11 04:00:00+00:00,3363.393972655628,2.0,scaleout_tier_1,ema21,holdout
2025-06-11 00:15:00+00:00,3348.8150000000005,3341.5180136721865,3363.4089726556285,2025-06-11 09:45:00+00:00,3354.6849999999995,0.8044416881561408,trail_exit,ema21,holdout
2025-06-13 00:15:00+00:00,3423.9150000000004,3415.8497975856667,3440.045404828668,2025-06-13 01:00:00+00:00,3440.0304048286675,2.0,scaleout_tier_1,h_ema21,holdout
2025-06-13 00:15:00+00:00,3423.9150000000004,3415.8497975856667,3448.1106072430016,2025-06-13 01:15:00+00:00,3448.0956072430013,3.0,scaleout_tier_2,h_ema21,holdout
2025-06-13 00:15:00+00:00,3423.9150000000004,3415.8497975856667,3456.1758096573353,2025-06-13 02:30:00+00:00,3456.160809657335,4.0,scaleout_tier_3,h_ema21,holdout
2025-06-13 12:45:00+00:00,3452.3150000000005,3442.720004504382,3471.5049909912377,2025-06-13 15:15:00+00:00,3442.7050045043816,-1.001563314960093,stop_hit,h_ema21,holdout
2025-06-30 16:15:00+00:00,3305.3150000000005,3297.0649634101455,3321.8150731797105,2025-06-30 22:00:00+00:00,3315.6849999999995,1.256964122165339,eod_force_close,ema50,holdout
2025-07-01 01:00:00+00:00,3326.6150000000002,3321.361543361595,3337.1219132768106,2025-07-01 05:00:00+00:00,3337.1069132768102,2.0,scaleout_tier_1,ema21,holdout
2025-07-01 01:00:00+00:00,3326.6150000000002,3321.361543361595,3342.3753699152157,2025-07-01 06:30:00+00:00,3342.3603699152154,3.0,scaleout_tier_2,ema21,holdout
2025-07-01 01:00:00+00:00,3326.6150000000002,3321.361543361595,3347.628826553621,2025-07-01 07:00:00+00:00,3347.6138265536206,4.0,scaleout_tier_3,ema21,holdout
2025-07-02 05:30:00+00:00,3353.1150000000002,3348.0109733219583,3363.323053356084,2025-07-02 05:45:00+00:00,3347.995973321958,-1.0029388561123433,stop_hit,ema21,holdout
2025-07-02 09:30:00+00:00,3349.3150000000005,3343.6222210713504,3360.7005578573007,2025-07-02 14:00:00+00:00,3345.4849999999997,-0.6727821417279269,trail_exit,ema21,holdout
2025-07-02 16:15:00+00:00,3357.0150000000003,3349.8400775815844,3371.364844836832,2025-07-02 22:00:00+00:00,3368.9849999999997,1.6683107219774074,eod_force_close,ema21,holdout
2025-07-03 05:15:00+00:00,3363.9150000000004,3359.4251833864582,3372.894633227085,2025-07-03 09:00:00+00:00,3363.1849999999995,-0.16259015965130982,trail_exit,ema21,holdout
2025-07-04 01:30:00+00:00,3342.4150000000004,3337.911743928696,3351.421512142609,2025-07-04 02:45:00+00:00,3337.8967439286957,-1.0033309231726595,stop_hit,ema21,holdout
2025-07-04 03:45:00+00:00,3347.5150000000003,3342.5523895780466,3357.440220843908,2025-07-04 09:30:00+00:00,3344.5849999999996,-0.5904150740986893,trail_exit,ema21,holdout
2025-07-04 16:45:00+00:00,3344.6150000000002,3340.614979084693,3352.6150418306147,2025-07-06 22:00:00+00:00,3344.4849999999997,-0.032499830064158276,eod_force_close,ema21,holdout
2025-07-08 07:15:00+00:00,3348.0150000000003,3342.974766239602,3358.095467520797,2025-07-08 07:30:00+00:00,3342.959766239602,-1.0029760524438736,stop_hit,ema21,holdout
2025-07-09 00:15:00+00:00,3313.4150000000004,3307.6006231935316,3325.043753612938,2025-07-09 02:15:00+00:00,3307.5856231935313,-1.0025798121620944,stop_hit,ema50,holdout
2025-07-09 10:45:00+00:00,3302.9150000000004,3296.65529527629,3315.4344094474213,2025-07-09 11:15:00+00:00,3296.6402952762896,-1.0023962791636978,stop_hit,ema50,holdout
2025-07-09 19:15:00+00:00,3324.8150000000005,3318.780848126429,3336.883303747143,2025-07-09 22:00:00+00:00,3322.1849999999995,-0.43585247025684337,eod_force_close,ema21,holdout
2025-07-10 00:45:00+00:00,3329.715,3325.0671606841256,3339.010678631749,2025-07-10 01:00:00+00:00,3325.0521606841253,-1.0032273060622159,stop_hit,ema21,holdout
2025-07-10 01:30:00+00:00,3332.4150000000004,3327.074565241627,3343.095869516747,2025-07-10 02:45:00+00:00,3327.059565241627,-1.002808760087708,stop_hit,ema21,holdout
2025-07-10 05:15:00+00:00,3332.5150000000003,3327.7183090781996,3342.108381843602,2025-07-10 11:45:00+00:00,3327.7033090781993,-1.0031271558340673,stop_hit,ema21,holdout
2025-07-10 19:00:00+00:00,3330.4150000000004,3325.0819328062153,3341.0811343875707,2025-07-10 22:00:00+00:00,3333.0849999999996,0.5006499830173948,eod_force_close,ema21,holdout
2025-07-11 00:30:00+00:00,3337.6150000000002,3333.477539844999,3345.889920310003,2025-07-11 03:15:00+00:00,3345.874920310003,2.0,scaleout_tier_1,ema21,holdout
2025-07-11 00:30:00+00:00,3337.6150000000002,3333.477539844999,3350.0273804650046,2025-07-11 05:15:00+00:00,3350.0123804650043,3.0,scaleout_tier_2,ema21,holdout
2025-07-11 00:30:00+00:00,3337.6150000000002,3333.477539844999,3354.164840620006,2025-07-11 10:15:00+00:00,3354.1498406200058,4.0,scaleout_tier_3,ema21,holdout
2025-07-14 07:00:00+00:00,3381.6150000000002,3375.4272201363437,3393.990559727313,2025-07-14 09:00:00+00:00,3375.4122201363434,-1.002424132779582,stop_hit,ema21,holdout
2025-07-14 17:30:00+00:00,3358.9150000000004,3352.609311830365,3371.526376339271,2025-07-14 19:45:00+00:00,3352.594311830365,-1.002378804596231,stop_hit,ema21,holdout
2025-07-15 00:15:00+00:00,3355.6150000000002,3351.636265376937,3363.5724692461267,2025-07-15 03:30:00+00:00,3363.5574692461264,2.0,scaleout_tier_1,ema21,holdout
2025-07-15 00:15:00+00:00,3355.6150000000002,3351.636265376937,3367.55120386919,2025-07-15 04:00:00+00:00,3367.5362038691896,3.0,scaleout_tier_2,ema21,holdout
2025-07-15 00:15:00+00:00,3355.6150000000002,3351.636265376937,3371.529938492253,2025-07-15 05:00:00+00:00,3371.514938492253,4.0,scaleout_tier_3,ema21,holdout
2025-07-18 02:15:00+00:00,3349.0150000000003,3344.2312922597653,3358.5824154804704,2025-07-18 02:30:00+00:00,3345.4849999999997,-0.7379213345979201,trail_exit,ema21,holdout
2025-07-21 00:30:00+00:00,3358.0150000000003,3354.218381489992,3365.6082370200165,2025-07-21 05:00:00+00:00,3365.593237020016,2.0,scaleout_tier_1,ema21,holdout
2025-07-21 00:30:00+00:00,3358.0150000000003,3354.218381489992,3369.4048555300246,2025-07-21 05:00:00+00:00,3369.3898555300243,3.0,scaleout_tier_2,ema21,holdout
2025-07-21 00:30:00+00:00,3358.0150000000003,3354.218381489992,3373.2014740400327,2025-07-21 05:15:00+00:00,3373.1864740400324,4.0,scaleout_tier_3,ema21,holdout
2025-07-21 11:15:00+00:00,3376.715,3372.3327849909024,3398.626075045489,2025-07-21 13:30:00+00:00,3398.6110750454886,5.0,scaleout_tier_4,ema21,holdout
2025-07-21 11:15:00+00:00,3376.715,3372.3327849909024,3403.0082900545867,2025-07-21 14:00:00+00:00,3402.9932900545864,6.0,scaleout_tier_5,ema21,holdout
2025-07-21 11:15:00+00:00,3376.715,3372.3327849909024,3407.3905050636845,2025-07-21 14:00:00+00:00,3407.375505063684,7.0,scaleout_tier_6,ema21,holdout
2025-07-22 12:00:00+00:00,3401.1150000000002,3397.1886099073104,3432.526120741519,2025-07-22 14:15:00+00:00,3432.511120741519,8.0,scaleout_tier_7,h_ema21,holdout
2025-07-22 12:00:00+00:00,3401.1150000000002,3397.1886099073104,3436.452510834209,2025-07-22 14:30:00+00:00,3436.4375108342088,9.0,scaleout_tier_8,h_ema21,holdout
2025-07-22 12:00:00+00:00,3401.1150000000002,3397.1886099073104,3440.378900926899,2025-07-22 15:00:00+00:00,3440.3639009268986,10.0,scaleout_tier_9,h_ema21,holdout
2025-07-25 00:30:00+00:00,3374.8150000000005,3370.6417251726357,3383.16154965473,2025-07-25 00:45:00+00:00,3375.1849999999995,0.08865938988077972,trail_exit,ema21,holdout
2025-07-28 04:00:00+00:00,3343.0150000000003,3336.2984348575096,3356.4481302849817,2025-07-28 06:30:00+00:00,3336.2834348575093,-1.0022332843770745,stop_hit,ema21,holdout
2025-07-29 06:00:00+00:00,3317.715,3312.8654498819496,3327.414100236101,2025-07-29 07:00:00+00:00,3312.8504498819493,-1.0030930704158507,stop_hit,ema50,holdout
2025-07-31 06:00:00+00:00,3349.1150000000002,3343.3046174711303,3360.73576505774,2025-07-31 08:15:00+00:00,3360.7207650577398,2.0,scaleout_tier_1,ema21,holdout
2025-07-31 06:00:00+00:00,3349.1150000000002,3343.3046174711303,3360.73576505774,2025-07-31 10:30:00+00:00,3353.1849999999995,0.7004702323430054,trail_exit,ema21,holdout
2025-07-31 12:45:00+00:00,3361.6150000000002,3354.460458700394,3375.9240825992124,2025-07-31 13:45:00+00:00,3354.445458700394,-1.0020965704679283,stop_hit,ema21,holdout
2025-08-01 03:15:00+00:00,3346.6150000000002,3340.154536136027,3359.5359277279463,2025-08-01 07:30:00+00:00,3340.139536136027,-1.0023218147049742,stop_hit,ema21,holdout
2025-08-01 18:45:00+00:00,3403.3150000000005,3395.556488297614,3418.8320234047733,2025-08-03 22:00:00+00:00,3416.5849999999996,1.7103795816815546,eod_force_close,,holdout
2025-08-04 07:00:00+00:00,3415.1150000000002,3409.7128317486886,3425.9193365026235,2025-08-04 07:15:00+00:00,3409.6978317486883,-1.0027766628698922,stop_hit,h_ema21,holdout
2025-08-04 11:15:00+00:00,3417.3150000000005,3411.784699113988,3428.375601772025,2025-08-04 13:15:00+00:00,3428.360601772025,2.0,scaleout_tier_1,h_ema21,holdout
2025-08-04 11:15:00+00:00,3417.3150000000005,3411.784699113988,3433.9059026580376,2025-08-04 13:45:00+00:00,3433.8909026580372,3.0,scaleout_tier_2,h_ema21,holdout
2025-08-04 11:15:00+00:00,3417.3150000000005,3411.784699113988,3428.375601772025,2025-08-04 16:30:00+00:00,3425.5849999999996,1.4953978400915158,trail_exit,h_ema21,holdout
2025-08-06 00:30:00+00:00,3440.0150000000003,3436.5292534532014,3446.9864930935983,2025-08-06 00:45:00+00:00,3436.514253453201,-1.0043032388611566,stop_hit,h_ema21,holdout
2025-08-06 06:30:00+00:00,3432.3150000000005,3428.0399024260964,3440.8651951478087,2025-08-06 07:00:00+00:00,3428.024902426096,-1.0035086918464482,stop_hit,h_ema21,holdout
2025-08-07 00:15:00+00:00,3437.5150000000003,3432.8720205836953,3446.8009588326104,2025-08-07 06:00:00+00:00,3446.78595883261,2.0,scaleout_tier_1,h_ema21,holdout
2025-08-07 00:15:00+00:00,3437.5150000000003,3432.8720205836953,3451.4439382489154,2025-08-07 06:30:00+00:00,3451.428938248915,3.0,scaleout_tier_2,h_ema21,holdout
2025-08-07 00:15:00+00:00,3437.5150000000003,3432.8720205836953,3456.0869176652204,2025-08-07 06:45:00+00:00,3456.07191766522,4.0,scaleout_tier_3,h_ema21,holdout
2025-08-08 06:15:00+00:00,3497.0150000000003,3487.43419272747,3516.176614545061,2025-08-08 07:30:00+00:00,3487.4191927274696,-1.0015656300741311,stop_hit,h_ema21,holdout
2025-08-11 14:00:00+00:00,3414.9150000000004,3405.1694544368697,3434.406091126262,2025-08-11 14:30:00+00:00,3405.1544544368694,-1.0015391647294816,stop_hit,ema21,holdout
2025-08-12 00:15:00+00:00,3401.5150000000003,3396.222972692505,3412.0990546149906,2025-08-12 06:15:00+00:00,3396.207972692505,-1.0028344524940533,stop_hit,ema21,holdout
2025-08-13 02:45:00+00:00,3403.5150000000003,3397.550598128209,3415.443803743583,2025-08-13 04:00:00+00:00,3397.5355981282087,-1.0025149210805646,stop_hit,ema21,holdout
2025-08-13 06:15:00+00:00,3403.215,3397.8101970165176,3414.0246059669653,2025-08-13 09:30:00+00:00,3414.009605966965,2.0,scaleout_tier_1,ema21,holdout
2025-08-13 06:15:00+00:00,3403.215,3397.8101970165176,3414.0246059669653,2025-08-13 15:15:00+00:00,3406.5849999999996,0.6235194900347666,trail_exit,ema21,holdout
2025-08-29 12:45:00+00:00,3471.715,3466.5098478641858,3482.125304271629,2025-08-29 13:30:00+00:00,3482.1103042716286,2.0,scaleout_tier_1,h_ema21,holdout
2025-08-29 12:45:00+00:00,3471.715,3466.5098478641858,3487.3304564074433,2025-08-29 13:45:00+00:00,3487.315456407443,3.0,scaleout_tier_2,h_ema21,holdout
2025-08-29 12:45:00+00:00,3471.715,3466.5098478641858,3492.5356085432577,2025-08-29 14:00:00+00:00,3492.5206085432574,4.0,scaleout_tier_3,h_ema21,holdout
2025-08-29 12:45:00+00:00,3471.715,3466.5098478641858,3497.740760679072,2025-08-29 14:00:00+00:00,3497.7257606790718,5.0,scaleout_tier_4,h_ema21,holdout
2025-09-01 13:15:00+00:00,3547.9150000000004,3540.879477333184,3561.9860453336337,2025-09-01 22:00:00+00:00,3547.4849999999997,-0.06111841583978695,eod_force_close,h_ema21,holdout
2025-09-03 00:30:00+00:00,3604.8150000000005,3597.320676247161,3619.8036475056797,2025-09-03 01:15:00+00:00,3597.3056762471606,-1.002001514812413,stop_hit,h_ema21,holdout
2025-09-03 08:30:00+00:00,3607.8150000000005,3600.684874371083,3622.0752512578356,2025-09-03 10:00:00+00:00,3600.6698743710826,-1.002103749748741,stop_hit,h_ema21,holdout
2025-09-08 06:00:00+00:00,3631.9150000000004,3625.241780231533,3645.261439536935,2025-09-08 07:15:00+00:00,3645.2464395369348,2.0,scaleout_tier_1,h_ema21,holdout
2025-09-08 06:00:00+00:00,3631.9150000000004,3625.241780231533,3651.9346593054024,2025-09-08 07:30:00+00:00,3651.919659305402,3.0,scaleout_tier_2,h_ema21,holdout
2025-09-08 13:00:00+00:00,3663.215,3655.912513205245,3677.8199735895105,2025-09-08 22:00:00+00:00,3676.5849999999996,1.8308831464922484,eod_force_close,h_ema21,holdout
2025-09-09 01:30:00+00:00,3684.9150000000004,3678.8302955980193,3697.0844088039626,2025-09-09 06:00:00+00:00,3678.815295598019,-1.0024651978155987,stop_hit,h_ema21,holdout
2025-09-09 13:30:00+00:00,3700.9150000000004,3692.2480580902175,3718.2488838195663,2025-09-09 14:00:00+00:00,3692.233058090217,-1.0017307142653622,stop_hit,h_ema21,holdout
2025-09-10 07:15:00+00:00,3686.0150000000003,3679.0756916465407,3699.8936167069196,2025-09-10 12:45:00+00:00,3679.0606916465404,-1.00216159871219,stop_hit,h_ema21,holdout
2025-09-10 18:30:00+00:00,3688.5150000000003,3681.867109817188,3701.810780365625,2025-09-10 19:15:00+00:00,3681.8521098171877,-1.0022563549619259,stop_hit,h_ema21,holdout
2025-09-11 00:15:00+00:00,3686.3150000000005,3681.1793001219808,3696.58639975604,2025-09-11 00:45:00+00:00,3681.1643001219804,-1.0029207314205657,stop_hit,h_ema21,holdout
2025-09-12 01:15:00+00:00,3680.715,3675.3762505869067,3691.392498826187,2025-09-12 03:45:00+00:00,3691.3774988261866,2.0,scaleout_tier_1,h_ema21,holdout
2025-09-12 01:15:00+00:00,3680.715,3675.3762505869067,3691.392498826187,2025-09-12 08:00:00+00:00,3680.7,-0.0028096467617565193,stop_hit,h_ema21,holdout
2025-09-15 09:00:00+00:00,3682.4150000000004,3677.1824613495332,3692.8800773009348,2025-09-15 09:15:00+00:00,3677.167461349533,-1.0028666773438908,stop_hit,h_ema21,holdout
2025-09-15 10:30:00+00:00,3683.1150000000002,3677.64735696716,3694.050286065681,2025-09-15 10:45:00+00:00,3677.6323569671595,-1.00274341245583,stop_hit,h_ema21,holdout
2025-09-15 13:00:00+00:00,3687.6150000000002,3681.3366790959426,3700.1716418081155,2025-09-15 13:30:00+00:00,3700.156641808115,2.0,scaleout_tier_1,h_ema21,holdout
2025-09-15 13:00:00+00:00,3687.6150000000002,3681.3366790959426,3706.449962712173,2025-09-15 15:30:00+00:00,3706.434962712173,3.0,scaleout_tier_2,h_ema21,holdout
2025-09-16 00:30:00+00:00,3723.4150000000004,3718.7043637941065,3732.8362724117883,2025-09-16 01:00:00+00:00,3718.689363794106,-1.0031842832570173,stop_hit,h_ema21,holdout
2025-09-16 05:00:00+00:00,3720.9150000000004,3716.0869229022846,3730.571154195432,2025-09-16 06:45:00+00:00,3730.5561541954316,2.0,scaleout_tier_1,h_ema21,holdout
2025-09-16 05:00:00+00:00,3720.9150000000004,3716.0869229022846,3735.3992312931477,2025-09-16 09:45:00+00:00,3735.3842312931474,3.0,scaleout_tier_2,h_ema21,holdout
2025-09-17 12:45:00+00:00,3709.8150000000005,3702.8993531723904,3723.6462936552207,2025-09-17 13:00:00+00:00,3713.285,0.5017607299068088,trail_exit,h_ema21,holdout
2025-09-19 01:15:00+00:00,3681.6150000000002,3676.1295975609974,3692.585804878006,2025-09-19 01:45:00+00:00,3676.114597560997,-1.0027345304500674,stop_hit,h_ema21,holdout
2025-09-19 10:00:00+00:00,3691.3150000000005,3685.4734875884783,3702.998024823045,2025-09-19 11:00:00+00:00,3685.458487588478,-1.0025678281485357,stop_hit,h_ema21,holdout
2025-09-22 05:45:00+00:00,3733.8150000000005,3728.3325878616756,3744.7798242766503,2025-09-22 06:30:00+00:00,3744.76482427665,2.0,scaleout_tier_1,h_ema21,holdout
2025-09-22 05:45:00+00:00,3733.8150000000005,3728.3325878616756,3750.262236414975,2025-09-22 06:30:00+00:00,3750.247236414975,3.0,scaleout_tier_2,h_ema21,holdout
2025-09-22 15:00:00+00:00,3760.0150000000003,3751.4009575225914,3777.243084954818,2025-09-22 22:00:00+00:00,3781.1849999999995,2.4576149996380114,eod_force_close,h_ema21,holdout
2025-09-23 01:15:00+00:00,3789.9150000000004,3783.771175494356,3802.202649011289,2025-09-23 01:30:00+00:00,3783.756175494356,-1.0024414759872369,stop_hit,h_ema21,holdout
2025-09-24 04:15:00+00:00,3799.9150000000004,3792.698702082716,3814.3475958345693,2025-09-24 10:00:00+00:00,3798.0849999999996,-0.2535926344750296,trail_exit,h_ema21,holdout
2025-09-24 13:15:00+00:00,3805.0150000000003,3798.1300449151995,3818.784910169602,2025-09-24 13:30:00+00:00,3798.115044915199,-1.0021786634503167,stop_hit,h_ema21,holdout
2025-09-25 06:15:00+00:00,3776.4150000000004,3768.5936991032586,3792.057601793484,2025-09-25 11:00:00+00:00,3773.5849999999996,-0.36183239046329846,trail_exit,h_ema21,holdout
2025-09-26 04:15:00+00:00,3775.8150000000005,3768.6701354862103,3790.104729027581,2025-09-26 13:00:00+00:00,3790.0897290275807,2.0,scaleout_tier_1,h_ema21,holdout
2025-09-26 04:15:00+00:00,3775.8150000000005,3768.6701354862103,3797.2495935413713,2025-09-26 14:00:00+00:00,3797.234593541371,3.0,scaleout_tier_2,h_ema21,holdout
2025-09-29 11:30:00+00:00,3853.1150000000002,3844.595729498126,3870.153541003749,2025-09-29 12:30:00+00:00,3844.5807294981255,-1.0017607141359142,stop_hit,h_ema21,holdout
2025-09-30 00:15:00+00:00,3866.715,3860.213193263852,3879.718613472296,2025-09-30 03:00:00+00:00,3879.7036134722957,2.0,scaleout_tier_1,h_ema21,holdout
2025-09-30 00:15:00+00:00,3866.715,3860.213193263852,3886.220420208444,2025-09-30 03:15:00+00:00,3886.2054202084437,3.0,scaleout_tier_2,h_ema21,holdout
2025-09-30 19:15:00+00:00,3878.8150000000005,3869.257871513337,3897.929256973328,2025-09-30 22:00:00+00:00,3887.6849999999995,0.9281030397756427,eod_force_close,h_ema21,holdout
2025-10-01 00:15:00+00:00,3892.4150000000004,3885.8017452408294,3905.6415095183424,2025-10-01 02:45:00+00:00,3885.786745240829,-1.0022681721098867,stop_hit,,holdout
2025-10-01 07:30:00+00:00,3898.1150000000002,3889.7019285585106,3914.9411428829794,2025-10-01 08:00:00+00:00,3914.926142882979,2.0,scaleout_tier_1,h_ema21,holdout
2025-10-01 07:30:00+00:00,3898.1150000000002,3889.7019285585106,3914.9411428829794,2025-10-01 12:30:00+00:00,3902.0849999999996,0.47188473646153056,trail_exit,h_ema21,holdout
2025-10-02 02:15:00+00:00,3894.8150000000005,3886.8170896115266,3910.8108207769483,2025-10-02 04:45:00+00:00,3886.8020896115263,-1.0018754898806999,stop_hit,h_ema21,holdout
2025-10-02 05:30:00+00:00,3894.5150000000003,3888.3056417120115,3906.933716575978,2025-10-02 06:45:00+00:00,3888.290641712011,-1.0024157085651415,stop_hit,h_ema21,holdout
2025-10-02 08:45:00+00:00,3900.5150000000003,3892.6831466058334,3916.1787067883342,2025-10-02 13:00:00+00:00,3916.163706788334,2.0,scaleout_tier_1,h_ema21,holdout
2025-10-02 08:45:00+00:00,3900.5150000000003,3892.6831466058334,3916.1787067883342,2025-10-02 13:45:00+00:00,3900.5,-0.0019152554632214118,stop_hit,h_ema21,holdout
2025-10-03 12:45:00+00:00,3895.215,3887.74798383511,3910.1490323297803,2025-10-03 13:30:00+00:00,3910.13403232978,2.0,scaleout_tier_1,h_ema21,holdout
2025-10-03 12:45:00+00:00,3895.215,3887.74798383511,3910.1490323297803,2025-10-03 14:00:00+00:00,3895.2,-0.0020088345423513922,stop_hit,h_ema21,holdout
2025-10-06 08:00:00+00:00,3965.8150000000005,3955.8020781076416,3985.8408437847183,2025-10-06 11:45:00+00:00,3955.7870781076413,-1.0014980642175761,stop_hit,h_ema21,holdout
2025-10-06 13:45:00+00:00,3968.6150000000002,3956.5312648871686,3992.7824702256635,2025-10-06 22:00:00+00:00,3982.9849999999997,1.1892018374964255,eod_force_close,h_ema21,holdout
2025-10-07 03:45:00+00:00,3994.8150000000005,3985.4830553597135,4013.4788892805745,2025-10-07 05:00:00+00:00,3985.468055359713,-1.0016073820172027,stop_hit,h_ema21,holdout
2025-10-08 02:00:00+00:00,4023.215,4014.6521179705833,4040.340764058834,2025-10-08 04:00:00+00:00,4040.3257640588336,2.0,scaleout_tier_1,h_ema21,holdout
2025-10-08 02:00:00+00:00,4023.215,4014.6521179705833,4048.9036460882508,2025-10-08 04:45:00+00:00,4048.8886460882504,3.0,scaleout_tier_2,h_ema21,holdout
2025-10-08 10:00:00+00:00,4070.9150000000004,4061.7044360608334,4089.3361278783345,2025-10-08 10:15:00+00:00,4061.689436060833,-1.0016285647762067,stop_hit,h_ema21,holdout
2025-10-09 11:00:00+00:00,4064.0150000000003,4056.0452828638845,4079.954434272232,2025-10-09 11:15:00+00:00,4056.030282863884,-1.001882124515104,stop_hit,h_ema21,holdout
2025-10-09 13:00:00+00:00,4072.8150000000005,4063.495258226919,4091.454483546164,2025-10-09 13:30:00+00:00,4063.4802582269185,-1.0016094866537668,stop_hit,h_ema21,holdout
2025-10-10 08:15:00+00:00,4000.715,3986.1319172833164,4029.8811654333676,2025-10-10 15:15:00+00:00,4029.8661654333673,2.0,scaleout_tier_1,h_ema21,holdout
2025-10-10 08:15:00+00:00,4000.715,3986.1319172833164,4029.8811654333676,2025-10-10 16:00:00+00:00,4000.7,-0.0010285891050433869,stop_hit,h_ema21,holdout
2025-10-29 00:30:00+00:00,3984.715,3966.5845654836635,4020.9758690326735,2025-10-29 02:30:00+00:00,3966.569565483663,-1.0008273381416652,stop_hit,h_ema21,holdout
2025-10-29 06:45:00+00:00,3994.215,3978.571496905878,4025.502006188244,2025-10-29 08:45:00+00:00,4025.487006188244,2.0,scaleout_tier_1,h_ema21,holdout
2025-10-29 06:45:00+00:00,3994.215,3978.571496905878,4041.145509282366,2025-10-29 12:00:00+00:00,4041.130509282366,3.0,scaleout_tier_2,h_ema21,holdout
2025-10-30 19:15:00+00:00,4037.0150000000003,4020.4847709103333,4070.0754581793344,2025-10-30 22:00:00+00:00,4038.1849999999995,0.07077941834033769,eod_force_close,h_ema21,holdout
2025-10-31 07:30:00+00:00,4034.1150000000002,4019.6662367728077,4063.0125264543854,2025-10-31 08:45:00+00:00,4019.6512367728074,-1.0010381511389221,stop_hit,h_ema21,holdout
2025-10-31 12:30:00+00:00,4031.6150000000002,4019.071239435087,4056.7025211298264,2025-10-31 16:00:00+00:00,4019.056239435087,-1.0011958136415873,stop_hit,h_ema21,holdout
2025-11-03 08:00:00+00:00,4036.215,4024.0666631896206,4060.511673620759,2025-11-03 08:15:00+00:00,4024.0516631896203,-1.001234736921972,stop_hit,h_ema21,holdout
2025-11-03 13:00:00+00:00,4025.215,4013.6446726404365,4048.3556547191274,2025-11-03 14:30:00+00:00,4013.629672640436,-1.0012964196719922,stop_hit,h_ema21,holdout
2025-11-03 15:00:00+00:00,4035.0150000000003,4021.955106611536,4061.134786776929,2025-11-03 15:15:00+00:00,4021.9401066115356,-1.0011485545520284,stop_hit,h_ema21,holdout
2025-11-04 07:30:00+00:00,4003.4150000000004,3990.6195553029834,4029.0058893940345,2025-11-04 13:30:00+00:00,3990.604555302983,-1.0011722921989437,stop_hit,ema21,holdout
2025-11-05 01:15:00+00:00,3951.3150000000005,3938.735274837456,3976.4744503250895,2025-11-05 04:30:00+00:00,3976.459450325089,2.0,scaleout_tier_1,ema21,holdout
2025-11-05 01:15:00+00:00,3951.3150000000005,3938.735274837456,3989.054175487634,2025-11-05 08:00:00+00:00,3989.0391754876337,3.0,scaleout_tier_2,ema21,holdout
2025-11-05 13:30:00+00:00,3985.8150000000005,3974.483626600329,4008.4777467993435,2025-11-05 15:00:00+00:00,3974.4686266003287,-1.0013237583363692,stop_hit,ema21,holdout
2025-11-05 17:00:00+00:00,3996.8150000000005,3984.5094669351874,4021.4260661296266,2025-11-05 21:30:00+00:00,3992.0849999999996,-0.38437993503313406,eod_force_close,h_ema21,holdout
2025-11-06 02:45:00+00:00,3988.8150000000005,3979.800406420765,4006.844187158472,2025-11-06 07:00:00+00:00,4006.8291871584715,2.0,scaleout_tier_1,ema21,holdout
2025-11-06 02:45:00+00:00,3988.8150000000005,3979.800406420765,4015.8587807377075,2025-11-06 08:00:00+00:00,4015.843780737707,3.0,scaleout_tier_2,ema21,holdout
2025-11-06 11:45:00+00:00,4025.4150000000004,4017.6889364420404,4040.8671271159205,2025-11-06 12:30:00+00:00,4017.67393644204,-1.0019414802748903,stop_hit,h_ema21,holdout
2025-11-07 00:30:00+00:00,3999.0150000000003,3990.2350127677755,4016.57497446445,2025-11-07 08:00:00+00:00,4016.5599744644496,2.0,scaleout_tier_1,ema21,holdout
2025-11-07 00:30:00+00:00,3999.0150000000003,3990.2350127677755,4016.57497446445,2025-11-07 12:30:00+00:00,4003.9849999999997,0.5660600486704772,trail_exit,ema21,holdout
2025-11-10 00:15:00+00:00,4023.6150000000002,4013.201007494001,4044.442985011999,2025-11-10 01:15:00+00:00,4044.4279850119988,2.0,scaleout_tier_1,h_ema21,holdout
2025-11-10 00:15:00+00:00,4023.6150000000002,4013.201007494001,4054.8569775179985,2025-11-10 01:15:00+00:00,4054.841977517998,3.0,scaleout_tier_2,h_ema21,holdout
2025-11-10 12:15:00+00:00,4098.015,4088.719857764329,4116.605284471343,2025-11-10 14:15:00+00:00,4094.0849999999996,-0.4228014913982519,trail_exit,h_ema21,holdout
2025-11-11 00:30:00+00:00,4131.415,4123.53665266983,4147.17169466034,2025-11-11 03:00:00+00:00,4147.15669466034,2.0,scaleout_tier_1,,holdout
2025-11-11 00:30:00+00:00,4131.415,4123.53665266983,4147.17169466034,2025-11-11 05:30:00+00:00,4131.4,-0.0019039526148948815,stop_hit,,holdout
2025-11-11 09:15:00+00:00,4149.915,4139.804803410722,4170.135393178555,2025-11-11 12:45:00+00:00,4139.789803410722,-1.0014836506756195,stop_hit,h_ema21,holdout
2025-11-12 12:30:00+00:00,4142.615000000001,4132.305914421396,4163.233171157211,2025-11-12 13:00:00+00:00,4132.290914421395,-1.001455027207404,stop_hit,h_ema21,holdout
2025-11-13 08:00:00+00:00,4224.715,4212.737894455421,4248.669211089158,2025-11-13 14:15:00+00:00,4212.722894455421,-1.0012523893977971,stop_hit,h_ema21,holdout
2025-11-14 02:00:00+00:00,4193.115000000001,4177.9025061852,4223.539987629602,2025-11-14 06:15:00+00:00,4177.8875061851995,-1.000986031625251,stop_hit,h_ema21,holdout
2025-11-18 08:15:00+00:00,4024.8150000000005,4009.539561937304,4055.3658761253937,2025-11-18 13:30:00+00:00,4055.3508761253934,2.0,scaleout_tier_1,ema21,holdout
2025-11-18 08:15:00+00:00,4024.8150000000005,4009.539561937304,4070.6413141880903,2025-11-18 14:00:00+00:00,4070.62631418809,3.0,scaleout_tier_2,ema21,holdout
2025-11-18 19:15:00+00:00,4080.5150000000003,4065.554431314177,4110.436137371647,2025-11-18 21:15:00+00:00,4065.5394313141765,-1.001002635682863,stop_hit,ema21,holdout
2025-11-19 02:45:00+00:00,4079.215,4067.1985321178117,4103.247935764377,2025-11-19 03:45:00+00:00,4067.1835321178114,-1.0012482869464963,stop_hit,ema21,holdout
2025-11-19 05:30:00+00:00,4089.4150000000004,4078.1547556435435,4111.935488712914,2025-11-19 09:45:00+00:00,4111.9204887129135,2.0,scaleout_tier_1,ema21,holdout
2025-11-19 05:30:00+00:00,4089.4150000000004,4078.1547556435435,4123.195733069371,2025-11-19 14:45:00+00:00,4123.180733069371,3.0,scaleout_tier_2,ema21,holdout
2025-11-19 15:15:00+00:00,4131.3150000000005,4116.271429829969,4161.402140340064,2025-11-19 15:30:00+00:00,4116.2564298299685,-1.0009971037347376,stop_hit,h_ema21,holdout
2025-11-20 12:15:00+00:00,4071.6150000000002,4055.9131089895423,4103.018782020916,2025-11-20 16:15:00+00:00,4062.9849999999997,-0.5496153294054006,trail_exit,ema21,holdout
2025-11-21 12:45:00+00:00,4060.1150000000002,4043.8266989859017,4092.6916020281974,2025-11-21 16:45:00+00:00,4092.676602028197,2.0,scaleout_tier_1,ema21,holdout
2025-11-21 12:45:00+00:00,4060.1150000000002,4043.8266989859017,4092.6916020281974,2025-11-21 20:15:00+00:00,4067.4849999999997,0.4524719916227128,trail_exit,ema21,holdout
2025-11-24 07:45:00+00:00,4060.8150000000005,4048.9015557373773,4084.641888525247,2025-11-24 15:00:00+00:00,4084.6268885252466,2.0,scaleout_tier_1,ema21,holdout
2025-11-24 07:45:00+00:00,4060.8150000000005,4048.9015557373773,4096.55533278787,2025-11-24 18:30:00+00:00,4096.540332787869,3.0,scaleout_tier_2,ema21,holdout
2025-11-24 07:45:00+00:00,4060.8150000000005,4048.9015557373773,4108.468777050493,2025-11-24 18:30:00+00:00,4108.453777050493,4.0,scaleout_tier_3,ema21,holdout
2025-11-25 02:45:00+00:00,4148.415,4136.477598788649,4172.289802422702,2025-11-25 03:15:00+00:00,4136.462598788648,-1.0012565549012513,stop_hit,h_ema21,holdout
2025-11-25 06:00:00+00:00,4147.915,4137.979251642023,4167.786496715954,2025-11-25 06:15:00+00:00,4137.964251642023,-1.0015097000708844,stop_hit,h_ema21,holdout
2025-11-26 11:30:00+00:00,4199.715,4190.473440086555,4218.198119826891,2025-11-26 12:45:00+00:00,4190.458440086554,-1.0016231026083058,stop_hit,h_ema21,holdout
2025-11-26 16:45:00+00:00,4201.915,4189.243025063706,4227.258949872587,2025-11-26 17:00:00+00:00,4189.228025063706,-1.0011837144624842,stop_hit,h_ema21,holdout
2025-11-27 06:30:00+00:00,4188.915,4180.955704994632,4204.833590010737,2025-11-27 09:15:00+00:00,4180.940704994631,-1.0018845890233004,stop_hit,h_ema21,holdout
2025-12-01 13:45:00+00:00,4297.015,4285.314104007849,4320.416791984303,2025-12-01 14:00:00+00:00,4285.299104007849,-1.0012819531094361,stop_hit,h_ema21,holdout
2025-12-01 18:45:00+00:00,4276.415,4260.967114640543,4307.310770718915,2025-12-01 21:30:00+00:00,4272.085,-0.2802972639455183,eod_force_close,h_ema21,holdout
2025-12-03 02:15:00+00:00,4255.3150000000005,4243.842419057022,4278.260161885957,2025-12-03 05:30:00+00:00,4243.827419057022,-1.001307465170643,stop_hit,h_ema21,holdout
2025-12-03 12:00:00+00:00,4239.115000000001,4230.533853252197,4256.277293495607,2025-12-03 13:45:00+00:00,4256.262293495607,2.0,scaleout_tier_1,h_ema21,holdout
2025-12-03 12:00:00+00:00,4239.115000000001,4230.533853252197,4264.858440243411,2025-12-03 13:45:00+00:00,4264.84344024341,3.0,scaleout_tier_2,h_ema21,holdout
2025-12-04 00:45:00+00:00,4243.3150000000005,4234.836691064135,4260.271617871731,2025-12-04 01:00:00+00:00,4243.785,0.05543558315162762,trail_exit,h_ema21,holdout
2025-12-04 09:45:00+00:00,4225.915,4216.284063433175,4245.17687313365,2025-12-04 13:00:00+00:00,4216.269063433175,-1.0015574809257903,stop_hit,h_ema21,holdout
2025-12-04 14:15:00+00:00,4234.715,4224.007540953482,4256.129918093036,2025-12-04 14:30:00+00:00,4223.992540953482,-1.0014008925866689,stop_hit,h_ema21,holdout
2025-12-05 04:00:00+00:00,4238.515,4230.5033329252665,4254.538334149468,2025-12-05 06:00:00+00:00,4254.523334149468,2.0,scaleout_tier_1,h_ema21,holdout
2025-12-05 04:00:00+00:00,4238.515,4230.5033329252665,4262.550001224202,2025-12-05 13:15:00+00:00,4262.535001224202,3.0,scaleout_tier_2,h_ema21,holdout
2025-12-08 05:45:00+00:00,4244.215,4235.9377070388955,4260.769585922209,2025-12-08 06:00:00+00:00,4244.1849999999995,-0.003624373347859754,trail_exit,h_ema21,holdout
2025-12-08 11:45:00+00:00,4243.015,4234.561168073323,4259.9226638533555,2025-12-08 13:15:00+00:00,4234.546168073322,-1.0017743432954933,stop_hit,h_ema21,holdout
2025-12-09 01:15:00+00:00,4225.115000000001,4218.140602111505,4239.063795776991,2025-12-09 02:15:00+00:00,4218.125602111505,-1.002150723293988,stop_hit,h_ema21,holdout
2025-12-10 01:15:00+00:00,4243.715,4237.151150213755,4256.842699572491,2025-12-10 03:15:00+00:00,4237.136150213754,-1.0022852442528103,stop_hit,h_ema21,holdout
2025-12-10 13:45:00+00:00,4230.715,4223.4888914441835,4245.167217111633,2025-12-10 14:15:00+00:00,4223.473891444183,-1.0020758060696795,stop_hit,h_ema21,holdout
2025-12-11 07:45:00+00:00,4245.015,4235.971618677466,4263.101762645069,2025-12-11 12:00:00+00:00,4235.9566186774655,-1.001658671625728,stop_hit,h_ema21,holdout
2025-12-30 00:30:00+00:00,4364.215,4348.171770040729,4396.301459918543,2025-12-30 01:00:00+00:00,4348.156770040729,-1.0009349738200106,stop_hit,h_ema21,holdout
2025-12-30 02:00:00+00:00,4374.715,4357.6067974286225,4408.9314051427555,2025-12-30 12:00:00+00:00,4408.916405142755,2.0,scaleout_tier_1,h_ema21,holdout
2025-12-30 02:00:00+00:00,4374.715,4357.6067974286225,4408.9314051427555,2025-12-30 14:30:00+00:00,4386.384999999999,0.6821289350129212,trail_exit,h_ema21,holdout
2025-12-31 13:30:00+00:00,4341.3150000000005,4324.974175635739,4373.996648728524,2025-12-31 18:30:00+00:00,4335.785,-0.33841621920220294,trail_exit,h_ema21,holdout
2026-01-02 08:15:00+00:00,4396.8150000000005,4387.29251619318,4415.859967613642,2026-01-02 13:15:00+00:00,4387.2775161931795,-1.001575219271004,stop_hit,h_ema21,holdout
2026-01-05 06:15:00+00:00,4427.015,4412.856224570013,4455.332550859975,2026-01-05 12:15:00+00:00,4427.285,0.019069445753598778,trail_exit,h_ema21,holdout
2026-01-06 02:15:00+00:00,4469.115000000001,4455.557650544607,4496.229698910788,2026-01-06 09:45:00+00:00,4455.542650544607,-1.0011064109581065,stop_hit,h_ema21,holdout
2026-01-07 16:30:00+00:00,4468.3150000000005,4451.213761463619,4502.517477072763,2026-01-07 21:30:00+00:00,4462.485,-0.34091098066365977,eod_force_close,h_ema21,holdout
2026-01-08 00:15:00+00:00,4474.715,4466.137117135993,4491.870765728014,2026-01-08 00:30:00+00:00,4466.122117135993,-1.001748683240158,stop_hit,h_ema21,holdout
2026-01-08 13:30:00+00:00,4443.015,4430.197065542674,4468.650868914653,2026-01-08 13:45:00+00:00,4430.182065542674,-1.0011702353487815,stop_hit,h_ema21,holdout
2026-01-09 06:30:00+00:00,4482.415,4473.127265465888,4500.990469068224,2026-01-09 08:45:00+00:00,4473.1122654658875,-1.0016150332403704,stop_hit,h_ema21,holdout
2026-01-09 13:45:00+00:00,4496.115000000001,4483.352446144853,4521.6401077102955,2026-01-09 15:30:00+00:00,4521.625107710295,2.0,scaleout_tier_1,h_ema21,holdout
2026-01-09 13:45:00+00:00,4496.115000000001,4483.352446144853,4521.6401077102955,2026-01-09 17:45:00+00:00,4496.1,-0.0011753133558200493,stop_hit,h_ema21,holdout
2026-01-13 03:15:00+00:00,4606.915,4593.076233834979,4634.592532330043,2026-01-13 06:15:00+00:00,4593.061233834978,-1.0010839116595698,stop_hit,h_ema21,holdout
2026-01-13 08:45:00+00:00,4602.215,4590.491165267555,4625.662669464891,2026-01-13 10:00:00+00:00,4590.476165267554,-1.0012794448525288,stop_hit,h_ema21,holdout
2026-01-13 13:00:00+00:00,4601.715,4591.666700219156,4621.811599561688,2026-01-13 13:30:00+00:00,4621.796599561688,2.0,scaleout_tier_1,h_ema21,holdout
2026-01-13 13:00:00+00:00,4601.715,4591.666700219156,4631.859899342532,2026-01-13 14:30:00+00:00,4631.844899342532,3.0,scaleout_tier_2,h_ema21,holdout
2026-01-14 00:15:00+00:00,4612.415,4599.776566561805,4637.691866876389,2026-01-14 17:15:00+00:00,4617.884999999999,0.43280680526974585,trail_exit,h_ema21,holdout
2026-01-15 10:45:00+00:00,4622.115000000001,4611.023046714017,4644.298906571968,2026-01-15 13:15:00+00:00,4611.008046714017,-1.0013523316961028,stop_hit,h_ema21,holdout
2026-01-16 05:45:00+00:00,4610.615000000001,4601.743309233984,4628.3583815320335,2026-01-16 06:30:00+00:00,4601.728309233984,-1.0016907712854224,stop_hit,h_ema21,holdout
2026-01-16 11:45:00+00:00,4619.715,4609.874301893402,4639.396396213197,2026-01-16 12:15:00+00:00,4609.859301893402,-1.0015242821025339,stop_hit,h_ema21,holdout
2026-01-19 07:00:00+00:00,4683.3150000000005,4671.654128876819,4706.636742246363,2026-01-19 07:15:00+00:00,4671.639128876819,-1.001286353295725,stop_hit,h_ema21,holdout
2026-01-19 16:00:00+00:00,4679.515,4670.908807236118,4696.727385527764,2026-01-19 23:00:00+00:00,4677.884999999999,-0.18939849997802763,eod_force_close,h_ema21,holdout
2026-01-21 13:45:00+00:00,4880.3150000000005,4865.046275586146,4910.852448827709,2026-01-21 14:00:00+00:00,4865.031275586146,-1.000982400336384,stop_hit,h_ema21,holdout
2026-01-22 06:00:00+00:00,4821.615000000001,4804.85973091582,4855.125538168361,2026-01-22 15:15:00+00:00,4855.110538168361,2.0,scaleout_tier_1,h_ema21,holdout
2026-01-22 06:00:00+00:00,4821.615000000001,4804.85973091582,4871.880807252542,2026-01-22 15:45:00+00:00,4871.865807252541,3.0,scaleout_tier_2,h_ema21,holdout
2026-01-23 05:45:00+00:00,4962.715,4950.187053244275,4987.77089351145,2026-01-23 06:00:00+00:00,4950.172053244275,-1.0011973230963385,stop_hit,h_ema21,holdout
2026-01-26 06:45:00+00:00,5088.915,5068.263507309941,5130.217985380118,2026-01-26 13:00:00+00:00,5068.248507309941,-1.000726339748194,stop_hit,h_ema21,holdout
2026-01-26 16:15:00+00:00,5099.015,5078.377029503173,5140.290940993656,2026-01-26 16:30:00+00:00,5078.362029503172,-1.0007268156528586,stop_hit,h_ema21,holdout
2026-01-27 06:00:00+00:00,5077.915,5056.58672399092,5120.571552018159,2026-01-27 14:00:00+00:00,5056.57172399092,-1.0007032917238103,stop_hit,h_ema21,holdout
2026-01-28 17:00:00+00:00,5298.3150000000005,5271.222191108341,5352.50061778332,2026-01-28 18:30:00+00:00,5271.20719110834,-1.0005536524492646,stop_hit,h_ema21,holdout
2026-01-29 06:15:00+00:00,5614.615000000001,5574.617228174272,5694.610543651458,2026-01-29 07:15:00+00:00,5574.602228174272,-1.0003750208903057,stop_hit,h_ema21,holdout
2026-01-29 14:30:00+00:00,5575.3150000000005,5540.419962467335,5645.105075065332,2026-01-29 14:45:00+00:00,5540.404962467334,-1.0004298605492625,stop_hit,h_ema21,holdout
2026-02-03 00:15:00+00:00,4809.915,4747.680010433816,4934.384979132367,2026-02-03 07:30:00+00:00,4934.369979132367,2.0,scaleout_tier_1,ema21,holdout
2026-02-03 13:30:00+00:00,4961.3150000000005,4925.724168155572,5032.496663688857,2026-02-03 14:15:00+00:00,4925.709168155572,-1.0004214568534362,stop_hit,ema21,holdout
2026-02-03 16:30:00+00:00,4995.8150000000005,4956.68275848324,5074.079483033522,2026-02-03 17:00:00+00:00,4956.66775848324,-1.0003833156348558,stop_hit,ema21,holdout
2026-02-04 00:15:00+00:00,5008.115000000001,4963.540015708503,5097.264968582996,2026-02-04 04:45:00+00:00,5097.249968582995,2.0,scaleout_tier_1,ema21,holdout
2026-02-04 00:15:00+00:00,5008.115000000001,4963.540015708503,5097.264968582996,2026-02-04 11:15:00+00:00,5047.585,0.8854742324054644,trail_exit,ema21,holdout
2026-02-05 16:45:00+00:00,4901.8150000000005,4850.015559437993,5005.4138811240155,2026-02-05 19:45:00+00:00,4850.000559437993,-1.0002895784170174,stop_hit,ema21,holdout
2026-02-06 11:15:00+00:00,4906.915,4871.596171426826,4977.552657146348,2026-02-06 15:15:00+00:00,4977.537657146348,2.0,scaleout_tier_1,ema21,holdout
2026-02-06 11:15:00+00:00,4906.915,4871.596171426826,4977.552657146348,2026-02-06 21:30:00+00:00,4977.285,1.9924216867557345,eod_force_close,ema21,holdout
2026-02-09 05:45:00+00:00,5054.915,5028.113034196219,5108.518931607562,2026-02-09 07:15:00+00:00,5028.098034196219,-1.0005596604409597,stop_hit,h_ema21,holdout
2026-02-09 14:45:00+00:00,5059.615000000001,5035.492428563604,5107.860142872793,2026-02-09 21:30:00+00:00,5079.6849999999995,0.8320008525176135,eod_force_close,h_ema21,holdout
2026-02-25 13:15:00+00:00,5205.715,5190.19319789582,5236.75860420836,2026-02-25 14:30:00+00:00,5190.17819789582,-1.000966382633901,stop_hit,h_ema21,holdout
2026-02-25 15:00:00+00:00,5209.3150000000005,5192.311031687698,5243.322936624605,2026-02-25 15:30:00+00:00,5192.296031687698,-1.000882147021497,stop_hit,h_ema21,holdout
2026-02-25 16:30:00+00:00,5222.515,5203.30928206658,5260.9264358668415,2026-02-25 20:15:00+00:00,5203.294282066579,-1.0007810174059792,stop_hit,h_ema21,holdout
2026-02-26 04:15:00+00:00,5212.715,5196.43096614178,5245.28306771644,2026-02-26 07:45:00+00:00,5196.41596614178,-1.0009211476794342,stop_hit,h_ema21,holdout
2026-02-27 05:30:00+00:00,5211.515,5199.2480773472425,5236.048845305516,2026-02-27 07:00:00+00:00,5199.233077347242,-1.0012228005690536,stop_hit,h_ema21,holdout
2026-02-27 12:00:00+00:00,5202.115000000001,5191.709080221511,5222.926839556981,2026-02-27 13:00:00+00:00,5222.91183955698,2.0,scaleout_tier_1,h_ema21,holdout
2026-02-27 12:00:00+00:00,5202.115000000001,5191.709080221511,5233.332759335471,2026-02-27 13:15:00+00:00,5233.31775933547,3.0,scaleout_tier_2,h_ema21,holdout
2026-02-27 12:00:00+00:00,5202.115000000001,5191.709080221511,5243.738679113961,2026-02-27 13:15:00+00:00,5243.72367911396,4.0,scaleout_tier_3,h_ema21,holdout
2026-02-27 12:00:00+00:00,5202.115000000001,5191.709080221511,5254.144598892451,2026-02-27 13:15:00+00:00,5254.12959889245,5.0,scaleout_tier_4,h_ema21,holdout
2026-03-03 00:15:00+00:00,5362.615000000001,5336.375433532073,5415.094132935857,2026-03-03 05:45:00+00:00,5336.360433532072,-1.0005716557862594,stop_hit,h_ema21,holdout
2026-03-04 00:45:00+00:00,5140.515,5108.812926188391,5203.919147623218,2026-03-04 06:15:00+00:00,5143.485,0.09368472288749037,trail_exit,ema21,holdout
2026-03-04 09:45:00+00:00,5194.3150000000005,5169.223462051241,5244.49807589752,2026-03-04 12:30:00+00:00,5169.2084620512405,-1.000597811103925,stop_hit,ema21,holdout
2026-03-05 00:15:00+00:00,5182.515,5161.3947802387265,5224.755439522548,2026-03-05 05:45:00+00:00,5161.379780238726,-1.0007102198826467,stop_hit,ema21,holdout
2026-03-09 14:45:00+00:00,5121.015,5093.84011031631,5175.364779367382,2026-03-09 15:00:00+00:00,5093.825110316309,-1.0005519801616465,stop_hit,ema21,holdout
2026-03-10 06:00:00+00:00,5187.3150000000005,5170.516571632453,5220.911856735096,2026-03-10 07:15:00+00:00,5170.501571632452,-1.000892940677076,stop_hit,ema21,holdout
2026-03-10 08:00:00+00:00,5190.615000000001,5175.110149441381,5221.624701117241,2026-03-10 10:30:00+00:00,5175.09514944138,-1.0009674391857966,stop_hit,ema21,holdout
2026-03-10 13:15:00+00:00,5211.015,5194.122331438305,5244.800337123391,2026-03-10 14:00:00+00:00,5194.107331438305,-1.0008879591726756,stop_hit,ema21,holdout
2026-03-11 00:30:00+00:00,5220.215,5202.039249747231,5256.566500505538,2026-03-11 02:00:00+00:00,5202.024249747231,-1.0008252754242177,stop_hit,h_ema21,holdout
2026-03-13 00:15:00+00:00,5109.115000000001,5092.880799484517,5141.583401030967,2026-03-13 04:45:00+00:00,5107.085,-0.1250446548362239,trail_exit,ema21,holdout
2026-03-13 12:00:00+00:00,5113.015,5097.25576680664,5144.533466386721,2026-03-13 14:00:00+00:00,5097.24076680664,-1.000951822960945,stop_hit,ema21,holdout
2026-03-16 06:15:00+00:00,5030.715,5013.0143690719015,5066.1162618561975,2026-03-16 06:45:00+00:00,5012.999369071901,-1.0008474274200314,stop_hit,ema21,holdout
2026-03-16 18:45:00+00:00,5020.915,5001.554732978704,5059.635534042592,2026-03-16 22:00:00+00:00,5012.1849999999995,-0.450923532738349,eod_force_close,ema21,holdout
2026-03-17 01:45:00+00:00,5021.615000000001,5007.160599927127,5050.523800145748,2026-03-17 06:00:00+00:00,5016.6849999999995,-0.34107261284771034,trail_exit,ema21,holdout
2026-03-17 12:30:00+00:00,5025.015,5010.658586774025,5053.727826451951,2026-03-17 13:45:00+00:00,5010.643586774025,-1.0010448292177316,stop_hit,ema21,holdout
2026-03-18 00:15:00+00:00,5014.8150000000005,5004.674125756319,5035.096748487364,2026-03-18 01:00:00+00:00,5004.659125756319,-1.0014791624114334,stop_hit,ema21,holdout
2026-03-18 06:15:00+00:00,5013.015,5000.908576906673,5037.2278461866545,2026-03-18 07:45:00+00:00,5000.893576906673,-1.0012390117117744,stop_hit,ema21,holdout
2026-03-19 19:15:00+00:00,4660.215,4615.359044043886,4749.926911912229,2026-03-19 22:00:00+00:00,4653.884999999999,-0.14111838361429394,eod_force_close,ema100,holdout
2026-03-20 01:45:00+00:00,4688.8150000000005,4658.047781455796,4750.349437088409,2026-03-20 05:45:00+00:00,4689.884999999999,0.03477727434026883,trail_exit,ema100,holdout
2026-03-20 08:30:00+00:00,4724.3150000000005,4700.0305016706425,4772.883996658717,2026-03-20 08:45:00+00:00,4700.015501670642,-1.000617677985227,stop_hit,ema100,holdout
2026-03-24 06:30:00+00:00,4388.515,4346.497694144275,4472.549611711452,2026-03-24 13:15:00+00:00,4357.585,-0.7361252552984777,trail_exit,h_ema21,holdout
2026-03-25 11:30:00+00:00,4578.415,4557.764866954471,4619.715266091059,2026-03-25 12:15:00+00:00,4557.74986695447,-1.0007263875718018,stop_hit,ema100,holdout
2026-03-26 01:00:00+00:00,4533.015,4506.626638088274,4585.791723823452,2026-03-26 02:45:00+00:00,4506.611638088274,-1.0005684324040462,stop_hit,ema100,holdout
2026-03-27 01:45:00+00:00,4412.8150000000005,4386.438002178905,4465.568995642192,2026-03-27 08:15:00+00:00,4429.585,0.6357812255110868,trail_exit,h_ema21,holdout
2026-03-27 13:00:00+00:00,4432.715,4415.888152258064,4466.368695483872,2026-03-27 13:15:00+00:00,4415.873152258064,-1.0008914325624367,stop_hit,h_ema21,holdout
2026-03-27 14:15:00+00:00,4456.215,4433.816390829255,4501.01221834149,2026-03-27 14:45:00+00:00,4500.997218341489,2.0,scaleout_tier_1,h_ema21,holdout
2026-03-27 14:15:00+00:00,4456.215,4433.816390829255,4523.410827512234,2026-03-27 15:00:00+00:00,4523.395827512234,3.0,scaleout_tier_2,h_ema21,holdout
2026-03-30 11:30:00+00:00,4573.515,4554.890862464254,4610.763275071494,2026-03-30 13:45:00+00:00,4554.875862464253,-1.000805406423333,stop_hit,ema100,holdout
2026-03-31 00:45:00+00:00,4565.115000000001,4539.818284386315,4615.708431227372,2026-03-31 01:30:00+00:00,4615.693431227372,2.0,scaleout_tier_1,ema100,holdout
2026-03-31 00:45:00+00:00,4565.115000000001,4539.818284386315,4641.0051468410575,2026-03-31 01:30:00+00:00,4640.990146841057,3.0,scaleout_tier_2,ema100,holdout
2026-03-31 11:30:00+00:00,4605.915,4583.341298840142,4651.062402319715,2026-03-31 13:15:00+00:00,4602.985,-0.1297970580566849,trail_exit,ema100,holdout
2026-04-01 00:15:00+00:00,4732.015,4708.352163917555,4779.340672164891,2026-04-01 01:30:00+00:00,4708.337163917555,-1.0006339054181022,stop_hit,ema21,holdout
2026-04-01 05:45:00+00:00,4728.3150000000005,4708.996600916696,4766.95179816661,2026-04-01 06:00:00+00:00,4708.981600916695,-1.0007764618556456,stop_hit,ema21,holdout
2026-04-01 06:30:00+00:00,4734.715,4713.923974932209,4776.297050135583,2026-04-01 11:30:00+00:00,4776.282050135583,2.0,scaleout_tier_1,ema21,holdout
2026-04-01 06:30:00+00:00,4734.715,4713.923974932209,4797.0880752033745,2026-04-01 15:15:00+00:00,4797.073075203374,3.0,scaleout_tier_2,ema21,holdout
2026-04-02 19:15:00+00:00,4701.615000000001,4676.719311880539,4751.406376238924,2026-04-02 19:30:00+00:00,4692.285,-0.37476369221974964,trail_exit,ema21,holdout
2026-04-06 08:00:00+00:00,4710.415,4687.6027043762015,4756.039591247597,2026-04-06 12:00:00+00:00,4698.985,-0.5010455847361615,trail_exit,ema21,holdout
2026-04-07 08:15:00+00:00,4689.615000000001,4670.715860254919,4727.413279490164,2026-04-07 11:00:00+00:00,4670.700860254919,-1.0007936869192278,stop_hit,ema21,holdout
2026-04-08 05:30:00+00:00,4843.615000000001,4822.764847822117,4885.315304355768,2026-04-08 08:30:00+00:00,4822.749847822117,-1.0007194192096227,stop_hit,ema50,holdout
2026-04-08 12:15:00+00:00,4832.515,4812.053274367699,4873.438451264604,2026-04-08 12:30:00+00:00,4812.038274367698,-1.0007330760010118,stop_hit,ema21,holdout
2026-04-09 02:00:00+00:00,4751.515,4728.826127747187,4796.892744505628,2026-04-09 03:15:00+00:00,4728.811127747186,-1.000661117037162,stop_hit,ema21,holdout
2026-04-09 10:30:00+00:00,4763.215,4746.546813209833,4796.551373580334,2026-04-09 13:30:00+00:00,4796.536373580334,2.0,scaleout_tier_1,ema21,holdout
2026-04-09 10:30:00+00:00,4763.215,4746.546813209833,4813.219560370501,2026-04-09 15:30:00+00:00,4813.204560370501,3.0,scaleout_tier_2,ema21,holdout
2026-04-10 01:45:00+00:00,4794.915,4779.73135574804,4825.2822885039195,2026-04-10 02:00:00+00:00,4779.71635574804,-1.0009879051268205,stop_hit,ema21,holdout
2026-04-10 11:30:00+00:00,4785.3150000000005,4772.240794087637,4811.463411824727,2026-04-10 14:15:00+00:00,4811.4484118247265,2.0,scaleout_tier_1,ema21,holdout
2026-04-10 11:30:00+00:00,4785.3150000000005,4772.240794087637,4811.463411824727,2026-04-10 15:30:00+00:00,4785.3,-0.0011472972126087765,stop_hit,ema21,holdout
2026-04-13 06:00:00+00:00,4751.515,4735.350052634108,4783.844894731786,2026-04-13 09:30:00+00:00,4735.335052634107,-1.000927933735929,stop_hit,ema21,holdout
2026-04-13 13:15:00+00:00,4758.115000000001,4742.71072464421,4788.923550711582,2026-04-13 14:15:00+00:00,4742.69572464421,-1.000973755639514,stop_hit,ema21,holdout
2026-04-14 07:00:00+00:00,4805.415,4793.65270903747,4828.939581925059,2026-04-14 07:15:00+00:00,4793.63770903747,-1.0012752617706968,stop_hit,ema21,holdout
2026-04-15 01:15:00+00:00,4874.415,4859.7136287098065,4903.817742580387,2026-04-15 02:15:00+00:00,4859.698628709806,-1.0010203129833428,stop_hit,h_ema21,holdout
2026-04-15 12:00:00+00:00,4835.015,4820.482232971229,4864.080534057543,2026-04-15 15:15:00+00:00,4820.467232971228,-1.001032150310442,stop_hit,ema21,holdout
2026-04-16 04:45:00+00:00,4853.415,4842.563180945427,4875.118638109146,2026-04-16 06:15:00+00:00,4842.548180945427,-1.001382256737317,stop_hit,ema50,holdout
2026-04-16 12:00:00+00:00,4844.115000000001,4833.367726770563,4865.609546458875,2026-04-16 12:30:00+00:00,4833.352726770563,-1.0013957028615632,stop_hit,ema21,holdout
2026-04-17 00:45:00+00:00,4819.215,4809.929032565473,4837.786934869055,2026-04-17 01:00:00+00:00,4809.914032565473,-1.0016153405777146,stop_hit,ema21,holdout
2026-04-17 12:00:00+00:00,4821.615000000001,4810.107634420314,4844.629731159374,2026-04-17 12:30:00+00:00,4844.614731159374,2.0,scaleout_tier_1,ema21,holdout
2026-04-17 12:00:00+00:00,4821.615000000001,4810.107634420314,4856.137096739061,2026-04-17 12:45:00+00:00,4856.122096739061,3.0,scaleout_tier_2,ema21,holdout
2026-04-17 12:00:00+00:00,4821.615000000001,4810.107634420314,4867.644462318748,2026-04-17 12:45:00+00:00,4867.629462318748,4.0,scaleout_tier_3,ema21,holdout
2026-04-20 07:15:00+00:00,4816.915,4802.78777907126,4845.16944185748,2026-04-20 07:30:00+00:00,4816.785,-0.009202092942118698,trail_exit,ema21,holdout
2026-04-20 12:00:00+00:00,4830.8150000000005,4818.662468884241,4855.120062231519,2026-04-20 14:45:00+00:00,4818.647468884241,-1.0012343107668225,stop_hit,ema21,holdout
2026-04-20 19:15:00+00:00,4840.915,4828.715723256997,4865.313553486006,2026-04-20 22:00:00+00:00,4842.384999999999,0.12049894686113177,eod_force_close,ema21,holdout
2026-04-21 11:45:00+00:00,4812.8150000000005,4800.911183763938,4836.622632472125,2026-04-21 12:15:00+00:00,4800.896183763938,-1.001260100097554,stop_hit,ema21,holdout
2026-04-22 05:30:00+00:00,4784.115000000001,4771.73672233608,4808.8715553278425,2026-04-22 08:30:00+00:00,4771.721722336079,-1.0012118002526351,stop_hit,ema21,holdout
2026-04-22 19:00:00+00:00,4761.015,4748.994936475054,4785.055127049894,2026-04-22 22:00:00+00:00,4759.1849999999995,-0.1522454516320005,eod_force_close,ema21,holdout
2026-04-24 01:15:00+00:00,4725.015,4710.206263043939,4754.632473912124,2026-04-24 01:30:00+00:00,4710.191263043938,-1.0010129155541647,stop_hit,ema21,holdout
2026-04-24 08:00:00+00:00,4710.115000000001,4696.639074088854,4737.066851822295,2026-04-24 09:30:00+00:00,4696.624074088853,-1.001113096057312,stop_hit,ema21,holdout
2026-04-24 11:15:00+00:00,4713.3150000000005,4699.506302160538,4740.932395678925,2026-04-24 14:00:00+00:00,4740.917395678925,2.0,scaleout_tier_1,ema21,holdout
2026-04-24 11:15:00+00:00,4713.3150000000005,4699.506302160538,4740.932395678925,2026-04-24 19:30:00+00:00,4732.585,1.3954972600624338,trail_exit,ema21,holdout
2026-04-28 00:15:00+00:00,4712.615000000001,4704.934571109512,4727.975857780978,2026-04-28 01:00:00+00:00,4704.919571109512,-1.0019530159336418,stop_hit,ema21,holdout
2026-04-28 17:00:00+00:00,4606.3150000000005,4586.666174346583,4645.612651306836,2026-04-28 22:00:00+00:00,4611.384999999999,0.2580306879112115,eod_force_close,ema100,holdout
2026-04-29 00:15:00+00:00,4621.115000000001,4610.92270228074,4641.499595438522,2026-04-29 00:45:00+00:00,4610.90770228074,-1.0014716995532795,stop_hit,ema100,holdout
2026-05-01 12:15:00+00:00,4596.215,4583.660626103294,4621.323747793413,2026-05-01 13:45:00+00:00,4621.308747793412,2.0,scaleout_tier_1,ema100,holdout
2026-05-01 12:15:00+00:00,4596.215,4583.660626103294,4633.878121690119,2026-05-01 13:45:00+00:00,4633.8631216901185,3.0,scaleout_tier_2,ema100,holdout
2026-05-05 00:15:00+00:00,4537.415,4526.723250129283,4558.798499741434,2026-05-05 00:30:00+00:00,4526.7082501292825,-1.0014029508903317,stop_hit,donchian_low,holdout
2026-05-05 01:00:00+00:00,4538.915,4527.4160297135695,4561.912940572861,2026-05-05 07:00:00+00:00,4561.8979405728605,2.0,scaleout_tier_1,donchian_low,holdout
2026-05-05 01:00:00+00:00,4538.915,4527.4160297135695,4573.411910859291,2026-05-05 11:30:00+00:00,4573.396910859291,3.0,scaleout_tier_2,donchian_low,holdout
2026-05-05 12:30:00+00:00,4584.415,4571.509216714659,4610.226566570683,2026-05-05 16:15:00+00:00,4571.494216714658,-1.0011622696328215,stop_hit,donchian_low,holdout
2026-05-06 19:15:00+00:00,4706.215,4693.403140472304,4731.838719055393,2026-05-06 22:00:00+00:00,4702.1849999999995,-0.3145523092326033,eod_force_close,ema21,holdout
2026-05-07 01:15:00+00:00,4719.115000000001,4706.46566172586,4744.413676548283,2026-05-07 04:00:00+00:00,4706.450661725859,-1.0011858327823355,stop_hit,ema21,holdout
2026-05-07 06:15:00+00:00,4716.715,4705.656553222383,4738.831893555234,2026-05-07 06:30:00+00:00,4738.816893555234,2.0,scaleout_tier_1,ema21,holdout
2026-05-07 06:15:00+00:00,4716.715,4705.656553222383,4749.890340332851,2026-05-07 06:30:00+00:00,4749.875340332851,3.0,scaleout_tier_2,ema21,holdout
2026-05-07 12:00:00+00:00,4752.115000000001,4738.144833686376,4780.05533262725,2026-05-07 15:45:00+00:00,4738.129833686376,-1.0010737166375534,stop_hit,ema50,holdout
2026-05-08 06:30:00+00:00,4742.415,4726.898623510492,4773.447752979016,2026-05-08 07:00:00+00:00,4726.883623510492,-1.0009667205491224,stop_hit,ema21,holdout
2026-05-08 10:45:00+00:00,4734.3150000000005,4721.240558483872,4760.463883032258,2026-05-08 12:00:00+00:00,4721.225558483871,-1.0011472765381086,stop_hit,ema21,holdout
2026-05-08 13:45:00+00:00,4748.3150000000005,4731.700042879737,4781.544914240527,2026-05-08 14:00:00+00:00,4731.685042879737,-1.00090280100585,stop_hit,ema21,holdout
