entry_date,entry_price,stop,target,exit_date,exit_price,R_multiple,exit_reason,zone_triggered,period
2024-08-01 02:30:00+00:00,5587.765,5580.063282355441,5603.16843528912,2024-08-01 06:00:00+00:00,5580.04828235544,-1.0019476174916544,stop_hit,h_ema21,train
2024-08-01 06:45:00+00:00,5585.515,5580.271658719072,5596.001682561858,2024-08-01 07:00:00+00:00,5580.256658719071,-1.0028607712518898,stop_hit,h_ema21,train
2024-08-01 09:15:00+00:00,5572.265,5564.764087972529,5587.266824054944,2024-08-01 13:30:00+00:00,5587.251824054943,2.0,scaleout_tier_1,ema21,train
2024-08-01 09:15:00+00:00,5572.265,5564.764087972529,5594.7677360824155,2024-08-01 13:30:00+00:00,5594.752736082415,3.0,scaleout_tier_2,ema21,train
2024-08-01 18:00:00+00:00,5476.765,5462.331840363833,5505.631319272335,2024-08-01 18:15:00+00:00,5462.316840363833,-1.0010392734770799,stop_hit,ema50,train
2024-08-02 00:45:00+00:00,5455.015,5442.517656812788,5480.009686374425,2024-08-02 02:15:00+00:00,5442.502656812788,-1.0012002551082757,stop_hit,ema50,train
2024-08-02 04:00:00+00:00,5441.265,5431.307312632442,5461.180374735118,2024-08-02 06:15:00+00:00,5431.292312632441,-1.001506373864397,stop_hit,ema50,train
2024-08-02 07:30:00+00:00,5425.265,5416.445699946843,5442.903600106315,2024-08-02 09:15:00+00:00,5416.430699946843,-1.0017008152472324,stop_hit,ema50,train
2024-08-02 10:30:00+00:00,5417.515,5409.100567342762,5434.343865314478,2024-08-02 12:30:00+00:00,5409.085567342761,-1.0017826513814243,stop_hit,donchian_low,train
2024-08-02 13:15:00+00:00,5405.515,5392.581964835054,5431.381070329892,2024-08-02 13:30:00+00:00,5392.566964835054,-1.001159820553259,stop_hit,donchian_low,train
2024-08-02 15:30:00+00:00,5340.015,5321.85881374819,5376.327372503621,2024-08-02 19:45:00+00:00,5376.31237250362,2.0,scaleout_tier_1,ema100,train
2024-08-05 02:30:00+00:00,5308.765,5295.232767066195,5335.82946586761,2024-08-05 02:45:00+00:00,5302.735,-0.44560273455957344,trail_exit,ema100,train
2024-08-05 08:00:00+00:00,5256.015,5238.540713794743,5290.963572410515,2024-08-05 09:00:00+00:00,5238.525713794743,-1.0008584041616426,stop_hit,h_ema21,train
2024-08-05 09:30:00+00:00,5244.765,5226.334363547221,5281.626272905559,2024-08-05 09:45:00+00:00,5226.319363547221,-1.0008138622905811,stop_hit,donchian_low,train
2024-08-05 11:00:00+00:00,5226.765,5207.030231196716,5266.234537606569,2024-08-05 11:30:00+00:00,5207.015231196716,-1.0007600798443523,stop_hit,h_ema21,train
2024-08-05 13:15:00+00:00,5181.015,5153.823657157074,5235.397685685853,2024-08-05 13:30:00+00:00,5153.808657157074,-1.0005516461649937,stop_hit,ema200,train
2024-08-05 15:45:00+00:00,5243.765,5211.071394151867,5309.152211696267,2024-08-05 18:30:00+00:00,5211.056394151867,-1.0004588053110448,stop_hit,h_ema21,train
2024-08-06 00:45:00+00:00,5271.765,5256.697773354754,5301.8994532904935,2024-08-06 05:00:00+00:00,5277.485,0.3796319080262784,trail_exit,h_ema21,train
2024-08-06 06:30:00+00:00,5292.015,5280.598786825854,5314.847426348292,2024-08-06 06:45:00+00:00,5280.583786825854,-1.0013139208046935,stop_hit,ema100,train
2024-08-06 07:30:00+00:00,5275.765,5263.460518417671,5300.3739631646595,2024-08-06 07:45:00+00:00,5263.44551841767,-1.0012190680200512,stop_hit,ema100,train
2024-08-06 08:30:00+00:00,5261.015,5247.369219635753,5288.306560728494,2024-08-06 09:00:00+00:00,5247.354219635753,-1.0010992409081731,stop_hit,h_ema21,train
2024-08-06 10:15:00+00:00,5246.515,5232.032582748087,5275.479834503826,2024-08-06 12:30:00+00:00,5237.985,-0.5889900733852951,trail_exit,h_ema21,train
2024-08-06 14:00:00+00:00,5262.015,5245.288638360728,5295.467723278544,2024-08-06 14:45:00+00:00,5295.452723278544,2.0,scaleout_tier_1,h_ema21,train
2024-08-06 18:00:00+00:00,5323.015,5307.266365958541,5354.512268082918,2024-08-06 19:00:00+00:00,5307.251365958541,-1.00095246355721,stop_hit,ema100,train
2024-08-07 02:30:00+00:00,5300.765,5288.17335675908,5325.948286481841,2024-08-07 06:15:00+00:00,5288.15835675908,-1.0011912662798117,stop_hit,ema100,train
2024-08-07 09:00:00+00:00,5318.515,5307.0313689884115,5341.482262023178,2024-08-07 13:45:00+00:00,5341.467262023178,2.0,scaleout_tier_1,ema100,train
2024-08-07 09:00:00+00:00,5318.515,5307.0313689884115,5352.965893034767,2024-08-07 13:45:00+00:00,5352.9508930347665,3.0,scaleout_tier_2,ema100,train
2024-08-08 01:00:00+00:00,5210.265,5196.335522162556,5238.123955674889,2024-08-08 01:15:00+00:00,5222.985,0.9131713441408669,trail_exit,h_ema21,train
2024-08-08 06:15:00+00:00,5218.515,5208.438414355264,5238.668171289472,2024-08-08 07:15:00+00:00,5208.423414355264,-1.0014885994650542,stop_hit,h_ema21,train
2024-08-08 08:00:00+00:00,5207.015,5196.00262412707,5229.039751745861,2024-08-08 11:00:00+00:00,5229.024751745861,2.0,scaleout_tier_1,h_ema21,train
2024-08-08 14:00:00+00:00,5292.515,5278.723420478134,5333.889738565598,2024-08-08 17:15:00+00:00,5333.874738565598,3.0,scaleout_tier_2,ema100,train
2024-08-09 01:00:00+00:00,5344.515,5334.64625150453,5364.252496990942,2024-08-09 04:45:00+00:00,5334.631251504529,-1.0015199495667775,stop_hit,ema100,train
2024-08-09 05:15:00+00:00,5336.515,5328.6754430651345,5352.194113869732,2024-08-09 07:45:00+00:00,5352.179113869732,2.0,scaleout_tier_1,ema100,train
2024-08-09 12:00:00+00:00,5348.515,5340.568246187672,5364.4085076246565,2024-08-09 12:15:00+00:00,5340.553246187672,-1.0018875631930433,stop_hit,ema100,train
2024-08-09 13:15:00+00:00,5337.015,5327.9713717624345,5355.102256475132,2024-08-09 13:45:00+00:00,5327.956371762434,-1.0016586263395946,stop_hit,ema100,train
2024-08-09 14:15:00+00:00,5353.765,5342.253147748514,5376.788704502974,2024-08-09 14:30:00+00:00,5342.238147748513,-1.0013030049094307,stop_hit,ema100,train
2024-08-09 18:45:00+00:00,5363.515,5351.840928584745,5386.863142830512,2024-08-11 22:00:00+00:00,5364.235,0.06167514095026449,eod_force_close,ema21,train
2024-08-12 04:30:00+00:00,5370.015,5364.714554170212,5380.615891659577,2024-08-12 07:45:00+00:00,5380.6008916595765,2.0,scaleout_tier_1,ema21,train
2024-08-12 09:45:00+00:00,5376.015,5371.047936002144,5385.949127995714,2024-08-12 13:30:00+00:00,5371.032936002143,-1.003019892638146,stop_hit,ema21,train
2024-08-12 14:15:00+00:00,5376.765,5368.1508856503815,5393.993228699238,2024-08-12 15:15:00+00:00,5368.135885650381,-1.0017413281727554,stop_hit,ema21,train
2024-08-13 02:15:00+00:00,5373.515,5367.988983060846,5384.567033878308,2024-08-13 06:30:00+00:00,5384.552033878308,2.0,scaleout_tier_1,ema21,train
2024-08-13 09:30:00+00:00,5391.515,5387.17783989806,5400.189320203882,2024-08-13 10:00:00+00:00,5387.162839898059,-1.003458484272604,stop_hit,ema21,train
2024-08-13 11:15:00+00:00,5379.265,5373.768351025707,5390.258297948588,2024-08-13 12:00:00+00:00,5390.2432979485875,2.0,scaleout_tier_1,ema21,train
2024-08-13 13:30:00+00:00,5403.515,5396.063250317901,5425.870249046297,2024-08-13 15:45:00+00:00,5425.855249046297,3.0,scaleout_tier_2,ema21,train
2024-08-13 18:15:00+00:00,5447.765,5439.6808163764545,5463.933367247092,2024-08-13 22:00:00+00:00,5457.485,1.2023477511927145,eod_force_close,ema21,train
2024-08-14 05:45:00+00:00,5460.515,5457.612468143755,5466.320063712491,2024-08-14 07:00:00+00:00,5457.597468143755,-1.0051679019363913,stop_hit,ema21,train
2024-08-14 08:30:00+00:00,5457.015,5453.603426182193,5463.838147635614,2024-08-14 12:30:00+00:00,5453.588426182193,-1.0043967977248605,stop_hit,ema21,train
2024-08-14 14:30:00+00:00,5456.515,5449.543434366456,5470.45813126709,2024-08-14 14:45:00+00:00,5449.528434366455,-1.0021515970427293,stop_hit,ema21,train
2024-08-14 17:00:00+00:00,5468.765,5458.671688989328,5488.951622021345,2024-08-14 22:00:00+00:00,5481.235,1.2354716888059538,eod_force_close,ema21,train
2024-08-15 00:15:00+00:00,5477.765,5472.121233303152,5489.052533393698,2024-08-15 02:30:00+00:00,5489.037533393697,2.0,scaleout_tier_1,ema50,train
2024-08-15 10:00:00+00:00,5486.015,5482.512549537472,5493.019900925056,2024-08-15 10:15:00+00:00,5482.497549537472,-1.0042827158187702,stop_hit,h_ema21,train
2024-08-15 11:15:00+00:00,5482.265,5477.992001138694,5490.810997722613,2024-08-15 12:15:00+00:00,5490.795997722613,2.0,scaleout_tier_1,ema50,train
2024-08-15 14:00:00+00:00,5539.765,5531.65514746428,5564.094557607161,2024-08-15 17:45:00+00:00,5564.0795576071605,3.0,scaleout_tier_2,h_ema21,train
2024-08-16 01:30:00+00:00,5572.515,5567.631719737844,5582.281560524313,2024-08-16 07:45:00+00:00,5574.485,0.4034173535494386,trail_exit,h_ema21,train
2024-08-16 09:00:00+00:00,5573.265,5569.7449397166565,5580.305120566688,2024-08-16 09:45:00+00:00,5569.729939716656,-1.0042612906578061,stop_hit,h_ema21,train
2024-08-16 11:00:00+00:00,5564.265,5560.251020603988,5572.292958792025,2024-08-16 11:15:00+00:00,5560.2360206039875,-1.0037369399591907,stop_hit,h_ema21,train
2024-08-16 13:45:00+00:00,5554.765,5549.008014719348,5566.278970561306,2024-08-16 15:30:00+00:00,5566.2639705613055,2.0,scaleout_tier_1,h_ema21,train
2024-08-16 19:00:00+00:00,5581.765,5574.991827089139,5595.311345821722,2024-08-16 19:45:00+00:00,5574.976827089139,-1.002214619381158,stop_hit,h_ema21,train
2024-08-19 00:30:00+00:00,5587.765,5582.681913612528,5597.9311727749455,2024-09-03 04:00:00+00:00,5597.916172774945,2.0,scaleout_tier_1,h_ema21,train
2024-08-19 00:30:00+00:00,5587.765,5582.681913612528,5603.014259162418,2024-09-03 04:00:00+00:00,5602.999259162418,3.0,scaleout_tier_2,h_ema21,train
2024-08-19 00:30:00+00:00,5587.765,5582.681913612528,5608.097345549891,2024-09-03 04:00:00+00:00,5608.08234554989,4.0,scaleout_tier_3,h_ema21,train
2024-08-19 00:30:00+00:00,5587.765,5582.681913612528,5613.180431937363,2024-09-03 04:00:00+00:00,5613.165431937363,5.0,scaleout_tier_4,h_ema21,train
2024-08-19 00:30:00+00:00,5587.765,5582.681913612528,5618.263518324836,2024-09-03 04:00:00+00:00,5618.2485183248355,6.0,scaleout_tier_5,h_ema21,train
2024-08-19 00:30:00+00:00,5587.765,5582.681913612528,5623.346604712308,2024-09-03 04:00:00+00:00,5623.331604712308,7.0,scaleout_tier_6,h_ema21,train
2024-08-19 00:30:00+00:00,5587.765,5582.681913612528,5628.429691099781,2024-09-03 04:00:00+00:00,5628.414691099781,8.0,scaleout_tier_7,h_ema21,train
2024-08-19 00:30:00+00:00,5587.765,5582.681913612528,5633.5127774872535,2024-09-03 04:00:00+00:00,5633.497777487253,9.0,scaleout_tier_8,h_ema21,train
2024-08-19 00:30:00+00:00,5587.765,5582.681913612528,5638.595863874726,2024-09-03 04:00:00+00:00,5638.580863874726,10.0,scaleout_tier_9,h_ema21,train
2024-08-19 00:30:00+00:00,5587.765,5582.681913612528,5643.678950262199,2024-09-03 04:00:00+00:00,5643.663950262198,11.0,scaleout_tier_10,h_ema21,train
2024-08-19 00:30:00+00:00,5587.765,5582.681913612528,5648.762036649671,2024-09-03 04:00:00+00:00,5648.747036649671,12.0,scaleout_tier_11,h_ema21,train
2024-09-03 04:45:00+00:00,5652.265,5645.023911313499,5666.747177373002,2024-09-03 08:30:00+00:00,5650.735,-0.21129419431817387,trail_exit,h_ema21,train
2024-09-03 11:00:00+00:00,5634.515,5628.23894783309,5647.067104333822,2024-09-03 12:45:00+00:00,5628.223947833089,-1.0023900374951331,stop_hit,h_ema21,train
2024-09-03 16:15:00+00:00,5581.515,5571.534239120392,5601.476521759217,2024-09-03 16:30:00+00:00,5571.519239120392,-1.0015028914309503,stop_hit,h_ema200,train
2024-09-03 17:30:00+00:00,5578.265,5568.502772209362,5597.789455581277,2024-09-03 17:45:00+00:00,5568.4877722093615,-1.00153653452081,stop_hit,h_ema200,train
2024-09-04 01:45:00+00:00,5523.015,5513.583037558976,5541.878924882049,2024-09-04 03:30:00+00:00,5513.568037558975,-1.0015903371216879,stop_hit,ema21,train
2024-09-04 05:30:00+00:00,5513.015,5506.326289145581,5526.39242170884,2024-09-04 09:30:00+00:00,5526.377421708839,2.0,scaleout_tier_1,ema21,train
2024-09-04 13:45:00+00:00,5536.015,5528.8937642073915,5550.257471585218,2024-09-04 14:00:00+00:00,5528.878764207391,-1.0021063759770314,stop_hit,ema21,train
2024-09-04 16:30:00+00:00,5541.765,5531.1030723716585,5563.088855256684,2024-09-04 17:15:00+00:00,5531.088072371658,-1.0014068750532927,stop_hit,h_ema21,train
2024-09-05 01:00:00+00:00,5534.515,5527.653042884969,5548.238914230063,2024-09-05 03:00:00+00:00,5527.638042884969,-1.0021859652791285,stop_hit,ema21,train
2024-09-05 05:00:00+00:00,5523.015,5518.00886305015,5533.027273899702,2024-09-05 06:45:00+00:00,5517.993863050149,-1.002996322344073,stop_hit,ema21,train
2024-09-05 07:15:00+00:00,5534.015,5528.380476874386,5545.2840462512295,2024-09-05 09:15:00+00:00,5528.365476874385,-1.0026621596301801,stop_hit,ema21,train
2024-09-05 09:45:00+00:00,5530.765,5525.191708479137,5541.911583041728,2024-09-05 12:00:00+00:00,5525.176708479136,-1.0026914077514473,stop_hit,h_ema21,train
2024-09-05 12:45:00+00:00,5521.265,5513.926633430438,5535.941733139124,2024-09-05 13:45:00+00:00,5535.926733139124,2.0,scaleout_tier_1,ema21,train
2024-09-05 14:30:00+00:00,5549.265,5539.291927084291,5569.211145831418,2024-09-05 14:45:00+00:00,5539.276927084291,-1.0015040499680594,stop_hit,h_ema21,train
2024-09-05 16:45:00+00:00,5507.015,5495.330395973912,5530.384208052176,2024-09-05 22:00:00+00:00,5512.985,0.5109287389346053,eod_force_close,ema21,train
2024-09-06 01:30:00+00:00,5500.015,5492.846478593289,5514.3520428134225,2024-09-06 05:30:00+00:00,5495.985,-0.5621800886620524,trail_exit,ema21,train
2024-09-06 06:00:00+00:00,5504.015,5498.611463343503,5514.822073312996,2024-09-06 06:15:00+00:00,5498.596463343502,-1.0027759597008175,stop_hit,ema21,train
2024-09-06 09:30:00+00:00,5476.265,5469.658693538674,5489.477612922653,2024-09-06 12:30:00+00:00,5489.462612922653,2.0,scaleout_tier_1,ema21,train
2024-09-06 09:30:00+00:00,5476.265,5469.658693538674,5496.083919383979,2024-09-06 12:30:00+00:00,5496.068919383979,3.0,scaleout_tier_2,ema21,train
2024-09-06 16:45:00+00:00,5422.765,5407.66427966624,5452.966440667521,2024-09-06 17:00:00+00:00,5429.735,0.4615673852602026,trail_exit,ema50,train
2024-09-06 18:45:00+00:00,5418.765,5405.535079060691,5445.224841878619,2024-09-06 20:15:00+00:00,5405.5200790606905,-1.0011337936234947,stop_hit,ema50,train
2024-09-09 01:15:00+00:00,5430.015,5421.500742361845,5447.04351527631,2024-09-09 07:00:00+00:00,5447.02851527631,2.0,scaleout_tier_1,ema50,train
2024-09-09 07:45:00+00:00,5449.515,5444.800223217896,5458.944553564209,2024-09-09 12:00:00+00:00,5449.985,0.0996865857538167,trail_exit,ema21,train
2024-09-09 12:45:00+00:00,5453.015,5447.698450592022,5463.648098815957,2024-09-09 13:45:00+00:00,5463.633098815957,2.0,scaleout_tier_1,ema21,train
2024-09-09 15:30:00+00:00,5458.015,5449.189832771267,5484.4905016862,2024-09-09 16:15:00+00:00,5484.4755016862,3.0,scaleout_tier_2,ema21,train
2024-09-09 18:45:00+00:00,5468.015,5459.180688300824,5485.683623398353,2024-09-09 19:00:00+00:00,5463.985,-0.4561758897839617,trail_exit,ema21,train
2024-09-10 02:00:00+00:00,5482.515,5477.008584013505,5493.5278319729905,2024-09-10 02:15:00+00:00,5476.993584013505,-1.0027240949534355,stop_hit,ema21,train
2024-09-10 04:00:00+00:00,5476.765,5472.2091396678925,5485.876720664216,2024-09-10 04:30:00+00:00,5472.194139667892,-1.003292462654005,stop_hit,ema21,train
2024-09-10 05:15:00+00:00,5472.765,5468.3399988838555,5481.61500223229,2024-09-10 06:00:00+00:00,5468.324998883855,-1.003389829653511,stop_hit,ema21,train
2024-09-10 06:30:00+00:00,5472.015,5467.764386529019,5480.5162269419625,2024-09-10 07:30:00+00:00,5480.501226941962,2.0,scaleout_tier_1,ema21,train
2024-09-10 09:30:00+00:00,5468.515,5462.879093655019,5485.422719034946,2024-09-10 12:00:00+00:00,5485.407719034945,3.0,scaleout_tier_2,ema21,train
2024-09-10 13:30:00+00:00,5498.265,5492.605117696455,5509.5847646070915,2024-09-10 13:45:00+00:00,5492.590117696454,-1.0026502317885535,stop_hit,ema21,train
2024-09-10 16:30:00+00:00,5457.015,5446.676872543546,5477.691254912909,2024-09-10 17:00:00+00:00,5477.676254912909,2.0,scaleout_tier_1,ema21,train
2024-09-11 01:30:00+00:00,5494.015,5489.219127506598,5503.606744986805,2024-09-11 01:45:00+00:00,5489.204127506598,-1.0031276894915289,stop_hit,ema21,train
2024-09-11 02:45:00+00:00,5486.765,5481.054497799108,5498.186004401786,2024-09-11 03:00:00+00:00,5481.039497799107,-1.0026267392030743,stop_hit,ema21,train
2024-09-11 06:00:00+00:00,5478.265,5473.653863395951,5487.487273208099,2024-09-11 06:30:00+00:00,5487.472273208099,2.0,scaleout_tier_1,ema21,train
2024-09-11 07:15:00+00:00,5490.015,5485.436811795072,5499.171376409858,2024-09-11 08:30:00+00:00,5485.421811795071,-1.0032764052784415,stop_hit,ema21,train
2024-09-11 09:15:00+00:00,5486.515,5481.417435703501,5496.710128592999,2024-09-11 12:15:00+00:00,5496.695128592999,2.0,scaleout_tier_1,ema21,train
2024-09-11 15:45:00+00:00,5460.765,5447.4067410936395,5500.839776719083,2024-09-11 17:00:00+00:00,5500.824776719082,3.0,scaleout_tier_2,ema21,train
2024-09-12 08:45:00+00:00,5571.765,5566.716217053843,5581.862565892315,2024-09-12 11:00:00+00:00,5566.701217053843,-1.0029710130461726,stop_hit,h_ema21,train
2024-09-12 11:30:00+00:00,5569.265,5564.609954458803,5578.5750910823945,2024-09-12 12:30:00+00:00,5564.594954458803,-1.0032223100434954,stop_hit,h_ema21,train
2024-09-12 14:15:00+00:00,5567.015,5558.421266799972,5584.202466400057,2024-09-12 14:30:00+00:00,5558.4062667999715,-1.0017454579576985,stop_hit,h_ema21,train
2024-09-12 15:15:00+00:00,5576.765,5565.728501824084,5598.837996351834,2024-09-12 15:30:00+00:00,5565.713501824083,-1.001359126759343,stop_hit,h_ema21,train
2024-09-12 16:15:00+00:00,5564.515,5553.556202249002,5586.432595501997,2024-09-12 17:00:00+00:00,5586.417595501996,2.0,scaleout_tier_1,h_ema21,train
2024-09-13 03:15:00+00:00,5603.515,5599.411107340313,5611.722785319375,2024-09-13 05:45:00+00:00,5603.985,0.11452541257137373,trail_exit,h_ema21,train
2024-09-13 09:45:00+00:00,5614.765,5610.749525164422,5622.795949671156,2024-09-13 11:15:00+00:00,5610.734525164422,-1.003735548251336,stop_hit,h_ema21,train
2024-09-13 15:30:00+00:00,5629.765,5621.884863129743,5645.525273740514,2024-09-13 18:45:00+00:00,5621.869863129743,-1.0019035202366782,stop_hit,h_ema21,train
2024-09-16 00:45:00+00:00,5632.765,5628.008597671505,5642.27780465699,2024-09-16 01:00:00+00:00,5627.993597671505,-1.003153644070533,stop_hit,h_ema21,train
2024-09-16 03:00:00+00:00,5631.265,5627.645597496569,5638.503805006862,2024-09-16 06:00:00+00:00,5627.630597496569,-1.0041443304484947,stop_hit,h_ema21,train
2024-09-16 07:15:00+00:00,5627.515,5625.038290109836,5632.468419780328,2024-09-16 07:45:00+00:00,5632.453419780328,2.0,scaleout_tier_1,h_ema21,train
2024-09-16 12:00:00+00:00,5627.515,5624.369568629131,5633.805862741739,2024-09-16 12:15:00+00:00,5624.354568629131,-1.0047688212622432,stop_hit,h_ema21,train
2024-09-16 13:30:00+00:00,5627.765,5624.485446558753,5634.324106882495,2024-09-16 13:45:00+00:00,5624.470446558753,-1.004573793435311,stop_hit,h_ema21,train
2024-09-16 15:15:00+00:00,5621.265,5613.724567612794,5636.345864774413,2024-09-16 16:15:00+00:00,5613.709567612794,-1.0019892758438864,stop_hit,h_ema21,train
2024-09-16 17:00:00+00:00,5625.765,5618.093772122157,5641.107455755687,2024-09-16 22:00:00+00:00,5694.235,8.925559387664814,eod_force_close,h_ema21,train
2024-09-17 11:45:00+00:00,5717.265,5714.020316773702,5723.754366452597,2024-09-17 12:45:00+00:00,5723.739366452597,2.0,scaleout_tier_1,h_ema21,train
2024-09-17 14:15:00+00:00,5729.015,5722.615137415904,5741.814725168192,2024-09-17 14:30:00+00:00,5722.600137415904,-1.0023438003243388,stop_hit,h_ema21,train
2024-09-17 18:00:00+00:00,5697.015,5686.159560242414,5718.725879515173,2024-09-17 18:45:00+00:00,5686.144560242414,-1.0013817957019977,stop_hit,h_ema50,train
2024-09-17 19:15:00+00:00,5694.015,5683.693391920195,5714.658216159612,2024-09-17 22:00:00+00:00,5700.985,0.6752823732608341,eod_force_close,h_ema21,train
2024-09-18 02:00:00+00:00,5707.015,5702.890145497376,5715.26470900525,2024-09-18 03:45:00+00:00,5702.875145497375,-1.0036364919031162,stop_hit,h_ema21,train
2024-09-18 05:15:00+00:00,5703.265,5700.299323770626,5709.196352458749,2024-09-18 06:00:00+00:00,5709.181352458749,2.0,scaleout_tier_1,h_ema21,train
2024-09-18 08:45:00+00:00,5700.515,5697.27163354701,5707.00173290598,2024-09-18 12:00:00+00:00,5699.735,-0.24049086383119317,trail_exit,h_ema21,train
2024-09-18 12:30:00+00:00,5705.265,5701.991663954043,5711.811672091914,2024-09-18 13:30:00+00:00,5701.976663954043,-1.0045824809276318,stop_hit,h_ema21,train
2024-09-18 14:30:00+00:00,5700.515,5695.201526502577,5711.141946994848,2024-09-18 15:00:00+00:00,5695.186526502576,-1.00282301210453,stop_hit,h_ema21,train
2024-09-18 16:15:00+00:00,5692.265,5686.010994162834,5704.773011674332,2024-09-18 16:45:00+00:00,5704.758011674332,2.0,scaleout_tier_1,h_ema21,train
2024-09-18 17:30:00+00:00,5706.015,5699.8325526021545,5718.379894795692,2024-09-18 17:45:00+00:00,5699.817552602154,-1.0024262236352475,stop_hit,h_ema21,train
2024-09-18 18:15:00+00:00,5709.515,5698.1718560739555,5732.20128785209,2024-09-18 19:00:00+00:00,5698.156856073955,-1.0013223847019947,stop_hit,h_ema21,train
2024-09-19 01:45:00+00:00,5706.015,5695.072543257551,5727.899913484899,2024-09-19 02:30:00+00:00,5727.884913484899,2.0,scaleout_tier_1,h_ema21,train
2024-09-19 08:45:00+00:00,5756.015,5749.48206589374,5775.613802318782,2024-09-19 11:30:00+00:00,5775.598802318782,3.0,scaleout_tier_2,h_ema21,train
2024-09-19 13:15:00+00:00,5776.265,5770.597086775511,5787.600826448978,2024-09-19 13:30:00+00:00,5770.582086775511,-1.0026464766495573,stop_hit,h_ema21,train
2024-09-19 16:15:00+00:00,5778.265,5768.912357174789,5796.970285650424,2024-09-19 20:00:00+00:00,5772.735,-0.5912767228845291,trail_exit,h_ema21,train
2024-09-20 01:15:00+00:00,5767.515,5762.531782729641,5777.4814345407185,2024-09-20 08:15:00+00:00,5763.985,-0.7083777022923752,trail_exit,h_ema21,train
2024-09-20 08:45:00+00:00,5765.515,5762.058769842991,5772.427460314019,2024-09-20 10:45:00+00:00,5762.0437698429905,-1.0043399887504327,stop_hit,h_ema21,train
2024-09-20 11:45:00+00:00,5761.265,5757.77417048851,5768.246659022981,2024-09-20 12:00:00+00:00,5768.23165902298,2.0,scaleout_tier_1,h_ema21,train
2024-09-20 14:30:00+00:00,5754.515,5748.47951284165,5766.585974316701,2024-09-20 14:45:00+00:00,5748.46451284165,-1.002485300623923,stop_hit,h_ema21,train
2024-09-20 15:45:00+00:00,5754.765,5746.914548674873,5770.465902650255,2024-09-20 18:00:00+00:00,5746.899548674873,-1.0019107181713638,stop_hit,h_ema21,train
2024-09-20 19:00:00+00:00,5756.765,5748.721030283828,5772.852939432344,2024-09-20 19:30:00+00:00,5772.837939432344,2.0,scaleout_tier_1,h_ema21,train
2024-09-23 00:30:00+00:00,5770.765,5765.0131476734805,5782.26870465304,2024-09-23 06:00:00+00:00,5772.485,0.29903410281745396,trail_exit,h_ema21,train
2024-09-23 07:45:00+00:00,5760.765,5755.976002505476,5770.34299498905,2024-09-23 09:45:00+00:00,5770.327994989049,2.0,scaleout_tier_1,h_ema50,train
2024-09-23 10:30:00+00:00,5771.515,5766.541841663587,5781.461316672828,2024-09-23 11:00:00+00:00,5766.526841663586,-1.003016191921841,stop_hit,h_ema21,train
2024-09-23 12:30:00+00:00,5771.765,5767.038470131419,5781.2180597371635,2024-09-23 13:30:00+00:00,5767.023470131418,-1.0031735756289273,stop_hit,h_ema21,train
2024-09-23 14:15:00+00:00,5771.265,5765.0800025298495,5783.634994940302,2024-09-23 16:15:00+00:00,5765.065002529849,-1.0024252233040867,stop_hit,h_ema21,train
2024-09-23 17:30:00+00:00,5767.515,5760.134980033748,5782.275039932504,2024-09-23 22:00:00+00:00,5773.985,0.8766913950891759,eod_force_close,h_ema21,train
2024-09-24 03:00:00+00:00,5767.265,5763.384627892577,5775.025744214848,2024-09-24 05:00:00+00:00,5775.010744214847,2.0,scaleout_tier_1,h_ema21,train
2024-09-24 11:30:00+00:00,5778.515,5773.811556391623,5787.921887216756,2024-09-24 13:45:00+00:00,5773.796556391622,-1.0031891527249546,stop_hit,h_ema21,train
2024-09-24 15:00:00+00:00,5773.765,5766.348865663299,5788.597268673403,2024-09-24 16:30:00+00:00,5788.582268673403,2.0,scaleout_tier_1,h_ema21,train
2024-09-24 19:15:00+00:00,5785.265,5778.789319983219,5798.216360033563,2024-09-24 22:00:00+00:00,5792.235,1.0763348377215636,eod_force_close,h_ema21,train
2024-09-25 01:15:00+00:00,5786.265,5782.7716926423,5793.251614715401,2024-09-25 01:30:00+00:00,5782.7566926423,-1.004293925058516,stop_hit,h_ema21,train
2024-09-25 03:15:00+00:00,5782.515,5779.247102410088,5789.050795179825,2024-09-25 05:30:00+00:00,5779.2321024100875,-1.0045901071216643,stop_hit,h_ema50,train
2024-09-25 06:45:00+00:00,5776.265,5773.22538989908,5782.3442202018405,2024-09-25 07:15:00+00:00,5782.32922020184,2.0,scaleout_tier_1,h_ema21,train
2024-09-25 09:00:00+00:00,5782.515,5779.328379608779,5788.888240782443,2024-09-25 09:15:00+00:00,5779.313379608779,-1.0047071813265396,stop_hit,h_ema21,train
2024-09-25 09:45:00+00:00,5784.015,5780.671885933122,5790.701228133757,2024-09-25 10:45:00+00:00,5790.686228133756,2.0,scaleout_tier_1,h_ema21,train
2024-09-25 12:00:00+00:00,5789.765,5786.498137569809,5796.298724860383,2024-09-25 14:45:00+00:00,5786.483137569809,-1.0045915615734846,stop_hit,h_ema21,train
2024-09-25 18:00:00+00:00,5782.015,5775.729987172403,5794.585025655196,2024-09-25 18:15:00+00:00,5775.714987172402,-1.0023866299738422,stop_hit,h_ema21,train
2024-09-26 12:30:00+00:00,5826.015,5822.423489476061,5833.198021047879,2024-09-26 13:30:00+00:00,5822.408489476061,-1.0041765156750468,stop_hit,h_ema21,train
2024-09-26 15:45:00+00:00,5797.015,5789.405996499205,5812.233007001591,2024-09-26 16:30:00+00:00,5789.390996499204,-1.0019713488104927,stop_hit,h_ema50,train
2024-09-26 17:30:00+00:00,5790.265,5782.4804502422885,5805.834099515424,2024-09-26 22:00:00+00:00,5804.235,1.7945803463019614,eod_force_close,h_ema200,train
2024-09-27 00:30:00+00:00,5805.515,5801.098595032135,5814.347809935732,2024-09-27 01:30:00+00:00,5801.083595032134,-1.003396427662198,stop_hit,h_ema21,train
2024-09-27 03:00:00+00:00,5798.265,5794.555020445683,5805.684959108635,2024-09-27 04:30:00+00:00,5805.669959108634,2.0,scaleout_tier_1,h_ema21,train
2024-09-27 06:00:00+00:00,5804.765,5801.114725764125,5812.065548471751,2024-09-27 06:15:00+00:00,5801.099725764125,-1.0041092802981502,stop_hit,h_ema21,train
2024-09-27 07:15:00+00:00,5798.765,5794.760228881826,5806.774542236349,2024-09-27 07:30:00+00:00,5794.745228881826,-1.0037455324056488,stop_hit,h_ema21,train
2024-09-27 08:15:00+00:00,5795.015,5790.874719442259,5803.295561115482,2024-09-27 11:45:00+00:00,5803.280561115482,2.0,scaleout_tier_1,h_ema21,train
2024-09-27 16:30:00+00:00,5800.265,5794.306317522164,5812.182364955673,2024-09-27 17:30:00+00:00,5794.291317522164,-1.0025173350075494,stop_hit,h_ema21,train
2024-09-27 18:00:00+00:00,5802.015,5796.377345307578,5813.2903093848445,2024-09-27 18:15:00+00:00,5796.362345307578,-1.0026606808715137,stop_hit,h_ema21,train
2024-09-27 19:00:00+00:00,5800.265,5793.546372197255,5813.702255605492,2024-09-27 19:30:00+00:00,5793.531372197254,-1.0022325987449696,stop_hit,h_ema21,train
2024-09-30 02:45:00+00:00,5789.765,5785.2068522557065,5798.881295488588,2024-09-30 06:00:00+00:00,5786.235,-0.7744373807145094,trail_exit,h_ema21,train
2024-09-30 07:15:00+00:00,5793.515,5789.45838959632,5801.628220807362,2024-09-30 08:00:00+00:00,5789.443389596319,-1.003697668375232,stop_hit,h_ema21,train
2024-09-30 09:30:00+00:00,5789.515,5784.875042587058,5798.794914825886,2024-09-30 10:30:00+00:00,5784.860042587057,-1.0032327882920835,stop_hit,h_ema21,train
2024-09-30 13:45:00+00:00,5786.265,5781.556678394578,5795.681643210845,2024-09-30 14:00:00+00:00,5781.5416783945775,-1.0031858486436127,stop_hit,h_ema21,train
2024-09-30 15:15:00+00:00,5792.015,5786.716508253637,5802.611983492728,2024-09-30 15:30:00+00:00,5786.701508253636,-1.0028309943127913,stop_hit,h_ema21,train
2024-09-30 18:45:00+00:00,5783.515,5775.153815635997,5800.237368728008,2024-09-30 19:45:00+00:00,5800.2223687280075,2.0,scaleout_tier_1,h_ema21,train
2024-09-30 18:45:00+00:00,5783.515,5775.153815635997,5808.598553092012,2024-09-30 19:45:00+00:00,5808.583553092011,3.0,scaleout_tier_2,h_ema21,train
2024-10-01 05:15:00+00:00,5811.515,5807.755741209696,5819.033517580609,2024-10-01 05:30:00+00:00,5807.740741209695,-1.0039901482810956,stop_hit,h_ema21,train
2024-10-01 07:30:00+00:00,5807.265,5802.765820301868,5816.263359396265,2024-10-01 10:45:00+00:00,5816.248359396264,2.0,scaleout_tier_1,h_ema21,train
2024-10-01 17:00:00+00:00,5757.765,5744.212930555921,5784.869138888159,2024-10-01 17:15:00+00:00,5744.197930555921,-1.0011068420260258,stop_hit,h_ema21,train
2024-10-02 00:45:00+00:00,5758.515,5749.921525289925,5775.701949420151,2024-10-02 04:30:00+00:00,5749.9065252899245,-1.0017455104607151,stop_hit,h_ema21,train
2024-10-02 06:00:00+00:00,5748.015,5742.051704263553,5759.941591472895,2024-10-02 06:15:00+00:00,5742.036704263553,-1.0025153875748016,stop_hit,h_ema21,train
2024-10-02 06:45:00+00:00,5748.515,5742.393239528799,5760.758520942402,2024-10-02 09:15:00+00:00,5742.378239528799,-1.0024502755491485,stop_hit,h_ema21,train
2024-10-02 10:30:00+00:00,5745.515,5739.349822426748,5757.845355146505,2024-10-02 13:30:00+00:00,5739.334822426747,-1.0024330199450222,stop_hit,ema21,train
2024-10-02 14:00:00+00:00,5743.265,5733.670194890083,5762.454610219836,2024-10-02 15:15:00+00:00,5762.439610219835,2.0,scaleout_tier_1,ema21,train
2024-10-02 18:00:00+00:00,5763.265,5753.770554958388,5782.253890083225,2024-10-02 18:15:00+00:00,5753.755554958388,-1.0015798711704145,stop_hit,h_ema21,train
2024-10-02 19:15:00+00:00,5764.515,5755.834606445909,5781.8757871081825,2024-10-02 22:00:00+00:00,5769.485,0.5725546853410775,eod_force_close,h_ema21,train
2024-10-03 01:00:00+00:00,5759.765,5754.6081071620565,5770.078785675888,2024-10-03 01:15:00+00:00,5754.593107162056,-1.002908728273343,stop_hit,h_ema21,train
2024-10-03 02:00:00+00:00,5756.015,5750.755465786535,5766.534068426931,2024-10-03 03:30:00+00:00,5750.7404657865345,-1.0028519635753912,stop_hit,h_ema21,train
2024-10-03 06:15:00+00:00,5749.515,5745.758051645888,5757.028896708224,2024-10-03 07:00:00+00:00,5745.743051645888,-1.0039926021298402,stop_hit,h_ema21,train
2024-10-03 08:45:00+00:00,5740.515,5735.380894579724,5750.783210840554,2024-10-03 11:30:00+00:00,5750.768210840553,2.0,scaleout_tier_1,ema21,train
2024-10-03 13:30:00+00:00,5744.515,5738.944463882628,5755.656072234745,2024-10-03 14:15:00+00:00,5742.485,-0.36441734820996724,trail_exit,h_ema21,train
2024-10-03 15:15:00+00:00,5742.765,5731.647553327703,5764.999893344596,2024-10-03 16:45:00+00:00,5731.632553327702,-1.0013492306680187,stop_hit,ema21,train
2024-10-03 17:30:00+00:00,5735.515,5724.058769356145,5758.427461287712,2024-10-03 22:00:00+00:00,5745.735,0.8920909780635989,eod_force_close,ema21,train
2024-10-04 01:00:00+00:00,5748.015,5742.183578292355,5759.67784341529,2024-10-04 02:15:00+00:00,5759.66284341529,2.0,scaleout_tier_1,ema21,train
2024-10-04 07:15:00+00:00,5751.265,5747.048485475547,5759.698029048907,2024-10-04 08:45:00+00:00,5750.235,-0.24427758852180304,trail_exit,ema21,train
2024-10-04 17:45:00+00:00,5785.015,5772.831360915368,5809.382278169264,2024-10-04 18:00:00+00:00,5772.816360915368,-1.0012311592534981,stop_hit,h_ema21,train
2024-10-04 18:30:00+00:00,5778.265,5766.395209522982,5802.004580954036,2024-10-06 22:00:00+00:00,5801.985,1.9983503538605554,eod_force_close,h_ema21,train
2024-10-07 06:15:00+00:00,5793.765,5790.171867010737,5800.951265978528,2024-10-07 06:30:00+00:00,5790.156867010736,-1.0041746297855234,stop_hit,h_ema21,train
2024-10-07 08:15:00+00:00,5782.265,5777.5508881561045,5791.693223687792,2024-10-07 08:45:00+00:00,5777.535888156104,-1.0031819355367546,stop_hit,h_ema21,train
2024-10-07 10:30:00+00:00,5771.015,5765.847408799187,5781.350182401627,2024-10-07 13:15:00+00:00,5781.335182401626,2.0,scaleout_tier_1,h_ema200,train
2024-10-07 14:15:00+00:00,5784.265,5778.734568383412,5795.325863233177,2024-10-07 14:30:00+00:00,5778.719568383412,-1.0027122657036993,stop_hit,h_ema21,train
2024-10-07 18:00:00+00:00,5773.015,5767.21447776148,5784.61604447704,2024-10-07 18:15:00+00:00,5767.19947776148,-1.0025859740525975,stop_hit,h_ema21,train
2024-10-08 00:15:00+00:00,5753.015,5745.491560653173,5768.061878693655,2024-10-08 01:15:00+00:00,5745.476560653173,-1.001993768981025,stop_hit,ema21,train
2024-10-08 02:00:00+00:00,5745.265,5738.794380367597,5758.206239264807,2024-10-08 06:15:00+00:00,5738.779380367597,-1.0023181705698185,stop_hit,ema21,train
2024-10-08 07:45:00+00:00,5751.515,5745.697153693869,5763.150692612263,2024-10-08 08:30:00+00:00,5745.682153693869,-1.0025782736791309,stop_hit,ema21,train
2024-10-08 10:15:00+00:00,5767.515,5761.911526227973,5778.721947544055,2024-10-08 10:30:00+00:00,5761.896526227973,-1.0026769108968097,stop_hit,ema21,train
2024-10-08 14:00:00+00:00,5776.515,5770.6317660354725,5788.281467929056,2024-10-08 14:30:00+00:00,5788.266467929056,2.0,scaleout_tier_1,h_ema21,train
2024-10-08 17:45:00+00:00,5783.515,5776.568568635618,5797.4078627287645,2024-10-08 22:00:00+00:00,5799.235,2.263032509124593,eod_force_close,h_ema21,train
2024-10-09 00:30:00+00:00,5795.515,5791.607764268116,5803.32947146377,2024-10-09 02:00:00+00:00,5791.592764268115,-1.0038390312306784,stop_hit,h_ema21,train
2024-10-09 03:30:00+00:00,5791.515,5788.33879451326,5797.867410973481,2024-10-09 04:45:00+00:00,5788.32379451326,-1.0047226163618657,stop_hit,h_ema21,train
2024-10-09 05:45:00+00:00,5790.515,5787.598853122882,5796.3472937542365,2024-10-09 06:00:00+00:00,5787.583853122882,-1.0051437738332136,stop_hit,h_ema21,train
2024-10-09 07:00:00+00:00,5786.515,5783.647186974836,5792.25062605033,2024-10-09 07:15:00+00:00,5783.632186974835,-1.0052304665153218,stop_hit,h_ema21,train
2024-10-09 08:00:00+00:00,5786.515,5783.084141560504,5793.376716878994,2024-10-09 08:15:00+00:00,5783.069141560503,-1.0043720836242163,stop_hit,h_ema21,train
2024-10-09 08:45:00+00:00,5787.515,5783.72478644622,5795.095427107562,2024-10-09 10:00:00+00:00,5795.080427107561,2.0,scaleout_tier_1,h_ema21,train
2024-10-10 00:30:00+00:00,5838.765,5834.376965981177,5847.541068037647,2024-10-10 05:45:00+00:00,5835.985,-0.6335411229893034,trail_exit,h_ema21,train
2024-10-10 06:30:00+00:00,5836.265,5833.750921248283,5841.293157503435,2024-10-10 07:15:00+00:00,5833.7359212482825,-1.0059664002132311,stop_hit,h_ema21,train
2024-10-10 08:30:00+00:00,5833.015,5830.089986273621,5838.865027452758,2024-10-10 09:00:00+00:00,5830.074986273621,-1.005128181062896,stop_hit,h_ema21,train
2024-10-10 09:30:00+00:00,5831.265,5828.472372786363,5836.850254427275,2024-10-10 11:00:00+00:00,5828.457372786363,-1.0053712861949768,stop_hit,h_ema21,train
2024-10-10 11:30:00+00:00,5831.515,5828.6763742208395,5837.192251558322,2024-10-10 12:00:00+00:00,5837.177251558322,2.0,scaleout_tier_1,h_ema21,train
2024-10-10 13:30:00+00:00,5825.515,5820.226034219458,5836.092931561086,2024-10-10 13:45:00+00:00,5820.211034219457,-1.002836093221762,stop_hit,h_ema21,train
2024-10-10 14:15:00+00:00,5829.015,5821.961298170608,5843.1224036587855,2024-10-10 14:45:00+00:00,5821.946298170607,-1.0021265429646917,stop_hit,h_ema21,train
2024-10-10 15:15:00+00:00,5830.765,5823.0559913070265,5846.183017385948,2024-10-10 17:00:00+00:00,5823.040991307026,-1.0019457754683814,stop_hit,h_ema21,train
2024-10-10 17:30:00+00:00,5831.015,5822.84347678026,5847.358046439481,2024-10-10 17:45:00+00:00,5822.82847678026,-1.001835643073753,stop_hit,h_ema21,train
2024-10-10 19:00:00+00:00,5820.265,5812.178151644305,5836.438696711391,2024-10-10 22:00:00+00:00,5830.985,1.3256091283633202,eod_force_close,h_ema21,train
2024-10-11 00:45:00+00:00,5835.015,5830.775434535101,5843.494130929798,2024-10-11 04:30:00+00:00,5830.760434535101,-1.0035380984500695,stop_hit,h_ema21,train
2024-10-11 05:45:00+00:00,5828.515,5825.9622278716215,5833.620544256758,2024-10-11 07:00:00+00:00,5825.947227871621,-1.005875965125745,stop_hit,h_ema21,train
2024-10-11 10:15:00+00:00,5820.265,5816.823805276001,5827.147389448,2024-10-11 12:00:00+00:00,5827.132389447999,2.0,scaleout_tier_1,h_ema200,train
2024-10-11 12:45:00+00:00,5828.515,5824.195944695131,5837.153110609738,2024-10-11 13:15:00+00:00,5824.180944695131,-1.0034729816919497,stop_hit,h_ema21,train
2024-10-11 13:45:00+00:00,5833.015,5827.916745664245,5843.21150867151,2024-10-11 14:00:00+00:00,5843.19650867151,2.0,scaleout_tier_1,h_ema21,train
2024-10-11 13:45:00+00:00,5833.015,5827.916745664245,5848.309763007265,2024-10-11 14:00:00+00:00,5848.294763007265,3.0,scaleout_tier_2,h_ema21,train
2024-10-11 13:45:00+00:00,5833.015,5827.916745664245,5853.40801734302,2024-10-11 14:00:00+00:00,5853.39301734302,4.0,scaleout_tier_3,h_ema21,train
2024-10-11 17:00:00+00:00,5853.515,5846.6404509381355,5867.26409812373,2024-10-11 20:45:00+00:00,5853.235,-0.040729944245201065,trail_exit,h_ema21,train
2024-10-14 01:45:00+00:00,5855.515,5851.846578497331,5862.851843005338,2024-10-14 02:00:00+00:00,5851.831578497331,-1.0040889521526941,stop_hit,h_ema21,train
2024-10-14 02:30:00+00:00,5853.765,5850.271825057812,5860.751349884377,2024-10-14 07:30:00+00:00,5860.736349884377,2.0,scaleout_tier_1,h_ema21,train
2024-10-15 01:15:00+00:00,5912.015,5908.511161869206,5919.0226762615885,2024-10-15 05:30:00+00:00,5909.985,-0.5793646636126428,trail_exit,h_ema21,train
2024-10-15 07:15:00+00:00,5910.265,5908.085565837337,5914.623868325328,2024-10-15 08:00:00+00:00,5908.070565837336,-1.006882520361154,stop_hit,h_ema21,train
2024-10-15 09:30:00+00:00,5905.765,5903.075556645623,5911.143886708755,2024-10-15 10:15:00+00:00,5903.0605566456225,-1.005577362310276,stop_hit,h_ema21,train
2024-10-15 13:00:00+00:00,5910.515,5907.27562887182,5916.993742256361,2024-10-15 13:45:00+00:00,5907.26062887182,-1.0046305283978851,stop_hit,h_ema21,train
2024-10-15 17:45:00+00:00,5880.765,5873.873969882286,5894.54706023543,2024-10-15 18:00:00+00:00,5873.858969882285,-1.0021767427719939,stop_hit,h_ema200,train
2024-10-17 01:15:00+00:00,5879.015,5874.942161619166,5887.1606767616695,2024-10-17 02:30:00+00:00,5874.927161619165,-1.0036829352401786,stop_hit,h_ema21,train
2024-10-17 05:45:00+00:00,5880.515,5877.574412504604,5886.396174990793,2024-10-17 06:15:00+00:00,5886.381174990793,2.0,scaleout_tier_1,h_ema21,train
2024-10-17 07:30:00+00:00,5894.015,5890.433627937889,5904.759116186336,2024-10-17 08:45:00+00:00,5904.744116186335,3.0,scaleout_tier_2,h_ema200,train
2024-10-17 15:15:00+00:00,5898.765,5890.577465446456,5915.140069107089,2024-10-17 18:00:00+00:00,5890.5624654464555,-1.0018320533369638,stop_hit,h_ema21,train
2024-10-17 19:00:00+00:00,5896.515,5889.064679854503,5911.415640290995,2024-10-17 19:15:00+00:00,5889.049679854503,-1.0020133363006412,stop_hit,h_ema21,train
2024-10-18 01:45:00+00:00,5887.765,5883.225504164827,5896.843991670347,2024-10-18 03:45:00+00:00,5883.2105041648265,-1.003304331702235,stop_hit,h_ema21,train
2024-11-04 10:15:00+00:00,5769.515,5764.456178121313,5779.632643757374,2024-11-04 12:15:00+00:00,5764.441178121313,-1.0029651172466703,stop_hit,h_ema21,train
2024-11-04 13:00:00+00:00,5766.265,5760.7779753836885,5777.239049232624,2024-11-04 13:45:00+00:00,5760.762975383688,-1.0027337220167987,stop_hit,h_ema21,train
2024-11-04 15:00:00+00:00,5760.765,5753.517105698358,5775.260788603285,2024-11-04 16:30:00+00:00,5753.502105698358,-1.002069566604597,stop_hit,ema50,train
2024-11-04 17:30:00+00:00,5745.765,5736.081420326428,5765.132159347145,2024-11-04 21:30:00+00:00,5747.485,0.17762026626304847,eod_force_close,ema50,train
2024-11-05 01:00:00+00:00,5740.765,5734.988598475082,5752.3178030498375,2024-11-05 07:00:00+00:00,5752.302803049837,2.0,scaleout_tier_1,ema50,train
2024-11-05 08:00:00+00:00,5751.515,5747.934260566816,5758.676478866369,2024-11-05 08:15:00+00:00,5747.919260566816,-1.0041890788984298,stop_hit,donchian_low,train
2024-11-05 09:45:00+00:00,5755.765,5751.783418935721,5763.728162128559,2024-11-05 10:00:00+00:00,5751.768418935721,-1.0037673476335567,stop_hit,donchian_low,train
2024-11-05 13:30:00+00:00,5754.765,5750.583147560758,5763.128704878484,2024-11-05 13:45:00+00:00,5750.568147560758,-1.0035869271377367,stop_hit,donchian_low,train
2024-11-05 17:45:00+00:00,5806.765,5798.740662167374,5822.813675665254,2024-11-05 18:30:00+00:00,5798.725662167373,-1.0018693131213068,stop_hit,ema21,train
2024-11-05 19:15:00+00:00,5801.765,5793.803290962476,5817.6884180750485,2024-11-05 19:45:00+00:00,5793.788290962476,-1.0018840176059727,stop_hit,ema21,train
2024-11-06 00:15:00+00:00,5819.515,5812.21869454934,5834.10761090132,2024-11-06 00:30:00+00:00,5834.09261090132,2.0,scaleout_tier_1,ema21,train
2024-11-06 00:15:00+00:00,5819.515,5812.21869454934,5841.40391635198,2024-11-06 00:30:00+00:00,5841.38891635198,3.0,scaleout_tier_2,ema21,train
2024-11-06 01:15:00+00:00,5847.765,5839.10169486734,5865.091610265322,2024-11-06 01:45:00+00:00,5839.086694867339,-1.001731440803554,stop_hit,ema21,train
2024-11-06 06:30:00+00:00,5896.765,5886.287717170229,5917.719565659542,2024-11-06 07:00:00+00:00,5917.704565659542,2.0,scaleout_tier_1,h_ema21,train
2024-11-06 12:45:00+00:00,5944.765,5934.122798140021,5966.04940371996,2024-11-06 13:45:00+00:00,5934.10779814002,-1.0014094827553248,stop_hit,h_ema21,train
2024-11-06 14:30:00+00:00,5939.015,5928.894512841369,5959.255974317263,2024-11-06 14:45:00+00:00,5928.8795128413685,-1.0014821420911082,stop_hit,h_ema21,train
2024-11-06 15:15:00+00:00,5921.515,5909.404227300469,5945.736545399063,2024-11-06 18:00:00+00:00,5945.721545399063,2.0,scaleout_tier_1,h_ema21,train
2024-11-06 19:15:00+00:00,5951.765,5942.049639252285,5971.195721495432,2024-11-06 21:30:00+00:00,5960.235,0.871815285087668,eod_force_close,h_ema21,train
2024-11-07 08:15:00+00:00,5964.765,5960.271283378975,5973.752433242052,2024-11-07 12:00:00+00:00,5973.737433242051,2.0,scaleout_tier_1,h_ema21,train
2024-11-08 03:15:00+00:00,6003.015,5999.148104027478,6010.748791945044,2024-11-08 10:30:00+00:00,5999.133104027478,-1.0038790803028883,stop_hit,h_ema21,train
2024-11-08 11:30:00+00:00,5995.515,5991.767010571185,6003.010978857631,2024-11-08 13:15:00+00:00,6002.995978857631,2.0,scaleout_tier_1,h_ema21,train
2024-11-08 14:15:00+00:00,6002.015,5998.27502884459,6013.23491346623,2024-11-08 14:45:00+00:00,6013.21991346623,3.0,scaleout_tier_2,h_ema21,train
2024-11-11 01:30:00+00:00,6033.265,6029.285826992748,6049.181692029008,2024-11-11 12:30:00+00:00,6049.166692029008,4.0,scaleout_tier_3,h_ema21,train
2024-11-11 15:45:00+00:00,6035.515,6031.114343886276,6044.316312227448,2024-11-11 16:00:00+00:00,6037.985,0.5612799401199245,trail_exit,h_ema21,train
2024-11-12 01:00:00+00:00,6025.765,6021.5714683493625,6034.152063301276,2024-11-12 04:00:00+00:00,6023.735,-0.4840788550366335,trail_exit,h_ema21,train
2024-11-12 05:00:00+00:00,6027.015,6023.924104478736,6033.196791042529,2024-11-12 05:15:00+00:00,6023.909104478736,-1.0048529624819513,stop_hit,h_ema21,train
2024-11-12 06:15:00+00:00,6024.015,6021.288946735778,6029.467106528445,2024-11-12 07:15:00+00:00,6021.273946735778,-1.0055024603507179,stop_hit,h_ema21,train
2024-11-12 10:45:00+00:00,6018.515,6014.763702126797,6026.017595746406,2024-11-12 13:30:00+00:00,6026.002595746406,2.0,scaleout_tier_1,h_ema21,train
2024-11-12 17:30:00+00:00,6008.265,6002.229587037471,6020.335825925059,2024-11-12 17:45:00+00:00,6002.214587037471,-1.0024853311767488,stop_hit,h_ema200,train
2024-11-12 18:45:00+00:00,6010.515,6003.293693708172,6024.957612583657,2024-11-12 19:30:00+00:00,6024.942612583656,2.0,scaleout_tier_1,h_ema21,train
2024-11-13 12:15:00+00:00,5998.515,5995.185890791782,6005.173218416437,2024-11-13 12:30:00+00:00,6000.485,0.5917498876685272,trail_exit,h_ema21,train
2024-11-13 18:00:00+00:00,6034.265,6025.723145385617,6051.348709228768,2024-11-13 19:15:00+00:00,6025.708145385616,-1.0017560589213341,stop_hit,h_ema21,train
2024-11-14 03:15:00+00:00,6013.265,6008.975324369562,6021.8443512608765,2024-11-14 05:00:00+00:00,6008.960324369562,-1.0034967678893696,stop_hit,h_ema21,train
2024-11-14 05:30:00+00:00,6008.765,6005.0720671890795,6016.150865621842,2024-11-14 07:00:00+00:00,6005.057067189079,-1.0040618123232485,stop_hit,h_ema21,train
2024-11-14 07:30:00+00:00,6009.015,6005.602730400234,6015.839539199534,2024-11-14 08:00:00+00:00,6015.824539199533,2.0,scaleout_tier_1,h_ema21,train
2024-11-14 09:15:00+00:00,6022.015,6018.11720397389,6029.81059205222,2024-11-14 09:45:00+00:00,6018.10220397389,-1.0038483286195192,stop_hit,h_ema21,train
2024-11-14 11:30:00+00:00,6021.265,6017.599368285899,6028.596263428203,2024-11-14 13:30:00+00:00,6017.584368285899,-1.0040920641161586,stop_hit,h_ema21,train
2024-11-14 15:30:00+00:00,6005.515,5998.493120793782,6019.558758412438,2024-11-14 16:45:00+00:00,5998.478120793781,-1.0021361802958735,stop_hit,h_ema21,train
2024-11-14 17:45:00+00:00,5993.265,5985.369845848483,6009.0553083030345,2024-11-14 18:45:00+00:00,5985.354845848483,-1.001899899572885,stop_hit,h_ema21,train
2024-11-15 03:30:00+00:00,5961.765,5956.766614407463,5971.761771185075,2024-11-15 04:00:00+00:00,5956.7516144074625,-1.0030009689574013,stop_hit,h_ema21,train
2024-11-15 04:30:00+00:00,5960.765,5956.116444947198,5970.062110105605,2024-11-15 05:45:00+00:00,5956.101444947198,-1.0032268091546608,stop_hit,h_ema21,train
2024-11-15 08:45:00+00:00,5939.515,5933.802803390861,5950.939393218278,2024-11-15 12:45:00+00:00,5950.924393218278,2.0,scaleout_tier_1,ema21,train
2024-11-18 04:00:00+00:00,5911.265,5904.869106737357,5924.056786525288,2024-11-18 04:15:00+00:00,5912.235,0.15165981672408207,trail_exit,ema21,train
2024-11-18 06:00:00+00:00,5912.515,5908.108905672773,5921.327188654454,2024-11-18 07:15:00+00:00,5908.093905672773,-1.0034043755957824,stop_hit,ema21,train
2024-11-18 08:30:00+00:00,5907.265,5902.651403983168,5916.492192033665,2024-11-18 08:45:00+00:00,5902.636403983168,-1.0032512599598236,stop_hit,ema21,train
2024-11-18 10:45:00+00:00,5902.015,5897.143947234358,5911.757105531285,2024-11-18 11:30:00+00:00,5897.128947234358,-1.0030794164469188,stop_hit,ema21,train
2024-11-18 12:00:00+00:00,5899.015,5894.470830728057,5908.103338543887,2024-11-18 13:00:00+00:00,5894.455830728057,-1.0033009333725618,stop_hit,ema21,train
2024-11-18 13:45:00+00:00,5901.015,5895.346398626485,5912.352202747031,2024-11-18 14:30:00+00:00,5895.331398626485,-1.002646155376247,stop_hit,ema21,train
2024-11-18 15:15:00+00:00,5905.765,5899.223188077314,5918.8486238453725,2024-11-18 15:45:00+00:00,5918.833623845372,2.0,scaleout_tier_1,ema21,train
2024-11-18 19:00:00+00:00,5921.015,5913.233218177836,5936.57856364433,2024-11-18 19:15:00+00:00,5913.218218177835,-1.0019275790998925,stop_hit,ema21,train
2024-11-19 08:30:00+00:00,5928.015,5924.536816621042,5934.971366757917,2024-11-19 08:45:00+00:00,5924.521816621042,-1.0043125960784791,stop_hit,ema21,train
2024-11-19 11:15:00+00:00,5899.015,5891.317234921081,5914.410530157839,2024-11-19 11:30:00+00:00,5891.3022349210805,-1.0019486175333416,stop_hit,ema21,train
2024-11-19 13:00:00+00:00,5906.765,5899.3037758463415,5921.687448307318,2024-11-19 13:15:00+00:00,5899.288775846341,-1.0020103939637,stop_hit,ema21,train
2024-11-19 14:30:00+00:00,5883.765,5873.504315822928,5904.2863683541445,2024-11-19 15:30:00+00:00,5904.271368354144,2.0,scaleout_tier_1,ema21,train
2024-11-19 17:30:00+00:00,5926.265,5916.223179121013,5946.348641757974,2024-11-19 21:30:00+00:00,5940.485,1.4160778380099783,eod_force_close,ema21,train
2024-11-20 04:15:00+00:00,5946.765,5942.609333126999,5955.076333746002,2024-11-20 07:30:00+00:00,5955.061333746002,2.0,scaleout_tier_1,ema21,train
2024-11-20 09:15:00+00:00,5955.515,5950.852047339523,5964.840905320955,2024-11-20 09:30:00+00:00,5950.8370473395225,-1.003216845868384,stop_hit,h_ema21,train
2024-11-20 10:45:00+00:00,5945.265,5940.332979837249,5955.129040325503,2024-11-20 14:00:00+00:00,5940.3179798372485,-1.0030413500969872,stop_hit,ema21,train
2024-11-20 16:45:00+00:00,5907.765,5897.162588472738,5928.969823054525,2024-11-20 17:15:00+00:00,5897.147588472738,-1.0014147724752767,stop_hit,ema21,train
2024-11-20 19:00:00+00:00,5902.015,5890.904801887669,5924.2353962246625,2024-11-20 20:30:00+00:00,5924.220396224662,2.0,scaleout_tier_1,ema21,train
2024-11-21 05:15:00+00:00,5925.515,5919.7612426119185,5937.022514776164,2024-11-21 07:15:00+00:00,5919.746242611918,-1.0026069920903162,stop_hit,ema21,train
2024-11-21 07:45:00+00:00,5920.265,5913.838332417063,5933.118335165876,2024-11-21 08:45:00+00:00,5913.823332417062,-1.002334024563547,stop_hit,ema21,train
2024-11-21 09:45:00+00:00,5912.515,5904.202624865368,5929.139750269264,2024-11-21 11:00:00+00:00,5929.124750269264,2.0,scaleout_tier_1,ema21,train
2024-11-21 15:15:00+00:00,5940.265,5927.399738725523,5965.995522548955,2024-11-21 15:30:00+00:00,5927.384738725523,-1.0011659304603542,stop_hit,ema21,train
2024-11-21 17:30:00+00:00,5963.765,5948.745702964359,5993.8035940712825,2024-11-21 21:30:00+00:00,5966.735,0.19774560639898617,eod_force_close,ema21,train
2024-11-22 00:15:00+00:00,5966.265,5958.550324403757,5981.6943511924865,2024-11-22 03:30:00+00:00,5962.485,-0.4899752365273088,trail_exit,h_ema21,train
2024-11-22 04:30:00+00:00,5967.265,5961.920414463529,5977.954171072944,2024-11-22 05:45:00+00:00,5961.905414463528,-1.002806578713722,stop_hit,h_ema21,train
2024-11-22 06:15:00+00:00,5968.515,5963.475182730543,5978.594634538916,2024-11-22 09:00:00+00:00,5963.460182730542,-1.0029762983851083,stop_hit,h_ema21,train
2024-11-22 10:00:00+00:00,5956.765,5950.106557566052,5970.081884867896,2024-11-22 10:15:00+00:00,5950.091557566052,-1.002252779106995,stop_hit,ema21,train
2024-11-22 10:45:00+00:00,5955.765,5948.4814365789425,5970.332126842116,2024-11-22 11:00:00+00:00,5948.466436578942,-1.0020594315080666,stop_hit,ema21,train
2024-11-22 13:00:00+00:00,5967.015,5960.41464550307,5980.215708993862,2024-11-22 14:30:00+00:00,5980.200708993862,2.0,scaleout_tier_1,ema21,train
2024-11-22 13:00:00+00:00,5967.015,5960.41464550307,5986.816063490793,2024-11-22 14:30:00+00:00,5986.801063490792,3.0,scaleout_tier_2,ema21,train
2024-11-22 15:45:00+00:00,5986.515,5976.293749493571,6006.957501012858,2024-11-22 16:15:00+00:00,5976.278749493571,-1.0014675308066163,stop_hit,h_ema21,train
2024-11-25 01:45:00+00:00,6014.515,6006.824553167705,6029.895893664591,2024-11-25 14:00:00+00:00,6029.880893664591,2.0,scaleout_tier_1,h_ema21,train
2024-11-25 14:45:00+00:00,6036.515,6030.972449571521,6047.600100856959,2024-11-25 15:00:00+00:00,6030.957449571521,-1.002706335322319,stop_hit,h_ema21,train
2024-11-25 18:00:00+00:00,5995.265,5986.0902807103885,6013.614438579224,2024-11-25 21:15:00+00:00,6013.599438579224,2.0,scaleout_tier_1,h_ema21,train
2024-11-26 01:30:00+00:00,5989.765,5981.304995182391,6006.685009635218,2024-11-26 05:45:00+00:00,6003.735,1.6512992960620692,trail_exit,h_ema200,train
2024-11-26 08:30:00+00:00,6001.515,5996.622966982387,6011.299066035227,2024-11-26 11:30:00+00:00,6011.284066035227,2.0,scaleout_tier_1,h_ema21,train
2024-11-27 01:00:00+00:00,6040.015,6035.895316209101,6048.254367581799,2024-11-27 04:00:00+00:00,6038.485,-0.3713877272281368,trail_exit,h_ema21,train
2024-11-27 11:00:00+00:00,6030.515,6027.044384782238,6037.456230435525,2024-11-27 11:15:00+00:00,6027.029384782238,-1.004322000296535,stop_hit,h_ema21,train
2024-11-27 11:45:00+00:00,6029.515,6025.874715148169,6036.795569703662,2024-11-27 13:30:00+00:00,6036.780569703662,2.0,scaleout_tier_1,h_ema21,train
2024-11-27 17:30:00+00:00,6010.265,6004.385096415058,6022.024807169885,2024-11-27 17:45:00+00:00,6011.735,0.25000409934676426,trail_exit,h_ema200,train
2024-11-27 18:45:00+00:00,6016.515,6010.679167010465,6028.186665979071,2024-11-27 20:30:00+00:00,6010.664167010465,-1.002570327154191,stop_hit,h_ema21,train
2024-11-28 00:15:00+00:00,6022.265,6018.215000525962,6030.364998948077,2024-11-28 07:30:00+00:00,6019.985,-0.562963036073468,trail_exit,h_ema21,train
2024-11-28 08:00:00+00:00,6021.515,6019.974760957542,6024.595478084918,2024-11-28 08:15:00+00:00,6019.959760957541,-1.0097387480688595,stop_hit,h_ema21,train
2024-11-28 09:45:00+00:00,6023.265,6021.7326931691805,6026.32961366164,2024-11-28 10:15:00+00:00,6021.71769316918,-1.009789162130343,stop_hit,h_ema21,train
2024-11-28 12:00:00+00:00,6024.265,6022.66584291708,6027.4633141658405,2024-11-28 14:45:00+00:00,6027.44831416584,2.0,scaleout_tier_1,h_ema21,train
2024-11-29 01:30:00+00:00,6025.765,6022.691192071414,6031.9126158571735,2024-11-29 06:15:00+00:00,6029.735,1.2915576028931857,trail_exit,h_ema21,train
2024-11-29 08:00:00+00:00,6027.265,6024.731361946742,6032.3322761065165,2024-11-29 09:15:00+00:00,6032.317276106516,2.0,scaleout_tier_1,h_ema21,train
2024-11-29 10:15:00+00:00,6034.265,6031.466261518235,6039.862476963531,2024-11-29 10:30:00+00:00,6031.451261518235,-1.0053595575642589,stop_hit,h_ema21,train
2024-11-29 11:30:00+00:00,6032.265,6029.388461379355,6038.0180772412905,2024-11-29 12:30:00+00:00,6029.373461379355,-1.0052146005941556,stop_hit,h_ema21,train
2024-11-29 13:00:00+00:00,6029.265,6026.403246732206,6034.988506535589,2024-11-29 13:15:00+00:00,6026.3882467322055,-1.0052415420187106,stop_hit,h_ema21,train
2024-11-29 14:15:00+00:00,6027.765,6024.322092178744,6034.6508156425125,2024-11-29 14:30:00+00:00,6024.307092178744,-1.004356782341868,stop_hit,h_ema21,train
2024-11-29 15:45:00+00:00,6042.515,6037.65369669953,6052.237606600941,2024-11-29 16:45:00+00:00,6052.222606600941,2.0,scaleout_tier_1,h_ema21,train
2024-12-02 03:30:00+00:00,6042.265,6038.807060630902,6049.180878738197,2024-12-02 03:45:00+00:00,6039.735,-0.7316496126594534,trail_exit,h_ema21,train
2024-12-02 04:30:00+00:00,6040.765,6037.597232498938,6047.100535002125,2024-12-02 06:00:00+00:00,6037.582232498938,-1.0047351960001158,stop_hit,h_ema21,train
2024-12-02 07:00:00+00:00,6039.515,6036.8290229903205,6044.88695401936,2024-12-02 12:00:00+00:00,6044.87195401936,2.0,scaleout_tier_1,h_ema21,train
2024-12-02 07:00:00+00:00,6039.515,6036.8290229903205,6047.57293102904,2024-12-02 12:00:00+00:00,6047.5579310290395,3.0,scaleout_tier_2,h_ema21,train
2024-12-02 13:15:00+00:00,6050.765,6048.038519598237,6061.670921607053,2024-12-02 16:45:00+00:00,6061.655921607053,4.0,scaleout_tier_3,h_ema21,train
2024-12-02 19:00:00+00:00,6063.015,6058.610464361384,6071.824071277232,2024-12-02 19:15:00+00:00,6058.595464361384,-1.0034055803451374,stop_hit,h_ema21,train
2024-12-03 02:45:00+00:00,6062.015,6059.216641502301,6067.611716995399,2024-12-03 06:45:00+00:00,6062.735,0.2572936957832022,trail_exit,h_ema21,train
2024-12-03 07:15:00+00:00,6063.515,6061.579151044626,6067.386697910749,2024-12-03 07:45:00+00:00,6061.564151044626,-1.0077485384170521,stop_hit,h_ema21,train
2024-12-03 11:45:00+00:00,6061.015,6058.651484753619,6065.742030492763,2024-12-03 12:30:00+00:00,6065.727030492762,2.0,scaleout_tier_1,h_ema21,train
2024-12-03 13:45:00+00:00,6065.765,6063.068716565998,6071.157566868004,2024-12-03 14:00:00+00:00,6063.053716565998,-1.0055632133518186,stop_hit,h_ema21,train
2024-12-03 14:30:00+00:00,6058.515,6054.964805136843,6065.615389726315,2024-12-03 14:45:00+00:00,6054.949805136843,-1.0042251201915682,stop_hit,h_ema21,train
2024-12-03 16:00:00+00:00,6053.015,6048.295310896018,6062.4543782079645,2024-12-03 16:30:00+00:00,6048.280310896018,-1.00317817544119,stop_hit,h_ema21,train
2024-12-03 17:00:00+00:00,6049.765,6044.450071571771,6060.394856856458,2024-12-03 17:45:00+00:00,6060.379856856458,2.0,scaleout_tier_1,h_ema21,train
2024-12-04 01:30:00+00:00,6066.515,6063.327915438528,6076.076253684417,2024-12-04 08:45:00+00:00,6076.061253684416,3.0,scaleout_tier_2,h_ema21,train
2024-12-04 13:45:00+00:00,6083.265,6080.684036167214,6088.426927665573,2024-12-04 14:15:00+00:00,6080.669036167214,-1.0058117823309958,stop_hit,h_ema21,train
2024-12-04 17:00:00+00:00,6087.015,6082.941519211742,6095.161961576517,2024-12-04 17:30:00+00:00,6082.926519211742,-1.0036823544236577,stop_hit,h_ema21,train
2024-12-04 18:00:00+00:00,6087.515,6083.456119981429,6095.632760037143,2024-12-04 18:15:00+00:00,6083.4411199814285,-1.0036956007400304,stop_hit,h_ema21,train
2024-12-04 19:00:00+00:00,6083.015,6078.427720683819,6092.1895586323635,2024-12-04 19:30:00+00:00,6092.174558632363,2.0,scaleout_tier_1,h_ema21,train
2024-12-05 00:45:00+00:00,6093.015,6089.883793039759,6099.277413920482,2024-12-05 15:15:00+00:00,6093.485,0.15010186358399874,trail_exit,h_ema21,train
2024-12-05 16:15:00+00:00,6092.265,6088.982001087336,6098.830997825328,2024-12-05 16:45:00+00:00,6098.815997825328,2.0,scaleout_tier_1,h_ema21,train
2024-12-06 02:00:00+00:00,6083.265,6079.990024357432,6089.814951285137,2024-12-06 02:15:00+00:00,6084.985,0.5251947457693147,trail_exit,h_ema200,train
2024-12-06 04:45:00+00:00,6083.515,6081.1243993186135,6088.296201362774,2024-12-06 10:00:00+00:00,6082.485,-0.43085405606224136,trail_exit,h_ema21,train
2024-12-06 12:00:00+00:00,6082.765,6080.308722243117,6087.677555513767,2024-12-06 13:30:00+00:00,6080.2937222431165,-1.006106801219158,stop_hit,h_ema21,train
2024-12-06 14:15:00+00:00,6098.765,6094.464979895812,6107.365040208378,2024-12-06 14:30:00+00:00,6094.449979895811,-1.0034883557836662,stop_hit,h_ema21,train
2024-12-09 07:30:00+00:00,6098.265,6096.3845339872505,6102.0259320255,2024-12-09 07:45:00+00:00,6102.0109320255,2.0,scaleout_tier_1,h_ema21,train
2024-12-09 11:30:00+00:00,6093.515,6090.546196896513,6099.452606206975,2024-12-09 11:45:00+00:00,6094.985,0.49514903776289665,trail_exit,h_ema21,train
2024-12-09 13:00:00+00:00,6096.765,6093.541634670564,6103.2117306588725,2024-12-09 13:15:00+00:00,6093.526634670564,-1.0046535215426393,stop_hit,h_ema21,train
2024-12-09 18:45:00+00:00,6079.765,6074.398554366514,6090.497891266973,2024-12-09 19:00:00+00:00,6074.383554366514,-1.0027951461777098,stop_hit,h_ema21,train
2024-12-10 03:45:00+00:00,6061.765,6059.381084240026,6066.532831519949,2024-12-10 08:15:00+00:00,6059.366084240026,-1.0062921686462991,stop_hit,h_ema21,train
2024-12-10 08:45:00+00:00,6061.265,6059.1816512254845,6065.431697549032,2024-12-10 09:00:00+00:00,6059.166651225484,-1.0071999466358261,stop_hit,h_ema21,train
2024-12-10 10:00:00+00:00,6059.765,6057.662510957979,6063.969978084043,2024-12-10 10:15:00+00:00,6063.9549780840425,2.0,scaleout_tier_1,h_ema21,train
2024-12-10 10:00:00+00:00,6059.765,6057.662510957979,6066.072467126064,2024-12-10 10:15:00+00:00,6066.057467126064,3.0,scaleout_tier_2,h_ema21,train
2024-12-10 15:45:00+00:00,6073.765,6069.832547364445,6081.62990527111,2024-12-10 16:00:00+00:00,6069.817547364445,-1.0038144133929818,stop_hit,h_ema21,train
2024-12-10 17:30:00+00:00,6063.265,6058.854523614984,6072.085952770033,2024-12-10 18:45:00+00:00,6058.839523614984,-1.0034009931560424,stop_hit,h_ema21,train
2024-12-11 00:45:00+00:00,6050.265,6046.866782316176,6057.061435367649,2024-12-11 04:30:00+00:00,6046.985,-0.9652118566781334,trail_exit,ema21,train
2024-12-11 05:00:00+00:00,6050.265,6048.212972503681,6054.369054992639,2024-12-11 07:00:00+00:00,6048.197972503681,-1.0073098435704364,stop_hit,ema21,train
2024-12-11 08:15:00+00:00,6049.515,6047.193539330843,6054.157921338315,2024-12-11 13:15:00+00:00,6054.142921338314,2.0,scaleout_tier_1,ema21,train
2024-12-11 08:15:00+00:00,6049.515,6047.193539330843,6056.479382007472,2024-12-11 13:15:00+00:00,6056.464382007472,3.0,scaleout_tier_2,ema21,train
2024-12-12 01:00:00+00:00,6084.265,6081.2483189515915,6090.298362096818,2024-12-12 07:30:00+00:00,6083.485,-0.258562303234567,trail_exit,h_ema50,train
2024-12-12 08:15:00+00:00,6084.015,6082.358208248733,6087.328583502535,2024-12-12 08:30:00+00:00,6082.3432082487325,-1.0090536423716812,stop_hit,h_ema21,train
2024-12-12 10:15:00+00:00,6082.265,6080.423434688204,6085.948130623593,2024-12-12 11:00:00+00:00,6080.408434688204,-1.0081452446482584,stop_hit,h_ema21,train
2024-12-12 11:30:00+00:00,6081.515,6079.4235415315925,6085.697916936816,2024-12-12 13:00:00+00:00,6079.408541531592,-1.0071720286235215,stop_hit,h_ema21,train
2024-12-12 14:30:00+00:00,6082.265,6078.436685568315,6089.921628863372,2024-12-12 14:45:00+00:00,6078.421685568314,-1.0039181734593632,stop_hit,h_ema21,train
2024-12-12 15:30:00+00:00,6081.515,6076.07549592661,6092.394008146782,2024-12-12 16:45:00+00:00,6076.060495926609,-1.0027576043326643,stop_hit,h_ema21,train
2024-12-12 17:15:00+00:00,6082.515,6076.59745729057,6094.350085418861,2024-12-12 17:30:00+00:00,6076.582457290569,-1.0025348359508115,stop_hit,h_ema21,train
2024-12-12 18:00:00+00:00,6083.765,6077.670487852544,6095.954024294912,2024-12-12 18:30:00+00:00,6077.655487852544,-1.002461230634611,stop_hit,h_ema21,train
2024-12-13 07:30:00+00:00,6070.765,6068.230921196546,6075.8331576069095,2024-12-13 08:15:00+00:00,6075.818157606909,2.0,scaleout_tier_1,h_ema21,train
2024-12-13 18:15:00+00:00,6046.765,6040.451871441006,6059.391257117989,2024-12-13 18:30:00+00:00,6053.985,1.1436484989226146,trail_exit,ema21,train
2024-12-16 02:00:00+00:00,6061.015,6057.385673451927,6068.273653096147,2024-12-16 05:15:00+00:00,6057.370673451926,-1.0041329981751819,stop_hit,ema21,train
2024-12-16 06:00:00+00:00,6056.515,6054.365153466636,6060.814693066729,2024-12-16 09:00:00+00:00,6060.799693066729,2.0,scaleout_tier_1,ema21,train
2024-12-16 12:45:00+00:00,6069.765,6067.246886187166,6074.8012276256695,2024-12-16 13:00:00+00:00,6067.231886187165,-1.0059568395693133,stop_hit,h_ema21,train
2024-12-16 15:00:00+00:00,6075.265,6071.554698417122,6082.685603165756,2024-12-16 15:15:00+00:00,6071.539698417122,-1.0040427980489641,stop_hit,h_ema21,train
2024-12-16 16:15:00+00:00,6081.015,6076.3871719268545,6090.270656146292,2024-12-16 20:45:00+00:00,6076.372171926854,-1.0032412612921748,stop_hit,h_ema21,train
2025-01-02 00:45:00+00:00,5932.265,5916.193393429332,5964.408213141337,2025-01-02 06:30:00+00:00,5964.393213141337,2.0,scaleout_tier_1,ema50,holdout
2025-01-02 08:15:00+00:00,5974.015,5967.819471349937,5986.406057300127,2025-01-02 08:30:00+00:00,5967.804471349937,-1.002421100901563,stop_hit,ema50,holdout
2025-01-02 10:00:00+00:00,5972.015,5964.517463573619,5987.010072852762,2025-01-02 11:45:00+00:00,5986.995072852762,2.0,scaleout_tier_1,ema50,holdout
2025-01-02 15:00:00+00:00,5974.765,5962.460874558338,5999.3732508833245,2025-01-02 15:15:00+00:00,5962.445874558338,-1.0012191033057527,stop_hit,ema50,holdout
2025-01-02 16:00:00+00:00,5948.265,5933.040760705453,5978.713478589095,2025-01-02 16:15:00+00:00,5933.025760705453,-1.0009852709032037,stop_hit,ema50,holdout
2025-01-02 17:15:00+00:00,5955.515,5939.6775137026425,5987.189972594716,2025-01-02 17:30:00+00:00,5939.662513702642,-1.0009471199986344,stop_hit,ema50,holdout
2025-01-03 06:15:00+00:00,5928.265,5923.396400420083,5938.002199159834,2025-01-03 09:15:00+00:00,5937.987199159834,2.0,scaleout_tier_1,h_ema21,holdout
2025-01-03 11:30:00+00:00,5929.765,5924.843308857559,5939.608382284882,2025-01-03 11:45:00+00:00,5928.985,-0.15848211060513717,trail_exit,ema50,holdout
2025-01-03 13:00:00+00:00,5932.015,5927.321924310933,5941.401151378134,2025-01-03 14:15:00+00:00,5941.386151378134,2.0,scaleout_tier_1,h_ema21,holdout
2025-01-03 16:30:00+00:00,5966.765,5955.415530546712,5989.463938906577,2025-01-03 21:30:00+00:00,5984.485,1.5613064622034214,eod_force_close,ema50,holdout
2025-01-06 03:00:00+00:00,5986.015,5980.969653055795,5996.105693888411,2025-01-06 07:15:00+00:00,5996.090693888411,2.0,scaleout_tier_1,ema50,holdout
2025-01-06 11:15:00+00:00,6018.265,6013.917839190754,6031.306482427738,2025-01-06 11:45:00+00:00,6031.291482427738,3.0,scaleout_tier_2,ema21,holdout
2025-01-06 12:30:00+00:00,6033.015,6027.807051157354,6043.430897685293,2025-01-06 14:15:00+00:00,6027.792051157354,-1.0028802126237295,stop_hit,ema21,holdout
2025-01-06 16:00:00+00:00,6059.765,6051.55134552182,6076.192308956362,2025-01-06 17:30:00+00:00,6051.536345521819,-1.00182622729507,stop_hit,ema21,holdout
2025-01-07 00:45:00+00:00,6026.515,6020.445519769641,6038.65396046072,2025-01-07 01:15:00+00:00,6020.43051976964,-1.002471381309605,stop_hit,ema21,holdout
2025-01-07 01:45:00+00:00,6020.515,6015.133064742313,6031.278870515375,2025-01-07 03:00:00+00:00,6015.1180647423125,-1.0027871015317216,stop_hit,ema21,holdout
2025-01-07 03:45:00+00:00,6019.015,6014.398488642784,6028.248022714432,2025-01-07 05:15:00+00:00,6014.383488642784,-1.003249206779678,stop_hit,ema21,holdout
2025-01-07 06:00:00+00:00,6014.765,6010.498129866341,6023.29874026732,2025-01-07 06:45:00+00:00,6010.48312986634,-1.003515457356435,stop_hit,ema21,holdout
2025-01-07 07:15:00+00:00,6016.765,6012.565627598366,6025.16374480327,2025-01-07 07:30:00+00:00,6012.550627598365,-1.0035719623233434,stop_hit,ema21,holdout
2025-01-07 10:15:00+00:00,6025.765,6020.839036232863,6035.616927534275,2025-01-07 13:45:00+00:00,6035.601927534275,2.0,scaleout_tier_1,ema21,holdout
2025-01-07 16:00:00+00:00,6001.515,5988.798540701016,6026.94791859797,2025-01-07 16:15:00+00:00,5988.783540701015,-1.001179573625618,stop_hit,ema21,holdout
2025-01-07 18:00:00+00:00,5976.015,5962.077055354118,6003.890889291765,2025-01-07 20:00:00+00:00,5962.062055354118,-1.0010761988500765,stop_hit,ema21,holdout
2025-01-08 00:45:00+00:00,5962.765,5954.890306686361,5978.514386627278,2025-01-08 07:00:00+00:00,5962.485,-0.0355569402957819,trail_exit,ema50,holdout
2025-01-08 07:45:00+00:00,5960.515,5956.559867631125,5968.425264737752,2025-01-08 08:30:00+00:00,5968.410264737751,2.0,scaleout_tier_1,ema50,holdout
2025-01-08 09:15:00+00:00,5970.515,5966.172993764253,5979.199012471495,2025-01-08 11:15:00+00:00,5966.157993764253,-1.0034546242418618,stop_hit,ema50,holdout
2025-01-08 12:00:00+00:00,5954.765,5948.1090968109165,5968.076806378168,2025-01-08 12:15:00+00:00,5948.094096810916,-1.0022536385482481,stop_hit,ema50,holdout
2025-01-08 13:15:00+00:00,5943.015,5933.58644249274,5961.87211501452,2025-01-08 14:45:00+00:00,5933.57144249274,-1.0015909114399288,stop_hit,ema50,holdout
2025-01-08 15:45:00+00:00,5937.765,5924.744577381501,5963.805845237,2025-01-08 17:15:00+00:00,5924.7295773815,-1.0011520363385913,stop_hit,ema50,holdout
2025-01-08 17:45:00+00:00,5930.015,5915.598354327258,5958.848291345485,2025-01-08 19:15:00+00:00,5958.833291345485,2.0,scaleout_tier_1,ema50,holdout
2025-01-09 01:00:00+00:00,5946.765,5937.525578369521,5965.243843260959,2025-01-09 01:15:00+00:00,5948.485,0.18615883859281487,trail_exit,ema50,holdout
2025-01-09 08:30:00+00:00,5945.765,5940.771388627297,5955.752222745407,2025-01-09 14:00:00+00:00,5940.7563886272965,-1.0030038380804565,stop_hit,ema50,holdout
2025-01-10 02:15:00+00:00,5935.515,5929.586551638483,5947.371896723035,2025-01-10 05:15:00+00:00,5947.356896723035,2.0,scaleout_tier_1,h_ema21,holdout
2025-01-10 07:15:00+00:00,5941.515,5937.26734618509,5950.010307629821,2025-01-10 09:00:00+00:00,5937.25234618509,-1.0035313612299746,stop_hit,ema50,holdout
2025-01-10 11:15:00+00:00,5957.015,5951.305718069887,5968.433563860227,2025-01-10 11:45:00+00:00,5951.290718069887,-1.0026273006279844,stop_hit,ema50,holdout
2025-01-10 14:15:00+00:00,5914.515,5903.233037710274,5937.078924579452,2025-01-10 14:30:00+00:00,5903.218037710274,-1.0013295559420534,stop_hit,ema50,holdout
2025-01-10 16:45:00+00:00,5865.515,5849.680488098496,5897.184023803008,2025-01-10 17:00:00+00:00,5849.665488098496,-1.0009472979081158,stop_hit,ema100,holdout
2025-01-10 17:30:00+00:00,5859.765,5844.522954574489,5890.2490908510235,2025-01-10 18:15:00+00:00,5890.234090851023,2.0,scaleout_tier_1,ema100,holdout
2025-01-13 05:00:00+00:00,5841.265,5834.567910318911,5854.659179362178,2025-01-13 05:15:00+00:00,5838.235,-0.4524353330009403,trail_exit,ema100,holdout
2025-01-13 06:15:00+00:00,5845.515,5839.572960375587,5857.399079248827,2025-01-13 07:15:00+00:00,5839.557960375587,-1.002524385724171,stop_hit,ema100,holdout
2025-01-13 08:15:00+00:00,5842.265,5836.458758331724,5853.877483336552,2025-01-13 08:30:00+00:00,5836.443758331724,-1.002583426742687,stop_hit,ema100,holdout
2025-01-13 10:00:00+00:00,5812.765,5805.223146453153,5827.848707093694,2025-01-13 12:30:00+00:00,5827.833707093694,2.0,scaleout_tier_1,ema100,holdout
2025-01-13 14:45:00+00:00,5828.765,5820.042385122029,5846.210229755942,2025-01-13 15:15:00+00:00,5820.027385122029,-1.001719667807209,stop_hit,ema100,holdout
2025-01-13 16:45:00+00:00,5840.015,5827.4659553835845,5865.113089232832,2025-01-13 17:00:00+00:00,5827.450955383584,-1.0011953101179276,stop_hit,ema100,holdout
2025-01-13 18:00:00+00:00,5855.265,5841.659402866434,5882.476194267133,2025-01-13 21:15:00+00:00,5882.461194267133,2.0,scaleout_tier_1,ema100,holdout
2025-01-14 03:00:00+00:00,5890.015,5883.790437769784,5902.464124460433,2025-01-14 11:15:00+00:00,5898.735,1.400901730513585,trail_exit,h_ema21,holdout
2025-01-14 12:45:00+00:00,5892.015,5886.4903039868395,5903.064392026322,2025-01-14 13:00:00+00:00,5886.475303986839,-1.002715081511199,stop_hit,h_ema21,holdout
2025-01-14 13:45:00+00:00,5899.765,5891.382936723452,5916.529126553097,2025-01-14 14:00:00+00:00,5891.367936723452,-1.0017895355243016,stop_hit,h_ema21,holdout
2025-01-14 14:30:00+00:00,5902.765,5893.973129366408,5920.348741267185,2025-01-14 14:45:00+00:00,5893.958129366408,-1.0017061215554077,stop_hit,h_ema21,holdout
2025-01-14 17:15:00+00:00,5854.515,5840.861793789369,5881.821412421264,2025-01-14 18:30:00+00:00,5881.806412421263,2.0,scaleout_tier_1,ema100,holdout
2025-01-15 00:45:00+00:00,5885.765,5877.637607315253,5902.0197853694945,2025-01-15 04:15:00+00:00,5881.735,-0.49585397879985343,trail_exit,h_ema21,holdout
2025-01-15 06:30:00+00:00,5885.015,5882.152484222505,5890.74003155499,2025-01-15 08:00:00+00:00,5882.137484222505,-1.0052401457900275,stop_hit,h_ema21,holdout
2025-01-15 08:30:00+00:00,5885.015,5882.130073592503,5890.784852814994,2025-01-15 10:30:00+00:00,5890.769852814994,2.0,scaleout_tier_1,h_ema21,holdout
2025-01-15 11:45:00+00:00,5899.015,5895.7207530913,5908.897740726101,2025-01-15 13:30:00+00:00,5908.882740726101,3.0,scaleout_tier_2,h_ema21,holdout
2025-01-15 11:45:00+00:00,5899.015,5895.7207530913,5912.191987634801,2025-01-15 13:30:00+00:00,5912.176987634801,4.0,scaleout_tier_3,h_ema21,holdout
2025-01-15 11:45:00+00:00,5899.015,5895.7207530913,5915.486234543501,2025-01-15 13:30:00+00:00,5915.471234543501,5.0,scaleout_tier_4,h_ema21,holdout
2025-01-15 11:45:00+00:00,5899.015,5895.7207530913,5918.7804814522015,2025-01-15 13:30:00+00:00,5918.765481452201,6.0,scaleout_tier_5,h_ema21,holdout
2025-01-15 11:45:00+00:00,5899.015,5895.7207530913,5922.074728360902,2025-01-15 13:30:00+00:00,5922.059728360901,7.0,scaleout_tier_6,h_ema21,holdout
2025-01-15 11:45:00+00:00,5899.015,5895.7207530913,5925.368975269602,2025-01-15 13:30:00+00:00,5925.3539752696015,8.0,scaleout_tier_7,h_ema21,holdout
2025-01-15 11:45:00+00:00,5899.015,5895.7207530913,5928.663222178302,2025-01-15 13:30:00+00:00,5928.648222178302,9.0,scaleout_tier_8,h_ema21,holdout
2025-01-15 11:45:00+00:00,5899.015,5895.7207530913,5931.957469087002,2025-01-15 13:30:00+00:00,5931.942469087002,10.0,scaleout_tier_9,h_ema21,holdout
2025-01-15 11:45:00+00:00,5899.015,5895.7207530913,5935.251715995702,2025-01-15 13:30:00+00:00,5935.236715995702,11.0,scaleout_tier_10,h_ema21,holdout
2025-01-15 11:45:00+00:00,5899.015,5895.7207530913,5938.545962904403,2025-01-15 13:30:00+00:00,5938.530962904402,12.0,scaleout_tier_11,h_ema21,holdout
2025-01-15 11:45:00+00:00,5899.015,5895.7207530913,5941.840209813103,2025-01-15 13:30:00+00:00,5941.825209813102,13.0,scaleout_tier_12,h_ema21,holdout
2025-01-15 11:45:00+00:00,5899.015,5895.7207530913,5945.134456721803,2025-01-15 13:30:00+00:00,5945.119456721803,14.0,scaleout_tier_13,h_ema21,holdout
2025-01-15 11:45:00+00:00,5899.015,5895.7207530913,5948.428703630503,2025-01-15 13:30:00+00:00,5948.413703630503,15.0,scaleout_tier_14,h_ema21,holdout
2025-01-15 11:45:00+00:00,5899.015,5895.7207530913,5951.722950539203,2025-01-15 13:30:00+00:00,5951.707950539203,16.0,scaleout_tier_15,h_ema21,holdout
2025-01-15 11:45:00+00:00,5899.015,5895.7207530913,5955.0171974479035,2025-01-15 13:30:00+00:00,5955.002197447903,17.0,scaleout_tier_16,h_ema21,holdout
2025-01-15 11:45:00+00:00,5899.015,5895.7207530913,5958.311444356604,2025-01-15 13:30:00+00:00,5958.296444356603,18.0,scaleout_tier_17,h_ema21,holdout
2025-01-15 11:45:00+00:00,5899.015,5895.7207530913,5961.605691265304,2025-01-15 13:30:00+00:00,5961.590691265304,19.0,scaleout_tier_18,h_ema21,holdout
2025-01-15 11:45:00+00:00,5899.015,5895.7207530913,5964.899938174004,2025-01-15 13:30:00+00:00,5964.884938174004,20.0,scaleout_tier_19,h_ema21,holdout
2025-01-15 11:45:00+00:00,5899.015,5895.7207530913,5968.194185082704,2025-01-15 13:30:00+00:00,5968.179185082704,21.0,scaleout_tier_20,h_ema21,holdout
2025-01-15 11:45:00+00:00,5899.015,5895.7207530913,5971.4884319914045,2025-01-15 13:30:00+00:00,5971.473431991404,22.0,scaleout_tier_21,h_ema21,holdout
2025-01-16 04:15:00+00:00,5992.515,5988.382149654252,6000.780700691496,2025-01-16 05:15:00+00:00,5988.367149654252,-1.003629456366781,stop_hit,ema21,holdout
2025-01-16 12:00:00+00:00,6006.765,6001.304873946784,6017.685252106433,2025-01-16 12:15:00+00:00,6001.289873946784,-1.0027471893238604,stop_hit,ema21,holdout
2025-01-16 13:30:00+00:00,5993.015,5987.0880260702925,6004.868947859416,2025-01-16 14:45:00+00:00,5987.073026070292,-1.002530802426031,stop_hit,ema21,holdout
2025-01-16 15:30:00+00:00,5982.515,5974.177778418769,5999.189443162463,2025-01-16 18:30:00+00:00,5977.235,-0.6333045066100744,trail_exit,ema21,holdout
2025-01-16 19:15:00+00:00,5981.265,5971.688319859257,6000.418360281487,2025-01-16 21:00:00+00:00,5971.6733198592565,-1.0015663047924626,stop_hit,ema21,holdout
2025-01-17 05:15:00+00:00,5986.015,5982.215273699684,5993.614452600633,2025-01-17 07:00:00+00:00,5982.200273699684,-1.0039476527556943,stop_hit,ema21,holdout
2025-01-17 08:45:00+00:00,5987.015,5983.374261022263,5994.296477955474,2025-01-17 09:00:00+00:00,5994.281477955474,2.0,scaleout_tier_1,ema21,holdout
2025-01-17 11:15:00+00:00,5996.265,5992.626096215063,6003.542807569876,2025-01-17 12:00:00+00:00,5992.611096215062,-1.0041221205304784,stop_hit,ema21,holdout
2025-01-20 00:15:00+00:00,6026.265,6020.085489632329,6038.624020735343,2025-01-20 07:45:00+00:00,6038.609020735343,2.0,scaleout_tier_1,h_ema21,holdout
2025-01-20 13:45:00+00:00,6045.265,6039.556824668976,6062.389525993072,2025-01-20 14:15:00+00:00,6062.374525993072,3.0,scaleout_tier_2,h_ema21,holdout
2025-01-21 01:30:00+00:00,6037.265,6024.0524089974815,6063.690182005038,2025-01-21 04:30:00+00:00,6042.985,0.4329203862368022,trail_exit,ema21,holdout
2025-01-21 05:45:00+00:00,6042.265,6034.9242343170445,6056.946531365912,2025-01-21 09:45:00+00:00,6056.931531365912,2.0,scaleout_tier_1,h_ema21,holdout
2025-01-21 17:30:00+00:00,6073.265,6064.514599641099,6090.765800717802,2025-01-21 21:30:00+00:00,6089.485,1.8536294723360944,eod_force_close,h_ema21,holdout
2025-01-22 08:15:00+00:00,6103.515,6100.78548680232,6108.974026395362,2025-01-22 08:45:00+00:00,6108.959026395361,2.0,scaleout_tier_1,h_ema21,holdout
2025-01-22 18:45:00+00:00,6132.265,6127.6255741031555,6141.54385179369,2025-01-22 19:00:00+00:00,6127.610574103155,-1.0032331586566623,stop_hit,h_ema21,holdout
2025-01-23 01:00:00+00:00,6116.015,6112.188558445754,6123.667883108493,2025-01-23 02:00:00+00:00,6112.173558445754,-1.0039200912355977,stop_hit,h_ema50,holdout
2025-01-23 02:30:00+00:00,6114.015,6110.6509389168195,6120.743122166362,2025-01-23 07:00:00+00:00,6110.635938916819,-1.0044588964437424,stop_hit,h_ema21,holdout
2025-01-23 10:00:00+00:00,6108.515,6105.349645878678,6114.845708242646,2025-01-23 12:45:00+00:00,6114.830708242645,2.0,scaleout_tier_1,h_ema21,holdout
2025-01-23 15:45:00+00:00,6121.265,6116.658383693944,6135.084848918168,2025-01-23 18:00:00+00:00,6135.069848918168,3.0,scaleout_tier_2,h_ema21,holdout
2025-01-24 06:15:00+00:00,6147.765,6144.935117890188,6153.424764219625,2025-01-24 07:15:00+00:00,6144.920117890188,-1.005300574164668,stop_hit,h_ema21,holdout
2025-01-24 09:15:00+00:00,6147.515,6144.800780944627,6152.943438110747,2025-01-24 10:00:00+00:00,6144.785780944627,-1.005526451511212,stop_hit,h_ema21,holdout
2025-01-24 11:00:00+00:00,6143.515,6140.608223544321,6149.328552911359,2025-01-24 11:30:00+00:00,6140.593223544321,-1.0051603555447202,stop_hit,h_ema21,holdout
2025-01-24 16:15:00+00:00,6149.265,6144.267802046765,6159.259395906472,2025-01-24 17:45:00+00:00,6144.252802046764,-1.0030016821708283,stop_hit,h_ema21,holdout
2025-01-27 07:45:00+00:00,6043.265,6033.951831142887,6061.891337714226,2025-01-27 08:00:00+00:00,6033.936831142887,-1.0016106225743853,stop_hit,ema21,holdout
2025-01-27 11:15:00+00:00,5988.015,5975.266715424565,6013.511569150872,2025-01-27 14:30:00+00:00,6013.496569150871,2.0,scaleout_tier_1,ema21,holdout
2025-01-27 11:15:00+00:00,5988.015,5975.266715424565,6026.2598537263075,2025-01-27 14:30:00+00:00,6026.244853726307,3.0,scaleout_tier_2,ema21,holdout
2025-01-27 15:30:00+00:00,6041.015,6026.63957811555,6069.7658437689015,2025-01-27 16:00:00+00:00,6026.624578115549,-1.0010434476372865,stop_hit,ema21,holdout
2025-01-27 18:45:00+00:00,6023.765,6010.853818411551,6049.587363176898,2025-01-27 21:00:00+00:00,6049.572363176898,2.0,scaleout_tier_1,ema21,holdout
2025-01-28 06:00:00+00:00,6043.765,6037.236374142559,6056.822251714883,2025-01-28 06:30:00+00:00,6039.485,-0.6555744031681936,trail_exit,ema21,holdout
2025-01-28 07:30:00+00:00,6048.515,6042.12029575842,6061.304408483161,2025-01-28 08:45:00+00:00,6061.2894084831605,2.0,scaleout_tier_1,ema21,holdout
2025-01-28 11:15:00+00:00,6071.265,6065.222594072486,6083.34981185503,2025-01-28 11:30:00+00:00,6065.207594072485,-1.0024824548665332,stop_hit,ema21,holdout
2025-01-28 12:45:00+00:00,6054.265,6047.377941745338,6068.039116509325,2025-01-28 14:30:00+00:00,6047.362941745338,-1.0021779981300685,stop_hit,ema21,holdout
2025-01-28 15:15:00+00:00,6059.265,6049.245545282248,6079.303909435505,2025-01-28 15:45:00+00:00,6079.288909435505,2.0,scaleout_tier_1,ema21,holdout
2025-01-29 01:30:00+00:00,6092.765,6087.3445033428625,6109.026489971414,2025-01-29 06:30:00+00:00,6109.0114899714135,3.0,scaleout_tier_2,h_ema21,holdout
2025-01-29 08:30:00+00:00,6105.015,6101.074039789793,6112.896920420416,2025-01-29 09:00:00+00:00,6101.059039789792,-1.003806179002131,stop_hit,h_ema21,holdout
2025-01-29 10:45:00+00:00,6102.265,6097.764060590983,6111.266878818035,2025-01-29 12:15:00+00:00,6097.7490605909825,-1.00333263762011,stop_hit,h_ema21,holdout
2025-01-29 14:00:00+00:00,6085.515,6080.484878153752,6095.575243692497,2025-01-29 14:30:00+00:00,6080.469878153752,-1.0029820351193908,stop_hit,h_ema50,holdout
2025-01-29 17:15:00+00:00,6078.765,6070.862934696355,6094.56913060729,2025-01-29 17:45:00+00:00,6070.847934696355,-1.0018982379193206,stop_hit,ema21,holdout
2025-01-29 18:30:00+00:00,6073.515,6064.163374221333,6092.218251557336,2025-01-29 19:00:00+00:00,6064.148374221332,-1.0016039991714107,stop_hit,ema21,holdout
2025-01-30 02:15:00+00:00,6091.265,6082.10863098787,6109.577738024261,2025-01-30 09:45:00+00:00,6090.235,-0.11249000544169077,trail_exit,ema21,holdout
2025-01-30 11:15:00+00:00,6093.265,6088.6321732009565,6102.530653598088,2025-01-30 11:45:00+00:00,6088.617173200956,-1.0032377640371584,stop_hit,h_ema21,holdout
2025-01-30 12:45:00+00:00,6082.015,6076.536406453324,6092.972187093353,2025-01-30 14:30:00+00:00,6092.957187093352,2.0,scaleout_tier_1,ema21,holdout
2025-01-30 15:45:00+00:00,6082.265,6072.355128754092,6102.0847424918165,2025-01-30 16:00:00+00:00,6072.340128754092,-1.0015136422692192,stop_hit,ema21,holdout
2025-01-30 16:30:00+00:00,6079.015,6067.3299646037685,6102.385070792464,2025-01-30 19:45:00+00:00,6102.370070792464,2.0,scaleout_tier_1,ema21,holdout
2025-01-31 01:30:00+00:00,6108.515,6098.7117078761585,6128.121584247684,2025-01-31 14:00:00+00:00,6118.485,1.0170052951652895,trail_exit,h_ema21,holdout
2025-02-03 01:30:00+00:00,5970.015,5953.625071103885,6002.794857792232,2025-02-03 02:00:00+00:00,5953.610071103884,-1.0009151961607279,stop_hit,ema50,holdout
2025-02-03 03:30:00+00:00,5949.265,5935.702442341478,5976.3901153170455,2025-02-03 08:15:00+00:00,5976.375115317045,2.0,scaleout_tier_1,ema100,holdout
2025-02-03 10:15:00+00:00,5973.265,5963.491054608988,5992.8128907820255,2025-02-03 12:30:00+00:00,5964.735,-0.8727284283626355,trail_exit,ema50,holdout
2025-02-03 15:30:00+00:00,6009.265,5993.9227971285045,6039.949405742992,2025-02-03 19:00:00+00:00,6039.934405742992,2.0,scaleout_tier_1,ema21,holdout
2025-02-04 00:45:00+00:00,6053.015,6042.358714671652,6074.327570656697,2025-02-04 01:00:00+00:00,6042.3437146716515,-1.0014076199668211,stop_hit,ema21,holdout
2025-02-04 12:15:00+00:00,6018.515,6010.491187789131,6034.562624421739,2025-02-04 14:45:00+00:00,6034.547624421739,2.0,scaleout_tier_1,ema21,holdout
2025-02-04 16:15:00+00:00,6059.015,6049.784855376058,6077.4752892478855,2025-02-04 17:15:00+00:00,6049.769855376057,-1.001625109964303,stop_hit,ema21,holdout
2025-02-04 19:15:00+00:00,6062.515,6053.533064662261,6080.47887067548,2025-02-04 21:00:00+00:00,6053.51806466226,-1.0016700187026844,stop_hit,ema21,holdout
2025-02-05 03:15:00+00:00,6039.515,6033.758204522168,6051.028590955665,2025-02-05 04:00:00+00:00,6033.743204522168,-1.0026056162769874,stop_hit,ema21,holdout
2025-02-05 04:45:00+00:00,6036.765,6031.879247415304,6046.5365051693925,2025-02-05 06:00:00+00:00,6031.864247415304,-1.00307015137183,stop_hit,ema21,holdout
2025-02-05 06:30:00+00:00,6035.015,6030.8555443351115,6043.333911329778,2025-02-05 06:45:00+00:00,6030.840544335111,-1.0036062411067264,stop_hit,ema21,holdout
2025-02-05 08:00:00+00:00,6030.265,6026.108188140892,6038.578623718217,2025-02-05 08:15:00+00:00,6038.563623718217,2.0,scaleout_tier_1,ema21,holdout
2025-02-05 09:00:00+00:00,6029.015,6023.584581593399,6039.875836813203,2025-02-05 09:30:00+00:00,6023.569581593399,-1.0027622180976135,stop_hit,ema21,holdout
2025-02-05 10:15:00+00:00,6027.515,6021.248322905928,6040.048354188145,2025-02-05 13:15:00+00:00,6040.033354188145,2.0,scaleout_tier_1,ema21,holdout
2025-02-05 15:30:00+00:00,6050.515,6042.292025744923,6075.183922765232,2025-02-05 18:30:00+00:00,6075.168922765231,3.0,scaleout_tier_2,ema21,holdout
2025-02-05 19:15:00+00:00,6079.515,6071.7428441326065,6095.059311734788,2025-02-05 21:30:00+00:00,6088.985,1.2184521465567077,eod_force_close,ema21,holdout
2025-02-06 12:30:00+00:00,6091.265,6087.283206946387,6099.228586107228,2025-02-06 13:45:00+00:00,6099.2135861072275,2.0,scaleout_tier_1,ema21,holdout
2025-02-06 16:15:00+00:00,6099.765,6092.87275783014,6113.549484339722,2025-02-06 16:45:00+00:00,6092.857757830139,-1.0021763599755564,stop_hit,ema21,holdout
2025-02-06 17:30:00+00:00,6095.515,6088.790337244203,6108.964325511594,2025-02-06 19:15:00+00:00,6088.775337244203,-1.002230595130945,stop_hit,h_ema21,holdout
2025-02-07 01:45:00+00:00,6107.515,6101.578857078768,6119.387285842465,2025-02-07 04:00:00+00:00,6101.563857078768,-1.0025268933378737,stop_hit,h_ema21,holdout
2025-02-07 06:45:00+00:00,6097.515,6094.392692084124,6103.759615831753,2025-02-07 08:00:00+00:00,6103.7446158317525,2.0,scaleout_tier_1,h_ema21,holdout
2025-02-07 10:30:00+00:00,6105.765,6102.236102613568,6112.822794772866,2025-02-07 11:15:00+00:00,6102.221102613567,-1.004250619487548,stop_hit,h_ema21,holdout
2025-02-07 11:45:00+00:00,6106.765,6103.444205191102,6113.406589617797,2025-02-07 13:00:00+00:00,6103.429205191102,-1.0045169909204066,stop_hit,h_ema21,holdout
2025-02-07 13:45:00+00:00,6108.515,6103.346221472004,6118.852557055993,2025-02-07 14:45:00+00:00,6118.837557055993,2.0,scaleout_tier_1,ema21,holdout
2025-02-07 17:15:00+00:00,6066.265,6052.502222222655,6093.79055555469,2025-02-07 17:30:00+00:00,6062.985,-0.23832398176187047,trail_exit,ema21,holdout
2025-02-07 18:15:00+00:00,6075.765,6061.881411232332,6103.532177535338,2025-02-07 18:30:00+00:00,6061.866411232331,-1.001080412294785,stop_hit,ema21,holdout
2025-02-10 01:45:00+00:00,6065.765,6054.184578587364,6088.925842825273,2025-02-10 14:30:00+00:00,6071.485,0.4939371199184263,trail_exit,ema21,holdout
2025-02-10 17:00:00+00:00,6084.765,6079.20364849406,6095.887703011881,2025-02-10 17:15:00+00:00,6079.18864849406,-1.0026971861038283,stop_hit,ema21,holdout
2025-02-11 00:30:00+00:00,6078.265,6073.288555782461,6088.217888435079,2025-02-11 02:00:00+00:00,6073.273555782461,-1.0030142003697058,stop_hit,ema21,holdout
2025-02-11 03:30:00+00:00,6072.265,6068.310349226542,6080.174301546917,2025-02-11 07:30:00+00:00,6069.985,-0.5765363696088617,trail_exit,ema21,holdout
2025-02-11 08:30:00+00:00,6071.015,6067.745888888669,6077.553222222664,2025-02-11 09:30:00+00:00,6067.730888888668,-1.0045884032354644,stop_hit,ema21,holdout
2025-02-11 10:15:00+00:00,6069.765,6065.984399692432,6077.326200615137,2025-02-11 10:45:00+00:00,6065.969399692432,-1.0039676238639401,stop_hit,ema21,holdout
2025-02-11 11:15:00+00:00,6070.265,6066.285870851092,6078.223258297817,2025-02-11 13:15:00+00:00,6066.270870851092,-1.003769669050436,stop_hit,ema21,holdout
2025-02-11 14:15:00+00:00,6063.515,6058.613946077973,6073.317107844055,2025-02-11 14:30:00+00:00,6073.302107844054,2.0,scaleout_tier_1,ema21,holdout
2025-02-11 17:30:00+00:00,6083.015,6076.099678452912,6096.845643094178,2025-02-11 17:45:00+00:00,6076.084678452911,-1.0021690965341505,stop_hit,ema21,holdout
2025-02-12 01:15:00+00:00,6093.015,6087.779464622683,6103.486070754635,2025-02-12 03:45:00+00:00,6087.764464622683,-1.002865036509029,stop_hit,ema21,holdout
2025-02-12 04:15:00+00:00,6088.515,6085.149750828573,6095.245498342855,2025-02-12 05:30:00+00:00,6085.134750828573,-1.0044573222475426,stop_hit,ema21,holdout
2025-02-12 06:15:00+00:00,6086.515,6083.970564861092,6091.603870277818,2025-02-12 09:00:00+00:00,6083.955564861091,-1.0058952180666554,stop_hit,ema21,holdout
2025-02-12 09:45:00+00:00,6082.765,6079.557917904457,6089.179164191087,2025-02-12 10:00:00+00:00,6079.542917904457,-1.0046771487456378,stop_hit,ema21,holdout
2025-02-12 10:30:00+00:00,6084.765,6081.522850086039,6091.249299827922,2025-02-12 12:45:00+00:00,6091.234299827922,2.0,scaleout_tier_1,ema21,holdout
2025-02-12 15:30:00+00:00,6053.265,6041.519937395456,6076.75512520909,2025-02-12 15:45:00+00:00,6062.985,0.8275817956251856,trail_exit,ema21,holdout
2025-02-12 16:45:00+00:00,6060.015,6047.509693841054,6085.025612317892,2025-02-12 21:30:00+00:00,6074.235,1.137117301988376,eod_force_close,ema21,holdout
2025-02-13 03:15:00+00:00,6085.265,6080.7539821019955,6094.28703579601,2025-02-13 07:30:00+00:00,6080.738982101995,-1.0033251918612343,stop_hit,ema21,holdout
2025-02-13 09:15:00+00:00,6061.265,6056.503028403883,6070.788943192235,2025-02-13 10:00:00+00:00,6070.773943192235,2.0,scaleout_tier_1,ema21,holdout
2025-02-13 11:15:00+00:00,6074.515,6070.035976463162,6083.473047073677,2025-02-13 11:45:00+00:00,6070.020976463162,-1.0033489442234358,stop_hit,ema21,holdout
2025-02-13 12:30:00+00:00,6069.265,6064.0961997306495,6079.602600538702,2025-02-13 13:30:00+00:00,6064.081199730649,-1.002902027398751,stop_hit,ema21,holdout
2025-02-14 06:15:00+00:00,6141.265,6138.651691111326,6146.491617777349,2025-02-14 08:00:00+00:00,6138.6366911113255,-1.005739849608033,stop_hit,h_ema21,holdout
2025-02-14 09:00:00+00:00,6135.515,6132.4599347132535,6141.625130573494,2025-02-14 10:00:00+00:00,6132.444934713253,-1.004909878707142,stop_hit,h_ema21,holdout
2025-02-14 13:45:00+00:00,6131.515,6127.756520066343,6139.031959867315,2025-02-14 14:45:00+00:00,6139.016959867315,2.0,scaleout_tier_1,h_ema21,holdout
2025-02-14 16:00:00+00:00,6140.515,6135.652793072072,6150.239413855857,2025-02-14 16:15:00+00:00,6135.637793072072,-1.0030850188448723,stop_hit,h_ema21,holdout
2025-02-14 18:00:00+00:00,6134.265,6128.328332273438,6146.138335453125,2025-02-14 21:30:00+00:00,6132.235,-0.34194266775581805,eod_force_close,h_ema21,holdout
2025-03-03 01:15:00+00:00,5958.265,5944.671580190756,5985.451839618489,2025-03-03 08:15:00+00:00,5960.235,0.1449230603957068,trail_exit,ema100,holdout
2025-03-03 08:45:00+00:00,5969.765,5961.520056499397,5986.254887001208,2025-03-03 11:45:00+00:00,5986.2398870012075,2.0,scaleout_tier_1,ema100,holdout
2025-03-03 15:30:00+00:00,5964.265,5951.6203536027015,5989.554292794598,2025-03-03 15:45:00+00:00,5951.605353602701,-1.0011862727931666,stop_hit,ema50,holdout
2025-03-03 16:15:00+00:00,5955.765,5941.232642807994,5984.829714384013,2025-03-03 16:30:00+00:00,5941.217642807994,-1.0010321794188062,stop_hit,ema100,holdout
2025-03-03 17:00:00+00:00,5953.515,5937.825645498966,5984.893709002069,2025-03-03 17:45:00+00:00,5937.810645498966,-1.0009560622777272,stop_hit,ema100,holdout
2025-03-04 01:00:00+00:00,5877.265,5862.89762841919,5905.99974316162,2025-03-04 01:30:00+00:00,5862.88262841919,-1.0010440323002687,stop_hit,donchian_low,holdout
2025-03-04 02:15:00+00:00,5866.765,5853.865760664542,5892.563478670917,2025-03-04 10:00:00+00:00,5853.850760664542,-1.0011628592671427,stop_hit,donchian_low,holdout
2025-03-04 11:30:00+00:00,5858.765,5848.937476300698,5878.420047398605,2025-03-04 12:00:00+00:00,5848.922476300698,-1.001526325497581,stop_hit,donchian_low,holdout
2025-03-04 13:45:00+00:00,5825.515,5814.075346830858,5848.394306338286,2025-03-04 14:30:00+00:00,5814.060346830857,-1.0013112285642356,stop_hit,donchian_low,holdout
2025-03-04 15:45:00+00:00,5775.015,5758.349039140683,5808.346921718635,2025-03-04 16:00:00+00:00,5758.334039140683,-1.0009000381152307,stop_hit,ema200,holdout
2025-03-04 16:45:00+00:00,5773.515,5754.658026132264,5811.2289477354725,2025-03-04 18:00:00+00:00,5811.213947735472,2.0,scaleout_tier_1,ema200,holdout
2025-03-05 04:00:00+00:00,5828.515,5814.043692604581,5857.457614790838,2025-03-05 11:45:00+00:00,5814.028692604581,-1.0010365338521574,stop_hit,h_ema21,holdout
2025-03-05 12:45:00+00:00,5814.765,5804.535494173221,5835.224011653559,2025-03-05 13:00:00+00:00,5804.520494173221,-1.001466346493597,stop_hit,h_ema21,holdout
2025-03-05 14:45:00+00:00,5805.515,5792.078389154986,5832.388221690028,2025-03-05 15:00:00+00:00,5792.063389154986,-1.0011163529385012,stop_hit,donchian_low,holdout
2025-03-05 17:00:00+00:00,5779.265,5758.87171893557,5820.0515621288605,2025-03-05 17:45:00+00:00,5820.03656212886,2.0,scaleout_tier_1,ema200,holdout
2025-03-05 19:00:00+00:00,5835.015,5813.702284466662,5877.640431066678,2025-03-05 21:30:00+00:00,5848.985,0.6554772421255579,eod_force_close,h_ema21,holdout
2025-03-06 00:15:00+00:00,5849.265,5835.23475435554,5877.3254912889215,2025-03-06 07:30:00+00:00,5835.219754355539,-1.0010691188437069,stop_hit,h_ema21,holdout
2025-03-06 12:00:00+00:00,5796.765,5787.289700860597,5815.715598278807,2025-03-06 12:15:00+00:00,5787.274700860597,-1.0015830634769038,stop_hit,donchian_low,holdout
2025-03-06 14:15:00+00:00,5785.765,5775.215885177036,5806.863229645928,2025-03-06 14:30:00+00:00,5775.200885177036,-1.0014219202513253,stop_hit,donchian_low,holdout
2025-03-06 15:15:00+00:00,5793.265,5778.832464898515,5822.13007020297,2025-03-06 16:45:00+00:00,5778.817464898515,-1.0010393184492434,stop_hit,ema200,holdout
2025-03-07 00:45:00+00:00,5767.515,5753.015477912629,5796.5140441747435,2025-03-07 05:45:00+00:00,5756.985,-0.7262308327508117,trail_exit,ema200,holdout
2025-03-07 07:15:00+00:00,5760.265,5753.584420738708,5773.626158522585,2025-03-07 07:30:00+00:00,5753.569420738708,-1.0022453142779457,stop_hit,ema200,holdout
2025-03-07 08:00:00+00:00,5762.515,5755.732207493784,5776.080585012433,2025-03-07 08:30:00+00:00,5755.7172074937835,-1.0022114785299092,stop_hit,ema200,holdout
2025-03-07 11:30:00+00:00,5764.515,5757.500995688653,5778.543008622694,2025-03-07 12:15:00+00:00,5757.485995688653,-1.002138578668402,stop_hit,ema200,holdout
2025-03-07 13:45:00+00:00,5759.765,5749.243053011646,5780.8088939767085,2025-03-07 14:00:00+00:00,5749.228053011646,-1.001425591672048,stop_hit,ema200,holdout
2025-03-07 14:45:00+00:00,5755.265,5740.376435913829,5785.042128172344,2025-03-07 15:15:00+00:00,5740.361435913828,-1.0010074846649757,stop_hit,ema200,holdout
2025-03-07 16:00:00+00:00,5725.765,5706.393775165767,5764.507449668467,2025-03-07 16:15:00+00:00,5706.3787751657665,-1.000774344427298,stop_hit,ema200,holdout
2025-03-07 17:30:00+00:00,5697.515,5677.148188469927,5738.248623060147,2025-03-07 18:00:00+00:00,5738.233623060147,2.0,scaleout_tier_1,ema200,holdout
2025-03-10 01:45:00+00:00,5746.765,5733.356220115226,5773.582559769548,2025-03-10 08:00:00+00:00,5733.341220115226,-1.0011186700154098,stop_hit,ema200,holdout
2025-03-10 09:45:00+00:00,5728.515,5718.266672486431,5749.011655027139,2025-03-10 10:00:00+00:00,5718.251672486431,-1.0014636534576464,stop_hit,ema200,holdout
2025-03-10 11:15:00+00:00,5714.765,5704.204199277692,5735.886601444617,2025-03-10 11:45:00+00:00,5704.189199277692,-1.0014203468462994,stop_hit,ema200,holdout
2025-03-10 13:45:00+00:00,5707.515,5694.745714569891,5733.053570860219,2025-03-10 14:00:00+00:00,5694.730714569891,-1.0011746937667285,stop_hit,ema200,holdout
2025-03-10 15:15:00+00:00,5667.765,5652.47447518046,5698.346049639081,2025-03-10 15:30:00+00:00,5652.45947518046,-1.0009809996829644,stop_hit,ema200,holdout
2025-03-10 16:15:00+00:00,5660.515,5644.580410782724,5692.384178434552,2025-03-10 16:30:00+00:00,5644.565410782724,-1.0009413483959828,stop_hit,ema200,holdout
2025-03-18 04:15:00+00:00,5714.765,5709.38651186543,5725.52197626914,2025-03-18 04:30:00+00:00,5709.37151186543,-1.0027888878110403,stop_hit,ema200,holdout
2025-03-18 07:30:00+00:00,5721.265,5716.882077807254,5730.030844385493,2025-03-18 08:45:00+00:00,5730.0158443854925,2.0,scaleout_tier_1,ema200,holdout
2025-03-18 12:00:00+00:00,5722.015,5715.293293640528,5735.4584127189455,2025-03-18 12:15:00+00:00,5715.278293640527,-1.002231576209691,stop_hit,ema200,holdout
2025-03-18 13:30:00+00:00,5708.765,5701.0781448270845,5724.138710345832,2025-03-18 13:45:00+00:00,5701.063144827084,-1.0019513831941544,stop_hit,ema200,holdout
2025-03-18 15:45:00+00:00,5662.515,5651.232208830651,5685.080582338699,2025-03-18 22:00:00+00:00,5670.485,0.70638549277155,eod_force_close,ema200,holdout
2025-03-20 00:30:00+00:00,5750.265,5740.912843185278,5768.969313629445,2025-03-20 09:00:00+00:00,5748.985,-0.1368668239165565,trail_exit,ema21,holdout
2025-03-20 11:00:00+00:00,5701.015,5691.999242881137,5719.046514237726,2025-03-20 13:15:00+00:00,5691.984242881137,-1.0016637537815813,stop_hit,ema21,holdout
2025-03-20 13:45:00+00:00,5710.015,5700.091145331331,5729.862709337339,2025-03-20 14:00:00+00:00,5729.8477093373385,2.0,scaleout_tier_1,ema200,holdout
2025-03-20 13:45:00+00:00,5710.015,5700.091145331331,5739.786564006008,2025-03-20 14:00:00+00:00,5739.771564006008,3.0,scaleout_tier_2,ema200,holdout
2025-03-20 17:15:00+00:00,5728.015,5714.208345884814,5755.6283082303735,2025-03-20 17:30:00+00:00,5714.193345884813,-1.001086432663206,stop_hit,ema21,holdout
2025-03-20 19:00:00+00:00,5702.515,5687.698352991379,5732.148294017244,2025-03-20 22:00:00+00:00,5715.235,0.8584938274224732,eod_force_close,ema200,holdout
2025-03-21 01:30:00+00:00,5720.515,5713.251781234385,5735.041437531231,2025-03-21 03:15:00+00:00,5713.236781234385,-1.002065200083376,stop_hit,ema21,holdout
2025-03-21 10:15:00+00:00,5654.515,5647.326224355575,5668.892551288852,2025-03-21 10:30:00+00:00,5647.311224355574,-1.0020865861924566,stop_hit,h_ema21,holdout
2025-03-21 11:00:00+00:00,5646.765,5639.469540783235,5661.355918433531,2025-03-21 12:30:00+00:00,5639.454540783235,-1.0020560734498873,stop_hit,h_ema21,holdout
2025-03-24 02:00:00+00:00,5754.265,5745.56041152815,5771.6741769437,2025-03-24 08:00:00+00:00,5771.6591769437,2.0,scaleout_tier_1,ema21,holdout
2025-03-24 09:00:00+00:00,5776.265,5771.959145727627,5784.876708544746,2025-03-24 09:30:00+00:00,5771.944145727627,-1.0034836292757443,stop_hit,ema21,holdout
2025-03-24 11:15:00+00:00,5785.015,5780.256703509125,5794.531592981751,2025-03-24 13:30:00+00:00,5780.241703509125,-1.003152388681347,stop_hit,ema21,holdout
2025-03-24 15:00:00+00:00,5810.515,5803.9155775037225,5823.713844992556,2025-03-24 16:30:00+00:00,5803.900577503722,-1.0022729261550973,stop_hit,ema21,holdout
2025-03-24 18:00:00+00:00,5805.765,5798.893038912023,5819.5089221759545,2025-03-24 18:15:00+00:00,5798.878038912023,-1.0021827830234038,stop_hit,ema21,holdout
2025-03-25 01:00:00+00:00,5814.015,5809.222025387289,5823.6009492254225,2025-03-25 02:00:00+00:00,5809.207025387289,-1.0031295805240752,stop_hit,ema21,holdout
2025-03-25 04:45:00+00:00,5806.765,5803.803218882133,5812.688562235736,2025-03-25 07:00:00+00:00,5812.6735622357355,2.0,scaleout_tier_1,ema21,holdout
2025-03-25 08:45:00+00:00,5806.265,5803.269334244255,5812.25633151149,2025-03-25 09:00:00+00:00,5803.254334244255,-1.0050072341921195,stop_hit,ema21,holdout
2025-03-25 09:30:00+00:00,5806.265,5803.097460763349,5812.600078473303,2025-03-25 10:15:00+00:00,5812.585078473303,2.0,scaleout_tier_1,ema21,holdout
2025-03-25 14:15:00+00:00,5822.515,5816.09880046485,5835.347399070301,2025-03-25 15:45:00+00:00,5820.235,-0.3553505447437983,trail_exit,ema21,holdout
2025-03-25 18:15:00+00:00,5819.015,5812.235109048099,5832.574781903803,2025-03-25 18:30:00+00:00,5812.2201090480985,-1.0022124249647586,stop_hit,ema21,holdout
2025-03-25 19:15:00+00:00,5814.265,5807.459255896573,5827.876488206854,2025-03-25 20:00:00+00:00,5827.861488206854,2.0,scaleout_tier_1,ema21,holdout
2025-03-26 00:45:00+00:00,5836.015,5831.8883165792,5844.2683668416,2025-03-26 01:00:00+00:00,5831.8733165792,-1.0036348802345054,stop_hit,ema50,holdout
2025-03-26 06:45:00+00:00,5820.015,5817.306390929828,5825.432218140345,2025-03-26 07:15:00+00:00,5825.417218140345,2.0,scaleout_tier_1,ema21,holdout
2025-03-26 10:15:00+00:00,5817.515,5813.5843211000565,5829.307036699832,2025-03-26 12:45:00+00:00,5829.292036699831,3.0,scaleout_tier_2,ema21,holdout
2025-03-26 13:45:00+00:00,5830.515,5825.422856154701,5840.6992876906,2025-03-26 14:00:00+00:00,5825.4078561547,-1.002945714114925,stop_hit,ema21,holdout
2025-03-26 18:15:00+00:00,5761.015,5750.761672735393,5781.521654529214,2025-03-26 18:45:00+00:00,5750.746672735393,-1.001462939747579,stop_hit,ema21,holdout
2025-03-27 08:30:00+00:00,5755.265,5749.336358528003,5767.122282943995,2025-03-27 10:45:00+00:00,5753.735,-0.2580692401838267,trail_exit,ema21,holdout
2025-03-27 11:45:00+00:00,5753.515,5746.691282597119,5767.162434805762,2025-03-27 13:15:00+00:00,5746.676282597119,-1.0021982153003572,stop_hit,ema21,holdout
2025-03-27 14:00:00+00:00,5753.765,5743.7456842434685,5773.803631513064,2025-03-27 14:30:00+00:00,5773.788631513064,2.0,scaleout_tier_1,ema21,holdout
2025-03-27 16:15:00+00:00,5759.515,5748.203539196281,5782.137921607439,2025-03-27 16:45:00+00:00,5748.1885391962805,-1.001326088668883,stop_hit,ema21,holdout
2025-03-27 17:15:00+00:00,5750.765,5738.151417586031,5775.992164827939,2025-03-27 17:30:00+00:00,5738.136417586031,-1.001189194275507,stop_hit,ema21,holdout
2025-03-27 18:15:00+00:00,5755.515,5742.415489969665,5781.714020060671,2025-03-27 19:45:00+00:00,5742.400489969665,-1.0011450809965863,stop_hit,ema21,holdout
2025-03-28 00:30:00+00:00,5736.265,5727.885497189405,5753.024005621191,2025-03-28 06:45:00+00:00,5729.985,-0.7494478063853824,trail_exit,ema21,holdout
2025-03-28 09:00:00+00:00,5725.765,5719.363530722361,5738.5679385552785,2025-03-28 12:30:00+00:00,5719.348530722361,-1.0023432120580074,stop_hit,ema21,holdout
2025-03-28 13:15:00+00:00,5729.265,5721.165022721598,5745.464954556805,2025-03-28 13:30:00+00:00,5721.150022721597,-1.0018518570466022,stop_hit,ema21,holdout
2025-03-28 15:45:00+00:00,5657.265,5644.377829510418,5683.039340979164,2025-03-28 16:15:00+00:00,5644.362829510418,-1.001163948285813,stop_hit,ema200,holdout
2025-05-05 01:00:00+00:00,5681.015,5673.068251367975,5696.908497264051,2025-05-05 01:15:00+00:00,5673.053251367975,-1.0018875644235024,stop_hit,ema50,holdout
2025-05-05 03:45:00+00:00,5670.015,5663.171856150031,5683.701287699939,2025-05-05 04:00:00+00:00,5663.156856150031,-1.002191974964898,stop_hit,ema50,holdout
2025-05-05 04:45:00+00:00,5667.515,5661.273843151318,5679.997313697365,2025-05-05 08:30:00+00:00,5665.235,-0.36531688840379567,trail_exit,ema50,holdout
2025-05-05 09:30:00+00:00,5665.015,5658.634935620807,5677.775128758388,2025-05-05 11:30:00+00:00,5658.619935620806,-1.0023510734545633,stop_hit,ema50,holdout
2025-05-05 12:00:00+00:00,5660.515,5654.634256142837,5672.276487714326,2025-05-05 14:15:00+00:00,5672.261487714326,2.0,scaleout_tier_1,ema50,holdout
2025-05-05 16:00:00+00:00,5689.015,5679.812445106581,5707.420109786838,2025-05-05 19:15:00+00:00,5686.235,-0.3020900208906922,trail_exit,ema50,holdout
2025-05-06 02:45:00+00:00,5657.765,5652.585989759482,5668.123020481037,2025-05-06 03:00:00+00:00,5652.570989759482,-1.0028963063025003,stop_hit,ema50,holdout
2025-05-06 03:45:00+00:00,5662.015,5657.0418192555335,5671.961361488934,2025-05-06 04:30:00+00:00,5657.026819255533,-1.003016178331547,stop_hit,ema50,holdout
2025-05-06 05:00:00+00:00,5659.515,5655.236099377947,5668.072801244108,2025-05-06 05:15:00+00:00,5655.221099377946,-1.003505573352888,stop_hit,ema50,holdout
2025-05-06 06:30:00+00:00,5656.015,5651.60215915129,5664.840681697421,2025-05-06 07:15:00+00:00,5651.58715915129,-1.003399170854918,stop_hit,ema50,holdout
2025-05-06 10:00:00+00:00,5632.765,5626.769445748233,5644.756108503535,2025-05-06 11:15:00+00:00,5626.754445748233,-1.0025018537687163,stop_hit,ema50,holdout
2025-05-06 12:15:00+00:00,5629.015,5622.297450865697,5642.450098268607,2025-05-06 12:30:00+00:00,5622.282450865697,-1.002232957243845,stop_hit,ema50,holdout
2025-05-06 13:00:00+00:00,5626.765,5620.180559239044,5639.9338815219135,2025-05-06 13:15:00+00:00,5620.165559239043,-1.0022780977982628,stop_hit,ema50,holdout
2025-05-06 13:45:00+00:00,5629.015,5621.606921883447,5643.831156233106,2025-05-06 14:00:00+00:00,5621.591921883447,-1.002024816661532,stop_hit,ema50,holdout
2025-05-06 16:15:00+00:00,5666.515,5655.013431917348,5689.518136165306,2025-05-06 16:30:00+00:00,5654.998431917347,-1.0013041699959984,stop_hit,ema50,holdout
2025-05-06 19:00:00+00:00,5647.515,5635.583834777523,5671.377330444954,2025-05-06 19:45:00+00:00,5635.568834777523,-1.0012572116570868,stop_hit,ema50,holdout
2025-05-07 00:30:00+00:00,5675.515,5661.7043551285415,5703.136289742918,2025-05-07 02:00:00+00:00,5661.689355128541,-1.0010861187250804,stop_hit,ema50,holdout
2025-05-07 08:00:00+00:00,5660.265,5653.9222064215555,5672.95058715689,2025-05-07 08:15:00+00:00,5653.907206421555,-1.0023648885644494,stop_hit,ema50,holdout
2025-05-07 10:45:00+00:00,5661.265,5655.0992609223185,5673.596478155364,2025-05-07 12:00:00+00:00,5655.084260922318,-1.0024327983736163,stop_hit,ema50,holdout
2025-05-07 12:45:00+00:00,5648.765,5641.972694454989,5662.349611090022,2025-05-07 13:00:00+00:00,5641.957694454989,-1.0022083812191496,stop_hit,ema50,holdout
2025-05-07 13:45:00+00:00,5646.765,5638.945750503149,5662.403498993704,2025-05-07 14:45:00+00:00,5638.930750503148,-1.0019183426755172,stop_hit,ema50,holdout
2025-05-07 15:45:00+00:00,5636.765,5626.710448329883,5656.874103340236,2025-05-07 17:45:00+00:00,5626.695448329882,-1.0014918616455974,stop_hit,ema50,holdout
2025-05-07 18:45:00+00:00,5633.515,5618.574806235342,5663.395387529316,2025-05-07 19:15:00+00:00,5618.559806235342,-1.0010040030428395,stop_hit,ema21,holdout
2025-05-09 01:15:00+00:00,5677.265,5669.154460558717,5693.486078882567,2025-05-09 02:30:00+00:00,5693.471078882567,2.0,scaleout_tier_1,ema50,holdout
2025-05-09 07:30:00+00:00,5690.015,5684.210582292983,5701.623835414034,2025-05-09 08:15:00+00:00,5684.195582292983,-1.0025842385502672,stop_hit,ema50,holdout
2025-05-09 09:15:00+00:00,5688.765,5682.776113140553,5700.742773718895,2025-05-09 10:30:00+00:00,5700.727773718894,2.0,scaleout_tier_1,ema50,holdout
2025-05-09 12:45:00+00:00,5704.765,5696.240758531877,5721.813482936247,2025-05-09 13:30:00+00:00,5696.225758531877,-1.0017596873641392,stop_hit,ema50,holdout
2025-05-09 14:00:00+00:00,5704.765,5695.816136268698,5722.662727462605,2025-05-09 14:15:00+00:00,5695.8011362686975,-1.0016761904584444,stop_hit,ema50,holdout
2025-05-09 15:15:00+00:00,5682.265,5671.099903311518,5704.595193376966,2025-05-09 16:00:00+00:00,5671.084903311517,-1.0013434724677128,stop_hit,ema50,holdout
2025-05-09 17:30:00+00:00,5674.265,5662.4776724978865,5697.839655004228,2025-05-11 22:00:00+00:00,5760.985,7.357053580164606,eod_force_close,ema50,holdout
2025-05-12 01:15:00+00:00,5759.015,5747.848785131224,5781.347429737553,2025-05-12 07:00:00+00:00,5781.332429737553,2.0,scaleout_tier_1,ema100,holdout
2025-05-12 01:15:00+00:00,5759.015,5747.848785131224,5792.51364460633,2025-05-12 07:00:00+00:00,5792.498644606329,3.0,scaleout_tier_2,ema100,holdout
2025-05-12 01:15:00+00:00,5759.015,5747.848785131224,5803.679859475106,2025-05-12 07:00:00+00:00,5803.664859475106,4.0,scaleout_tier_3,ema100,holdout
2025-05-12 01:15:00+00:00,5759.015,5747.848785131224,5814.846074343883,2025-05-12 07:00:00+00:00,5814.831074343882,5.0,scaleout_tier_4,ema100,holdout
2025-05-12 01:15:00+00:00,5759.015,5747.848785131224,5826.012289212659,2025-05-12 07:00:00+00:00,5825.997289212659,6.0,scaleout_tier_5,ema100,holdout
2025-05-12 01:15:00+00:00,5759.015,5747.848785131224,5837.178504081436,2025-05-12 07:00:00+00:00,5837.163504081435,7.0,scaleout_tier_6,ema100,holdout
2025-05-13 01:30:00+00:00,5850.515,5843.91799407582,5863.70901184836,2025-05-13 03:00:00+00:00,5843.90299407582,-1.0022737587585526,stop_hit,h_ema21,holdout
2025-05-13 05:30:00+00:00,5845.515,5840.635692321679,5855.273615356643,2025-05-13 07:00:00+00:00,5840.620692321679,-1.0030742066270943,stop_hit,h_ema21,holdout
2025-05-13 09:15:00+00:00,5841.265,5836.114659979872,5851.565680040257,2025-05-13 11:00:00+00:00,5851.550680040256,2.0,scaleout_tier_1,h_ema21,holdout
2025-05-13 11:45:00+00:00,5853.765,5848.4464707800635,5864.402058439874,2025-05-13 12:30:00+00:00,5865.485,2.203616736007793,trail_exit,h_ema21,holdout
2025-05-13 19:00:00+00:00,5921.765,5913.274653634616,5938.745692730769,2025-05-13 19:45:00+00:00,5913.2596536346155,-1.001766712376009,stop_hit,h_ema21,holdout
2025-05-14 05:15:00+00:00,5910.515,5906.711429416232,5918.122141167537,2025-05-14 06:00:00+00:00,5906.696429416232,-1.0039436628478355,stop_hit,h_ema21,holdout
2025-05-14 09:30:00+00:00,5904.515,5898.979868783269,5915.585262433463,2025-05-14 09:45:00+00:00,5898.964868783269,-1.002709962855982,stop_hit,h_ema21,holdout
2025-05-14 10:30:00+00:00,5902.765,5897.307023305887,5913.680953388227,2025-05-14 11:15:00+00:00,5913.665953388227,2.0,scaleout_tier_1,h_ema21,holdout
2025-05-14 10:30:00+00:00,5902.765,5897.307023305887,5919.13893008234,2025-05-14 11:15:00+00:00,5919.12393008234,3.0,scaleout_tier_2,h_ema21,holdout
2025-05-14 15:00:00+00:00,5910.265,5902.30585480374,5926.1832903925215,2025-05-14 17:00:00+00:00,5902.290854803739,-1.0018846244955268,stop_hit,h_ema21,holdout
2025-05-14 17:45:00+00:00,5902.515,5893.461879152808,5920.6212416943845,2025-05-14 22:00:00+00:00,5903.985,0.16237494503956407,eod_force_close,h_ema21,holdout
2025-05-15 02:45:00+00:00,5902.765,5898.031499415817,5912.232001168367,2025-05-15 03:30:00+00:00,5898.016499415817,-1.0031689021124133,stop_hit,h_ema21,holdout
2025-05-15 04:30:00+00:00,5899.015,5895.297607870372,5906.449784259256,2025-05-15 05:00:00+00:00,5895.282607870372,-1.0040350868235761,stop_hit,h_ema21,holdout
2025-05-15 06:15:00+00:00,5892.515,5888.454004707673,5900.636990584654,2025-05-15 07:00:00+00:00,5888.439004707673,-1.0036936757914172,stop_hit,h_ema21,holdout
2025-05-15 09:30:00+00:00,5876.265,5870.263151468571,5888.268697062859,2025-05-15 12:30:00+00:00,5888.253697062859,2.0,scaleout_tier_1,h_ema200,holdout
2025-05-15 09:30:00+00:00,5876.265,5870.263151468571,5894.270545594289,2025-05-15 12:30:00+00:00,5894.255545594288,3.0,scaleout_tier_2,h_ema200,holdout
2025-05-15 13:45:00+00:00,5896.265,5889.09608631959,5910.602827360822,2025-05-15 14:30:00+00:00,5889.081086319589,-1.0020923672217334,stop_hit,h_ema21,holdout
2025-05-16 05:30:00+00:00,5932.765,5929.260635662501,5939.773728674999,2025-05-16 06:30:00+00:00,5929.245635662501,-1.0042803768546027,stop_hit,h_ema21,holdout
2025-05-16 10:30:00+00:00,5948.765,5944.753810225446,5956.78737954911,2025-05-16 12:15:00+00:00,5956.772379549109,2.0,scaleout_tier_1,h_ema21,holdout
2025-05-16 14:00:00+00:00,5945.015,5938.882907257051,5957.2791854859,2025-05-16 14:15:00+00:00,5938.86790725705,-1.0024461469565302,stop_hit,h_ema21,holdout
2025-05-16 15:00:00+00:00,5936.765,5928.675064795102,5952.944870409797,2025-05-16 16:45:00+00:00,5952.929870409796,2.0,scaleout_tier_1,h_ema21,holdout
2025-05-19 01:00:00+00:00,5931.765,5923.368401446648,5948.558197106705,2025-05-19 01:15:00+00:00,5932.985,0.14529693092356613,trail_exit,h_ema21,holdout
2025-05-19 02:30:00+00:00,5932.765,5925.551720062604,5947.191559874794,2025-05-19 02:45:00+00:00,5925.536720062603,-1.0020794978332341,stop_hit,h_ema200,holdout
2025-05-19 07:30:00+00:00,5910.515,5904.079027175825,5923.386945648351,2025-05-19 08:00:00+00:00,5904.064027175825,-1.0023306499903144,stop_hit,h_ema21,holdout
2025-05-19 09:30:00+00:00,5905.515,5899.056229225005,5918.432541549991,2025-05-19 10:00:00+00:00,5899.041229225005,-1.0023224233407384,stop_hit,h_ema21,holdout
2025-05-19 10:30:00+00:00,5902.765,5896.230640563707,5915.833718872586,2025-05-19 11:45:00+00:00,5915.818718872586,2.0,scaleout_tier_1,h_ema21,holdout
2025-05-20 02:00:00+00:00,5969.015,5962.871304868693,5981.302390262615,2025-05-20 05:45:00+00:00,5962.856304868693,-1.0024415273999991,stop_hit,h_ema21,holdout
2025-05-20 06:45:00+00:00,5961.015,5955.968619080102,5971.107761839797,2025-05-20 11:00:00+00:00,5971.092761839796,2.0,scaleout_tier_1,h_ema21,holdout
2025-05-20 14:30:00+00:00,5959.265,5952.455140937919,5972.884718124163,2025-05-20 18:15:00+00:00,5952.440140937919,-1.0022026887581053,stop_hit,h_ema21,holdout
2025-05-21 00:30:00+00:00,5957.015,5949.564404057816,5971.916191884368,2025-05-21 01:00:00+00:00,5949.549404057816,-1.002013261773518,stop_hit,h_ema21,holdout
2025-05-21 03:15:00+00:00,5945.265,5939.484112000548,5956.826775998906,2025-05-21 04:15:00+00:00,5939.469112000547,-1.0025947570687666,stop_hit,h_ema21,holdout
2025-05-21 05:00:00+00:00,5938.015,5933.194023133899,5947.656953732204,2025-05-21 05:45:00+00:00,5933.179023133898,-1.003111402609251,stop_hit,h_ema21,holdout
2025-05-21 08:00:00+00:00,5932.515,5927.307165912872,5942.930668174257,2025-05-21 08:15:00+00:00,5927.2921659128715,-1.0028802760897089,stop_hit,h_ema21,holdout
2025-05-21 15:00:00+00:00,5936.265,5926.934875893912,5954.9252482121765,2025-05-21 17:00:00+00:00,5931.235,-0.5391139434810398,trail_exit,h_ema21,holdout
2025-05-22 00:15:00+00:00,5862.015,5851.830033637965,5882.3849327240705,2025-05-22 11:15:00+00:00,5859.735,-0.22385935495078868,trail_exit,h_ema21,holdout
2025-05-22 13:00:00+00:00,5859.515,5850.553855881359,5877.437288237284,2025-05-22 13:30:00+00:00,5850.538855881358,-1.0016738934004112,stop_hit,ema21,holdout
2025-05-22 14:00:00+00:00,5870.515,5859.830370231869,5891.884259536263,2025-05-22 14:15:00+00:00,5859.815370231869,-1.0014038857991194,stop_hit,ema21,holdout
2025-05-22 15:00:00+00:00,5857.765,5845.874480143493,5881.546039713015,2025-05-22 17:30:00+00:00,5881.531039713014,2.0,scaleout_tier_1,h_ema21,holdout
2025-05-22 19:00:00+00:00,5887.265,5876.226898494325,5909.341203011351,2025-05-22 19:45:00+00:00,5876.2118984943245,-1.001358929340577,stop_hit,h_ema200,holdout
2025-05-23 01:00:00+00:00,5865.015,5857.584306492343,5879.876387015315,2025-05-23 01:15:00+00:00,5857.569306492343,-1.0020186541114728,stop_hit,h_ema21,holdout
2025-05-23 03:30:00+00:00,5865.515,5859.313539856064,5877.917920287872,2025-05-23 04:00:00+00:00,5859.298539856064,-1.0024187851977078,stop_hit,h_ema21,holdout
2025-05-23 05:15:00+00:00,5858.515,5853.335466256234,5868.874067487533,2025-05-23 05:45:00+00:00,5853.320466256234,-1.0028960135684764,stop_hit,h_ema21,holdout
2025-05-23 06:45:00+00:00,5851.015,5845.558903490174,5861.927193019653,2025-05-23 07:15:00+00:00,5861.9121930196525,2.0,scaleout_tier_1,h_ema21,holdout
2025-05-23 06:45:00+00:00,5851.015,5845.558903490174,5867.383289529479,2025-05-23 07:15:00+00:00,5867.368289529479,3.0,scaleout_tier_2,h_ema21,holdout
2025-05-23 09:45:00+00:00,5852.265,5845.382410033983,5866.030179932034,2025-05-23 11:15:00+00:00,5845.367410033983,-1.0021794121216563,stop_hit,h_ema21,holdout
2025-05-23 12:30:00+00:00,5780.265,5766.122376683735,5808.5502466325315,2025-05-23 13:15:00+00:00,5766.107376683734,-1.0010606235961241,stop_hit,ema21,holdout
2025-05-23 14:15:00+00:00,5807.515,5792.061926823671,5838.42114635266,2025-05-23 18:00:00+00:00,5838.40614635266,2.0,scaleout_tier_1,ema21,holdout
2025-05-23 19:15:00+00:00,5837.015,5823.800718133297,5863.443563733407,2025-05-23 19:30:00+00:00,5823.7857181332965,-1.0011351354656755,stop_hit,ema21,holdout
2025-05-26 00:45:00+00:00,5867.265,5855.085064698286,5891.6248706034285,2025-05-26 08:00:00+00:00,5891.609870603428,2.0,scaleout_tier_1,h_ema200,holdout
2025-05-26 11:15:00+00:00,5888.265,5883.030422141085,5898.734155717831,2025-05-26 13:15:00+00:00,5883.015422141085,-1.0028655605866632,stop_hit,h_ema21,holdout
2025-05-26 13:45:00+00:00,5892.765,5887.615281829614,5903.064436340773,2025-05-26 14:00:00+00:00,5887.600281829614,-1.0029127807588745,stop_hit,h_ema21,holdout
2025-05-26 15:30:00+00:00,5881.765,5876.288312846525,5892.718374306952,2025-05-26 22:00:00+00:00,5888.985,1.318315214594145,eod_force_close,h_ema21,holdout
2025-05-27 01:00:00+00:00,5882.015,5876.98330682913,5892.078386341741,2025-05-27 01:15:00+00:00,5876.96830682913,-1.0029811038731786,stop_hit,h_ema21,holdout
2025-05-27 03:00:00+00:00,5870.015,5865.583190939936,5878.878618120129,2025-05-27 03:30:00+00:00,5865.568190939935,-1.0033846223510605,stop_hit,h_ema200,holdout
2025-05-27 04:15:00+00:00,5868.515,5864.058232207305,5877.428535585391,2025-05-27 06:00:00+00:00,5877.4135355853905,2.0,scaleout_tier_1,h_ema200,holdout
2025-05-27 14:00:00+00:00,5886.265,5878.012219362332,5911.023341913005,2025-05-27 15:15:00+00:00,5911.008341913005,3.0,scaleout_tier_2,h_ema21,holdout
2025-05-28 02:15:00+00:00,5935.265,5931.40635841052,5942.982283178962,2025-05-28 03:30:00+00:00,5931.391358410519,-1.003887378408303,stop_hit,h_ema21,holdout
2025-05-28 05:15:00+00:00,5928.765,5925.954730935267,5934.385538129466,2025-05-28 06:45:00+00:00,5925.939730935267,-1.0053375672061327,stop_hit,h_ema50,holdout
2025-05-28 07:15:00+00:00,5928.515,5925.2437034720515,5935.057593055898,2025-05-28 07:30:00+00:00,5925.228703472051,-1.004585337914852,stop_hit,h_ema21,holdout
2025-05-28 08:30:00+00:00,5924.765,5921.009573965179,5932.275852069643,2025-05-28 09:15:00+00:00,5920.9945739651785,-1.0039942205920827,stop_hit,h_ema21,holdout
2025-05-28 10:00:00+00:00,5924.765,5920.805609483279,5932.683781033443,2025-05-28 10:30:00+00:00,5932.668781033442,2.0,scaleout_tier_1,h_ema21,holdout
2025-05-28 10:00:00+00:00,5924.765,5920.805609483279,5936.643171550164,2025-05-28 10:30:00+00:00,5936.628171550164,3.0,scaleout_tier_2,h_ema21,holdout
2025-05-28 12:00:00+00:00,5939.015,5934.324459497764,5948.396081004473,2025-05-28 13:45:00+00:00,5934.309459497764,-1.0031979256960208,stop_hit,h_ema21,holdout
2025-05-28 15:30:00+00:00,5917.765,5910.397279961705,5932.500440076591,2025-05-28 18:45:00+00:00,5910.382279961705,-1.0020359079772794,stop_hit,h_ema21,holdout
2025-05-29 07:30:00+00:00,5995.515,5988.582297271202,6009.380405457597,2025-05-29 08:45:00+00:00,5991.235,-0.6173638431403818,trail_exit,h_ema21,holdout
2025-05-29 09:15:00+00:00,5993.515,5986.976538361974,6006.5919232760525,2025-05-29 09:45:00+00:00,5986.961538361974,-1.0022941176121751,stop_hit,h_ema21,holdout
2025-05-29 15:00:00+00:00,5932.765,5920.633148898946,5957.028702202108,2025-05-29 15:15:00+00:00,5920.618148898946,-1.0012364147791943,stop_hit,h_ema200,holdout
2025-05-29 18:15:00+00:00,5914.515,5902.074172918681,5939.396654162639,2025-05-29 22:00:00+00:00,5912.235,-0.18326755810505896,eod_force_close,h_ema21,holdout
2025-05-30 00:15:00+00:00,5908.265,5899.839326231027,5925.116347537946,2025-05-30 01:00:00+00:00,5899.824326231027,-1.0017802730572793,stop_hit,h_ema21,holdout
2025-05-30 01:30:00+00:00,5905.765,5897.140571393796,5923.01385721241,2025-05-30 06:30:00+00:00,5908.235,0.2863957849013154,trail_exit,h_ema21,holdout
2025-05-30 07:30:00+00:00,5911.515,5906.032973242083,5922.4790535158345,2025-05-30 12:00:00+00:00,5906.017973242083,-1.0027362142986012,stop_hit,h_ema21,holdout
2025-05-30 12:45:00+00:00,5903.765,5894.730198426803,5921.834603146394,2025-05-30 13:45:00+00:00,5894.715198426803,-1.0016602467557036,stop_hit,ema21,holdout
2025-05-30 14:15:00+00:00,5912.515,5901.364813348828,5934.8153733023455,2025-05-30 15:30:00+00:00,5901.349813348827,-1.0013452689600268,stop_hit,ema21,holdout
2025-05-30 17:15:00+00:00,5875.765,5861.979524236263,5903.335951527474,2025-05-30 18:15:00+00:00,5903.320951527474,2.0,scaleout_tier_1,ema21,holdout
2025-06-02 04:15:00+00:00,5889.515,5883.557939897925,5901.42912020415,2025-06-02 04:30:00+00:00,5890.735,0.20479900808359774,trail_exit,ema21,holdout
2025-06-02 05:15:00+00:00,5888.515,5883.0308112876055,5899.48337742479,2025-06-02 05:30:00+00:00,5883.015811287605,-1.0027351356393748,stop_hit,ema21,holdout
2025-06-02 06:45:00+00:00,5888.015,5882.452416637003,5899.140166725995,2025-06-02 07:00:00+00:00,5882.437416637003,-1.0026965888008275,stop_hit,ema21,holdout
2025-06-02 07:45:00+00:00,5880.515,5872.375664998163,5896.793670003674,2025-06-02 12:00:00+00:00,5896.778670003674,2.0,scaleout_tier_1,ema21,holdout
2025-06-02 17:00:00+00:00,5920.515,5909.872425170014,5952.442724489959,2025-06-02 20:15:00+00:00,5952.427724489959,3.0,scaleout_tier_2,h_ema21,holdout
2025-06-03 00:45:00+00:00,5934.765,5928.018603168537,5948.257793662927,2025-06-03 01:00:00+00:00,5934.485,-0.04150363623657829,trail_exit,h_ema21,holdout
2025-06-03 02:45:00+00:00,5928.015,5922.445919651547,5939.1531606969065,2025-06-03 03:15:00+00:00,5922.430919651547,-1.002693442913693,stop_hit,h_ema21,holdout
2025-06-03 03:45:00+00:00,5926.015,5920.868797796956,5936.3074044060895,2025-06-03 04:15:00+00:00,5920.853797796955,-1.0029147708170996,stop_hit,h_ema50,holdout
2025-06-03 05:00:00+00:00,5923.265,5918.915092122005,5931.9648157559905,2025-06-03 07:15:00+00:00,5918.900092122005,-1.0034483488894577,stop_hit,h_ema50,holdout
2025-06-03 08:00:00+00:00,5918.265,5913.2660476749525,5928.262904650096,2025-06-03 08:15:00+00:00,5913.251047674952,-1.0030006287367792,stop_hit,h_ema21,holdout
2025-06-03 08:45:00+00:00,5919.265,5913.891021042956,5930.012957914089,2025-06-03 10:45:00+00:00,5929.997957914089,2.0,scaleout_tier_1,h_ema21,holdout
2025-06-03 15:00:00+00:00,5964.015,5956.8955820706515,5985.373253788047,2025-06-03 17:00:00+00:00,5985.358253788047,3.0,scaleout_tier_2,h_ema21,holdout
2025-06-03 18:30:00+00:00,5981.765,5974.544539318538,5996.2059213629245,2025-06-03 19:45:00+00:00,5974.529539318538,-1.0020774297738146,stop_hit,h_ema21,holdout
2025-06-04 05:15:00+00:00,5978.015,5974.727258758521,5984.590482482959,2025-06-04 07:45:00+00:00,5984.575482482958,2.0,scaleout_tier_1,h_ema21,holdout
2025-06-04 05:15:00+00:00,5978.015,5974.727258758521,5987.878223724438,2025-06-04 07:45:00+00:00,5987.863223724437,3.0,scaleout_tier_2,h_ema21,holdout
2025-06-04 11:00:00+00:00,5994.015,5989.851571843311,6002.341856313379,2025-06-04 11:15:00+00:00,5989.836571843311,-1.0036028002491713,stop_hit,h_ema21,holdout
2025-06-04 11:45:00+00:00,5992.765,5988.713505225858,6000.867989548285,2025-06-04 12:15:00+00:00,5988.698505225858,-1.0037023372450242,stop_hit,h_ema21,holdout
2025-06-04 13:00:00+00:00,5982.265,5976.855292271867,5993.0844154562665,2025-06-04 13:30:00+00:00,5993.069415456266,2.0,scaleout_tier_1,h_ema21,holdout
2025-06-04 14:30:00+00:00,5995.015,5987.81376572746,6009.417468545081,2025-06-04 14:45:00+00:00,5987.79876572746,-1.0020829762555463,stop_hit,h_ema21,holdout
2025-06-05 01:45:00+00:00,5975.515,5971.535477556207,5983.474044887586,2025-06-05 07:15:00+00:00,5983.459044887586,2.0,scaleout_tier_1,h_ema21,holdout
2025-06-05 01:45:00+00:00,5975.515,5971.535477556207,5987.453567331379,2025-06-05 07:15:00+00:00,5987.438567331379,3.0,scaleout_tier_2,h_ema21,holdout
2025-06-05 10:15:00+00:00,5987.515,5983.1342868129905,5996.27642637402,2025-06-05 10:30:00+00:00,5983.11928681299,-1.0034240999946782,stop_hit,h_ema21,holdout
2025-06-05 13:00:00+00:00,5992.265,5984.586798302922,6007.621403394157,2025-06-05 13:30:00+00:00,5984.571798302922,-1.0019535824392365,stop_hit,h_ema21,holdout
2025-06-05 14:30:00+00:00,5980.265,5969.872627972657,6001.049744054687,2025-06-05 15:15:00+00:00,6001.034744054687,2.0,scaleout_tier_1,h_ema21,holdout
2025-06-05 16:00:00+00:00,6006.265,5995.01576736695,6028.763465266101,2025-06-05 16:15:00+00:00,5995.00076736695,-1.0013334242867604,stop_hit,h_ema21,holdout
2025-06-05 17:15:00+00:00,5979.265,5966.551728405532,6004.6915431889365,2025-06-05 18:00:00+00:00,5966.536728405532,-1.0011798693899416,stop_hit,h_ema21,holdout
2025-06-06 00:15:00+00:00,5955.015,5944.919958956042,5975.205082087917,2025-06-06 12:30:00+00:00,5975.190082087916,2.0,scaleout_tier_1,h_ema21,holdout
2025-06-06 00:15:00+00:00,5955.015,5944.919958956042,5985.300123131875,2025-06-06 12:30:00+00:00,5985.285123131875,3.0,scaleout_tier_2,h_ema21,holdout
2025-06-06 13:15:00+00:00,5998.765,5992.267547039946,6011.759905920108,2025-06-06 15:15:00+00:00,5992.252547039946,-1.0023085969367607,stop_hit,h_ema21,holdout
2025-06-06 18:45:00+00:00,6014.515,6005.385701438904,6032.773597122193,2025-06-06 19:45:00+00:00,6005.370701438904,-1.001643061610916,stop_hit,h_ema21,holdout
2025-06-09 02:45:00+00:00,5995.515,5990.874196094062,6004.796607811876,2025-06-09 06:45:00+00:00,6004.781607811876,2.0,scaleout_tier_1,h_ema21,holdout
2025-06-09 12:30:00+00:00,6016.015,6011.718471482862,6024.608057034277,2025-06-09 13:30:00+00:00,6011.7034714828615,-1.0034911906066708,stop_hit,h_ema21,holdout
2025-06-09 15:45:00+00:00,6011.765,6006.120441192676,6023.05411761465,2025-06-09 17:15:00+00:00,6023.0391176146495,2.0,scaleout_tier_1,h_ema21,holdout
2025-06-09 18:15:00+00:00,6025.765,6020.105420538762,6037.084158922477,2025-06-09 18:30:00+00:00,6020.0904205387615,-1.0026503736016183,stop_hit,h_ema21,holdout
2025-06-10 00:30:00+00:00,6014.515,6010.302924785797,6022.939150428408,2025-06-10 01:15:00+00:00,6022.924150428407,2.0,scaleout_tier_1,h_ema21,holdout
2025-06-10 00:30:00+00:00,6014.515,6010.302924785797,6027.151225642611,2025-06-10 01:15:00+00:00,6027.136225642611,3.0,scaleout_tier_2,h_ema21,holdout
2025-06-10 00:30:00+00:00,6014.515,6010.302924785797,6031.363300856815,2025-06-10 01:15:00+00:00,6031.348300856815,4.0,scaleout_tier_3,h_ema21,holdout
2025-06-10 05:15:00+00:00,6031.265,6027.799277394063,6038.196445211875,2025-06-10 05:30:00+00:00,6027.784277394063,-1.0043281017282315,stop_hit,h_ema21,holdout
2025-06-10 06:30:00+00:00,6013.765,6007.456700177891,6026.381599644218,2025-06-10 06:45:00+00:00,6007.441700177891,-1.0023778197649638,stop_hit,h_ema21,holdout
2025-06-10 08:30:00+00:00,6004.515,5996.887038947467,6019.770922105067,2025-06-10 12:30:00+00:00,6019.755922105067,2.0,scaleout_tier_1,h_ema200,holdout
2025-06-10 13:45:00+00:00,6019.265,6013.757071186449,6030.280857627103,2025-06-10 15:30:00+00:00,6013.742071186449,-1.0027233467439562,stop_hit,h_ema21,holdout
2025-06-10 16:00:00+00:00,6027.015,6020.544479195151,6039.956041609698,2025-06-10 18:00:00+00:00,6020.529479195151,-1.0023182059764164,stop_hit,h_ema21,holdout
2025-06-11 03:45:00+00:00,6028.515,6023.779326023012,6037.986347953977,2025-06-11 04:45:00+00:00,6023.764326023012,-1.0031674477747445,stop_hit,h_ema50,holdout
2025-06-11 05:15:00+00:00,6027.765,6023.369311570701,6036.556376858599,2025-06-11 08:30:00+00:00,6036.541376858599,2.0,scaleout_tier_1,h_ema21,holdout
2025-06-11 17:00:00+00:00,6048.015,6038.730275985498,6066.584448029004,2025-06-11 17:45:00+00:00,6038.715275985498,-1.0016155569058272,stop_hit,h_ema21,holdout
2025-06-11 18:45:00+00:00,6033.515,6021.34330742763,6057.858385144741,2025-06-11 19:00:00+00:00,6021.32830742763,-1.0012323676359012,stop_hit,h_ema21,holdout
2025-06-12 03:30:00+00:00,6011.765,6005.2101559745015,6024.874688050998,2025-06-12 07:45:00+00:00,6005.195155974501,-1.0022883839709955,stop_hit,h_ema21,holdout
2025-06-12 09:00:00+00:00,6004.515,5997.809717052694,6017.925565894612,2025-06-12 10:00:00+00:00,5997.794717052694,-1.0022370420634306,stop_hit,h_ema21,holdout
2025-06-12 10:45:00+00:00,6001.515,5994.71370041737,6015.117599165261,2025-06-12 11:15:00+00:00,5994.69870041737,-1.0022054608561335,stop_hit,h_ema21,holdout
2025-06-12 11:45:00+00:00,5997.015,5990.551080867881,6009.942838264239,2025-06-12 12:30:00+00:00,5990.536080867881,-1.002320573586045,stop_hit,h_ema21,holdout
2025-06-12 17:45:00+00:00,6047.765,6038.774370136531,6065.74625972694,2025-06-12 18:15:00+00:00,6038.75937013653,-1.0016684036856278,stop_hit,h_ema21,holdout
2025-06-12 19:00:00+00:00,6046.765,6038.493974657328,6063.307050685345,2025-06-12 19:45:00+00:00,6038.478974657328,-1.0018135599129334,stop_hit,h_ema21,holdout
2025-06-13 03:00:00+00:00,5947.515,5933.327313706717,5975.890372586567,2025-06-13 08:00:00+00:00,5975.875372586566,2.0,scaleout_tier_1,ema21,holdout
2025-06-13 09:15:00+00:00,5975.515,5965.2095734179,6006.431279746301,2025-06-13 13:30:00+00:00,6006.4162797463005,3.0,scaleout_tier_2,ema21,holdout
2025-06-13 18:00:00+00:00,6009.015,5997.575593408986,6031.89381318203,2025-06-13 18:15:00+00:00,5997.560593408985,-1.0013112568279643,stop_hit,h_ema21,holdout
2025-06-13 19:00:00+00:00,5982.765,5970.18482789343,6007.92534421314,2025-06-13 19:30:00+00:00,5970.16982789343,-1.0011923525269177,stop_hit,ema21,holdout
2025-06-30 05:15:00+00:00,6249.265,6226.263195215979,6295.268609568043,2025-06-30 13:30:00+00:00,6238.235,-0.47952758940302376,trail_exit,ema21,holdout
2025-06-30 15:30:00+00:00,6236.765,6230.272331496967,6249.750337006067,2025-06-30 17:45:00+00:00,6230.257331496967,-1.0023102981452572,stop_hit,h_ema21,holdout
2025-06-30 19:00:00+00:00,6243.515,6236.11633977381,6258.312320452381,2025-06-30 20:45:00+00:00,6245.235,0.2324745220642485,trail_exit,h_ema21,holdout
2025-07-01 03:45:00+00:00,6248.265,6244.5050237674095,6255.784952465182,2025-07-01 04:30:00+00:00,6244.490023767409,-1.0039893869196062,stop_hit,h_ema21,holdout
2025-07-01 07:00:00+00:00,6243.515,6240.283443130546,6249.978113738908,2025-07-01 07:45:00+00:00,6240.268443130546,-1.0046417255231106,stop_hit,h_ema21,holdout
2025-07-01 08:30:00+00:00,6244.765,6240.856207707688,6252.582584584626,2025-07-01 09:00:00+00:00,6240.841207707687,-1.003837502450521,stop_hit,h_ema21,holdout
2025-07-01 10:00:00+00:00,6241.265,6237.1123962651,6249.570207469801,2025-07-01 12:00:00+00:00,6237.0973962651,-1.0036121915207705,stop_hit,h_ema21,holdout
2025-07-01 13:15:00+00:00,6237.265,6232.869833193603,6246.055333612795,2025-07-01 14:00:00+00:00,6246.040333612795,2.0,scaleout_tier_1,h_ema21,holdout
2025-07-01 15:30:00+00:00,6245.265,6237.113186391864,6261.568627216274,2025-07-01 15:45:00+00:00,6237.098186391863,-1.001840081326854,stop_hit,h_ema21,holdout
2025-07-01 17:15:00+00:00,6251.265,6242.150781984147,6269.493436031707,2025-07-01 19:00:00+00:00,6242.135781984147,-1.0016457802495218,stop_hit,h_ema21,holdout
2025-07-02 00:15:00+00:00,6253.265,6248.4442070942005,6262.9065858116,2025-07-02 01:45:00+00:00,6248.4292070942,-1.0031115213396289,stop_hit,h_ema21,holdout
2025-07-02 02:30:00+00:00,6252.515,6248.415878145196,6260.713243709609,2025-07-02 04:15:00+00:00,6260.6982437096085,2.0,scaleout_tier_1,h_ema21,holdout
2025-07-02 02:30:00+00:00,6252.515,6248.415878145196,6264.812365564413,2025-07-02 04:15:00+00:00,6264.797365564413,3.0,scaleout_tier_2,h_ema21,holdout
2025-07-02 09:00:00+00:00,6254.765,6250.799638317506,6262.695723364989,2025-07-02 09:15:00+00:00,6256.735,0.4968020971948567,trail_exit,h_ema21,holdout
2025-07-02 11:00:00+00:00,6254.765,6251.260550667279,6261.773898665443,2025-07-02 11:45:00+00:00,6251.245550667279,-1.0042802730404092,stop_hit,h_ema21,holdout
2025-07-02 12:15:00+00:00,6252.265,6248.001685223988,6260.791629552025,2025-07-02 12:30:00+00:00,6247.9866852239875,-1.0035183890443007,stop_hit,h_ema21,holdout
2025-07-02 14:00:00+00:00,6245.265,6239.545751651146,6256.703496697709,2025-07-02 14:15:00+00:00,6256.688496697709,2.0,scaleout_tier_1,h_ema21,holdout
2025-07-02 15:00:00+00:00,6259.765,6253.200893843929,6272.893212312142,2025-07-02 22:00:00+00:00,6276.485,2.5471861061441823,eod_force_close,h_ema21,holdout
2025-07-03 00:45:00+00:00,6278.265,6275.007966455356,6284.779067089289,2025-07-03 01:00:00+00:00,6274.992966455356,-1.0046054177197505,stop_hit,h_ema21,holdout
2025-07-03 09:15:00+00:00,6275.515,6272.358380786368,6281.828238427265,2025-07-03 12:30:00+00:00,6281.813238427265,2.0,scaleout_tier_1,h_ema21,holdout
2025-07-03 09:15:00+00:00,6275.515,6272.358380786368,6284.984857640898,2025-07-03 12:30:00+00:00,6284.969857640897,3.0,scaleout_tier_2,h_ema21,holdout
2025-07-03 09:15:00+00:00,6275.515,6272.358380786368,6288.14147685453,2025-07-03 12:30:00+00:00,6288.12647685453,4.0,scaleout_tier_3,h_ema21,holdout
2025-07-03 13:15:00+00:00,6289.765,6285.063953743977,6313.270231280115,2025-07-03 14:00:00+00:00,6313.2552312801145,5.0,scaleout_tier_4,h_ema21,holdout
2025-07-04 05:45:00+00:00,6307.015,6303.956788248375,6313.1314235032505,2025-07-04 06:00:00+00:00,6303.941788248375,-1.0049048271403562,stop_hit,h_ema50,holdout
2025-07-04 06:30:00+00:00,6305.515,6302.32972623239,6311.88554753522,2025-07-04 06:45:00+00:00,6302.31472623239,-1.0047091713600438,stop_hit,h_ema21,holdout
2025-07-04 08:30:00+00:00,6294.515,6290.046314173105,6303.452371653791,2025-07-04 08:45:00+00:00,6290.031314173105,-1.0033566915602008,stop_hit,h_ema21,holdout
2025-07-04 11:15:00+00:00,6285.515,6280.5029008172205,6295.53919836556,2025-07-04 13:30:00+00:00,6280.48790081722,-1.0029927580148181,stop_hit,h_ema200,holdout
2025-07-04 15:45:00+00:00,6288.765,6284.627114990293,6297.040770019415,2025-07-04 16:30:00+00:00,6284.612114990293,-1.0036250403201488,stop_hit,h_ema21,holdout
2025-07-07 05:45:00+00:00,6296.765,6292.921214493412,6304.4525710131775,2025-07-07 06:15:00+00:00,6292.906214493411,-1.0039024029760808,stop_hit,h_ema21,holdout
2025-07-07 07:00:00+00:00,6294.765,6290.955559268278,6302.383881463445,2025-07-07 09:45:00+00:00,6302.368881463444,2.0,scaleout_tier_1,h_ema21,holdout
2025-07-07 07:00:00+00:00,6294.765,6290.955559268278,6306.193322195167,2025-07-07 09:45:00+00:00,6306.178322195166,3.0,scaleout_tier_2,h_ema21,holdout
2025-07-07 17:15:00+00:00,6273.765,6265.158093661338,6290.978812677325,2025-07-07 17:30:00+00:00,6265.143093661338,-1.0017427864798467,stop_hit,h_ema21,holdout
2025-07-07 19:00:00+00:00,6269.515,6259.339436355337,6289.866127289327,2025-07-07 20:30:00+00:00,6259.324436355337,-1.0014741198152886,stop_hit,h_ema21,holdout
2025-07-08 00:30:00+00:00,6269.265,6262.092785757818,6283.609428484365,2025-07-08 07:30:00+00:00,6283.5944284843645,2.0,scaleout_tier_1,h_ema21,holdout
2025-07-08 13:00:00+00:00,6282.265,6277.956042928244,6290.8829141435135,2025-07-08 13:30:00+00:00,6277.941042928243,-1.003481120779468,stop_hit,h_ema21,holdout
2025-07-08 14:45:00+00:00,6273.265,6266.951299901677,6285.892400196647,2025-07-08 15:15:00+00:00,6266.936299901677,-1.0023757859522517,stop_hit,h_ema21,holdout
2025-07-08 16:30:00+00:00,6286.515,6278.609418982576,6302.3261620348485,2025-07-08 16:45:00+00:00,6278.594418982576,-1.0018973937484503,stop_hit,h_ema21,holdout
2025-07-08 17:30:00+00:00,6275.765,6267.404094402368,6292.486811195265,2025-07-08 22:00:00+00:00,6271.985,-0.45210413583322456,eod_force_close,h_ema21,holdout
2025-07-09 01:15:00+00:00,6267.765,6263.10949672496,6277.076006550081,2025-07-09 01:30:00+00:00,6263.09449672496,-1.0032219932226765,stop_hit,h_ema21,holdout
2025-07-09 03:30:00+00:00,6267.265,6263.39760807216,6274.99978385568,2025-07-09 06:00:00+00:00,6263.38260807216,-1.00387858284865,stop_hit,h_ema21,holdout
2025-07-09 06:30:00+00:00,6265.265,6261.740596467555,6272.31380706489,2025-07-09 08:15:00+00:00,6272.29880706489,2.0,scaleout_tier_1,h_ema21,holdout
2025-07-09 15:30:00+00:00,6288.015,6280.240855606167,6303.563288787666,2025-07-09 22:00:00+00:00,6305.985,2.311508391104028,eod_force_close,h_ema21,holdout
2025-07-10 01:45:00+00:00,6295.515,6291.510170129895,6303.52465974021,2025-07-10 03:30:00+00:00,6291.495170129895,-1.0037454774576815,stop_hit,h_ema21,holdout
2025-07-10 04:00:00+00:00,6292.765,6289.260345435108,6299.774309129784,2025-07-10 06:15:00+00:00,6289.245345435108,-1.0042800223881094,stop_hit,h_ema21,holdout
2025-07-10 06:45:00+00:00,6290.765,6287.826254032658,6296.6424919346855,2025-07-10 07:15:00+00:00,6287.811254032657,-1.0051042179783547,stop_hit,h_ema21,holdout
2025-07-10 10:00:00+00:00,6298.015,6294.629491775662,6304.7860164486765,2025-07-10 11:15:00+00:00,6304.771016448676,2.0,scaleout_tier_1,h_ema21,holdout
2025-07-10 13:30:00+00:00,6307.765,6303.665522366786,6315.963955266429,2025-07-10 13:45:00+00:00,6303.6505223667855,-1.0036590027663026,stop_hit,h_ema21,holdout
2025-07-11 03:00:00+00:00,6303.265,6297.053316101106,6315.6883677977885,2025-07-11 07:00:00+00:00,6297.038316101106,-1.0024148041407899,stop_hit,h_ema200,holdout
2025-07-11 07:30:00+00:00,6301.015,6295.939890937345,6311.165218125311,2025-07-11 07:45:00+00:00,6295.924890937345,-1.0029556015082914,stop_hit,h_ema21,holdout
2025-07-11 08:30:00+00:00,6290.515,6284.913364224842,6301.718271550318,2025-07-11 09:45:00+00:00,6284.898364224841,-1.0026777892391445,stop_hit,h_ema21,holdout
2025-07-11 14:00:00+00:00,6296.015,6288.6406221463285,6310.763755707344,2025-07-11 18:30:00+00:00,6310.748755707344,2.0,scaleout_tier_1,h_ema21,holdout
2025-07-14 05:15:00+00:00,6272.265,6268.669423950161,6279.456152099679,2025-07-14 05:30:00+00:00,6270.235,-0.5645826904680519,trail_exit,h_ema21,holdout
2025-07-14 06:30:00+00:00,6266.515,6262.5397246900975,6274.465550619806,2025-07-14 07:00:00+00:00,6262.524724690097,-1.0037733235640212,stop_hit,h_ema21,holdout
2025-07-14 07:45:00+00:00,6271.265,6266.753807406067,6280.287385187868,2025-07-14 09:00:00+00:00,6280.272385187867,2.0,scaleout_tier_1,h_ema21,holdout
2025-07-14 11:15:00+00:00,6282.515,6278.504523909214,6290.535952181573,2025-07-14 11:30:00+00:00,6278.489523909214,-1.0037402043200778,stop_hit,h_ema21,holdout
2025-07-14 14:45:00+00:00,6292.265,6285.322424416408,6306.150151167186,2025-07-14 17:00:00+00:00,6306.1351511671855,2.0,scaleout_tier_1,h_ema21,holdout
2025-07-15 03:30:00+00:00,6317.015,6311.107234456345,6334.738296630965,2025-07-15 10:00:00+00:00,6334.723296630965,3.0,scaleout_tier_2,h_ema21,holdout
2025-07-15 11:15:00+00:00,6338.015,6333.7328915183325,6346.579216963336,2025-07-15 11:45:00+00:00,6333.717891518332,-1.0035029472197037,stop_hit,h_ema21,holdout
2025-07-15 12:45:00+00:00,6331.765,6326.564940991279,6342.165118017442,2025-07-15 13:30:00+00:00,6326.549940991279,-1.002884582650922,stop_hit,h_ema21,holdout
2025-07-15 14:15:00+00:00,6324.515,6317.418510040483,6338.707979919035,2025-07-15 14:30:00+00:00,6317.403510040483,-1.002113721020659,stop_hit,h_ema21,holdout
2025-07-15 15:30:00+00:00,6313.515,6305.081827537375,6330.381344925251,2025-07-15 16:00:00+00:00,6305.066827537375,-1.001778690056062,stop_hit,h_ema21,holdout
2025-07-15 18:00:00+00:00,6308.515,6300.240662958584,6325.063674082833,2025-07-15 18:45:00+00:00,6300.225662958584,-1.0018128340585168,stop_hit,h_ema21,holdout
2025-07-16 01:15:00+00:00,6276.015,6270.202417298243,6287.640165403515,2025-07-16 05:15:00+00:00,6270.1874172982425,-1.0025806084437805,stop_hit,h_ema21,holdout
2025-07-16 05:45:00+00:00,6273.515,6269.477672221064,6281.589655557874,2025-07-16 06:15:00+00:00,6269.462672221063,-1.003715328757448,stop_hit,h_ema21,holdout
2025-07-16 07:30:00+00:00,6269.015,6264.270591199956,6278.50381760009,2025-07-16 08:30:00+00:00,6278.4888176000895,2.0,scaleout_tier_1,h_ema21,holdout
2025-07-16 11:30:00+00:00,6281.765,6277.602091659478,6294.253725021567,2025-07-16 12:30:00+00:00,6294.238725021567,3.0,scaleout_tier_2,h_ema21,holdout
2025-07-16 15:15:00+00:00,6294.515,6286.62116577849,6310.3026684430215,2025-07-16 15:30:00+00:00,6286.606165778489,-1.0019002172555704,stop_hit,h_ema21,holdout
2025-07-16 16:00:00+00:00,6280.765,6267.829594101801,6306.635811796398,2025-07-16 19:30:00+00:00,6306.620811796398,2.0,scaleout_tier_1,h_ema21,holdout
2025-07-17 00:30:00+00:00,6296.765,6291.290528382616,6307.713943234769,2025-07-17 01:15:00+00:00,6295.735,-0.1881460115218829,trail_exit,h_ema21,holdout
2025-07-17 03:30:00+00:00,6291.765,6287.945022597867,6299.404954804267,2025-07-17 05:45:00+00:00,6299.389954804266,2.0,scaleout_tier_1,h_ema21,holdout
2025-07-17 08:45:00+00:00,6306.265,6302.07549197022,6314.64401605956,2025-07-17 11:00:00+00:00,6302.06049197022,-1.0035803726580075,stop_hit,h_ema21,holdout
2025-07-17 12:15:00+00:00,6300.015,6296.203381978144,6307.638236043714,2025-07-17 12:30:00+00:00,6307.623236043713,2.0,scaleout_tier_1,h_ema21,holdout
2025-07-17 13:45:00+00:00,6316.265,6310.674574385133,6327.445851229734,2025-07-17 14:15:00+00:00,6310.659574385133,-1.0026831588565344,stop_hit,h_ema21,holdout
2025-07-18 04:30:00+00:00,6351.015,6348.433230551883,6356.178538896235,2025-07-18 07:00:00+00:00,6349.735,-0.49578400617219176,trail_exit,h_ema21,holdout
2025-07-18 08:15:00+00:00,6348.765,6345.939577390596,6354.4158452188085,2025-07-18 10:15:00+00:00,6345.924577390596,-1.0053089403158315,stop_hit,h_ema21,holdout
2025-07-18 12:00:00+00:00,6343.265,6340.427214088342,6348.9405718233165,2025-07-18 13:00:00+00:00,6348.925571823316,2.0,scaleout_tier_1,h_ema21,holdout
2025-07-18 12:00:00+00:00,6343.265,6340.427214088342,6351.778357734975,2025-07-18 13:00:00+00:00,6351.763357734974,3.0,scaleout_tier_2,h_ema21,holdout
2025-07-18 15:45:00+00:00,6336.765,6331.137532872648,6348.019934254705,2025-07-18 16:00:00+00:00,6335.735,-0.18303083371102252,trail_exit,h_ema21,holdout
2025-07-18 17:15:00+00:00,6330.265,6323.703566536171,6343.387866927659,2025-07-20 22:00:00+00:00,6335.735,0.8336592956635601,eod_force_close,h_ema21,holdout
2025-07-21 06:15:00+00:00,6345.515,6343.326897547309,6349.891204905382,2025-07-21 07:15:00+00:00,6349.876204905382,2.0,scaleout_tier_1,h_ema21,holdout
2025-07-21 13:30:00+00:00,6345.515,6342.487304052853,6354.598087841443,2025-07-21 13:45:00+00:00,6354.583087841443,3.0,scaleout_tier_2,h_ema21,holdout
2025-07-21 13:30:00+00:00,6345.515,6342.487304052853,6357.6257837885905,2025-07-21 13:45:00+00:00,6357.61078378859,4.0,scaleout_tier_3,h_ema21,holdout
2025-07-21 13:30:00+00:00,6345.515,6342.487304052853,6360.653479735738,2025-07-21 13:45:00+00:00,6360.638479735738,5.0,scaleout_tier_4,h_ema21,holdout
2025-07-21 13:30:00+00:00,6345.515,6342.487304052853,6363.681175682886,2025-07-21 13:45:00+00:00,6363.666175682885,6.0,scaleout_tier_5,h_ema21,holdout
2025-07-21 16:45:00+00:00,6368.015,6363.424365170157,6377.196269659687,2025-07-21 18:45:00+00:00,6363.409365170157,-1.0032675219346165,stop_hit,h_ema21,holdout
2025-07-22 00:15:00+00:00,6350.015,6346.606138716273,6356.832722567456,2025-07-22 03:15:00+00:00,6346.591138716272,-1.004400296389862,stop_hit,h_ema21,holdout
2025-07-22 06:00:00+00:00,6341.765,6339.527857233041,6346.239285533919,2025-07-22 07:15:00+00:00,6346.224285533919,2.0,scaleout_tier_1,h_ema200,holdout
2025-07-22 08:15:00+00:00,6342.765,6339.622857873479,6349.049284253043,2025-07-22 08:30:00+00:00,6339.607857873479,-1.0047738133401796,stop_hit,h_ema21,holdout
2025-07-22 10:15:00+00:00,6339.765,6336.5840856824925,6346.126828635016,2025-07-22 11:45:00+00:00,6346.111828635016,2.0,scaleout_tier_1,h_ema21,holdout
2025-07-22 14:45:00+00:00,6334.265,6327.92972383118,6346.935552337641,2025-07-22 16:15:00+00:00,6327.91472383118,-1.0023676947303657,stop_hit,h_ema21,holdout
2025-07-22 16:45:00+00:00,6331.765,6325.183609113418,6344.9277817731645,2025-07-22 17:15:00+00:00,6344.912781773164,2.0,scaleout_tier_1,h_ema21,holdout
2025-07-22 18:45:00+00:00,6348.515,6341.411139299027,6362.722721401947,2025-07-22 22:00:00+00:00,6346.485,-0.28576010784143796,eod_force_close,h_ema21,holdout
2025-07-23 01:15:00+00:00,6354.015,6348.380545009649,6365.283909980703,2025-07-23 08:00:00+00:00,6365.268909980703,2.0,scaleout_tier_1,h_ema21,holdout
2025-07-23 14:30:00+00:00,6364.015,6358.824540358186,6379.586378925444,2025-07-23 17:30:00+00:00,6379.571378925443,3.0,scaleout_tier_2,h_ema21,holdout
2025-07-24 07:15:00+00:00,6397.515,6394.868270172697,6402.808459654608,2025-07-24 07:45:00+00:00,6394.853270172696,-1.0056673710499602,stop_hit,h_ema21,holdout
2025-07-24 08:15:00+00:00,6398.015,6395.259234157705,6403.526531684592,2025-07-24 10:15:00+00:00,6397.235,-0.2830429160668037,trail_exit,h_ema21,holdout
2025-07-24 11:15:00+00:00,6400.015,6397.236440640358,6405.572118719286,2025-07-24 12:30:00+00:00,6397.221440640357,-1.0053984810323635,stop_hit,h_ema21,holdout
2025-07-24 13:00:00+00:00,6398.265,6394.464537900628,6405.865924198745,2025-07-24 13:45:00+00:00,6405.850924198745,2.0,scaleout_tier_1,h_ema21,holdout
2025-07-24 16:45:00+00:00,6405.765,6400.105790984832,6417.083418030336,2025-07-24 19:45:00+00:00,6400.090790984832,-1.0026505470923806,stop_hit,h_ema21,holdout
2025-07-25 01:30:00+00:00,6415.015,6411.555741769789,6421.933516460423,2025-07-25 04:30:00+00:00,6412.735,-0.6591008384654411,trail_exit,h_ema21,holdout
2025-07-25 09:30:00+00:00,6406.265,6403.383946122039,6412.027107755924,2025-07-25 13:00:00+00:00,6403.368946122038,-1.005206428145988,stop_hit,h_ema21,holdout
2025-07-25 13:30:00+00:00,6405.015,6401.972693785405,6411.099612429191,2025-07-25 14:30:00+00:00,6411.084612429191,2.0,scaleout_tier_1,h_ema21,holdout
2025-07-25 13:30:00+00:00,6405.015,6401.972693785405,6414.141918643787,2025-07-25 14:30:00+00:00,6414.126918643787,3.0,scaleout_tier_2,h_ema21,holdout
2025-07-28 08:00:00+00:00,6446.765,6444.034782678751,6452.225434642499,2025-07-28 08:45:00+00:00,6444.019782678751,-1.0054940681401376,stop_hit,h_ema21,holdout
2025-07-28 12:45:00+00:00,6439.265,6436.14237981167,6445.5102403766605,2025-07-28 13:00:00+00:00,6436.12737981167,-1.0048036581766766,stop_hit,h_ema21,holdout
2025-07-28 14:15:00+00:00,6433.265,6428.977271349972,6441.840457300056,2025-07-28 14:30:00+00:00,6428.962271349972,-1.003498355708734,stop_hit,h_ema21,holdout
2025-07-28 16:30:00+00:00,6427.765,6422.9317097872245,6437.431580425552,2025-07-28 16:45:00+00:00,6422.916709787224,-1.003103475963574,stop_hit,h_ema21,holdout
2025-07-29 01:15:00+00:00,6428.515,6425.51324003316,6434.51851993368,2025-07-29 06:45:00+00:00,6429.235,0.23985928520371266,trail_exit,h_ema21,holdout
2025-07-29 12:00:00+00:00,6438.515,6435.985909900378,6443.573180199245,2025-07-29 12:15:00+00:00,6435.970909900378,-1.0059309868013666,stop_hit,h_ema21,holdout
2025-07-29 16:00:00+00:00,6412.015,6406.096234621144,6423.852530757714,2025-07-29 16:30:00+00:00,6406.081234621143,-1.0025343123168746,stop_hit,h_ema200,holdout
2025-07-29 17:15:00+00:00,6417.265,6411.296385446147,6429.202229107707,2025-07-29 17:30:00+00:00,6411.2813854461465,-1.0025131460349777,stop_hit,h_ema21,holdout
2025-07-29 18:45:00+00:00,6409.515,6403.120785576154,6422.303428847693,2025-07-29 19:30:00+00:00,6403.105785576154,-1.0023458706583857,stop_hit,h_ema21,holdout
2025-07-30 00:15:00+00:00,6411.015,6407.008465268443,6419.028069463116,2025-07-30 07:00:00+00:00,6408.485,-0.6314683809110687,trail_exit,h_ema21,holdout
2025-07-30 07:30:00+00:00,6411.015,6408.366052832787,6416.312894334426,2025-07-30 08:15:00+00:00,6408.485,-0.9550964365448253,trail_exit,h_ema21,holdout
2025-07-30 10:00:00+00:00,6412.515,6409.470842346903,6418.603315306195,2025-07-30 12:00:00+00:00,6409.4558423469025,-1.0049274714747656,stop_hit,h_ema21,holdout
2025-07-30 13:30:00+00:00,6412.015,6408.139354331852,6419.766291336297,2025-07-30 13:45:00+00:00,6408.1243543318515,-1.0038703228531964,stop_hit,h_ema21,holdout
2025-07-30 15:30:00+00:00,6405.265,6399.6604286824795,6416.474142635042,2025-07-30 16:15:00+00:00,6416.459142635042,2.0,scaleout_tier_1,h_ema21,holdout
2025-07-30 17:45:00+00:00,6421.515,6416.208697718937,6432.127604562126,2025-07-30 18:00:00+00:00,6416.193697718937,-1.002826827271763,stop_hit,h_ema21,holdout
2025-07-30 18:30:00+00:00,6420.265,6414.443317743625,6431.908364512751,2025-07-30 18:45:00+00:00,6414.428317743625,-1.0025765748352033,stop_hit,h_ema21,holdout
2025-07-31 07:30:00+00:00,6461.015,6456.989966375432,6469.0650672491365,2025-07-31 09:30:00+00:00,6456.974966375432,-1.0037266769422173,stop_hit,h_ema21,holdout
2025-07-31 10:15:00+00:00,6457.265,6453.372013805888,6465.050972388225,2025-07-31 10:45:00+00:00,6453.357013805888,-1.003853083276538,stop_hit,h_ema21,holdout
2025-07-31 12:15:00+00:00,6454.015,6449.605554377328,6462.833891245345,2025-07-31 13:15:00+00:00,6449.590554377328,-1.0034017881801742,stop_hit,h_ema21,holdout
2025-07-31 14:00:00+00:00,6445.515,6438.5207853274205,6459.50342934516,2025-07-31 14:15:00+00:00,6438.50578532742,-1.0021446296264158,stop_hit,h_ema21,holdout
2025-07-31 16:00:00+00:00,6427.265,6417.665149361901,6446.464701276199,2025-07-31 17:15:00+00:00,6417.650149361901,-1.0015625243106174,stop_hit,h_ema200,holdout
2025-07-31 18:30:00+00:00,6393.765,6380.597075929353,6420.100848141295,2025-07-31 19:15:00+00:00,6380.582075929353,-1.0011391317203722,stop_hit,ema21,holdout
2025-08-01 00:45:00+00:00,6358.015,6346.7660154022915,6380.512969195418,2025-08-01 05:45:00+00:00,6357.485,-0.0471153636487869,trail_exit,ema21,holdout
2025-08-01 09:00:00+00:00,6315.015,6306.752109338438,6331.540781323126,2025-08-01 10:30:00+00:00,6306.737109338437,-1.0018153453330931,stop_hit,ema21,holdout
2025-08-01 11:15:00+00:00,6309.515,6301.278209364929,6325.988581270142,2025-08-01 12:30:00+00:00,6301.263209364929,-1.0018210976416542,stop_hit,ema21,holdout
2025-08-01 13:30:00+00:00,6311.015,6301.243067821098,6330.558864357806,2025-08-01 13:45:00+00:00,6301.228067821097,-1.0015350086068662,stop_hit,ema21,holdout
2025-08-01 15:45:00+00:00,6283.515,6268.251543141324,6314.041913717353,2025-08-01 16:45:00+00:00,6268.236543141324,-1.0009827393715074,stop_hit,donchian_low,holdout
2025-08-01 18:30:00+00:00,6263.265,6248.65664334972,6292.481713300561,2025-08-03 22:00:00+00:00,6256.985,-0.4298909282092435,eod_force_close,donchian_low,holdout
2025-08-04 01:00:00+00:00,6280.265,6271.236939067772,6298.3211218644565,2025-08-04 07:30:00+00:00,6298.306121864456,2.0,scaleout_tier_1,donchian_low,holdout
2025-08-04 08:15:00+00:00,6300.765,6294.76117182565,6312.7726563487,2025-08-04 11:00:00+00:00,6294.74617182565,-1.0024984059444624,stop_hit,ema21,holdout
2025-08-04 13:30:00+00:00,6303.265,6298.313249921601,6313.168500156799,2025-08-04 13:45:00+00:00,6313.153500156799,2.0,scaleout_tier_1,ema21,holdout
2025-08-04 13:30:00+00:00,6303.265,6298.313249921601,6318.120250235199,2025-08-04 13:45:00+00:00,6318.105250235199,3.0,scaleout_tier_2,ema21,holdout
2025-08-04 13:30:00+00:00,6303.265,6298.313249921601,6323.072000313598,2025-08-04 13:45:00+00:00,6323.057000313598,4.0,scaleout_tier_3,ema21,holdout
2025-08-04 13:30:00+00:00,6303.265,6298.313249921601,6328.023750391998,2025-08-04 13:45:00+00:00,6328.008750391998,5.0,scaleout_tier_4,ema21,holdout
2025-08-04 13:30:00+00:00,6303.265,6298.313249921601,6332.9755004703975,2025-08-04 13:45:00+00:00,6332.960500470397,6.0,scaleout_tier_5,ema21,holdout
2025-08-04 16:00:00+00:00,6345.515,6337.220358721624,6362.104282556754,2025-08-04 22:00:00+00:00,6369.985,2.950097439872427,eod_force_close,ema21,holdout
2025-08-05 02:45:00+00:00,6364.765,6360.400172671662,6373.494654656676,2025-08-05 06:30:00+00:00,6373.479654656676,2.0,scaleout_tier_1,ema21,holdout
2025-08-05 08:30:00+00:00,6365.015,6360.498159812222,6374.048680375557,2025-08-05 08:45:00+00:00,6362.985,-0.4494292283117553,trail_exit,ema21,holdout
2025-08-05 10:15:00+00:00,6370.765,6366.639178304432,6379.016643391137,2025-08-05 12:15:00+00:00,6366.624178304432,-1.0036356394209762,stop_hit,ema21,holdout
2025-08-05 13:30:00+00:00,6363.765,6358.82746416567,6373.640071668661,2025-08-05 14:00:00+00:00,6358.81246416567,-1.0030379526354083,stop_hit,ema21,holdout
2025-08-05 16:00:00+00:00,6325.765,6316.792182908006,6343.710634183989,2025-08-05 17:30:00+00:00,6343.695634183989,2.0,scaleout_tier_1,ema21,holdout
2025-08-05 19:15:00+00:00,6334.015,6325.290605991328,6351.463788017344,2025-08-05 19:45:00+00:00,6325.275605991328,-1.0017193171222456,stop_hit,ema21,holdout
2025-08-06 00:15:00+00:00,6322.515,6315.491704856662,6336.561590286677,2025-08-06 02:15:00+00:00,6336.546590286676,2.0,scaleout_tier_1,ema21,holdout
2025-08-06 05:00:00+00:00,6341.265,6336.867874894959,6354.456375315125,2025-08-06 07:00:00+00:00,6354.441375315125,3.0,scaleout_tier_2,ema21,holdout
2025-08-06 11:00:00+00:00,6339.265,6333.969111407778,6349.8567771844455,2025-08-06 11:15:00+00:00,6339.985,0.13595452159940077,trail_exit,ema21,holdout
2025-08-06 12:45:00+00:00,6336.515,6330.764313243973,6348.016373512054,2025-08-06 13:30:00+00:00,6330.749313243973,-1.002608384117707,stop_hit,ema21,holdout
2025-08-06 14:15:00+00:00,6339.265,6331.499924225056,6354.795151549889,2025-08-06 14:30:00+00:00,6331.484924225056,-1.0019317261589034,stop_hit,ema21,holdout
2025-08-07 00:15:00+00:00,6382.265,6376.5077644266385,6393.779471146724,2025-08-07 05:00:00+00:00,6380.735,-0.265752543995213,trail_exit,h_ema21,holdout
2025-08-07 07:15:00+00:00,6390.265,6386.246080176198,6398.302839647605,2025-08-07 08:00:00+00:00,6398.287839647604,2.0,scaleout_tier_1,h_ema21,holdout
2025-08-07 14:00:00+00:00,6409.265,6402.469846045315,6422.855307909372,2025-08-07 14:15:00+00:00,6402.454846045314,-1.0022074555043723,stop_hit,h_ema21,holdout
2025-08-07 19:00:00+00:00,6348.765,6337.505613068317,6371.283773863367,2025-08-07 20:00:00+00:00,6371.268773863367,2.0,scaleout_tier_1,ema21,holdout
2025-08-08 00:15:00+00:00,6380.515,6373.463772397749,6394.617455204502,2025-08-08 05:15:00+00:00,6376.235,-0.6069865052483003,trail_exit,h_ema21,holdout
2025-08-08 06:15:00+00:00,6374.265,6370.119882296123,6382.5552354077545,2025-08-08 09:00:00+00:00,6382.540235407754,2.0,scaleout_tier_1,ema21,holdout
2025-08-08 10:45:00+00:00,6385.765,6382.438389571319,6392.418220857363,2025-08-08 12:15:00+00:00,6382.423389571319,-1.0045090942633381,stop_hit,h_ema21,holdout
2025-08-08 16:00:00+00:00,6406.015,6398.786505652973,6420.471988694056,2025-08-08 20:00:00+00:00,6420.456988694055,2.0,scaleout_tier_1,h_ema21,holdout
2025-08-11 01:15:00+00:00,6423.515,6418.966640276333,6432.6117194473345,2025-08-11 04:30:00+00:00,6420.985,-0.5562444823429349,trail_exit,h_ema21,holdout
2025-08-11 05:00:00+00:00,6421.515,6418.376085588533,6427.792828822935,2025-08-11 06:45:00+00:00,6427.777828822935,2.0,scaleout_tier_1,h_ema21,holdout
2025-08-11 08:45:00+00:00,6415.515,6411.7337219135,6423.0775561730015,2025-08-11 09:00:00+00:00,6416.485,0.25652702017931567,trail_exit,h_ema21,holdout
2025-08-11 11:45:00+00:00,6423.015,6419.758497851953,6429.528004296096,2025-08-11 12:30:00+00:00,6419.743497851952,-1.004606169232629,stop_hit,h_ema21,holdout
2025-08-11 16:00:00+00:00,6420.265,6415.013516937295,6430.767966125411,2025-08-11 16:30:00+00:00,6414.998516937295,-1.0028563359761844,stop_hit,h_ema21,holdout
2025-08-11 19:00:00+00:00,6406.265,6399.312108372411,6420.170783255179,2025-08-11 19:45:00+00:00,6399.297108372411,-1.0021573757802877,stop_hit,h_ema21,holdout
2025-08-12 02:45:00+00:00,6405.015,6401.018098876916,6413.008802246169,2025-08-12 05:00:00+00:00,6401.003098876916,-1.0037529074496476,stop_hit,h_ema21,holdout
2025-08-12 06:00:00+00:00,6401.015,6396.3978840886575,6410.249231822686,2025-08-12 06:15:00+00:00,6410.234231822686,2.0,scaleout_tier_1,h_ema21,holdout
2025-08-12 12:00:00+00:00,6398.265,6394.022763176655,6410.991710470037,2025-08-12 12:30:00+00:00,6410.976710470037,3.0,scaleout_tier_2,h_ema21,holdout
2025-08-12 12:00:00+00:00,6398.265,6394.022763176655,6415.233947293383,2025-08-12 12:30:00+00:00,6415.218947293382,4.0,scaleout_tier_3,h_ema21,holdout
2025-08-12 12:00:00+00:00,6398.265,6394.022763176655,6419.476184116728,2025-08-12 12:30:00+00:00,6419.461184116728,5.0,scaleout_tier_4,h_ema21,holdout
2025-08-12 12:00:00+00:00,6398.265,6394.022763176655,6423.718420940074,2025-08-12 12:30:00+00:00,6423.703420940074,6.0,scaleout_tier_5,h_ema21,holdout
2025-08-12 12:00:00+00:00,6398.265,6394.022763176655,6427.9606577634195,2025-08-12 12:30:00+00:00,6427.945657763419,7.0,scaleout_tier_6,h_ema21,holdout
2025-08-12 12:00:00+00:00,6398.265,6394.022763176655,6432.202894586765,2025-08-12 12:30:00+00:00,6432.187894586765,8.0,scaleout_tier_7,h_ema21,holdout
2025-08-13 04:15:00+00:00,6468.265,6465.533124950366,6473.728750099269,2025-08-13 06:00:00+00:00,6465.518124950366,-1.0054907342860853,stop_hit,h_ema21,holdout
2025-08-13 11:00:00+00:00,6481.015,6477.704613286567,6487.635773426867,2025-08-13 13:15:00+00:00,6487.620773426866,2.0,scaleout_tier_1,h_ema21,holdout
2025-08-13 15:30:00+00:00,6476.765,6470.864337404059,6488.566325191882,2025-08-13 15:45:00+00:00,6474.235,-0.42876540708174565,trail_exit,h_ema21,holdout
2025-08-13 17:30:00+00:00,6476.515,6469.948531398091,6489.647937203818,2025-08-13 17:45:00+00:00,6469.933531398091,-1.0022843328598217,stop_hit,h_ema21,holdout
2025-08-14 02:00:00+00:00,6484.265,6480.390792707618,6492.013414584765,2025-08-29 04:00:00+00:00,6491.998414584765,2.0,scaleout_tier_1,h_ema21,holdout
2025-08-14 02:00:00+00:00,6484.265,6480.390792707618,6495.8876218771475,2025-08-29 04:00:00+00:00,6495.872621877147,3.0,scaleout_tier_2,h_ema21,holdout
2025-08-14 02:00:00+00:00,6484.265,6480.390792707618,6499.76182916953,2025-08-29 04:00:00+00:00,6499.7468291695295,4.0,scaleout_tier_3,h_ema21,holdout
2025-08-14 02:00:00+00:00,6484.265,6480.390792707618,6503.636036461912,2025-08-29 04:00:00+00:00,6503.621036461912,5.0,scaleout_tier_4,h_ema21,holdout
2025-08-14 02:00:00+00:00,6484.265,6480.390792707618,6507.510243754295,2025-08-29 04:00:00+00:00,6507.495243754294,6.0,scaleout_tier_5,h_ema21,holdout
2025-08-29 09:15:00+00:00,6495.265,6491.349993606481,6503.095012787039,2025-08-29 09:30:00+00:00,6495.985,0.18390774564025528,trail_exit,h_ema21,holdout
2025-08-29 12:45:00+00:00,6499.015,6495.048806944567,6506.947386110866,2025-08-29 13:30:00+00:00,6495.033806944567,-1.0037819641632875,stop_hit,h_ema21,holdout
2025-08-29 15:15:00+00:00,6468.015,6460.14980328643,6483.745393427141,2025-08-29 17:15:00+00:00,6460.13480328643,-1.0019071360255296,stop_hit,h_ema21,holdout
2025-08-29 17:45:00+00:00,6467.515,6460.194498035338,6482.1560039293245,2025-08-31 22:00:00+00:00,6478.735,1.5326817825008647,eod_force_close,h_ema21,holdout
2025-09-01 03:15:00+00:00,6478.265,6473.982291530957,6486.830416938087,2025-09-01 03:30:00+00:00,6473.967291530957,-1.003502456473223,stop_hit,h_ema21,holdout
2025-09-01 06:45:00+00:00,6472.765,6467.8304102664315,6482.634179467138,2025-09-01 08:30:00+00:00,6482.619179467138,2.0,scaleout_tier_1,h_ema21,holdout
2025-09-01 10:15:00+00:00,6480.515,6476.281323058911,6488.982353882179,2025-09-01 11:15:00+00:00,6476.2663230589105,-1.0035430195097663,stop_hit,h_ema21,holdout
2025-09-01 13:00:00+00:00,6474.265,6470.608634425575,6481.577731148852,2025-09-01 13:30:00+00:00,6470.593634425574,-1.004102434424294,stop_hit,h_ema21,holdout
2025-09-01 15:30:00+00:00,6481.765,6478.411572772472,6488.471854455057,2025-09-01 22:00:00+00:00,6480.735,-0.3071484574185418,eod_force_close,h_ema21,holdout
2025-09-02 05:30:00+00:00,6466.015,6462.93620461697,6472.172590766061,2025-09-02 07:00:00+00:00,6462.92120461697,-1.004872035369094,stop_hit,h_ema21,holdout
2025-09-02 09:30:00+00:00,6443.015,6436.419499874397,6456.206000251207,2025-09-02 10:15:00+00:00,6436.404499874397,-1.0022742778735,stop_hit,ema21,holdout
2025-09-02 14:00:00+00:00,6414.015,6404.472568838383,6433.099862323234,2025-09-02 14:30:00+00:00,6404.457568838383,-1.001571926456296,stop_hit,ema21,holdout
2025-09-02 17:00:00+00:00,6392.265,6382.10642607223,6412.582147855542,2025-09-02 19:15:00+00:00,6412.567147855541,2.0,scaleout_tier_1,ema21,holdout
2025-09-03 03:15:00+00:00,6431.515,6427.294901736451,6439.955196527099,2025-09-03 03:30:00+00:00,6427.2799017364505,-1.0035544196043698,stop_hit,ema21,holdout
2025-09-03 04:30:00+00:00,6431.765,6427.944367795844,6439.406264408312,2025-09-03 05:00:00+00:00,6427.929367795844,-1.0039260518151971,stop_hit,ema21,holdout
2025-09-03 06:15:00+00:00,6431.265,6427.580516187914,6438.633967624172,2025-09-03 07:45:00+00:00,6438.618967624172,2.0,scaleout_tier_1,ema21,holdout
2025-09-03 06:15:00+00:00,6431.265,6427.580516187914,6442.318451436258,2025-09-03 07:45:00+00:00,6442.303451436258,3.0,scaleout_tier_2,ema21,holdout
2025-09-03 09:30:00+00:00,6453.265,6448.300593762456,6463.1938124750895,2025-09-03 12:30:00+00:00,6448.285593762455,-1.0030215093774733,stop_hit,h_ema200,holdout
2025-09-03 13:15:00+00:00,6450.765,6445.543135179094,6461.208729641813,2025-09-03 13:45:00+00:00,6445.528135179094,-1.0028725370178624,stop_hit,h_ema21,holdout
2025-09-03 16:30:00+00:00,6446.265,6438.190741491121,6462.413517017759,2025-09-03 16:45:00+00:00,6438.175741491121,-1.001857755728756,stop_hit,h_ema21,holdout
2025-09-03 17:15:00+00:00,6447.265,6439.113616638481,6463.567766723038,2025-09-03 17:30:00+00:00,6439.098616638481,-1.0018401784500945,stop_hit,ema21,holdout
2025-09-04 06:45:00+00:00,6464.265,6460.457600088033,6471.879799823934,2025-09-04 07:00:00+00:00,6460.442600088033,-1.0039396964719103,stop_hit,h_ema21,holdout
2025-09-04 08:30:00+00:00,6468.765,6464.515311073979,6477.264377852042,2025-09-04 11:45:00+00:00,6464.500311073979,-1.0035296701150247,stop_hit,h_ema21,holdout
2025-09-04 13:00:00+00:00,6465.015,6460.575525458998,6473.893949082006,2025-09-04 14:00:00+00:00,6460.560525458997,-1.0033787782454406,stop_hit,h_ema21,holdout
2025-09-04 14:30:00+00:00,6470.015,6463.53271670661,6482.979566586781,2025-09-04 15:15:00+00:00,6482.964566586781,2.0,scaleout_tier_1,h_ema21,holdout
2025-09-05 08:15:00+00:00,6524.015,6520.802008303529,6530.440983392943,2025-09-05 11:30:00+00:00,6520.787008303529,-1.0046685461455755,stop_hit,h_ema21,holdout
2025-09-05 12:45:00+00:00,6526.765,6521.539477718225,6537.216044563552,2025-09-05 13:00:00+00:00,6537.2010445635515,2.0,scaleout_tier_1,h_ema21,holdout
2025-09-05 13:45:00+00:00,6540.015,6534.055383124485,6551.934233751031,2025-09-05 14:00:00+00:00,6534.040383124485,-1.0025169403190923,stop_hit,h_ema21,holdout
2025-09-05 16:15:00+00:00,6485.265,6473.28016211103,6509.2346757779405,2025-09-05 16:30:00+00:00,6473.26516211103,-1.0012515813846872,stop_hit,ema21,holdout
2025-09-08 01:45:00+00:00,6502.765,6497.487120480352,6513.320759039297,2025-09-08 02:15:00+00:00,6497.472120480352,-1.0028420504758562,stop_hit,h_ema21,holdout
2025-09-08 05:15:00+00:00,6495.765,6492.142101821699,6503.010796356603,2025-09-08 07:30:00+00:00,6502.995796356603,2.0,scaleout_tier_1,h_ema21,holdout
2025-09-08 05:15:00+00:00,6495.765,6492.142101821699,6506.633694534905,2025-09-08 07:30:00+00:00,6506.6186945349045,3.0,scaleout_tier_2,h_ema21,holdout
2025-09-08 12:30:00+00:00,6499.515,6495.970748196686,6506.603503606629,2025-09-08 14:15:00+00:00,6495.955748196686,-1.0042322049427472,stop_hit,h_ema21,holdout
2025-09-08 18:15:00+00:00,6497.515,6490.810336509241,6510.924326981519,2025-09-08 22:00:00+00:00,6507.735,1.5243121469235796,eod_force_close,h_ema21,holdout
2025-09-09 09:15:00+00:00,6514.265,6510.940503596976,6520.9139928060495,2025-09-09 10:30:00+00:00,6510.925503596975,-1.0045119615670755,stop_hit,h_ema21,holdout
2025-09-09 11:45:00+00:00,6511.015,6507.947801548289,6517.149396903423,2025-09-09 13:00:00+00:00,6507.932801548289,-1.004890456302871,stop_hit,h_ema21,holdout
2025-09-09 13:45:00+00:00,6510.515,6506.549424375441,6518.446151249119,2025-09-09 14:00:00+00:00,6506.534424375441,-1.0037825530062852,stop_hit,h_ema21,holdout
2025-09-09 15:30:00+00:00,6504.765,6498.3665935160225,6517.561812967956,2025-09-09 15:45:00+00:00,6498.351593516022,-1.0023443337083833,stop_hit,h_ema21,holdout
2025-09-10 01:30:00+00:00,6534.765,6530.438395042109,6543.418209915783,2025-09-10 08:15:00+00:00,6535.735,0.22419426072863785,trail_exit,h_ema21,holdout
2025-09-10 09:45:00+00:00,6533.515,6530.372082751558,6539.800834496885,2025-09-10 10:45:00+00:00,6539.7858344968845,2.0,scaleout_tier_1,h_ema21,holdout
2025-09-10 11:45:00+00:00,6545.015,6541.969774401638,6551.105451196726,2025-09-10 12:00:00+00:00,6541.954774401637,-1.0049257434353607,stop_hit,h_ema21,holdout
2025-09-10 12:45:00+00:00,6555.765,6550.9405404437,6565.4139191126005,2025-09-10 13:30:00+00:00,6550.9255404437,-1.0031091565439159,stop_hit,h_ema21,holdout
2025-09-10 15:45:00+00:00,6550.015,6543.364136534236,6563.316726931528,2025-09-10 16:15:00+00:00,6543.349136534236,-1.0022553462535415,stop_hit,h_ema21,holdout
2025-09-10 17:00:00+00:00,6546.015,6539.4465100315465,6559.151979936908,2025-09-10 17:15:00+00:00,6539.431510031546,-1.0022836298863769,stop_hit,h_ema21,holdout
2025-09-10 19:00:00+00:00,6536.265,6529.566087689901,6549.662824620199,2025-09-10 19:15:00+00:00,6529.551087689901,-1.002239169480949,stop_hit,h_ema21,holdout
2025-09-11 00:45:00+00:00,6544.765,6540.053047470764,6554.188905058473,2025-09-11 04:30:00+00:00,6540.038047470764,-1.003183393700861,stop_hit,h_ema21,holdout
2025-09-11 05:30:00+00:00,6540.765,6537.749620329028,6546.795759341944,2025-09-11 06:45:00+00:00,6546.780759341944,2.0,scaleout_tier_1,h_ema21,holdout
2025-09-11 12:30:00+00:00,6555.015,6552.210151448562,6560.624697102877,2025-09-11 12:45:00+00:00,6552.195151448562,-1.005347882327777,stop_hit,h_ema21,holdout
2025-09-11 13:30:00+00:00,6557.765,6552.57570310606,6568.1435937878805,2025-09-11 13:45:00+00:00,6552.56070310606,-1.0028905650046434,stop_hit,h_ema21,holdout
2025-09-12 02:45:00+00:00,6589.265,6586.624038721284,6594.546922557433,2025-09-12 06:15:00+00:00,6588.485,-0.2953470034894731,trail_exit,h_ema21,holdout
2025-09-12 07:00:00+00:00,6589.015,6586.481249212994,6594.082501574013,2025-09-12 07:30:00+00:00,6586.466249212994,-1.005920077095684,stop_hit,h_ema21,holdout
2025-09-12 09:00:00+00:00,6583.015,6579.791031434862,6589.462937130277,2025-09-12 12:45:00+00:00,6589.447937130277,2.0,scaleout_tier_1,h_ema21,holdout
2025-09-12 15:00:00+00:00,6597.765,6593.384548063121,6606.5259038737595,2025-09-12 15:15:00+00:00,6593.36954806312,-1.0034243042079838,stop_hit,h_ema21,holdout
2025-09-12 17:00:00+00:00,6594.515,6589.853045687624,6603.838908624753,2025-09-12 19:30:00+00:00,6589.838045687624,-1.0032175347494305,stop_hit,h_ema21,holdout
2025-09-15 01:00:00+00:00,6588.765,6585.374576701717,6595.545846596567,2025-09-15 05:45:00+00:00,6595.530846596566,2.0,scaleout_tier_1,h_ema21,holdout
2025-09-15 06:45:00+00:00,6598.765,6596.584414733909,6603.126170532182,2025-09-15 08:00:00+00:00,6596.569414733909,-1.0068788871655625,stop_hit,h_ema21,holdout
2025-09-15 08:45:00+00:00,6594.515,6591.193134664552,6601.158730670896,2025-09-15 09:15:00+00:00,6591.178134664552,-1.0045155352446895,stop_hit,h_ema21,holdout
2025-09-15 10:00:00+00:00,6594.515,6591.361807978085,6600.82138404383,2025-09-15 11:45:00+00:00,6600.80638404383,2.0,scaleout_tier_1,h_ema21,holdout
2025-09-15 17:45:00+00:00,6616.015,6610.998552708948,6626.047894582104,2025-09-15 18:30:00+00:00,6610.983552708948,-1.0029901639806091,stop_hit,h_ema21,holdout
2025-09-15 19:00:00+00:00,6612.515,6607.12854222936,6623.28791554128,2025-09-15 22:00:00+00:00,6673.235,11.272714385874695,eod_force_close,h_ema21,holdout
2025-09-16 13:30:00+00:00,6685.015,6681.886830769255,6691.271338461492,2025-09-16 13:45:00+00:00,6681.871830769254,-1.004795136993516,stop_hit,h_ema21,holdout
2025-09-16 17:15:00+00:00,6672.015,6667.4600877835355,6681.12482443293,2025-09-16 19:30:00+00:00,6667.445087783535,-1.0032931479878155,stop_hit,h_ema21,holdout
2025-09-17 01:00:00+00:00,6672.015,6669.040453469533,6677.964093060936,2025-09-17 01:30:00+00:00,6669.025453469532,-1.0050427854621486,stop_hit,h_ema21,holdout
2025-09-17 04:45:00+00:00,6666.015,6663.838409693428,6670.368180613145,2025-09-17 05:00:00+00:00,6663.8234096934275,-1.0068915128194005,stop_hit,h_ema21,holdout
2025-09-17 06:00:00+00:00,6665.265,6663.11897314977,6669.557053700461,2025-09-17 07:15:00+00:00,6669.542053700461,2.0,scaleout_tier_1,h_ema21,holdout
2025-09-17 06:00:00+00:00,6665.265,6663.11897314977,6671.703080550692,2025-09-17 07:15:00+00:00,6671.688080550692,3.0,scaleout_tier_2,h_ema21,holdout
2025-09-17 09:00:00+00:00,6665.765,6661.997803273763,6673.299393452476,2025-09-17 10:30:00+00:00,6661.982803273762,-1.0039817405594604,stop_hit,h_ema21,holdout
2025-09-17 11:15:00+00:00,6665.515,6661.873995196804,6672.797009606394,2025-09-17 11:30:00+00:00,6661.858995196803,-1.0041197418875025,stop_hit,h_ema21,holdout
2025-09-17 12:00:00+00:00,6663.015,6659.373313574118,6670.298372851766,2025-09-17 14:00:00+00:00,6663.235,0.06041157152788702,trail_exit,h_ema21,holdout
2025-09-17 15:00:00+00:00,6661.765,6657.058249673762,6671.178500652478,2025-09-17 15:15:00+00:00,6657.043249673761,-1.003186912192199,stop_hit,h_ema21,holdout
2025-09-17 15:45:00+00:00,6661.015,6656.0748649902525,6670.895270019496,2025-09-17 16:15:00+00:00,6656.059864990252,-1.0030363542637457,stop_hit,h_ema21,holdout
2025-09-17 17:15:00+00:00,6654.765,6649.826934244519,6664.641131510963,2025-09-17 17:45:00+00:00,6664.626131510962,2.0,scaleout_tier_1,h_ema21,holdout
2025-09-17 18:30:00+00:00,6672.765,6663.190965095366,6691.9130698092695,2025-09-17 18:45:00+00:00,6663.175965095365,-1.0015667375510682,stop_hit,h_ema21,holdout
2025-09-18 01:15:00+00:00,6682.265,6675.055540421978,6696.683919156046,2025-09-18 06:00:00+00:00,6682.485,0.030515463415592622,trail_exit,h_ema21,holdout
2025-09-18 06:45:00+00:00,6687.265,6683.12292637314,6695.549147253721,2025-09-18 07:45:00+00:00,6695.53414725372,2.0,scaleout_tier_1,h_ema21,holdout
2025-09-18 12:30:00+00:00,6710.515,6705.423195928299,6720.698608143403,2025-09-18 12:45:00+00:00,6705.4081959282985,-1.0029459106809888,stop_hit,h_ema21,holdout
2025-09-18 14:00:00+00:00,6688.765,6680.731547212269,6704.831905575463,2025-09-18 14:15:00+00:00,6704.816905575462,2.0,scaleout_tier_1,h_ema21,holdout
2025-09-18 19:00:00+00:00,6701.265,6693.112565439051,6717.5698691218995,2025-09-18 19:30:00+00:00,6693.09756543905,-1.001839941171951,stop_hit,h_ema21,holdout
2025-09-19 01:00:00+00:00,6696.515,6691.319503621847,6706.905992756308,2025-09-19 04:00:00+00:00,6691.985,-0.8719089900723844,trail_exit,h_ema21,holdout
2025-09-19 06:45:00+00:00,6689.515,6685.035215558395,6698.474568883211,2025-09-19 07:00:00+00:00,6685.020215558395,-1.0033483753952572,stop_hit,h_ema21,holdout
2025-09-19 07:30:00+00:00,6688.765,6683.861087311149,6698.572825377702,2025-09-19 11:45:00+00:00,6698.557825377702,2.0,scaleout_tier_1,h_ema21,holdout
2025-09-19 15:45:00+00:00,6694.515,6688.021699672319,6713.994900983043,2025-09-19 18:45:00+00:00,6713.979900983043,3.0,scaleout_tier_2,h_ema21,holdout
2025-09-22 00:15:00+00:00,6718.515,6714.177891033258,6727.189217933485,2025-09-22 00:45:00+00:00,6714.162891033257,-1.0034585250486785,stop_hit,h_ema21,holdout
2025-09-22 01:15:00+00:00,6715.765,6711.394446865912,6724.506106268177,2025-09-22 06:00:00+00:00,6711.379446865912,-1.0034320598652227,stop_hit,h_ema21,holdout
2025-09-22 08:15:00+00:00,6708.265,6704.354722030695,6716.085555938612,2025-09-22 08:45:00+00:00,6704.339722030694,-1.0038360444239698,stop_hit,h_ema21,holdout
2025-09-22 09:30:00+00:00,6703.015,6698.933459220753,6711.178081558494,2025-09-22 12:00:00+00:00,6698.918459220753,-1.0036750827228278,stop_hit,h_ema21,holdout
2025-09-22 12:45:00+00:00,6702.265,6698.158164983631,6710.4786700327395,2025-09-22 13:45:00+00:00,6710.463670032739,2.0,scaleout_tier_1,h_ema21,holdout
2025-09-22 12:45:00+00:00,6702.265,6698.158164983631,6714.585505049109,2025-09-22 13:45:00+00:00,6714.570505049109,3.0,scaleout_tier_2,h_ema21,holdout
2025-09-23 01:15:00+00:00,6751.015,6747.847476857703,6757.350046284594,2025-09-23 04:30:00+00:00,6747.832476857703,-1.0047355612970992,stop_hit,h_ema21,holdout
2025-09-23 07:00:00+00:00,6753.265,6750.681245159502,6758.432509680996,2025-09-23 07:15:00+00:00,6750.666245159502,-1.005805504363346,stop_hit,h_ema21,holdout
2025-09-23 07:45:00+00:00,6750.765,6747.842073839442,6756.610852321118,2025-09-23 10:30:00+00:00,6747.827073839441,-1.0051318436307881,stop_hit,h_ema21,holdout
2025-09-23 11:00:00+00:00,6749.015,6746.398128854912,6754.248742290177,2025-09-23 11:15:00+00:00,6746.383128854912,-1.0057320361487734,stop_hit,h_ema21,holdout
2025-09-23 15:15:00+00:00,6746.515,6742.281445735945,6754.98210852811,2025-09-23 15:30:00+00:00,6742.266445735945,-1.003543122176958,stop_hit,h_ema21,holdout
2025-09-24 00:30:00+00:00,6718.265,6713.777939626111,6727.2391207477785,2025-09-24 01:15:00+00:00,6713.762939626111,-1.0033429458822563,stop_hit,h_ema21,holdout
2025-09-24 06:45:00+00:00,6725.515,6723.174393682978,6730.196212634045,2025-09-24 07:00:00+00:00,6723.159393682978,-1.006408595880152,stop_hit,h_ema21,holdout
2025-09-24 07:45:00+00:00,6721.015,6717.798422089221,6727.448155821558,2025-09-24 11:00:00+00:00,6727.433155821558,2.0,scaleout_tier_1,h_ema21,holdout
2025-09-24 13:00:00+00:00,6726.765,6723.594465642969,6733.1060687140625,2025-09-24 13:15:00+00:00,6723.579465642969,-1.0047310636981628,stop_hit,h_ema21,holdout
2025-09-24 14:45:00+00:00,6714.765,6709.722198738017,6724.850602523967,2025-09-24 15:00:00+00:00,6709.707198738017,-1.0029745372107781,stop_hit,h_ema21,holdout
2025-09-24 18:45:00+00:00,6689.515,6682.331948448726,6703.88110310255,2025-09-24 22:00:00+00:00,6697.235,1.074752136315843,eod_force_close,h_ema21,holdout
2025-09-25 05:30:00+00:00,6699.015,6696.515914132821,6704.013171734358,2025-09-25 05:45:00+00:00,6696.500914132821,-1.0060021947214082,stop_hit,h_ema21,holdout
2025-09-25 07:30:00+00:00,6692.265,6688.691826503195,6699.41134699361,2025-09-25 08:45:00+00:00,6688.676826503195,-1.0041979489699395,stop_hit,h_ema21,holdout
2025-09-25 09:15:00+00:00,6690.265,6686.544740725551,6697.7055185489,2025-09-25 09:45:00+00:00,6686.52974072555,-1.0040319770461552,stop_hit,h_ema21,holdout
2025-09-25 14:15:00+00:00,6660.765,6650.95301884719,6680.388962305621,2025-09-25 17:15:00+00:00,6650.93801884719,-1.0015287432544682,stop_hit,ema21,holdout
2025-09-25 18:30:00+00:00,6650.515,6639.044447233655,6673.456105532691,2025-09-25 22:00:00+00:00,6662.735,1.0653366275296476,eod_force_close,ema21,holdout
2025-09-26 00:15:00+00:00,6662.265,6655.542950448488,6675.7090991030245,2025-09-26 03:00:00+00:00,6655.527950448488,-1.002231462277298,stop_hit,h_ema21,holdout
2025-09-26 07:15:00+00:00,6670.265,6665.679747297857,6679.435505404287,2025-09-26 08:45:00+00:00,6665.664747297857,-1.0032713573219891,stop_hit,h_ema21,holdout
2025-09-26 11:00:00+00:00,6659.265,6654.44335671142,6668.908286577161,2025-09-26 12:15:00+00:00,6668.89328657716,2.0,scaleout_tier_1,h_ema21,holdout
2025-09-26 15:30:00+00:00,6677.765,6665.621174862757,6702.052650274488,2025-09-26 15:45:00+00:00,6665.606174862756,-1.001235195651354,stop_hit,h_ema21,holdout
2025-09-26 18:30:00+00:00,6696.515,6686.634515831858,6716.275968336285,2025-09-28 22:00:00+00:00,6696.985,0.04756851911313969,eod_force_close,h_ema21,holdout
2025-09-29 06:15:00+00:00,6718.015,6715.248247085184,6723.5485058296335,2025-09-29 07:15:00+00:00,6723.533505829633,2.0,scaleout_tier_1,h_ema21,holdout
2025-09-29 16:15:00+00:00,6715.265,6708.581150007117,6728.632699985767,2025-09-29 16:30:00+00:00,6708.566150007116,-1.0022442155368985,stop_hit,h_ema21,holdout
2025-09-29 18:00:00+00:00,6707.265,6700.919709161799,6719.955581676403,2025-09-29 19:15:00+00:00,6700.904709161799,-1.002363957836262,stop_hit,h_ema200,holdout
2025-09-30 03:30:00+00:00,6715.015,6711.323462205001,6722.398075589998,2025-09-30 04:15:00+00:00,6711.308462205001,-1.0040633472642886,stop_hit,h_ema21,holdout
2025-09-30 08:00:00+00:00,6702.265,6697.780924689203,6711.233150621595,2025-09-30 10:15:00+00:00,6697.765924689203,-1.0033451712918844,stop_hit,h_ema21,holdout
2025-09-30 10:45:00+00:00,6700.015,6695.779391886857,6708.486216226286,2025-09-30 12:30:00+00:00,6708.471216226286,2.0,scaleout_tier_1,h_ema21,holdout
2025-09-30 15:00:00+00:00,6709.515,6702.445300575829,6723.654398848344,2025-09-30 15:15:00+00:00,6702.430300575828,-1.0021217309393724,stop_hit,h_ema21,holdout
2025-09-30 16:00:00+00:00,6707.265,6699.2883773622,6723.2182452756015,2025-09-30 17:00:00+00:00,6699.273377362199,-1.0018804951270033,stop_hit,h_ema21,holdout
2025-10-01 04:00:00+00:00,6708.515,6704.07086708637,6717.403265827262,2025-10-01 05:45:00+00:00,6704.055867086369,-1.0033752365853688,stop_hit,h_ema50,holdout
2025-10-01 08:45:00+00:00,6697.765,6692.179777276565,6708.935445446871,2025-10-01 11:30:00+00:00,6708.920445446871,2.0,scaleout_tier_1,h_ema21,holdout
2025-10-02 06:45:00+00:00,6768.265,6765.179572568875,6774.43585486225,2025-10-02 07:00:00+00:00,6765.164572568875,-1.0048615630525,stop_hit,h_ema21,holdout
2025-10-02 11:15:00+00:00,6775.515,6772.03894326933,6782.467113461341,2025-10-02 13:30:00+00:00,6772.02394326933,-1.0043152345207653,stop_hit,h_ema21,holdout
2025-10-02 14:00:00+00:00,6768.265,6763.603363923133,6777.5882721537355,2025-10-02 14:15:00+00:00,6763.588363923132,-1.003217754400598,stop_hit,h_ema21,holdout
2025-10-02 16:00:00+00:00,6757.515,6750.632427625089,6771.280144749823,2025-10-02 16:30:00+00:00,6750.617427625089,-1.0021794176919963,stop_hit,h_ema200,holdout
2025-10-02 17:00:00+00:00,6758.515,6751.707630685135,6772.129738629731,2025-10-02 22:00:00+00:00,6764.735,0.9137156678743193,eod_force_close,h_ema21,holdout
2025-10-03 09:00:00+00:00,6784.515,6781.991745308999,6789.561509382002,2025-10-03 10:30:00+00:00,6781.976745308999,-1.0059447031065962,stop_hit,h_ema21,holdout
2025-10-03 11:45:00+00:00,6778.015,6774.876916871423,6784.291166257154,2025-10-03 12:00:00+00:00,6774.861916871423,-1.004779988096469,stop_hit,h_ema21,holdout
2025-10-03 13:45:00+00:00,6781.015,6776.398295793982,6790.248408412038,2025-10-03 14:00:00+00:00,6776.383295793981,-1.0032490710539288,stop_hit,h_ema21,holdout
2025-10-03 14:30:00+00:00,6786.515,6780.94023719365,6797.6645256127,2025-10-03 15:45:00+00:00,6797.6495256127,2.0,scaleout_tier_1,h_ema21,holdout
2025-10-03 18:30:00+00:00,6778.265,6769.343329001655,6796.108341996692,2025-10-03 18:45:00+00:00,6769.328329001654,-1.0016812993892186,stop_hit,h_ema21,holdout
2025-10-06 01:00:00+00:00,6777.765,6772.615230289609,6788.064539420783,2025-10-06 07:30:00+00:00,6772.600230289609,-1.0029127516071368,stop_hit,h_ema21,holdout
2025-10-06 13:15:00+00:00,6786.015,6781.9724412334035,6794.100117533194,2025-10-06 13:30:00+00:00,6781.957441233403,-1.00371052119867,stop_hit,h_ema21,holdout
2025-10-06 14:30:00+00:00,6777.265,6771.6299887842015,6788.535022431598,2025-10-06 15:45:00+00:00,6788.520022431598,2.0,scaleout_tier_1,h_ema21,holdout
2025-10-06 16:30:00+00:00,6790.765,6785.224015303603,6801.8469693927955,2025-10-06 22:00:00+00:00,6789.485,-0.23100587172399822,eod_force_close,h_ema21,holdout
2025-10-07 02:00:00+00:00,6780.015,6776.416882529728,6787.211234940544,2025-10-07 06:15:00+00:00,6777.735,-0.6336646923949137,trail_exit,h_ema21,holdout
2025-10-07 06:45:00+00:00,6778.765,6775.794975578458,6784.705048843084,2025-10-07 08:15:00+00:00,6775.779975578458,-1.00505046352196,stop_hit,h_ema21,holdout
2025-10-07 08:45:00+00:00,6779.265,6775.8382531048655,6786.11849379027,2025-10-07 09:45:00+00:00,6786.10349379027,2.0,scaleout_tier_1,h_ema21,holdout
2025-10-07 12:00:00+00:00,6791.515,6788.47848288085,6797.588034238302,2025-10-07 14:00:00+00:00,6790.985,-0.17454207541201203,trail_exit,h_ema21,holdout
2025-10-07 16:30:00+00:00,6754.515,6746.714968439076,6770.115063121849,2025-10-07 22:00:00+00:00,6765.985,1.4705068704414606,eod_force_close,h_ema200,holdout
2025-10-08 03:30:00+00:00,6771.515,6767.919794788105,6778.705410423791,2025-10-08 05:00:00+00:00,6767.9047947881045,-1.0041722235912145,stop_hit,h_ema21,holdout
2025-10-08 07:00:00+00:00,6763.765,6760.6184616963765,6770.058076607248,2025-10-08 07:45:00+00:00,6770.043076607248,2.0,scaleout_tier_1,h_ema21,holdout
2025-10-08 08:45:00+00:00,6774.015,6770.784822541085,6780.47535491783,2025-10-08 09:00:00+00:00,6770.769822541085,-1.0046437077191932,stop_hit,h_ema21,holdout
2025-10-08 09:45:00+00:00,6771.515,6767.986584797895,6778.57183040421,2025-10-08 10:00:00+00:00,6767.971584797895,-1.0042512003664927,stop_hit,h_ema21,holdout
2025-10-08 14:00:00+00:00,6773.515,6768.558058649678,6783.428882700645,2025-10-08 14:15:00+00:00,6783.4138827006445,2.0,scaleout_tier_1,h_ema21,holdout
2025-10-08 14:00:00+00:00,6773.515,6768.558058649678,6788.385824050967,2025-10-08 14:15:00+00:00,6788.370824050967,3.0,scaleout_tier_2,h_ema21,holdout
2025-10-08 19:15:00+00:00,6797.515,6792.5132124132715,6807.518575173458,2025-10-08 22:00:00+00:00,6802.735,1.0436268852858728,eod_force_close,h_ema21,holdout
2025-10-09 03:15:00+00:00,6796.765,6793.452042514237,6803.390914971526,2025-10-09 05:15:00+00:00,6803.375914971526,2.0,scaleout_tier_1,h_ema50,holdout
2025-10-09 06:00:00+00:00,6805.015,6802.125967855221,6810.79306428956,2025-10-09 06:45:00+00:00,6802.11096785522,-1.0051920502260354,stop_hit,h_ema21,holdout
2025-10-09 09:00:00+00:00,6797.515,6794.189002520278,6804.166994959444,2025-10-09 11:15:00+00:00,6804.151994959444,2.0,scaleout_tier_1,h_ema21,holdout
2025-10-09 13:30:00+00:00,6805.515,6802.1245356347,6812.295928730601,2025-10-09 13:45:00+00:00,6802.1095356347,-1.0044241727339311,stop_hit,h_ema21,holdout
2025-10-09 16:00:00+00:00,6782.515,6775.239994907478,6797.065010185045,2025-10-09 16:15:00+00:00,6775.224994907478,-1.0020618542268438,stop_hit,h_ema200,holdout
2025-10-09 19:15:00+00:00,6771.265,6763.6589233487075,6786.477153302586,2025-10-09 22:00:00+00:00,6779.485,1.0807148516708902,eod_force_close,h_ema21,holdout
2025-10-10 02:00:00+00:00,6792.265,6788.44240939207,6799.9101812158615,2025-10-10 03:00:00+00:00,6788.427409392069,-1.0039240404057939,stop_hit,h_ema50,holdout
2025-10-10 08:00:00+00:00,6786.265,6782.1674775594,6794.460044881201,2025-10-10 09:00:00+00:00,6782.1524775594,-1.0036607487128564,stop_hit,h_ema21,holdout
2025-10-10 10:15:00+00:00,6779.015,6774.459316064937,6788.126367870126,2025-10-10 12:00:00+00:00,6788.111367870126,2.0,scaleout_tier_1,h_ema21,holdout
2025-10-13 00:30:00+00:00,6669.015,6649.360591911655,6708.32381617669,2025-10-13 00:45:00+00:00,6677.735,0.44366637554301486,trail_exit,ema21,holdout
2025-10-13 01:30:00+00:00,6679.515,6663.0528995884215,6712.439200823158,2025-10-28 04:00:00+00:00,6712.424200823158,2.0,scaleout_tier_1,ema21,holdout
2025-10-13 01:30:00+00:00,6679.515,6663.0528995884215,6728.901301234737,2025-10-28 04:00:00+00:00,6728.8863012347365,3.0,scaleout_tier_2,ema21,holdout
2025-10-13 01:30:00+00:00,6679.515,6663.0528995884215,6745.363401646316,2025-10-28 04:00:00+00:00,6745.348401646315,4.0,scaleout_tier_3,ema21,holdout
2025-10-13 01:30:00+00:00,6679.515,6663.0528995884215,6761.8255020578945,2025-10-28 04:00:00+00:00,6761.810502057894,5.0,scaleout_tier_4,ema21,holdout
2025-10-13 01:30:00+00:00,6679.515,6663.0528995884215,6778.287602469473,2025-10-28 04:00:00+00:00,6778.272602469473,6.0,scaleout_tier_5,ema21,holdout
2025-10-13 01:30:00+00:00,6679.515,6663.0528995884215,6794.749702881052,2025-10-28 04:00:00+00:00,6794.734702881052,7.0,scaleout_tier_6,ema21,holdout
2025-10-13 01:30:00+00:00,6679.515,6663.0528995884215,6811.211803292631,2025-10-28 04:00:00+00:00,6811.196803292631,8.0,scaleout_tier_7,ema21,holdout
2025-10-13 01:30:00+00:00,6679.515,6663.0528995884215,6827.67390370421,2025-10-28 04:00:00+00:00,6827.6589037042095,9.0,scaleout_tier_8,ema21,holdout
2025-10-13 01:30:00+00:00,6679.515,6663.0528995884215,6844.136004115789,2025-10-28 04:00:00+00:00,6844.121004115788,10.0,scaleout_tier_9,ema21,holdout
2025-10-13 01:30:00+00:00,6679.515,6663.0528995884215,6860.5981045273675,2025-10-28 04:00:00+00:00,6860.583104527367,11.0,scaleout_tier_10,ema21,holdout
2025-10-13 01:30:00+00:00,6679.515,6663.0528995884215,6877.060204938946,2025-10-28 04:00:00+00:00,6877.045204938946,12.0,scaleout_tier_11,ema21,holdout
2025-10-13 01:30:00+00:00,6679.515,6663.0528995884215,6893.522305350525,2025-10-28 04:00:00+00:00,6893.507305350525,13.0,scaleout_tier_12,ema21,holdout
2025-10-28 16:00:00+00:00,6910.765,6904.5350548168635,6923.224890366274,2025-10-28 19:45:00+00:00,6925.485,2.3627816244424413,trail_exit,h_ema21,holdout
2025-10-29 01:15:00+00:00,6928.265,6924.140505816666,6936.51398836667,2025-10-29 02:15:00+00:00,6936.498988366669,2.0,scaleout_tier_1,h_ema21,holdout
2025-10-29 07:45:00+00:00,6944.515,6941.323635978959,6950.897728042083,2025-10-29 08:30:00+00:00,6941.308635978959,-1.004700184592365,stop_hit,h_ema21,holdout
2025-10-29 09:45:00+00:00,6933.765,6929.819240556479,6941.656518887044,2025-10-29 11:00:00+00:00,6941.641518887043,2.0,scaleout_tier_1,h_ema21,holdout
2025-10-29 13:00:00+00:00,6942.015,6937.7666030660075,6950.511793867986,2025-10-29 13:30:00+00:00,6937.751603066007,-1.0035307435330036,stop_hit,h_ema21,holdout
2025-10-29 18:30:00+00:00,6934.765,6927.849077820768,6948.596844358465,2025-10-29 18:45:00+00:00,6927.834077820768,-1.00216890815304,stop_hit,h_ema21,holdout
2025-10-30 01:45:00+00:00,6937.515,6926.796383076987,6958.952233846027,2025-10-30 04:00:00+00:00,6926.7813830769865,-1.001399434284112,stop_hit,h_ema21,holdout
2025-10-30 04:45:00+00:00,6915.765,6902.869237396286,6941.556525207429,2025-10-30 09:30:00+00:00,6911.235,-0.3512781786705527,trail_exit,h_ema21,holdout
2025-10-30 10:15:00+00:00,6911.515,6902.382714156928,6929.779571686145,2025-10-30 12:15:00+00:00,6902.367714156928,-1.0016425241454423,stop_hit,h_ema21,holdout
2025-10-30 14:00:00+00:00,6904.015,6891.685196460525,6928.674607078951,2025-10-30 14:15:00+00:00,6891.6701964605245,-1.001216564396367,stop_hit,h_ema21,holdout
2025-10-30 14:45:00+00:00,6906.765,6892.793488201084,6934.708023597833,2025-10-30 15:30:00+00:00,6892.778488201084,-1.0010736132364353,stop_hit,h_ema21,holdout
2025-10-30 16:15:00+00:00,6905.015,6890.898252713764,6933.248494572473,2025-10-30 16:30:00+00:00,6890.883252713764,-1.0010625677215992,stop_hit,h_ema21,holdout
2025-10-31 00:30:00+00:00,6902.015,6892.016089919166,6922.012820161669,2025-10-31 12:30:00+00:00,6904.235,0.22202419884289085,trail_exit,h_ema21,holdout
2025-10-31 14:45:00+00:00,6895.515,6887.143728754581,6912.257542490838,2025-10-31 15:30:00+00:00,6887.128728754581,-1.0017918425482313,stop_hit,h_ema21,holdout
2025-10-31 18:15:00+00:00,6871.515,6860.301716953214,6893.941566093573,2025-10-31 19:30:00+00:00,6893.926566093573,2.0,scaleout_tier_1,h_ema21,holdout
2025-11-03 03:45:00+00:00,6885.265,6879.273583511784,6897.2478329764335,2025-11-03 04:00:00+00:00,6885.735,0.07844555639283306,trail_exit,h_ema21,holdout
2025-11-03 07:00:00+00:00,6880.265,6875.414989328077,6889.965021343846,2025-11-03 07:15:00+00:00,6875.399989328077,-1.0030927766998872,stop_hit,h_ema21,holdout
2025-11-03 08:15:00+00:00,6881.015,6876.049101746277,6890.946796507446,2025-11-03 09:00:00+00:00,6890.931796507446,2.0,scaleout_tier_1,h_ema21,holdout
2025-11-03 11:15:00+00:00,6899.515,6894.332842909178,6909.879314181645,2025-11-03 12:15:00+00:00,6894.317842909178,-1.0028945475286521,stop_hit,h_ema200,holdout
2025-11-03 13:45:00+00:00,6895.265,6889.925125981779,6905.944748036442,2025-11-03 14:15:00+00:00,6905.929748036442,2.0,scaleout_tier_1,h_ema21,holdout
2025-11-03 16:00:00+00:00,6874.265,6863.7478931829755,6895.29921363405,2025-11-03 16:15:00+00:00,6870.985,-0.31187284269958,trail_exit,h_ema21,holdout
2025-11-03 18:45:00+00:00,6892.765,6883.1330366486545,6912.028926702692,2025-11-03 19:00:00+00:00,6883.118036648654,-1.0015573148955381,stop_hit,h_ema21,holdout
2025-11-04 10:45:00+00:00,6812.265,6802.965738714679,6830.863522570643,2025-11-04 13:30:00+00:00,6802.950738714679,-1.0016130313516414,stop_hit,ema21,holdout
2025-11-04 14:30:00+00:00,6810.265,6802.405908161076,6825.983183677849,2025-11-04 14:45:00+00:00,6825.968183677849,2.0,scaleout_tier_1,ema21,holdout
2025-11-04 14:30:00+00:00,6810.265,6802.405908161076,6833.842275516774,2025-11-04 14:45:00+00:00,6833.827275516774,3.0,scaleout_tier_2,ema21,holdout
2025-11-04 16:30:00+00:00,6831.765,6821.332060066225,6852.630879867552,2025-11-04 17:00:00+00:00,6821.317060066224,-1.001437753892531,stop_hit,h_ema21,holdout
2025-11-04 19:00:00+00:00,6810.265,6799.188842737542,6832.417314524918,2025-11-04 19:30:00+00:00,6799.173842737541,-1.001354260294874,stop_hit,ema21,holdout
2025-11-05 02:00:00+00:00,6760.015,6750.33818006076,6779.36863987848,2025-11-05 03:00:00+00:00,6779.35363987848,2.0,scaleout_tier_1,ema21,holdout
2025-11-05 06:15:00+00:00,6792.015,6783.271663464369,6809.501673071262,2025-11-05 08:00:00+00:00,6783.256663464369,-1.001715592204326,stop_hit,ema21,holdout
2025-11-05 10:00:00+00:00,6793.765,6786.279676187091,6808.735647625818,2025-11-05 10:45:00+00:00,6786.264676187091,-1.0020039213232779,stop_hit,ema21,holdout
2025-11-05 11:30:00+00:00,6782.265,6774.589231353956,6797.616537292089,2025-11-05 13:15:00+00:00,6797.601537292088,2.0,scaleout_tier_1,ema21,holdout
2025-11-05 15:00:00+00:00,6821.765,6812.367961959248,6840.559076081506,2025-11-05 15:15:00+00:00,6812.352961959247,-1.0015962476617926,stop_hit,ema21,holdout
2025-11-05 16:30:00+00:00,6831.265,6819.93440004159,6853.92619991682,2025-11-05 17:30:00+00:00,6853.91119991682,2.0,scaleout_tier_1,ema21,holdout
2025-11-06 00:45:00+00:00,6820.265,6811.8984576348685,6836.998084730264,2025-11-06 01:00:00+00:00,6811.883457634868,-1.0017928553213142,stop_hit,ema21,holdout
2025-11-06 01:45:00+00:00,6816.015,6807.310753943916,6833.423492112169,2025-11-06 07:30:00+00:00,6811.485,-0.5204356552896623,trail_exit,ema21,holdout
2025-11-06 09:00:00+00:00,6812.765,6806.624515351711,6825.045969296579,2025-11-06 09:15:00+00:00,6825.030969296578,2.0,scaleout_tier_1,ema21,holdout
2025-11-06 11:30:00+00:00,6831.265,6825.701028566483,6842.392942867035,2025-11-06 14:00:00+00:00,6825.6860285664825,-1.0026959160699436,stop_hit,ema21,holdout
2025-11-06 15:30:00+00:00,6792.515,6781.508539324392,6814.527921351218,2025-11-06 15:45:00+00:00,6781.493539324391,-1.0013628359235924,stop_hit,ema21,holdout
2025-11-06 16:15:00+00:00,6760.515,6747.789801711257,6785.965396577488,2025-11-06 16:30:00+00:00,6747.774801711256,-1.0011787635571539,stop_hit,ema21,holdout
2025-11-06 17:15:00+00:00,6747.265,6733.243625095669,6775.307749808663,2025-11-06 19:15:00+00:00,6775.292749808663,2.0,scaleout_tier_1,ema21,holdout
2025-11-07 00:30:00+00:00,6765.765,6754.4067773523,6788.481445295401,2025-11-07 01:15:00+00:00,6754.3917773523,-1.0013206291570067,stop_hit,ema21,holdout
2025-11-07 02:00:00+00:00,6755.265,6744.689091730232,6776.416816539538,2025-11-07 02:15:00+00:00,6744.674091730231,-1.0014183178992961,stop_hit,ema21,holdout
2025-11-07 02:45:00+00:00,6748.515,6738.369311053688,6768.806377892625,2025-11-07 04:00:00+00:00,6738.3543110536875,-1.0014784604652973,stop_hit,ema21,holdout
2025-11-07 04:30:00+00:00,6749.265,6739.840345957816,6768.114308084369,2025-11-07 08:00:00+00:00,6768.099308084369,2.0,scaleout_tier_1,ema21,holdout
2025-11-07 09:00:00+00:00,6762.265,6755.538328607737,6775.7183427845275,2025-11-07 09:15:00+00:00,6755.523328607736,-1.0022299290578665,stop_hit,ema21,holdout
2025-11-07 10:45:00+00:00,6744.515,6737.031182134873,6759.4826357302545,2025-11-07 11:00:00+00:00,6737.016182134873,-1.002004324566773,stop_hit,ema21,holdout
2025-11-07 11:45:00+00:00,6727.015,6718.33034849943,6744.38430300114,2025-11-07 12:45:00+00:00,6718.31534849943,-1.001727185022835,stop_hit,ema21,holdout
2025-11-07 13:15:00+00:00,6724.265,6714.787638742306,6743.21972251539,2025-11-07 14:30:00+00:00,6714.772638742305,-1.0015827190282685,stop_hit,ema50,holdout
2025-11-07 18:00:00+00:00,6683.015,6667.844311637316,6713.356376725368,2025-11-07 19:30:00+00:00,6713.341376725368,2.0,scaleout_tier_1,ema50,holdout
2025-11-07 18:00:00+00:00,6683.015,6667.844311637316,6728.527065088052,2025-11-07 19:30:00+00:00,6728.512065088052,3.0,scaleout_tier_2,ema50,holdout
2025-11-10 02:00:00+00:00,6797.015,6786.196731375068,6818.651537249864,2025-11-10 15:45:00+00:00,6805.485,0.7829348940808534,trail_exit,ema21,holdout
2025-11-10 17:00:00+00:00,6809.265,6799.470801758165,6828.853396483671,2025-11-10 17:45:00+00:00,6828.83839648367,2.0,scaleout_tier_1,ema21,holdout
2025-11-10 18:45:00+00:00,6845.515,6835.451190953968,6865.642618092065,2025-11-10 21:30:00+00:00,6861.735,1.6117157952628154,eod_force_close,ema21,holdout
2025-11-11 05:30:00+00:00,6852.515,6847.679726536175,6862.185546927652,2025-11-11 05:45:00+00:00,6847.664726536174,-1.0031022030320618,stop_hit,h_ema21,holdout
2025-11-11 06:15:00+00:00,6853.015,6848.050132725939,6862.944734548123,2025-11-11 07:15:00+00:00,6848.035132725939,-1.0030212288007565,stop_hit,h_ema21,holdout
2025-11-11 08:15:00+00:00,6848.515,6843.942794783268,6857.6594104334645,2025-11-11 08:30:00+00:00,6843.927794783268,-1.0032806926393931,stop_hit,h_ema21,holdout
2025-11-11 10:15:00+00:00,6842.015,6837.387158842425,6851.27068231515,2025-11-11 13:15:00+00:00,6837.372158842425,-1.003241252128063,stop_hit,h_ema50,holdout
2025-11-11 13:45:00+00:00,6839.265,6834.3026007257995,6849.189798548402,2025-11-11 14:45:00+00:00,6849.174798548402,2.0,scaleout_tier_1,h_ema21,holdout
2025-11-11 16:15:00+00:00,6838.515,6831.1932561950425,6853.158487609916,2025-11-11 16:30:00+00:00,6831.178256195042,-1.002048692278767,stop_hit,ema21,holdout
2025-11-12 05:00:00+00:00,6881.015,6876.759836137078,6889.525327725844,2025-11-12 06:30:00+00:00,6889.510327725844,2.0,scaleout_tier_1,h_ema21,holdout
2025-11-12 09:30:00+00:00,6895.265,6891.086084098782,6903.622831802438,2025-11-12 10:30:00+00:00,6891.071084098781,-1.0035894476832983,stop_hit,h_ema21,holdout
2025-11-12 12:15:00+00:00,6893.265,6887.819572358123,6904.155855283755,2025-11-12 14:30:00+00:00,6887.804572358123,-1.0027546045943154,stop_hit,h_ema21,holdout
2025-11-12 16:30:00+00:00,6866.765,6858.779908026433,6882.735183947135,2025-11-12 16:45:00+00:00,6858.764908026433,-1.0018785005921012,stop_hit,h_ema50,holdout
2025-11-12 17:15:00+00:00,6866.765,6858.078776579473,6884.137446841055,2025-11-12 21:30:00+00:00,6877.985,1.2917005995360658,eod_force_close,h_ema200,holdout
2025-11-13 00:15:00+00:00,6867.265,6858.819670474752,6884.155659050498,2025-11-13 01:00:00+00:00,6884.140659050498,2.0,scaleout_tier_1,h_ema21,holdout
2025-11-13 01:45:00+00:00,6886.015,6876.838603929852,6904.367792140297,2025-11-13 02:45:00+00:00,6876.823603929852,-1.0016346286587525,stop_hit,h_ema21,holdout
2025-11-13 03:30:00+00:00,6884.265,6876.3753109943445,6900.044378011312,2025-11-13 08:00:00+00:00,6879.735,-0.5741671182163569,trail_exit,h_ema21,holdout
2025-11-13 10:15:00+00:00,6869.015,6862.926678567947,6881.191642864106,2025-11-13 11:30:00+00:00,6862.911678567947,-1.0024637332584574,stop_hit,h_ema21,holdout
2025-11-13 12:00:00+00:00,6867.515,6861.034095844394,6880.476808311213,2025-11-13 13:15:00+00:00,6861.019095844394,-1.0023144918733833,stop_hit,h_ema21,holdout
2025-11-13 15:15:00+00:00,6846.015,6834.794339283203,6868.456321433595,2025-11-13 15:30:00+00:00,6834.779339283203,-1.001336819673896,stop_hit,ema21,holdout
2025-11-14 01:15:00+00:00,6771.265,6761.449060482676,6790.896879034649,2025-11-14 04:00:00+00:00,6761.434060482676,-1.0015281267752163,stop_hit,ema21,holdout
2025-11-14 05:30:00+00:00,6757.265,6749.335362675712,6773.124274648578,2025-11-14 06:30:00+00:00,6749.320362675711,-1.001891637585288,stop_hit,ema21,holdout
2025-11-14 07:45:00+00:00,6741.515,6732.927556030357,6758.6898879392875,2025-11-14 08:15:00+00:00,6732.912556030356,-1.0017467362876955,stop_hit,ema21,holdout
2025-11-14 09:00:00+00:00,6744.765,6735.275106310204,6763.744787379593,2025-11-14 11:00:00+00:00,6735.260106310204,-1.0015806288764284,stop_hit,ema50,holdout
2025-11-14 14:45:00+00:00,6705.015,6691.286208235459,6732.472583529084,2025-11-14 15:15:00+00:00,6732.457583529083,2.0,scaleout_tier_1,ema50,holdout
2025-11-14 16:30:00+00:00,6782.765,6765.562558155578,6817.169883688845,2025-11-14 18:00:00+00:00,6765.5475581555775,-1.0008719692318093,stop_hit,ema21,holdout
2025-11-14 19:00:00+00:00,6771.015,6753.0061732896065,6807.032653420788,2025-11-14 20:45:00+00:00,6752.991173289606,-1.0008329248896415,stop_hit,ema21,holdout
2025-11-17 00:30:00+00:00,6767.765,6754.933149344449,6793.428701311103,2025-11-17 07:15:00+00:00,6793.413701311103,2.0,scaleout_tier_1,ema21,holdout
2025-11-17 08:15:00+00:00,6798.765,6792.809605079945,6810.675789840111,2025-11-17 09:00:00+00:00,6792.794605079945,-1.0025187246524683,stop_hit,ema21,holdout
2025-11-17 11:15:00+00:00,6771.265,6764.171114501582,6785.452770996836,2025-11-17 12:00:00+00:00,6764.156114501582,-1.0021144970557634,stop_hit,ema21,holdout
2025-11-17 14:45:00+00:00,6757.265,6746.13981959444,6779.51536081112,2025-11-17 15:00:00+00:00,6746.12481959444,-1.0013482927425457,stop_hit,ema21,holdout
2025-11-17 16:30:00+00:00,6742.265,6726.380825294961,6774.033349410079,2025-11-17 18:00:00+00:00,6726.365825294961,-1.000944336125664,stop_hit,ema21,holdout
2025-11-18 01:00:00+00:00,6689.765,6678.8862237068615,6711.522552586278,2025-11-18 03:00:00+00:00,6682.985,-0.6232318614986847,trail_exit,ema50,holdout
2025-11-18 07:45:00+00:00,6659.265,6648.420304688065,6680.954390623871,2025-11-18 12:00:00+00:00,6655.485,-0.3485575104945948,trail_exit,donchian_low,holdout
2025-11-18 13:15:00+00:00,6661.515,6649.791502742265,6684.961994515471,2025-11-18 14:30:00+00:00,6649.776502742265,-1.0012794816828596,stop_hit,ema50,holdout
2025-11-18 16:15:00+00:00,6623.765,6604.3586600030785,6662.577679993844,2025-11-18 17:30:00+00:00,6662.562679993844,2.0,scaleout_tier_1,ema50,holdout
2025-11-18 18:45:00+00:00,6674.765,6653.470670064277,6717.353659871446,2025-11-18 20:15:00+00:00,6653.455670064277,-1.0007044128669746,stop_hit,ema50,holdout
2025-11-19 00:45:00+00:00,6636.765,6622.479123629622,6665.336752740756,2025-11-19 04:00:00+00:00,6622.464123629622,-1.0010499880869352,stop_hit,donchian_low,holdout
2025-11-19 04:30:00+00:00,6630.765,6620.42376450888,6651.447470982242,2025-11-19 05:30:00+00:00,6620.408764508879,-1.0014505036669175,stop_hit,donchian_low,holdout
2025-11-19 06:00:00+00:00,6630.265,6619.632278502997,6651.530442994007,2025-11-19 09:30:00+00:00,6651.515442994007,2.0,scaleout_tier_1,donchian_low,holdout
2025-11-19 11:00:00+00:00,6663.515,6655.359821697984,6679.825356604032,2025-11-19 13:00:00+00:00,6655.344821697984,-1.0018393221392374,stop_hit,ema50,holdout
2025-11-19 14:45:00+00:00,6665.015,6655.237977455747,6684.569045088508,2025-11-19 15:00:00+00:00,6684.554045088507,2.0,scaleout_tier_1,ema50,holdout
2025-11-19 14:45:00+00:00,6665.015,6655.237977455747,6694.346067632761,2025-11-19 15:00:00+00:00,6694.331067632761,3.0,scaleout_tier_2,ema50,holdout
2025-11-19 17:00:00+00:00,6660.015,6645.926803977654,6688.191392044692,2025-11-19 17:15:00+00:00,6645.911803977654,-1.0010647211308343,stop_hit,ema50,holdout
2025-11-19 18:00:00+00:00,6648.515,6632.522419653421,6680.500160693159,2025-11-19 19:15:00+00:00,6632.507419653421,-1.0009379349470353,stop_hit,ema50,holdout
2025-11-20 00:30:00+00:00,6740.265,6724.275342176337,6772.244315647326,2025-11-20 09:15:00+00:00,6730.485,-0.6116453590099513,trail_exit,ema21,holdout
2025-11-20 09:45:00+00:00,6731.515,6724.067745459771,6746.409509080459,2025-11-20 10:00:00+00:00,6724.05274545977,-1.0020141650751022,stop_hit,ema21,holdout
2025-11-20 10:30:00+00:00,6736.515,6728.967034174605,6751.610931650791,2025-11-20 12:00:00+00:00,6728.952034174605,-1.0019872903968192,stop_hit,ema21,holdout
2025-11-20 12:30:00+00:00,6733.515,6725.37673092726,6749.791538145481,2025-11-20 13:30:00+00:00,6749.776538145481,2.0,scaleout_tier_1,ema21,holdout
2025-11-20 12:30:00+00:00,6733.515,6725.37673092726,6757.929807218222,2025-11-20 13:30:00+00:00,6757.9148072182215,3.0,scaleout_tier_2,ema21,holdout
2025-11-21 00:30:00+00:00,6575.765,6558.257708509945,6610.779582980112,2025-11-21 00:45:00+00:00,6577.485,0.09824477995218882,trail_exit,ema100,holdout
2025-11-21 05:00:00+00:00,6579.515,6568.36065282144,6601.82369435712,2025-11-21 07:30:00+00:00,6568.34565282144,-1.0013447671800246,stop_hit,ema100,holdout
2025-11-21 08:15:00+00:00,6574.015,6562.974822171979,6596.095355656043,2025-11-21 09:30:00+00:00,6562.959822171979,-1.0013586737672155,stop_hit,ema100,holdout
2025-11-21 10:45:00+00:00,6549.765,6536.420131919036,6576.454736161929,2025-11-21 12:00:00+00:00,6536.405131919036,-1.001124027596925,stop_hit,ema100,holdout
2025-11-21 12:45:00+00:00,6578.265,6561.826199311344,6611.142601377313,2025-11-21 15:15:00+00:00,6561.811199311343,-1.0009124753249596,stop_hit,ema100,holdout
2025-11-21 16:15:00+00:00,6564.015,6543.386070626186,6605.2728587476295,2025-11-21 16:45:00+00:00,6605.257858747629,2.0,scaleout_tier_1,ema100,holdout
2025-11-21 16:15:00+00:00,6564.015,6543.386070626186,6625.901788121444,2025-11-21 16:45:00+00:00,6625.886788121444,3.0,scaleout_tier_2,ema100,holdout
2025-11-21 17:45:00+00:00,6643.265,6621.239175405776,6687.3166491884485,2025-11-21 18:00:00+00:00,6621.224175405776,-1.0006810187712227,stop_hit,ema100,holdout
2025-11-24 00:45:00+00:00,6648.765,6633.087268795785,6680.12046240843,2025-11-24 09:15:00+00:00,6633.072268795785,-1.0009567710917442,stop_hit,ema50,holdout
2025-11-24 10:00:00+00:00,6638.265,6628.271664578384,6658.251670843233,2025-11-24 10:30:00+00:00,6628.256664578384,-1.0015010003534837,stop_hit,ema50,holdout
2025-11-24 11:30:00+00:00,6633.015,6623.251695182402,6652.541609635197,2025-11-24 12:45:00+00:00,6652.526609635197,2.0,scaleout_tier_1,h_ema50,holdout
2025-11-24 14:15:00+00:00,6669.265,6659.368438466517,6689.058123066968,2025-11-24 14:30:00+00:00,6659.353438466516,-1.0015156779402197,stop_hit,ema50,holdout
2025-11-24 16:45:00+00:00,6712.765,6699.901469166637,6738.492061666727,2025-11-24 21:30:00+00:00,6724.235,0.8916680924222138,eod_force_close,ema21,holdout
2025-11-25 02:15:00+00:00,6718.015,6712.111193676264,6729.822612647474,2025-11-25 07:00:00+00:00,6712.096193676263,-1.0025407337534125,stop_hit,ema21,holdout
2025-11-25 09:45:00+00:00,6709.515,6703.555704385497,6721.433591229007,2025-11-25 10:30:00+00:00,6703.540704385497,-1.0025170760053959,stop_hit,ema21,holdout
2025-11-25 15:00:00+00:00,6718.765,6707.013754489475,6742.267491021051,2025-11-25 15:15:00+00:00,6706.998754489475,-1.0012764604387587,stop_hit,ema21,holdout
2025-11-26 00:30:00+00:00,6788.265,6781.221662943241,6802.351674113518,2025-11-26 05:30:00+00:00,6802.336674113518,2.0,scaleout_tier_1,ema21,holdout
2025-11-26 09:45:00+00:00,6798.765,6794.556517927327,6807.181964145347,2025-11-26 12:00:00+00:00,6794.541517927327,-1.0035642304615544,stop_hit,h_ema21,holdout
2025-11-26 13:00:00+00:00,6796.515,6791.144215545522,6807.256568908958,2025-11-26 14:30:00+00:00,6807.241568908958,2.0,scaleout_tier_1,h_ema21,holdout
2025-11-26 13:00:00+00:00,6796.515,6791.144215545522,6812.627353363437,2025-11-26 14:30:00+00:00,6812.612353363436,3.0,scaleout_tier_2,h_ema21,holdout
2025-11-26 18:30:00+00:00,6840.765,6830.936850564622,6860.421298870758,2025-11-26 18:45:00+00:00,6830.921850564621,-1.001526228319884,stop_hit,h_ema21,holdout
2025-11-27 00:15:00+00:00,6831.515,6825.0858467086755,6844.37330658265,2025-11-27 06:45:00+00:00,6825.485,-0.9379151074430315,trail_exit,h_ema21,holdout
2025-11-27 07:15:00+00:00,6827.015,6824.179768004134,6832.685463991734,2025-11-27 13:00:00+00:00,6825.235,-0.6278145854009819,trail_exit,h_ema21,holdout
2025-11-27 15:15:00+00:00,6828.515,6825.603510350185,6834.33797929963,2025-11-27 15:30:00+00:00,6825.588510350185,-1.0051520018287823,stop_hit,h_ema21,holdout
2025-11-27 16:30:00+00:00,6828.265,6825.596716831997,6833.601566336008,2025-11-27 16:45:00+00:00,6825.581716831996,-1.0056215922583471,stop_hit,h_ema21,holdout
2025-11-28 14:45:00+00:00,6838.515,6834.16286508846,6847.21926982308,2025-11-28 15:30:00+00:00,6847.20426982308,2.0,scaleout_tier_1,h_ema21,holdout
2025-11-28 18:00:00+00:00,6860.265,6853.179254394433,6874.436491211135,2025-11-30 23:00:00+00:00,6854.735,-0.7804400987322588,eod_force_close,h_ema21,holdout
2025-12-01 06:30:00+00:00,6813.015,6807.556848956447,6823.931302087108,2025-12-01 08:15:00+00:00,6823.916302087107,2.0,scaleout_tier_1,ema21,holdout
2025-12-01 10:45:00+00:00,6824.515,6818.670110861855,6836.20477827629,2025-12-01 11:00:00+00:00,6818.655110861855,-1.0025663446552706,stop_hit,h_ema21,holdout
2025-12-01 13:15:00+00:00,6813.765,6807.633756894529,6826.027486210943,2025-12-01 14:45:00+00:00,6826.012486210942,2.0,scaleout_tier_1,ema21,holdout
2025-12-01 13:15:00+00:00,6813.765,6807.633756894529,6832.158729316414,2025-12-01 14:45:00+00:00,6832.143729316414,3.0,scaleout_tier_2,ema21,holdout
2025-12-01 13:15:00+00:00,6813.765,6807.633756894529,6838.289972421885,2025-12-01 14:45:00+00:00,6838.274972421885,4.0,scaleout_tier_3,ema21,holdout
2025-12-02 01:15:00+00:00,6831.015,6824.464791529297,6844.115416941407,2025-12-02 01:30:00+00:00,6827.985,-0.4625806970194608,trail_exit,h_ema21,holdout
2025-12-02 03:45:00+00:00,6821.515,6816.069251163566,6832.406497672869,2025-12-02 06:00:00+00:00,6816.054251163566,-1.0027544421255663,stop_hit,ema21,holdout
2025-12-02 06:45:00+00:00,6819.015,6814.7010214612865,6827.642957077428,2025-12-02 08:00:00+00:00,6814.686021461286,-1.0034770687581582,stop_hit,ema21,holdout
2025-12-02 15:15:00+00:00,6854.765,6848.495279153791,6867.3044416924195,2025-12-02 15:30:00+00:00,6848.48027915379,-1.0023924510146884,stop_hit,h_ema21,holdout
2025-12-02 16:45:00+00:00,6829.015,6817.839882667675,6851.365234664651,2025-12-02 21:30:00+00:00,6842.485,1.2053564718318972,eod_force_close,h_ema21,holdout
2025-12-03 01:45:00+00:00,6850.265,6844.036513951526,6862.721972096949,2025-12-03 08:15:00+00:00,6847.735,-0.4061982286402363,trail_exit,h_ema21,holdout
2025-12-03 12:15:00+00:00,6853.515,6849.36100402042,6861.82299195916,2025-12-03 14:00:00+00:00,6849.34600402042,-1.00361098086615,stop_hit,h_ema21,holdout
2025-12-03 15:15:00+00:00,6836.015,6827.056300975056,6853.932398049889,2025-12-03 16:30:00+00:00,6853.917398049889,2.0,scaleout_tier_1,ema21,holdout
2025-12-03 18:45:00+00:00,6868.515,6859.5796801087445,6886.385639782512,2025-12-03 20:45:00+00:00,6859.564680108744,-1.0016787311683162,stop_hit,h_ema21,holdout
2025-12-04 00:15:00+00:00,6865.015,6859.940966466092,6875.163067067818,2025-12-04 00:45:00+00:00,6859.925966466091,-1.0029562279989057,stop_hit,h_ema21,holdout
2025-12-04 04:00:00+00:00,6860.265,6856.426104729138,6867.942790541724,2025-12-04 08:15:00+00:00,6856.411104729138,-1.0039073741120734,stop_hit,h_ema21,holdout
2025-12-04 08:45:00+00:00,6860.265,6856.578393708543,6867.638212582914,2025-12-04 09:15:00+00:00,6856.563393708543,-1.004068782727108,stop_hit,h_ema21,holdout
2025-12-04 11:45:00+00:00,6862.265,6858.492830964995,6869.809338070011,2025-12-04 14:00:00+00:00,6869.794338070011,2.0,scaleout_tier_1,h_ema21,holdout
2025-12-04 11:45:00+00:00,6862.265,6858.492830964995,6873.5815071050165,2025-12-04 14:00:00+00:00,6873.566507105016,3.0,scaleout_tier_2,h_ema21,holdout
2025-12-04 11:45:00+00:00,6862.265,6858.492830964995,6877.353676140022,2025-12-04 14:00:00+00:00,6877.338676140022,4.0,scaleout_tier_3,h_ema21,holdout
2025-12-04 15:30:00+00:00,6859.015,6851.669847182213,6873.705305635575,2025-12-04 15:45:00+00:00,6855.735,-0.4465529964274666,trail_exit,h_ema21,holdout
2025-12-04 17:00:00+00:00,6867.015,6858.004898284931,6885.035203430139,2025-12-04 18:00:00+00:00,6857.989898284931,-1.0016647980760573,stop_hit,h_ema21,holdout
2025-12-04 18:30:00+00:00,6869.765,6861.179726179779,6886.935547640443,2025-12-04 19:00:00+00:00,6861.164726179779,-1.0017471778203506,stop_hit,h_ema21,holdout
2025-12-05 00:30:00+00:00,6868.015,6861.666078947245,6880.71284210551,2025-12-05 05:30:00+00:00,6880.69784210551,2.0,scaleout_tier_1,h_ema21,holdout
2025-12-05 10:45:00+00:00,6880.265,6877.074117290874,6886.646765418253,2025-12-05 11:00:00+00:00,6877.0591172908735,-1.0047008935669821,stop_hit,h_ema21,holdout
2025-12-05 14:30:00+00:00,6875.265,6870.673530752462,6884.447938495076,2025-12-05 14:45:00+00:00,6884.432938495076,2.0,scaleout_tier_1,h_ema21,holdout
2025-12-05 14:30:00+00:00,6875.265,6870.673530752462,6889.0394077426145,2025-12-05 14:45:00+00:00,6889.024407742614,3.0,scaleout_tier_2,h_ema21,holdout
2025-12-05 17:00:00+00:00,6880.765,6872.278435564359,6897.738128871283,2025-12-05 17:30:00+00:00,6872.263435564359,-1.0017674996889592,stop_hit,h_ema21,holdout
2025-12-05 18:00:00+00:00,6883.265,6874.479936046274,6900.835127907453,2025-12-05 20:45:00+00:00,6874.464936046274,-1.0017074434607804,stop_hit,h_ema21,holdout
2025-12-08 01:45:00+00:00,6883.015,6877.774111837227,6893.496776325547,2025-12-08 08:45:00+00:00,6884.485,0.28048680955279737,trail_exit,h_ema21,holdout
2025-12-08 09:15:00+00:00,6887.265,6884.19361860375,6893.407762792501,2025-12-08 09:45:00+00:00,6884.17861860375,-1.0048837959423211,stop_hit,h_ema21,holdout
2025-12-08 11:45:00+00:00,6883.515,6880.326762832396,6889.89147433521,2025-12-08 14:00:00+00:00,6889.876474335209,2.0,scaleout_tier_1,h_ema21,holdout
2025-12-08 16:30:00+00:00,6860.265,6853.538263044565,6873.718473910872,2025-12-08 16:45:00+00:00,6853.523263044564,-1.0022299073235212,stop_hit,h_ema200,holdout
2025-12-08 18:00:00+00:00,6860.765,6853.010015466142,6876.2749690677165,2025-12-08 18:15:00+00:00,6852.995015466142,-1.001934239834372,stop_hit,ema21,holdout
2025-12-09 03:30:00+00:00,6862.265,6857.972837506279,6870.849324987444,2025-12-09 05:45:00+00:00,6857.957837506278,-1.0034947418748168,stop_hit,h_ema21,holdout
2025-12-09 06:30:00+00:00,6857.515,6854.499330511209,6863.546338977582,2025-12-09 07:45:00+00:00,6863.531338977582,2.0,scaleout_tier_1,h_ema21,holdout
2025-12-09 10:15:00+00:00,6859.765,6856.432024533313,6866.430950933375,2025-12-09 10:30:00+00:00,6856.4170245333125,-1.0045004831719435,stop_hit,h_ema21,holdout
2025-12-09 14:30:00+00:00,6850.515,6845.522669130929,6860.499661738143,2025-12-09 14:45:00+00:00,6860.484661738143,2.0,scaleout_tier_1,ema21,holdout
2025-12-09 17:00:00+00:00,6868.515,6861.844933585084,6881.855132829834,2025-12-09 17:15:00+00:00,6861.829933585083,-1.0022488531698548,stop_hit,h_ema21,holdout
2025-12-10 00:15:00+00:00,6849.015,6844.729946626325,6857.585106747351,2025-12-10 00:45:00+00:00,6844.7149466263245,-1.0035005398281565,stop_hit,ema21,holdout
2025-12-10 02:15:00+00:00,6845.515,6841.948628098553,6852.647743802895,2025-12-10 07:15:00+00:00,6852.632743802895,2.0,scaleout_tier_1,ema21,holdout
2025-12-10 08:15:00+00:00,6856.765,6853.931631489407,6862.4317370211875,2025-12-10 08:30:00+00:00,6853.916631489406,-1.0052940519188536,stop_hit,ema21,holdout
2025-12-10 11:15:00+00:00,6845.015,6839.968414898434,6855.108170203132,2025-12-10 12:00:00+00:00,6839.953414898434,-1.0029723069557814,stop_hit,ema21,holdout
2025-12-10 13:00:00+00:00,6843.265,6838.569809948377,6852.655380103247,2025-12-10 13:15:00+00:00,6852.640380103247,2.0,scaleout_tier_1,ema21,holdout
2025-12-10 16:15:00+00:00,6849.015,6840.978818647373,6873.123544057881,2025-12-10 19:45:00+00:00,6873.108544057881,3.0,scaleout_tier_2,ema21,holdout
2025-12-10 16:15:00+00:00,6849.015,6840.978818647373,6881.159725410508,2025-12-10 19:45:00+00:00,6881.144725410508,4.0,scaleout_tier_3,ema21,holdout
2025-12-10 16:15:00+00:00,6849.015,6840.978818647373,6889.195906763135,2025-12-10 19:45:00+00:00,6889.180906763135,5.0,scaleout_tier_4,ema21,holdout
2025-12-11 04:00:00+00:00,6835.015,6826.252238815739,6852.540522368524,2025-12-11 04:15:00+00:00,6835.985,0.11069570191431218,trail_exit,ema21,holdout
2025-12-11 06:45:00+00:00,6836.015,6828.845429979213,6850.354140041575,2025-12-11 08:30:00+00:00,6828.830429979213,-1.0020921756753665,stop_hit,ema21,holdout
2025-12-11 09:00:00+00:00,6841.765,6834.6266712564475,6856.041657487106,2025-12-11 11:30:00+00:00,6856.026657487106,2.0,scaleout_tier_1,ema21,holdout
2025-12-11 14:45:00+00:00,6872.765,6866.227067868406,6885.840864263188,2025-12-11 15:00:00+00:00,6866.212067868406,-1.002294303412518,stop_hit,h_ema21,holdout
2025-12-11 16:45:00+00:00,6881.765,6868.996434463183,6907.302131073636,2025-12-11 20:45:00+00:00,6907.2871310736355,2.0,scaleout_tier_1,ema21,holdout
2025-12-12 02:45:00+00:00,6911.515,6905.411118631223,6923.722762737555,2025-12-12 03:15:00+00:00,6905.396118631223,-1.0024574527409815,stop_hit,h_ema21,holdout
2025-12-12 03:45:00+00:00,6908.765,6903.333670455705,6919.627659088591,2025-12-12 04:15:00+00:00,6903.318670455705,-1.0027617547191705,stop_hit,h_ema21,holdout
2025-12-29 07:30:00+00:00,6972.265,6968.538006616715,6979.71898676657,2025-12-29 08:00:00+00:00,6968.523006616715,-1.0040246918783382,stop_hit,h_ema21,holdout
2025-12-29 09:15:00+00:00,6963.015,6959.003115309022,6971.038769381957,2025-12-29 12:30:00+00:00,6958.988115309022,-1.0037388911087248,stop_hit,h_ema21,holdout
2025-12-29 13:00:00+00:00,6959.765,6956.06630593906,6967.162388121881,2025-12-29 13:45:00+00:00,6956.05130593906,-1.0040554854641084,stop_hit,h_ema21,holdout
2025-12-29 14:45:00+00:00,6960.265,6954.244134635723,6972.3067307285555,2025-12-29 15:00:00+00:00,6954.229134635722,-1.0024913362270687,stop_hit,h_ema21,holdout
2025-12-29 15:30:00+00:00,6955.015,6948.092044021386,6968.860911957229,2025-12-29 15:45:00+00:00,6948.0770440213855,-1.0021667045185125,stop_hit,h_ema21,holdout
2025-12-29 17:00:00+00:00,6946.515,6939.307532338756,6960.92993532249,2025-12-29 17:15:00+00:00,6939.292532338755,-1.0020811747905556,stop_hit,h_ema21,holdout
2025-12-29 18:00:00+00:00,6945.765,6938.750865684277,6959.793268631446,2025-12-29 20:00:00+00:00,6959.778268631446,2.0,scaleout_tier_1,h_ema21,holdout
2025-12-30 01:45:00+00:00,6951.765,6947.913942431837,6959.467115136326,2025-12-30 02:00:00+00:00,6951.735,-0.007790067915023425,trail_exit,h_ema21,holdout
2025-12-30 04:15:00+00:00,6956.515,6953.280212865951,6962.984574268098,2025-12-30 05:30:00+00:00,6953.265212865951,-1.0046370902871598,stop_hit,h_ema21,holdout
2025-12-30 08:00:00+00:00,6946.765,6943.843996297849,6952.607007404303,2025-12-30 08:30:00+00:00,6952.592007404302,2.0,scaleout_tier_1,h_ema21,holdout
2025-12-30 10:30:00+00:00,6954.515,6951.669148894885,6960.20670221023,2025-12-30 10:45:00+00:00,6951.654148894885,-1.0052708309206226,stop_hit,h_ema21,holdout
2025-12-30 11:45:00+00:00,6948.765,6945.971092338067,6954.352815323867,2025-12-30 14:30:00+00:00,6946.485,-0.8160613291074384,trail_exit,h_ema21,holdout
2025-12-30 15:00:00+00:00,6956.265,6951.588912070378,6965.617175859245,2025-12-30 15:15:00+00:00,6951.573912070377,-1.003207809653301,stop_hit,h_ema21,holdout
2025-12-30 16:00:00+00:00,6951.515,6945.756963052949,6963.031073894103,2025-12-30 17:00:00+00:00,6945.741963052948,-1.0026050544896223,stop_hit,h_ema21,holdout
2025-12-30 17:30:00+00:00,6948.515,6942.686645064402,6960.171709871197,2025-12-30 20:45:00+00:00,6942.671645064402,-1.0025736250050097,stop_hit,h_ema21,holdout
2025-12-31 03:00:00+00:00,6937.015,6933.258139679408,6944.528720641186,2025-12-31 05:30:00+00:00,6933.243139679407,-1.0039926956874352,stop_hit,h_ema21,holdout
2025-12-31 09:15:00+00:00,6927.015,6923.6674643108645,6933.710071378272,2025-12-31 10:00:00+00:00,6923.652464310864,-1.0044809081644772,stop_hit,h_ema21,holdout
2025-12-31 10:30:00+00:00,6927.265,6924.136342542121,6933.522314915758,2025-12-31 12:15:00+00:00,6933.507314915758,2.0,scaleout_tier_1,h_ema21,holdout
2025-12-31 15:30:00+00:00,6927.765,6922.3306493250775,6938.633701349846,2025-12-31 15:45:00+00:00,6922.315649325077,-1.0027602193707421,stop_hit,h_ema21,holdout
2025-12-31 16:30:00+00:00,6923.265,6917.514473145917,6934.766053708167,2025-12-31 19:30:00+00:00,6917.499473145916,-1.0026084566477027,stop_hit,h_ema21,holdout
2026-01-02 00:30:00+00:00,6904.265,6898.2444750764525,6916.306049847096,2026-01-02 02:15:00+00:00,6916.291049847096,2.0,scaleout_tier_1,ema21,holdout
2026-01-02 08:15:00+00:00,6928.265,6925.302850783416,6934.189298433169,2026-01-02 12:00:00+00:00,6929.485,0.41186311383939955,trail_exit,h_ema21,holdout
2026-01-02 15:00:00+00:00,6932.765,6926.652772691242,6944.989454617517,2026-01-02 15:15:00+00:00,6926.6377726912415,-1.002454097212457,stop_hit,h_ema21,holdout
2026-01-02 15:45:00+00:00,6911.265,6900.887608091348,6932.019783817305,2026-01-02 16:00:00+00:00,6900.8726080913475,-1.0014454498907206,stop_hit,ema21,holdout
2026-01-02 17:15:00+00:00,6892.265,6879.485821819404,6917.823356361193,2026-01-02 17:45:00+00:00,6879.470821819404,-1.0011737844005575,stop_hit,ema21,holdout
2026-01-02 19:15:00+00:00,6892.515,6879.912018293077,6917.720963413846,2026-01-02 21:30:00+00:00,6902.735,0.8109192124261669,eod_force_close,ema21,holdout
2026-01-05 02:15:00+00:00,6910.765,6903.872239661606,6924.550520676789,2026-01-05 14:00:00+00:00,6924.535520676789,2.0,scaleout_tier_1,ema21,holdout
2026-01-05 18:45:00+00:00,6955.015,6948.369249806908,6968.306500386186,2026-01-05 19:30:00+00:00,6948.354249806907,-1.0022570815279692,stop_hit,h_ema21,holdout
2026-01-06 00:30:00+00:00,6943.265,6938.581228705898,6952.632542588205,2026-01-06 04:00:00+00:00,6952.617542588205,2.0,scaleout_tier_1,h_ema21,holdout
2026-01-06 09:00:00+00:00,6937.015,6933.3761589253545,6944.292682149292,2026-01-06 09:15:00+00:00,6937.485,0.12916200250517704,trail_exit,h_ema21,holdout
2026-01-06 09:45:00+00:00,6940.515,6936.670053264943,6948.204893470115,2026-01-06 14:30:00+00:00,6948.189893470115,2.0,scaleout_tier_1,h_ema200,holdout
2026-01-06 09:45:00+00:00,6940.515,6936.670053264943,6952.049840205173,2026-01-06 14:30:00+00:00,6952.034840205172,3.0,scaleout_tier_2,h_ema200,holdout
2026-01-06 17:00:00+00:00,6961.765,6954.967267786485,6988.955928854063,2026-01-06 19:00:00+00:00,6988.940928854063,4.0,scaleout_tier_3,h_ema21,holdout
2026-01-07 02:45:00+00:00,6988.265,6985.351846003677,6994.091307992648,2026-01-07 04:00:00+00:00,6985.336846003676,-1.005149058381142,stop_hit,h_ema21,holdout
2026-01-07 04:45:00+00:00,6986.015,6983.509577586294,6991.0258448274135,2026-01-07 05:00:00+00:00,6983.494577586293,-1.0059870143726128,stop_hit,h_ema21,holdout
2026-01-07 06:15:00+00:00,6986.765,6984.443656399906,6991.407687200189,2026-01-07 06:30:00+00:00,6984.428656399906,-1.006461774982264,stop_hit,h_ema21,holdout
2026-01-07 07:15:00+00:00,6982.265,6979.81001003326,6987.17497993348,2026-01-07 08:45:00+00:00,6979.79501003326,-1.0061100046043145,stop_hit,h_ema21,holdout
2026-01-07 10:15:00+00:00,6980.765,6978.170309503602,6985.954380992797,2026-01-07 10:30:00+00:00,6978.1553095036015,-1.005781036320574,stop_hit,h_ema21,holdout
2026-01-07 11:00:00+00:00,6978.515,6975.785213184918,6983.974573630166,2026-01-07 13:15:00+00:00,6983.959573630165,2.0,scaleout_tier_1,h_ema21,holdout
2026-01-07 14:30:00+00:00,6989.015,6985.8124610106015,6995.420077978798,2026-01-07 15:00:00+00:00,6985.797461010601,-1.004683783725969,stop_hit,h_ema21,holdout
2026-01-07 16:45:00+00:00,6999.015,6992.703185653421,7011.638628693158,2026-01-07 18:15:00+00:00,6992.688185653421,-1.0023764957548946,stop_hit,h_ema21,holdout
2026-01-08 00:45:00+00:00,6967.015,6962.039035338874,6976.966929322253,2026-01-08 02:30:00+00:00,6962.024035338874,-1.0030144908619452,stop_hit,h_ema200,holdout
2026-01-08 07:30:00+00:00,6949.265,6944.361699421203,6959.071601157594,2026-01-08 10:15:00+00:00,6945.235,-0.8218953611425274,trail_exit,h_ema21,holdout
2026-01-08 10:45:00+00:00,6949.765,6945.139047852852,6959.016904294297,2026-01-08 11:30:00+00:00,6945.124047852852,-1.0032425756953784,stop_hit,h_ema21,holdout
2026-01-08 12:30:00+00:00,6951.015,6946.346832326753,6960.351335346494,2026-01-08 12:45:00+00:00,6946.331832326753,-1.00321325219021,stop_hit,h_ema21,holdout
2026-01-08 15:00:00+00:00,6948.265,6941.575522897245,6961.643954205511,2026-01-08 15:15:00+00:00,6961.628954205511,2.0,scaleout_tier_1,h_ema21,holdout
2026-01-08 17:45:00+00:00,6967.015,6958.1436841657805,6984.75763166844,2026-01-08 18:00:00+00:00,6958.12868416578,-1.0016908427431326,stop_hit,h_ema21,holdout
2026-01-09 00:15:00+00:00,6966.015,6959.174433116829,6979.696133766342,2026-01-09 01:15:00+00:00,6959.159433116829,-1.0021928007220031,stop_hit,h_ema21,holdout
2026-01-09 02:00:00+00:00,6957.765,6952.127278872656,6969.04044225469,2026-01-09 11:15:00+00:00,6969.02544225469,2.0,scaleout_tier_1,h_ema21,holdout
2026-01-09 12:45:00+00:00,6968.265,6964.773335591781,6978.739993224659,2026-01-09 13:30:00+00:00,6978.724993224659,3.0,scaleout_tier_2,h_ema21,holdout
2026-01-09 12:45:00+00:00,6968.265,6964.773335591781,6982.2316576328785,2026-01-09 13:30:00+00:00,6982.216657632878,4.0,scaleout_tier_3,h_ema21,holdout
2026-01-09 12:45:00+00:00,6968.265,6964.773335591781,6985.723322041098,2026-01-09 13:30:00+00:00,6985.708322041098,5.0,scaleout_tier_4,h_ema21,holdout
2026-01-12 07:15:00+00:00,6968.015,6963.686654947628,6976.671690104745,2026-01-12 07:30:00+00:00,6964.985,-0.7000366106070953,trail_exit,h_ema21,holdout
2026-01-12 08:00:00+00:00,6967.515,6963.468034227383,6975.608931545235,2026-01-12 08:15:00+00:00,6963.453034227383,-1.0037064805691764,stop_hit,h_ema21,holdout
2026-01-12 10:30:00+00:00,6958.515,6953.946588007853,6967.651823984294,2026-01-12 12:45:00+00:00,6967.636823984294,2.0,scaleout_tier_1,h_ema21,holdout
2026-01-12 16:00:00+00:00,7002.765,6995.838919293315,7023.543242120058,2026-01-12 19:45:00+00:00,7023.528242120057,3.0,scaleout_tier_2,h_ema21,holdout
2026-01-13 01:30:00+00:00,7002.515,6998.513938981784,7010.517122036433,2026-01-13 01:45:00+00:00,7005.735,0.8047865267085876,trail_exit,h_ema50,holdout
2026-01-13 03:15:00+00:00,7008.265,7004.226069306456,7016.342861387088,2026-01-13 10:00:00+00:00,7004.211069306456,-1.003713854269474,stop_hit,h_ema21,holdout
2026-01-13 10:30:00+00:00,7004.515,7001.258534115015,7011.027931769971,2026-01-13 13:30:00+00:00,7011.01293176997,2.0,scaleout_tier_1,h_ema21,holdout
2026-01-13 10:30:00+00:00,7004.515,7001.258534115015,7014.284397654956,2026-01-13 13:30:00+00:00,7014.269397654955,3.0,scaleout_tier_2,h_ema21,holdout
2026-01-13 10:30:00+00:00,7004.515,7001.258534115015,7017.540863539941,2026-01-13 13:30:00+00:00,7017.5258635399405,4.0,scaleout_tier_3,h_ema21,holdout
2026-01-13 10:30:00+00:00,7004.515,7001.258534115015,7020.797329424926,2026-01-13 13:30:00+00:00,7020.782329424926,5.0,scaleout_tier_4,h_ema21,holdout
2026-01-13 10:30:00+00:00,7004.515,7001.258534115015,7011.027931769971,2026-01-13 13:30:00+00:00,7022.985,5.671792873728739,trail_exit,h_ema21,holdout
2026-01-13 14:15:00+00:00,7023.515,7017.774634445043,7034.995731109914,2026-01-13 14:30:00+00:00,7017.759634445043,-1.002613074003166,stop_hit,h_ema21,holdout
2026-01-13 16:00:00+00:00,7000.265,6991.781056324136,7017.232887351728,2026-01-13 16:15:00+00:00,6991.766056324136,-1.001768045684108,stop_hit,h_ema21,holdout
2026-01-13 16:45:00+00:00,7008.765,6999.292068419872,7027.710863160258,2026-01-13 17:30:00+00:00,6999.277068419871,-1.0015834591302013,stop_hit,h_ema21,holdout
2026-01-13 18:15:00+00:00,6996.515,6986.577391041447,7016.390217917106,2026-01-13 19:00:00+00:00,6986.562391041447,-1.001509417412467,stop_hit,h_ema21,holdout
2026-01-14 00:15:00+00:00,7001.515,6995.29652557199,7013.951948856021,2026-01-14 01:45:00+00:00,6995.28152557199,-1.0024121671921271,stop_hit,h_ema21,holdout
2026-01-14 07:45:00+00:00,6989.515,6986.289241717518,6995.966516564965,2026-01-14 08:30:00+00:00,6986.274241717518,-1.0046500694369402,stop_hit,h_ema21,holdout
2026-01-14 12:15:00+00:00,6973.765,6968.581334538603,6984.132330922795,2026-01-14 13:45:00+00:00,6968.566334538603,-1.0028937052578013,stop_hit,ema21,holdout
2026-01-14 14:15:00+00:00,6972.515,6966.757632579532,6984.029734840938,2026-01-14 14:30:00+00:00,6966.742632579531,-1.0026053574324612,stop_hit,h_ema21,holdout
2026-01-14 15:15:00+00:00,6968.015,6958.5695561511875,6986.905887697626,2026-01-14 15:30:00+00:00,6958.554556151187,-1.00158806724601,stop_hit,ema21,holdout
2026-01-14 16:30:00+00:00,6954.015,6942.607539226667,6976.829921546668,2026-01-14 16:45:00+00:00,6942.592539226666,-1.0013149289134873,stop_hit,ema21,holdout
2026-01-14 18:15:00+00:00,6935.515,6923.879826516797,6958.785346966407,2026-01-14 20:45:00+00:00,6958.770346966407,2.0,scaleout_tier_1,ema21,holdout
2026-01-15 00:45:00+00:00,6958.765,6950.038540146142,6976.217919707718,2026-01-15 04:45:00+00:00,6957.235,-0.17532883043335476,trail_exit,ema21,holdout
2026-01-15 05:15:00+00:00,6962.015,6956.810824575554,6972.423350848893,2026-01-15 06:15:00+00:00,6972.408350848893,2.0,scaleout_tier_1,ema21,holdout
2026-01-15 08:45:00+00:00,6977.765,6972.437659709842,6993.747020870476,2026-01-15 13:15:00+00:00,6993.732020870476,3.0,scaleout_tier_2,h_ema21,holdout
2026-01-15 16:00:00+00:00,7007.265,6999.459238907215,7022.876522185571,2026-01-15 19:15:00+00:00,6999.444238907215,-1.0019216575836778,stop_hit,h_ema21,holdout
2026-01-16 00:30:00+00:00,6990.515,6985.090718410706,7001.363563178588,2026-01-16 04:15:00+00:00,7001.348563178588,2.0,scaleout_tier_1,h_ema21,holdout
2026-01-16 12:45:00+00:00,6996.265,6992.349052999316,7004.096894001369,2026-01-16 13:00:00+00:00,6992.334052999316,-1.0038304910658153,stop_hit,h_ema21,holdout
2026-01-16 13:30:00+00:00,6992.515,6988.160376982324,7001.224246035353,2026-01-16 14:45:00+00:00,6988.145376982324,-1.0034446150538037,stop_hit,h_ema21,holdout
2026-01-16 16:00:00+00:00,6978.015,6969.897643224199,6994.249713551603,2026-01-16 20:45:00+00:00,6976.485,-0.1884850009995517,trail_exit,ema21,holdout
2026-01-19 01:15:00+00:00,6924.265,6914.565256383725,6943.664487232551,2026-01-19 01:45:00+00:00,6914.550256383724,-1.001546432626854,stop_hit,ema21,holdout
2026-01-19 06:15:00+00:00,6919.765,6914.81059676576,6929.6738064684805,2026-01-19 07:00:00+00:00,6914.79559676576,-1.003027609843434,stop_hit,ema21,holdout
2026-01-19 08:30:00+00:00,6917.765,6912.020169151026,6929.25466169795,2026-01-19 09:00:00+00:00,6912.005169151025,-1.0026110429348853,stop_hit,ema21,holdout
2026-01-19 11:30:00+00:00,6899.265,6892.50663792409,6912.781724151821,2026-01-19 14:30:00+00:00,6892.491637924089,-1.0022194726816713,stop_hit,ema50,holdout
2026-01-19 15:00:00+00:00,6899.765,6893.262226579708,6912.770546840585,2026-01-19 17:15:00+00:00,6912.755546840584,2.0,scaleout_tier_1,ema50,holdout
2026-01-20 00:45:00+00:00,6909.265,6903.191011852521,6921.412976294959,2026-01-20 04:45:00+00:00,6903.176011852521,-1.0024695471305047,stop_hit,ema50,holdout
2026-01-20 10:15:00+00:00,6859.265,6851.181977596293,6875.431044807415,2026-01-20 12:00:00+00:00,6875.416044807414,2.0,scaleout_tier_1,ema50,holdout
2026-01-20 12:45:00+00:00,6881.765,6873.535818300569,6898.223363398863,2026-01-20 13:30:00+00:00,6873.520818300569,-1.0018227814803706,stop_hit,ema50,holdout
2026-01-20 15:30:00+00:00,6895.515,6883.991750485994,6918.561499028013,2026-01-20 16:15:00+00:00,6883.976750485994,-1.001301716150648,stop_hit,ema50,holdout
2026-01-21 00:15:00+00:00,6837.765,6828.680374264159,6855.934251471684,2026-01-21 07:15:00+00:00,6855.919251471683,2.0,scaleout_tier_1,donchian_low,holdout
2026-01-21 08:30:00+00:00,6854.265,6849.517743995687,6863.759512008627,2026-01-21 09:15:00+00:00,6849.502743995687,-1.0031597200544269,stop_hit,ema50,holdout
2026-01-21 10:15:00+00:00,6842.015,6836.611400563253,6852.822198873496,2026-01-21 11:30:00+00:00,6836.596400563252,-1.0027759274490848,stop_hit,ema50,holdout
2026-01-21 13:00:00+00:00,6825.765,6818.656911772427,6839.981176455148,2026-01-21 13:30:00+00:00,6818.641911772426,-1.0021102720619224,stop_hit,donchian_low,holdout
2026-01-21 14:00:00+00:00,6824.765,6817.166522598195,6839.961954803611,2026-01-21 14:15:00+00:00,6839.94695480361,2.0,scaleout_tier_1,donchian_low,holdout
2026-01-21 14:00:00+00:00,6824.765,6817.166522598195,6847.560432205416,2026-01-21 14:15:00+00:00,6847.545432205416,3.0,scaleout_tier_2,donchian_low,holdout
2026-01-21 14:45:00+00:00,6856.265,6845.090034675013,6900.964861299949,2026-01-21 15:30:00+00:00,6900.949861299949,4.0,scaleout_tier_3,ema50,holdout
2026-01-21 18:00:00+00:00,6862.515,6847.364759150666,6892.815481698669,2026-01-21 18:15:00+00:00,6861.985,-0.034982942203453035,trail_exit,ema50,holdout
2026-01-22 06:45:00+00:00,6919.265,6913.8474033357315,6930.100193328538,2026-01-22 07:30:00+00:00,6930.085193328538,2.0,scaleout_tier_1,ema21,holdout
2026-01-22 08:15:00+00:00,6936.265,6929.9519919889535,6955.204024033141,2026-01-22 13:45:00+00:00,6955.18902403314,3.0,scaleout_tier_2,ema21,holdout
2026-01-22 15:30:00+00:00,6941.265,6932.614643511143,6958.565712977715,2026-01-22 19:45:00+00:00,6944.485,0.37223899432897956,trail_exit,ema21,holdout
2026-01-23 00:15:00+00:00,6943.515,6936.222153175984,6958.100693648033,2026-01-23 05:00:00+00:00,6958.085693648032,2.0,scaleout_tier_1,ema21,holdout
2026-01-23 07:30:00+00:00,6959.015,6955.5715617759915,6965.901876448018,2026-01-23 07:45:00+00:00,6955.556561775991,-1.0043561112540782,stop_hit,ema21,holdout
2026-01-23 11:00:00+00:00,6929.765,6924.956761921198,6939.381476157604,2026-01-23 11:15:00+00:00,6939.366476157604,2.0,scaleout_tier_1,ema21,holdout
2026-01-23 12:15:00+00:00,6935.765,6930.251207586511,6946.79258482698,2026-01-23 13:15:00+00:00,6930.23620758651,-1.002720450621904,stop_hit,ema21,holdout
2026-01-23 14:30:00+00:00,6935.015,6928.859312761228,6947.326374477546,2026-01-23 14:45:00+00:00,6928.844312761227,-1.0024367709759272,stop_hit,ema21,holdout
2026-01-23 15:30:00+00:00,6947.015,6938.7924473337525,6963.460105332496,2026-01-23 17:45:00+00:00,6938.777447333752,-1.001824251009288,stop_hit,ema21,holdout
2026-01-23 19:00:00+00:00,6943.765,6934.416478933295,6962.46204213341,2026-01-23 21:15:00+00:00,6934.401478933295,-1.001604531871223,stop_hit,ema21,holdout
2026-01-26 00:15:00+00:00,6919.765,6908.295878773287,6942.703242453427,2026-01-26 08:00:00+00:00,6942.688242453427,2.0,scaleout_tier_1,ema21,holdout
2026-01-26 10:15:00+00:00,6931.515,6925.581142782709,6949.316571651873,2026-01-26 13:45:00+00:00,6949.301571651873,3.0,scaleout_tier_2,ema21,holdout
2026-01-26 16:00:00+00:00,6983.765,6976.092871277279,6999.109257445442,2026-01-26 16:15:00+00:00,6976.077871277279,-1.0019551288231003,stop_hit,ema21,holdout
2026-01-27 07:45:00+00:00,7002.765,6999.7332144983875,7008.828571003226,2026-01-27 08:00:00+00:00,6999.718214498387,-1.0049475795673368,stop_hit,h_ema21,holdout
2026-01-27 10:15:00+00:00,6997.515,6994.1551546837045,7004.234690632592,2026-01-27 13:45:00+00:00,6994.140154683704,-1.0044644912453484,stop_hit,h_ema21,holdout
2026-01-27 15:00:00+00:00,7005.265,7000.725622084937,7014.3437558301275,2026-01-27 15:15:00+00:00,7000.710622084936,-1.0033044175393617,stop_hit,h_ema21,holdout
2026-01-27 15:45:00+00:00,7011.515,7005.954863965235,7022.635272069531,2026-01-27 18:00:00+00:00,7005.9398639652345,-1.0026977757210502,stop_hit,h_ema21,holdout
2026-01-28 00:15:00+00:00,7017.015,7013.044250723284,7024.956498553433,2026-01-28 00:30:00+00:00,7024.941498553433,2.0,scaleout_tier_1,h_ema21,holdout
2026-01-28 09:45:00+00:00,7030.265,7026.11661709283,7038.561765814341,2026-01-28 12:00:00+00:00,7026.10161709283,-1.0036158667933957,stop_hit,h_ema21,holdout
2026-01-28 12:45:00+00:00,7026.515,7021.894006717609,7035.756986564783,2026-01-28 13:00:00+00:00,7021.879006717609,-1.0032460553572944,stop_hit,h_ema21,holdout
2026-01-28 14:00:00+00:00,7022.265,7017.263914219524,7032.267171560953,2026-01-28 15:00:00+00:00,7017.248914219524,-1.0029993486732192,stop_hit,h_ema21,holdout
2026-01-28 15:30:00+00:00,7017.265,7010.865398868539,7030.064202262923,2026-01-28 15:45:00+00:00,7010.850398868539,-1.0023438960791768,stop_hit,h_ema21,holdout
2026-01-28 16:15:00+00:00,7012.015,7005.308212942486,7025.42857411503,2026-01-28 16:30:00+00:00,7005.293212942485,-1.0022365403689864,stop_hit,h_ema21,holdout
2026-01-28 17:15:00+00:00,7006.765,6999.461225657287,7021.372548685426,2026-01-28 17:30:00+00:00,6999.446225657287,-1.0020537326725178,stop_hit,h_ema200,holdout
2026-01-28 18:15:00+00:00,7003.765,6996.457599463707,7018.379801072587,2026-01-28 19:00:00+00:00,6996.442599463707,-1.0020527135368902,stop_hit,h_ema200,holdout
2026-01-29 00:30:00+00:00,6999.265,6987.640359920392,7022.5142801592165,2026-01-29 01:15:00+00:00,6987.625359920392,-1.0012903625314509,stop_hit,h_ema21,holdout
2026-01-29 02:00:00+00:00,6994.765,6984.89802408568,7014.498951828641,2026-01-29 04:45:00+00:00,7014.483951828641,2.0,scaleout_tier_1,h_ema21,holdout
2026-01-29 05:30:00+00:00,7016.265,7010.40341411058,7027.98817177884,2026-01-29 10:45:00+00:00,7013.735,-0.43162380415976526,trail_exit,h_ema50,holdout
2026-01-29 12:15:00+00:00,7022.515,7017.089145556926,7033.366708886148,2026-01-29 12:30:00+00:00,7017.074145556926,-1.0027645415404525,stop_hit,h_ema21,holdout
2026-01-29 17:15:00+00:00,6956.515,6942.050983212989,6985.443033574023,2026-01-29 17:45:00+00:00,6942.035983212989,-1.0010370563185322,stop_hit,ema21,holdout
2026-01-29 18:15:00+00:00,6959.265,6943.831104397808,6990.132791204384,2026-01-29 21:30:00+00:00,6989.735,1.9742261309368838,eod_force_close,ema21,holdout
2026-01-30 02:00:00+00:00,6962.765,6951.045689689406,6986.20362062119,2026-01-30 02:15:00+00:00,6951.030689689405,-1.0012799388020954,stop_hit,ema21,holdout
2026-01-30 03:00:00+00:00,6961.015,6949.391959553809,6984.261080892383,2026-01-30 06:00:00+00:00,6952.235,-0.7553961496260463,trail_exit,ema21,holdout
2026-01-30 08:15:00+00:00,6937.515,6927.890552100059,6956.763895799883,2026-01-30 08:30:00+00:00,6927.8755521000585,-1.00155853095744,stop_hit,ema21,holdout
2026-01-30 09:00:00+00:00,6941.015,6930.80803497224,6961.42893005552,2026-01-30 09:15:00+00:00,6930.79303497224,-1.0014695847354753,stop_hit,ema21,holdout
2026-01-30 10:15:00+00:00,6933.515,6923.3520885902235,6953.840822819554,2026-01-30 11:30:00+00:00,6953.825822819554,2.0,scaleout_tier_1,ema21,holdout
2026-01-30 13:15:00+00:00,6968.765,6958.590733033779,6989.113533932444,2026-01-30 13:30:00+00:00,6958.575733033778,-1.0014743076872394,stop_hit,ema21,holdout
2026-01-30 14:15:00+00:00,6964.015,6953.4355997807625,6985.173800438476,2026-01-30 16:15:00+00:00,6953.420599780762,-1.0014178497541903,stop_hit,ema21,holdout
2026-01-30 17:30:00+00:00,6958.765,6942.400658012269,6991.493683975464,2026-01-30 17:45:00+00:00,6942.385658012268,-1.0009166271403747,stop_hit,ema21,holdout
2026-01-30 19:00:00+00:00,6962.015,6943.44168436867,6999.16163126266,2026-01-30 20:15:00+00:00,6943.42668436867,-1.0008076102456918,stop_hit,ema21,holdout
2026-02-02 00:15:00+00:00,6951.515,6935.24317783781,6984.05864432438,2026-02-02 01:00:00+00:00,6935.22817783781,-1.0009218389834165,stop_hit,ema21,holdout
2026-02-02 04:30:00+00:00,6888.265,6874.246484642586,6916.302030714828,2026-02-02 06:00:00+00:00,6874.231484642586,-1.0010700134513455,stop_hit,ema50,holdout
2026-02-02 07:30:00+00:00,6888.765,6876.642332182044,6913.010335635913,2026-02-02 08:30:00+00:00,6912.995335635913,2.0,scaleout_tier_1,ema50,holdout
2026-02-02 09:30:00+00:00,6923.015,6911.4307581032135,6957.767725690361,2026-02-02 14:30:00+00:00,6957.75272569036,3.0,scaleout_tier_2,ema21,holdout
2026-02-02 09:30:00+00:00,6923.015,6911.4307581032135,6969.351967587148,2026-02-02 14:30:00+00:00,6969.336967587147,4.0,scaleout_tier_3,ema21,holdout
2026-02-03 00:30:00+00:00,7020.765,7013.372062368705,7035.550875262591,2026-02-03 02:00:00+00:00,7013.357062368705,-1.0020289634173065,stop_hit,h_ema21,holdout
2026-02-03 03:00:00+00:00,7012.515,7006.533418507747,7024.4781629845065,2026-02-03 08:00:00+00:00,7024.463162984506,2.0,scaleout_tier_1,h_ema21,holdout
2026-02-03 12:15:00+00:00,7016.515,7011.923232965143,7025.698534069715,2026-02-03 13:45:00+00:00,7015.235,-0.2787597868715624,trail_exit,h_ema21,holdout
2026-02-03 16:00:00+00:00,6978.015,6967.152579251229,6999.739841497542,2026-02-03 16:15:00+00:00,6967.137579251229,-1.001380907658362,stop_hit,ema21,holdout
2026-02-03 19:15:00+00:00,6910.015,6896.531306259544,6936.982387480913,2026-02-03 20:45:00+00:00,6936.967387480912,2.0,scaleout_tier_1,ema21,holdout
2026-02-04 04:45:00+00:00,6947.265,6940.747965129006,6960.299069741989,2026-02-04 08:15:00+00:00,6943.235,-0.6183793826141891,trail_exit,ema21,holdout
2026-02-04 10:00:00+00:00,6941.015,6934.08174757614,6954.881504847722,2026-02-04 11:45:00+00:00,6954.866504847721,2.0,scaleout_tier_1,ema21,holdout
2026-02-04 15:30:00+00:00,6944.765,6931.683868284206,6970.9272634315885,2026-02-04 15:45:00+00:00,6931.668868284206,-1.0011466897762535,stop_hit,ema21,holdout
2026-02-04 18:00:00+00:00,6882.015,6862.811456102127,6920.422087795748,2026-02-04 19:45:00+00:00,6920.407087795747,2.0,scaleout_tier_1,ema21,holdout
2026-02-05 00:30:00+00:00,6927.015,6910.933976279695,6959.17704744061,2026-02-05 02:00:00+00:00,6910.918976279695,-1.0009327764364522,stop_hit,ema21,holdout
2026-02-05 03:15:00+00:00,6904.515,6890.329947159046,6932.8851056819085,2026-02-05 03:45:00+00:00,6890.314947159046,-1.0010574511190413,stop_hit,ema21,holdout
2026-02-05 04:15:00+00:00,6894.265,6881.172478805954,6920.450042388094,2026-02-05 12:15:00+00:00,6886.985,-0.5560426362579407,trail_exit,ema21,holdout
2026-02-05 14:45:00+00:00,6873.765,6857.855769069202,6905.583461861596,2026-02-05 15:00:00+00:00,6857.840769069202,-1.0009428488445213,stop_hit,ema50,holdout
2026-02-05 15:45:00+00:00,6822.515,6802.338340675383,6862.868318649235,2026-02-05 16:00:00+00:00,6802.3233406753825,-1.0007434332789684,stop_hit,ema50,holdout
2026-02-05 16:30:00+00:00,6840.765,6819.172572690894,6883.949854618212,2026-02-05 20:30:00+00:00,6819.157572690894,-1.0006946879934153,stop_hit,ema100,holdout
2026-02-06 00:30:00+00:00,6775.265,6756.963241564924,6811.868516870153,2026-02-06 06:00:00+00:00,6811.853516870153,2.0,scaleout_tier_1,ema100,holdout
2026-02-06 10:45:00+00:00,6843.765,6832.979368990142,6876.121893029576,2026-02-06 14:30:00+00:00,6876.106893029576,3.0,scaleout_tier_2,ema100,holdout
2026-02-06 10:45:00+00:00,6843.765,6832.979368990142,6886.907524039435,2026-02-06 14:30:00+00:00,6886.892524039435,4.0,scaleout_tier_3,ema100,holdout
2026-02-06 15:30:00+00:00,6898.515,6883.589391967251,6928.366216065499,2026-02-06 21:30:00+00:00,6943.985,3.0464420545032227,eod_force_close,ema21,holdout
2026-02-09 00:15:00+00:00,6977.265,6967.118195596259,6997.558608807482,2026-02-09 01:00:00+00:00,6967.103195596259,-1.0014782979353378,stop_hit,ema21,holdout
2026-02-09 02:45:00+00:00,6966.765,6958.4462281076485,6983.402543784704,2026-02-09 03:30:00+00:00,6958.431228107648,-1.0018031507768734,stop_hit,ema21,holdout
2026-02-09 04:15:00+00:00,6961.765,6954.623399303895,6976.048201392211,2026-02-09 06:00:00+00:00,6954.608399303895,-1.0021003694603798,stop_hit,ema21,holdout
2026-02-09 11:00:00+00:00,6935.765,6927.901804080232,6951.491391839537,2026-02-09 14:30:00+00:00,6927.886804080232,-1.0019076212971645,stop_hit,ema21,holdout
2026-02-09 15:15:00+00:00,6959.265,6948.546801899078,6980.7013962018455,2026-02-09 15:45:00+00:00,6980.686396201845,2.0,scaleout_tier_1,ema21,holdout
2026-02-09 18:45:00+00:00,6991.515,6982.082663731188,7010.379672537624,2026-02-09 20:30:00+00:00,6982.067663731188,-1.0015902740925304,stop_hit,ema21,holdout
2026-02-10 01:00:00+00:00,6978.265,6971.965341493882,6990.864317012237,2026-02-25 05:00:00+00:00,6971.950341493882,-1.0023810814484244,stop_hit,ema21,holdout
2026-02-25 06:15:00+00:00,6906.015,6897.668877675077,6922.707244649847,2026-02-25 11:45:00+00:00,6922.6922446498465,2.0,scaleout_tier_1,ema21,holdout
2026-02-25 12:30:00+00:00,6925.015,6919.836712972912,6940.549861081265,2026-02-25 14:45:00+00:00,6940.534861081264,3.0,scaleout_tier_2,ema21,holdout
2026-02-25 17:45:00+00:00,6952.265,6945.422353558862,6965.950292882278,2026-02-25 21:30:00+00:00,6961.985,1.4205030295824992,eod_force_close,ema21,holdout
2026-02-26 01:45:00+00:00,6950.515,6942.969895890136,6965.605208219728,2026-02-26 13:15:00+00:00,6965.590208219728,2.0,scaleout_tier_1,ema21,holdout
2026-02-26 14:00:00+00:00,6966.515,6962.1603022771105,6975.22439544578,2026-02-26 14:15:00+00:00,6962.14530227711,-1.0034445559611365,stop_hit,ema21,holdout
2026-02-26 18:30:00+00:00,6884.015,6872.621335618874,6906.802328762254,2026-02-26 19:00:00+00:00,6906.787328762253,2.0,scaleout_tier_1,ema50,holdout
2026-02-27 00:15:00+00:00,6895.765,6884.962806009532,6917.369387980937,2026-02-27 00:30:00+00:00,6884.947806009532,-1.0013886067972453,stop_hit,ema21,holdout
2026-02-27 01:00:00+00:00,6891.015,6880.518126750344,6912.008746499313,2026-02-27 10:00:00+00:00,6890.985,-0.002857993927061756,trail_exit,ema50,holdout
2026-02-27 10:30:00+00:00,6897.515,6890.777164148846,6910.990671702309,2026-02-27 11:00:00+00:00,6890.762164148846,-1.0022262341101347,stop_hit,ema21,holdout
2026-02-27 12:15:00+00:00,6890.015,6882.398661416859,6905.247677166283,2026-02-27 12:30:00+00:00,6882.383661416859,-1.0019694502596732,stop_hit,ema21,holdout
2026-02-27 15:15:00+00:00,6870.765,6858.876782794036,6894.541434411928,2026-02-27 17:15:00+00:00,6858.861782794036,-1.001261753527922,stop_hit,ema50,holdout
2026-02-27 18:00:00+00:00,6869.015,6855.667288486448,6895.710423027104,2026-02-27 19:30:00+00:00,6855.652288486448,-1.0011237881478856,stop_hit,ema50,holdout
2026-03-02 01:15:00+00:00,6851.765,6837.319132130026,6880.656735739948,2026-03-02 02:45:00+00:00,6837.304132130026,-1.0010383592135372,stop_hit,ema100,holdout
2026-03-02 03:30:00+00:00,6841.515,6830.190725163753,6864.163549672495,2026-03-02 04:15:00+00:00,6830.175725163753,-1.0013245881274724,stop_hit,ema100,holdout
2026-03-02 08:45:00+00:00,6790.015,6777.100646939934,6815.843706120132,2026-03-02 10:00:00+00:00,6815.828706120132,2.0,scaleout_tier_1,ema100,holdout
2026-03-02 16:15:00+00:00,6877.265,6860.6067704012185,6910.581459197564,2026-03-02 16:30:00+00:00,6860.591770401218,-1.0009004558324388,stop_hit,ema50,holdout
2026-03-02 19:15:00+00:00,6893.515,6879.263236568619,6922.018526862764,2026-03-02 20:00:00+00:00,6879.248236568618,-1.0010525013323823,stop_hit,ema21,holdout
2026-03-03 02:45:00+00:00,6852.265,6842.53075339489,6871.733493210221,2026-03-03 03:30:00+00:00,6842.5157533948895,-1.0015409513040745,stop_hit,ema50,holdout
2026-03-03 09:15:00+00:00,6789.765,6778.951239530607,6811.392520938786,2026-03-03 09:30:00+00:00,6778.936239530607,-1.0013871215330488,stop_hit,ema100,holdout
2026-03-03 10:45:00+00:00,6769.765,6758.1078912010635,6793.079217597874,2026-03-03 11:15:00+00:00,6758.092891201063,-1.00128676846541,stop_hit,ema100,holdout
2026-03-03 12:15:00+00:00,6787.265,6773.431130168621,6814.932739662759,2026-03-03 13:30:00+00:00,6773.416130168621,-1.0010842952972063,stop_hit,ema100,holdout
2026-03-03 14:30:00+00:00,6772.765,6758.940194517505,6800.414610964991,2026-03-03 14:45:00+00:00,6758.925194517505,-1.0010850062244507,stop_hit,ema100,holdout
2026-03-03 16:15:00+00:00,6773.015,6752.899323178461,6813.24635364308,2026-03-03 18:15:00+00:00,6813.231353643079,2.0,scaleout_tier_1,ema100,holdout
2026-03-04 01:45:00+00:00,6811.265,6796.155407082972,6841.484185834058,2026-03-04 02:15:00+00:00,6796.140407082971,-1.0009927467988513,stop_hit,ema100,holdout
2026-03-04 04:00:00+00:00,6793.265,6780.107089332488,6819.580821335026,2026-03-04 06:00:00+00:00,6780.092089332487,-1.0011399986197933,stop_hit,ema100,holdout
2026-03-04 06:30:00+00:00,6785.015,6772.943697635203,6809.157604729596,2026-03-04 08:00:00+00:00,6809.142604729595,2.0,scaleout_tier_1,ema100,holdout
2026-03-04 14:15:00+00:00,6850.515,6837.302184696525,6876.940630606951,2026-03-04 14:30:00+00:00,6837.2871846965245,-1.0011352614606202,stop_hit,ema100,holdout
2026-03-05 00:15:00+00:00,6892.515,6883.6958388535,6910.153322293,2026-03-05 01:15:00+00:00,6883.6808388535,-1.0017008420360116,stop_hit,ema21,holdout
2026-03-05 02:45:00+00:00,6865.015,6855.539821657452,6883.965356685097,2026-03-05 03:15:00+00:00,6855.524821657452,-1.0015830836590136,stop_hit,ema21,holdout
2026-03-05 04:00:00+00:00,6856.265,6847.110840568031,6874.57331886394,2026-03-05 06:00:00+00:00,6847.09584056803,-1.0016385993833516,stop_hit,ema21,holdout
2026-03-05 07:00:00+00:00,6866.765,6858.233977870798,6883.827044258404,2026-03-05 07:45:00+00:00,6858.218977870798,-1.0017582887224008,stop_hit,ema21,holdout
2026-03-05 08:45:00+00:00,6846.765,6837.25310619082,6865.78878761836,2026-03-05 09:00:00+00:00,6865.77378761836,2.0,scaleout_tier_1,ema21,holdout
2026-03-05 08:45:00+00:00,6846.765,6837.25310619082,6875.30068142754,2026-03-05 09:00:00+00:00,6875.28568142754,3.0,scaleout_tier_2,ema21,holdout
2026-03-05 08:45:00+00:00,6846.765,6837.25310619082,6884.8125752367205,2026-03-05 09:00:00+00:00,6884.79757523672,4.0,scaleout_tier_3,ema21,holdout
2026-03-05 12:30:00+00:00,6872.515,6861.372422278682,6894.800155442636,2026-03-05 12:45:00+00:00,6861.357422278682,-1.0013461876035765,stop_hit,ema21,holdout
2026-03-05 14:45:00+00:00,6848.765,6836.1800066632795,6873.934986673442,2026-03-05 15:15:00+00:00,6836.165006663279,-1.0011918957443195,stop_hit,ema21,holdout
2026-03-05 16:00:00+00:00,6843.015,6825.934893996975,6877.175212006051,2026-03-05 16:15:00+00:00,6825.919893996975,-1.0008782146901003,stop_hit,ema21,holdout
2026-03-05 16:45:00+00:00,6823.765,6806.0368684808145,6859.221263038372,2026-03-05 17:30:00+00:00,6806.021868480814,-1.0008461128565125,stop_hit,ema21,holdout
2026-03-05 18:15:00+00:00,6801.265,6783.478840299058,6836.837319401885,2026-03-05 18:30:00+00:00,6783.463840299058,-1.0008433523735611,stop_hit,ema100,holdout
2026-03-06 02:00:00+00:00,6839.015,6828.347183655815,6860.350632688372,2026-03-06 08:15:00+00:00,6829.735,-0.8699062395331336,trail_exit,ema100,holdout
2026-03-06 08:45:00+00:00,6842.015,6834.635109022063,6856.7747819558745,2026-03-06 09:00:00+00:00,6834.620109022063,-1.0020325503513767,stop_hit,ema100,holdout
2026-03-06 10:30:00+00:00,6820.265,6810.687973825183,6839.419052349635,2026-03-06 10:45:00+00:00,6810.672973825182,-1.0015662481992342,stop_hit,ema100,holdout
2026-03-06 11:30:00+00:00,6815.765,6806.068865717957,6835.157268564087,2026-03-06 11:45:00+00:00,6806.053865717957,-1.001547008278145,stop_hit,ema100,holdout
2026-03-06 12:15:00+00:00,6798.265,6787.583911436717,6819.6271771265665,2026-03-06 12:30:00+00:00,6787.568911436717,-1.0014043512429895,stop_hit,ema100,holdout
2026-03-06 13:15:00+00:00,6795.015,6784.642490617037,6815.760018765927,2026-03-06 13:30:00+00:00,6784.6274906170365,-1.0014461302898374,stop_hit,ema100,holdout
2026-03-06 14:30:00+00:00,6752.265,6738.537783705583,6779.719432588835,2026-03-06 14:45:00+00:00,6738.522783705583,-1.0010927197239856,stop_hit,ema100,holdout
2026-03-06 15:30:00+00:00,6759.765,6743.005940634505,6793.28311873099,2026-03-06 15:45:00+00:00,6742.990940634505,-1.0008950382997754,stop_hit,donchian_low,holdout
2026-03-06 18:15:00+00:00,6777.515,6758.355615694667,6815.833768610667,2026-03-06 18:45:00+00:00,6758.340615694667,-1.0007829061603066,stop_hit,ema100,holdout
2026-03-09 04:30:00+00:00,6618.765,6605.464041491957,6645.366917016087,2026-03-09 06:00:00+00:00,6645.351917016087,2.0,scaleout_tier_1,ema200,holdout
2026-03-09 08:30:00+00:00,6647.515,6634.178819172398,6687.523542482807,2026-03-09 09:30:00+00:00,6687.508542482807,3.0,scaleout_tier_2,ema200,holdout
2026-03-09 10:45:00+00:00,6672.265,6656.822936490791,6703.149127018419,2026-03-09 11:15:00+00:00,6663.235,-0.5847664073273247,trail_exit,h_ema50,holdout
2026-03-09 12:15:00+00:00,6683.015,6668.600882931588,6711.843234136825,2026-03-09 12:30:00+00:00,6668.585882931588,-1.0010406464668724,stop_hit,donchian_low,holdout
2026-03-10 05:45:00+00:00,6786.515,6776.915315949209,6805.714368101583,2026-03-10 07:15:00+00:00,6805.699368101583,2.0,scaleout_tier_1,ema100,holdout
2026-03-10 05:45:00+00:00,6786.515,6776.915315949209,6815.314052152375,2026-03-10 07:15:00+00:00,6815.299052152374,3.0,scaleout_tier_2,ema100,holdout
2026-03-10 08:00:00+00:00,6819.515,6809.809241893427,6838.926516213148,2026-03-10 10:15:00+00:00,6809.794241893426,-1.0015454743293228,stop_hit,ema21,holdout
2026-03-10 13:00:00+00:00,6785.765,6774.265476285847,6808.764047428306,2026-03-10 13:45:00+00:00,6774.250476285847,-1.001304401849432,stop_hit,ema21,holdout
2026-03-10 14:30:00+00:00,6794.015,6778.858460233249,6824.328079533502,2026-03-10 14:45:00+00:00,6824.313079533502,2.0,scaleout_tier_1,ema21,holdout
2026-03-10 15:30:00+00:00,6829.015,6813.347265663313,6860.350468673375,2026-03-10 18:00:00+00:00,6813.332265663313,-1.0009573815637915,stop_hit,ema21,holdout
2026-03-11 03:00:00+00:00,6816.265,6808.837775335307,6831.119449329387,2026-03-11 05:00:00+00:00,6808.822775335307,-1.0020195969123746,stop_hit,ema21,holdout
2026-03-11 06:15:00+00:00,6805.265,6799.61436698391,6816.5662660321805,2026-03-11 07:00:00+00:00,6799.59936698391,-1.002654569843346,stop_hit,ema21,holdout
2026-03-11 08:15:00+00:00,6798.765,6791.635985960326,6813.0230280793485,2026-03-11 08:30:00+00:00,6791.620985960326,-1.0021040777752506,stop_hit,ema21,holdout
2026-03-11 09:45:00+00:00,6774.265,6765.694030038793,6791.4069399224145,2026-03-11 10:30:00+00:00,6791.391939922414,2.0,scaleout_tier_1,ema21,holdout
2026-03-11 13:15:00+00:00,6774.765,6762.808171946103,6798.678656107794,2026-03-11 14:15:00+00:00,6778.235,0.29021074689356285,trail_exit,ema21,holdout
2026-03-11 16:15:00+00:00,6759.765,6743.4247898556,6792.445420288802,2026-03-11 22:00:00+00:00,6765.985,0.38065605919583145,eod_force_close,ema21,holdout
2026-03-12 03:15:00+00:00,6712.765,6702.229079253079,6733.836841493842,2026-03-12 07:00:00+00:00,6733.821841493842,2.0,scaleout_tier_1,h_ema21,holdout
2026-03-12 08:00:00+00:00,6746.015,6738.276494657213,6761.492010685574,2026-03-12 09:15:00+00:00,6738.261494657213,-1.001938358809083,stop_hit,h_ema21,holdout
2026-03-12 14:15:00+00:00,6725.765,6713.108028828282,6751.078942343437,2026-03-12 14:30:00+00:00,6713.093028828282,-1.001185117655466,stop_hit,h_ema21,holdout
2026-03-12 15:45:00+00:00,6713.515,6696.878146399143,6746.788707201716,2026-03-12 16:00:00+00:00,6696.863146399142,-1.000901612790507,stop_hit,h_ema21,holdout
2026-03-12 16:45:00+00:00,6712.765,6694.726918843865,6748.841162312271,2026-03-12 17:45:00+00:00,6694.711918843865,-1.000831574038862,stop_hit,h_ema21,holdout
2026-03-13 00:15:00+00:00,6692.515,6681.311376565103,6714.922246869794,2026-03-13 04:15:00+00:00,6692.485,-0.00267770513485939,trail_exit,h_ema21,holdout
2026-03-13 05:30:00+00:00,6693.265,6686.328810341195,6707.137379317611,2026-03-13 06:15:00+00:00,6686.313810341195,-1.0021625706242454,stop_hit,h_ema21,holdout
2026-03-13 09:00:00+00:00,6669.515,6659.3619891908,6689.821021618401,2026-03-13 10:45:00+00:00,6689.8060216184,2.0,scaleout_tier_1,ema200,holdout
2026-03-13 13:45:00+00:00,6733.265,6721.523272467287,6756.748455065427,2026-03-13 14:00:00+00:00,6721.508272467287,-1.0012774951521006,stop_hit,h_ema21,holdout
2026-03-13 15:15:00+00:00,6682.265,6666.196043309914,6714.402913380173,2026-03-13 15:30:00+00:00,6666.181043309914,-1.0009334769076565,stop_hit,h_ema21,holdout
2026-03-13 16:15:00+00:00,6653.515,6636.30562833128,6687.933743337441,2026-03-13 17:45:00+00:00,6636.29062833128,-1.0008716181095438,stop_hit,ema200,holdout
2026-03-13 18:45:00+00:00,6658.015,6642.339926094562,6689.365147810878,2026-03-13 19:15:00+00:00,6642.324926094561,-1.000956933287257,stop_hit,ema200,holdout
2026-03-16 03:00:00+00:00,6662.015,6651.725089092498,6682.594821815005,2026-03-16 07:30:00+00:00,6664.985,0.28863223663422644,trail_exit,h_ema21,holdout
2026-03-16 08:15:00+00:00,6669.015,6661.184364085318,6684.676271829366,2026-03-16 08:45:00+00:00,6661.169364085317,-1.0019155532403443,stop_hit,h_ema21,holdout
2026-03-16 10:00:00+00:00,6656.265,6647.27252881658,6674.2499423668405,2026-03-16 10:15:00+00:00,6674.23494236684,2.0,scaleout_tier_1,h_ema21,holdout
2026-03-16 11:00:00+00:00,6685.265,6675.405489132922,6714.843532601234,2026-03-16 13:45:00+00:00,6714.828532601234,3.0,scaleout_tier_2,h_ema21,holdout
2026-03-16 15:30:00+00:00,6714.015,6701.270239853436,6739.50452029313,2026-03-16 15:45:00+00:00,6701.255239853435,-1.001176954279863,stop_hit,h_ema21,holdout
2026-03-17 02:00:00+00:00,6741.765,6733.4472693824255,6758.40046123515,2026-03-17 02:45:00+00:00,6733.432269382425,-1.0018033765085674,stop_hit,ema21,holdout
2026-03-17 06:30:00+00:00,6723.015,6716.523792632975,6735.997414734052,2026-03-17 09:15:00+00:00,6735.982414734051,2.0,scaleout_tier_1,ema21,holdout
2026-03-17 06:30:00+00:00,6723.015,6716.523792632975,6742.488622101077,2026-03-17 09:15:00+00:00,6742.473622101077,3.0,scaleout_tier_2,ema21,holdout
2026-03-17 10:00:00+00:00,6747.265,6739.205305297169,6763.384389405664,2026-03-17 10:15:00+00:00,6739.190305297168,-1.0018611126790022,stop_hit,ema21,holdout
2026-03-17 10:45:00+00:00,6742.265,6734.346396041502,6758.102207916997,2026-03-17 12:00:00+00:00,6758.087207916997,2.0,scaleout_tier_1,ema21,holdout
2026-03-17 16:30:00+00:00,6776.265,6765.150131598217,6798.494736803567,2026-03-17 22:00:00+00:00,6773.985,-0.20513063381252494,eod_force_close,ema21,holdout
2026-03-18 00:45:00+00:00,6776.015,6770.2428355588545,6787.559328882292,2026-03-18 02:00:00+00:00,6787.544328882292,2.0,scaleout_tier_1,ema21,holdout
2026-03-18 03:15:00+00:00,6793.265,6788.720381851655,6806.898854445038,2026-03-18 06:15:00+00:00,6806.883854445037,3.0,scaleout_tier_2,ema21,holdout
2026-03-18 03:15:00+00:00,6793.265,6788.720381851655,6811.443472593383,2026-03-18 06:15:00+00:00,6811.428472593383,4.0,scaleout_tier_3,ema21,holdout
2026-03-18 07:45:00+00:00,6808.515,6804.588848786235,6816.367302427531,2026-03-18 08:00:00+00:00,6804.5738487862345,-1.0038205354770178,stop_hit,ema21,holdout
2026-03-18 09:30:00+00:00,6808.015,6803.1361844743205,6817.77263105136,2026-03-18 10:45:00+00:00,6803.12118447432,-1.003074516739027,stop_hit,ema21,holdout
2026-03-18 11:45:00+00:00,6798.765,6792.3830315582845,6811.528936883432,2026-03-18 12:00:00+00:00,6792.368031558284,-1.0023503720109739,stop_hit,ema21,holdout
2026-03-18 15:00:00+00:00,6733.765,6720.930004276342,6759.434991447318,2026-03-18 16:30:00+00:00,6720.915004276341,-1.0011686797816908,stop_hit,ema21,holdout
2026-03-19 00:15:00+00:00,6672.015,6662.049289441362,6691.946421117277,2026-03-19 00:45:00+00:00,6662.034289441362,-1.0015051611134065,stop_hit,h_ema21,holdout
2026-03-19 01:30:00+00:00,6674.265,6664.937857997322,6692.919284005357,2026-03-19 04:30:00+00:00,6674.735,0.050390569787012056,trail_exit,h_ema21,holdout
2026-03-19 06:15:00+00:00,6674.265,6666.4323732935445,6689.930253412912,2026-03-19 06:30:00+00:00,6666.417373293544,-1.0019150663707699,stop_hit,h_ema21,holdout
2026-03-19 07:30:00+00:00,6667.515,6659.047221102592,6684.4505577948175,2026-03-19 07:45:00+00:00,6659.032221102591,-1.0017714208391668,stop_hit,h_ema21,holdout
2026-03-19 08:15:00+00:00,6664.265,6655.20998533615,6682.375029327702,2026-03-19 08:30:00+00:00,6655.194985336149,-1.0016565406636182,stop_hit,ema200,holdout
2026-03-19 09:00:00+00:00,6657.765,6647.6310287111955,6678.03294257761,2026-03-19 09:15:00+00:00,6647.616028711195,-1.0014801699721507,stop_hit,ema200,holdout
2026-03-19 09:45:00+00:00,6656.765,6645.360358993621,6679.574282012759,2026-03-19 12:00:00+00:00,6645.345358993621,-1.0013152540261405,stop_hit,ema200,holdout
2026-03-19 14:00:00+00:00,6646.765,6631.382679720932,6677.529640558137,2026-03-19 14:15:00+00:00,6631.367679720932,-1.0009751454740374,stop_hit,ema200,holdout
2026-03-19 14:45:00+00:00,6635.265,6618.412974616213,6668.969050767574,2026-03-19 17:00:00+00:00,6618.397974616213,-1.0008901007243176,stop_hit,ema200,holdout
2026-03-19 17:30:00+00:00,6632.015,6614.874917416165,6666.295165167671,2026-03-19 19:00:00+00:00,6666.280165167671,2.0,scaleout_tier_1,ema200,holdout
2026-03-20 01:45:00+00:00,6683.265,6672.986215762199,6703.822568475603,2026-03-20 02:30:00+00:00,6672.971215762199,-1.0014593165546917,stop_hit,h_ema21,holdout
2026-03-20 05:30:00+00:00,6668.265,6661.84672091908,6681.10155816184,2026-03-20 06:15:00+00:00,6661.83172091908,-1.0023370750650153,stop_hit,h_ema21,holdout
2026-03-20 07:30:00+00:00,6661.015,6654.164561081135,6674.715877837732,2026-03-20 09:15:00+00:00,6654.149561081134,-1.0021896407190813,stop_hit,ema200,holdout
2026-03-20 11:15:00+00:00,6635.765,6624.612474146626,6658.07005170675,2026-03-20 13:30:00+00:00,6624.597474146625,-1.0013449867946989,stop_hit,ema200,holdout
2026-03-20 15:15:00+00:00,6607.015,6592.2709347197115,6636.503130560578,2026-03-20 17:30:00+00:00,6592.255934719711,-1.0010173584906994,stop_hit,ema200,holdout
2026-03-24 02:30:00+00:00,6603.515,6589.468601879413,6631.6077962411755,2026-03-24 05:00:00+00:00,6589.453601879412,-1.0010678894241465,stop_hit,ema200,holdout
2026-03-24 05:45:00+00:00,6595.765,6583.8075247712295,6619.679950457542,2026-03-24 06:45:00+00:00,6619.664950457542,2.0,scaleout_tier_1,ema200,holdout
2026-03-24 08:00:00+00:00,6645.265,6633.044452168576,6669.706095662849,2026-03-24 08:15:00+00:00,6633.0294521685755,-1.0012274408813127,stop_hit,ema200,holdout
2026-03-24 12:00:00+00:00,6626.765,6612.771354770487,6654.752290459027,2026-03-24 12:30:00+00:00,6612.756354770487,-1.0010719151267813,stop_hit,ema200,holdout
2026-03-24 14:00:00+00:00,6590.015,6573.576769692383,6622.891460615235,2026-03-24 15:00:00+00:00,6622.8764606152345,2.0,scaleout_tier_1,ema200,holdout
2026-03-24 16:30:00+00:00,6635.265,6617.975200225548,6669.844599548905,2026-03-24 17:00:00+00:00,6617.960200225548,-1.000867563545906,stop_hit,ema200,holdout
2026-03-24 18:00:00+00:00,6618.265,6600.650879832499,6653.493240335002,2026-03-24 19:45:00+00:00,6600.635879832499,-1.0008515895121461,stop_hit,ema200,holdout
2026-03-25 03:30:00+00:00,6639.765,6629.011374128275,6661.272251743451,2026-03-25 08:00:00+00:00,6661.257251743451,2.0,scaleout_tier_1,ema200,holdout
2026-03-25 03:30:00+00:00,6639.765,6629.011374128275,6672.025877615177,2026-03-25 08:00:00+00:00,6672.0108776151765,3.0,scaleout_tier_2,ema200,holdout
2026-03-25 10:00:00+00:00,6659.265,6648.390774831438,6681.0134503371255,2026-03-25 12:15:00+00:00,6648.375774831437,-1.0013794086261605,stop_hit,ema21,holdout
2026-03-25 13:00:00+00:00,6661.015,6648.078566772166,6686.88786645567,2026-03-25 13:45:00+00:00,6648.063566772165,-1.001159515898714,stop_hit,ema21,holdout
2026-03-25 14:15:00+00:00,6655.515,6640.197628792203,6686.149742415594,2026-03-25 15:00:00+00:00,6640.182628792203,-1.0009792803084052,stop_hit,ema21,holdout
2026-03-25 16:30:00+00:00,6649.515,6632.5444953912565,6683.456009217488,2026-03-25 18:45:00+00:00,6632.529495391256,-1.000883886504624,stop_hit,ema21,holdout
2026-03-26 03:15:00+00:00,6625.515,6616.959499049327,6642.626001901347,2026-03-26 03:30:00+00:00,6642.611001901347,2.0,scaleout_tier_1,ema200,holdout
2026-03-26 06:30:00+00:00,6618.265,6610.1105275764685,6634.573944847064,2026-03-26 06:45:00+00:00,6619.985,0.2109271956130282,trail_exit,ema200,holdout
2026-03-26 08:00:00+00:00,6614.515,6605.8485185748295,6631.847962850342,2026-03-26 08:15:00+00:00,6605.833518574829,-1.0017308062250918,stop_hit,ema200,holdout
2026-03-26 09:00:00+00:00,6602.015,6592.346935235728,6621.351129528545,2026-03-26 09:15:00+00:00,6592.3319352357275,-1.0015514997433363,stop_hit,ema200,holdout
2026-03-26 10:30:00+00:00,6600.265,6590.558518051209,6619.677963897583,2026-03-26 11:15:00+00:00,6590.543518051209,-1.0015453590785481,stop_hit,ema200,holdout
2026-03-26 12:15:00+00:00,6591.515,6581.593133544219,6611.358732911563,2026-03-26 12:30:00+00:00,6581.578133544219,-1.0015118123255518,stop_hit,ema200,holdout
2026-03-26 13:00:00+00:00,6586.015,6576.271617855922,6605.501764288157,2026-03-26 13:45:00+00:00,6605.486764288156,2.0,scaleout_tier_1,ema200,holdout
2026-03-26 13:00:00+00:00,6586.015,6576.271617855922,6615.245146432235,2026-03-26 13:45:00+00:00,6615.2301464322345,3.0,scaleout_tier_2,ema200,holdout
2026-03-26 18:45:00+00:00,6543.265,6531.394023829397,6567.006952341207,2026-03-26 19:00:00+00:00,6531.379023829397,-1.0012635860593733,stop_hit,ema200,holdout
2026-04-02 00:45:00+00:00,6625.015,6616.296445772549,6642.452108454902,2026-04-02 01:00:00+00:00,6616.281445772549,-1.0017204687393122,stop_hit,ema21,holdout
2026-04-02 06:30:00+00:00,6527.765,6518.164236920118,6546.966526159765,2026-04-02 07:45:00+00:00,6546.951526159764,2.0,scaleout_tier_1,ema200,holdout
2026-04-02 08:45:00+00:00,6545.265,6536.316608374613,6563.161783250775,2026-04-02 10:00:00+00:00,6536.301608374612,-1.0016762788921498,stop_hit,ema200,holdout
2026-04-02 10:45:00+00:00,6535.515,6526.93498597419,6552.675028051622,2026-04-02 11:00:00+00:00,6526.919985974189,-1.0017482488904101,stop_hit,ema200,holdout
2026-04-02 12:30:00+00:00,6517.265,6507.735558191399,6536.323883617203,2026-04-02 13:45:00+00:00,6536.308883617203,2.0,scaleout_tier_1,ema200,holdout
2026-04-02 12:30:00+00:00,6517.265,6507.735558191399,6545.8533254258045,2026-04-02 13:45:00+00:00,6545.838325425804,3.0,scaleout_tier_2,ema200,holdout
2026-04-02 12:30:00+00:00,6517.265,6507.735558191399,6555.382767234406,2026-04-02 13:45:00+00:00,6555.367767234406,4.0,scaleout_tier_3,ema200,holdout
2026-04-02 16:45:00+00:00,6607.015,6587.643613773129,6645.757772453743,2026-04-02 22:00:00+00:00,6622.485,0.7986005657426726,eod_force_close,ema21,holdout
2026-04-03 03:00:00+00:00,6613.515,6607.448112357674,6625.648775284652,2026-04-03 06:30:00+00:00,6607.433112357674,-1.0024724374151384,stop_hit,ema21,holdout
2026-04-03 07:30:00+00:00,6606.765,6601.772941044644,6616.749117910714,2026-04-03 10:00:00+00:00,6601.757941044643,-1.0030047722061117,stop_hit,ema21,holdout
2026-04-03 11:00:00+00:00,6604.015,6600.291626899056,6611.46174620189,2026-04-03 12:00:00+00:00,6611.446746201889,2.0,scaleout_tier_1,ema21,holdout
2026-04-03 13:15:00+00:00,6603.765,6596.165016752624,6618.964966494753,2026-04-05 22:00:00+00:00,6589.985,-1.813161891476264,eod_force_close,ema21,holdout
2026-04-07 00:15:00+00:00,6646.015,6638.216603578081,6661.611792843839,2026-04-07 01:00:00+00:00,6638.201603578081,-1.0019234723639037,stop_hit,ema21,holdout
2026-04-07 01:30:00+00:00,6636.015,6628.13659414105,6651.7718117179,2026-04-07 01:45:00+00:00,6628.12159414105,-1.001903938470406,stop_hit,ema21,holdout
2026-04-07 02:30:00+00:00,6617.015,6608.3697180930485,6634.305563813904,2026-04-07 08:00:00+00:00,6634.290563813904,2.0,scaleout_tier_1,ema21,holdout
2026-04-07 02:30:00+00:00,6617.015,6608.3697180930485,6642.950845720856,2026-04-07 08:00:00+00:00,6642.9358457208555,3.0,scaleout_tier_2,ema21,holdout
2026-04-07 11:15:00+00:00,6624.515,6612.67564828305,6648.193703433902,2026-04-07 11:30:00+00:00,6612.660648283049,-1.0012669612626552,stop_hit,ema21,holdout
2026-04-07 12:30:00+00:00,6628.265,6615.43609469447,6653.922810611061,2026-04-07 13:30:00+00:00,6615.4210946944695,-1.0011692346028824,stop_hit,ema21,holdout
2026-04-07 14:30:00+00:00,6606.765,6591.141110751209,6638.012778497582,2026-04-07 14:45:00+00:00,6591.126110751209,-1.000960068249427,stop_hit,ema21,holdout
2026-04-07 15:30:00+00:00,6595.015,6578.243338431,6628.5583231380015,2026-04-07 17:30:00+00:00,6628.543323138001,2.0,scaleout_tier_1,ema21,holdout
2026-04-08 09:00:00+00:00,6834.015,6825.1464506263155,6851.75209874737,2026-04-08 12:15:00+00:00,6825.131450626315,-1.0016913701856176,stop_hit,h_ema21,holdout
2026-04-08 13:00:00+00:00,6831.765,6822.673255561617,6849.9484888767665,2026-04-08 13:30:00+00:00,6822.658255561617,-1.0016498483984,stop_hit,h_ema21,holdout
2026-04-08 14:15:00+00:00,6814.765,6803.7202431320275,6836.854513735946,2026-04-08 14:30:00+00:00,6803.705243132027,-1.0013581104753717,stop_hit,h_ema21,holdout
2026-04-08 15:45:00+00:00,6807.515,6795.449018795694,6831.646962408612,2026-04-08 18:45:00+00:00,6795.434018795694,-1.0012431645422235,stop_hit,ema100,holdout
2026-04-08 19:15:00+00:00,6808.015,6795.946616988761,6832.151766022479,2026-04-08 22:00:00+00:00,6814.235,0.515396304062162,eod_force_close,h_ema21,holdout
2026-04-09 01:45:00+00:00,6808.265,6800.938415961956,6822.918168076089,2026-04-09 07:15:00+00:00,6800.9234159619555,-1.0020473388310893,stop_hit,h_ema21,holdout
2026-04-09 09:15:00+00:00,6799.765,6793.837759042429,6811.619481915143,2026-04-09 13:15:00+00:00,6811.604481915143,2.0,scaleout_tier_1,h_ema21,holdout
2026-04-09 15:00:00+00:00,6816.765,6809.009111126056,6840.0326666218325,2026-04-09 15:45:00+00:00,6840.017666621832,3.0,scaleout_tier_2,h_ema21,holdout
2026-04-09 15:00:00+00:00,6816.765,6809.009111126056,6847.788555495777,2026-04-09 15:45:00+00:00,6847.773555495776,4.0,scaleout_tier_3,h_ema21,holdout
2026-04-10 00:30:00+00:00,6857.765,6851.406923393186,6870.481153213629,2026-04-10 06:00:00+00:00,6858.485,0.11324179378834018,trail_exit,h_ema21,holdout
2026-04-10 07:00:00+00:00,6856.515,6852.771820108449,6864.001359783103,2026-04-10 08:45:00+00:00,6852.756820108449,-1.0040072880371536,stop_hit,h_ema21,holdout
2026-04-10 09:30:00+00:00,6859.015,6853.956249531028,6869.132500937944,2026-04-10 12:15:00+00:00,6869.117500937944,2.0,scaleout_tier_1,h_ema21,holdout
2026-04-10 13:15:00+00:00,6874.265,6867.742277967704,6887.310444064594,2026-04-10 13:30:00+00:00,6867.727277967703,-1.0022996534155613,stop_hit,h_ema21,holdout
2026-04-10 14:15:00+00:00,6874.515,6867.090613963858,6889.3637720722845,2026-04-10 14:30:00+00:00,6867.075613963858,-1.00202036908201,stop_hit,h_ema21,holdout
2026-04-10 16:15:00+00:00,6861.515,6852.321442440854,6879.902115118292,2026-04-10 16:30:00+00:00,6852.306442440854,-1.0016315773196423,stop_hit,h_ema21,holdout
2026-04-10 17:00:00+00:00,6856.765,6847.342807595684,6875.609384808634,2026-04-10 17:30:00+00:00,6847.327807595683,-1.0015919861701672,stop_hit,h_ema21,holdout
2026-04-13 00:45:00+00:00,6791.515,6781.054232559608,6812.436534880785,2026-04-13 06:15:00+00:00,6812.421534880785,2.0,scaleout_tier_1,ema50,holdout
2026-04-13 08:15:00+00:00,6815.265,6809.944478657441,6825.906042685118,2026-04-13 11:15:00+00:00,6815.735,0.08833720790475955,trail_exit,h_ema21,holdout
2026-04-13 12:15:00+00:00,6811.515,6804.838448593801,6824.868102812398,2026-04-13 13:00:00+00:00,6824.853102812398,2.0,scaleout_tier_1,h_ema21,holdout
2026-04-14 04:30:00+00:00,6924.765,6921.351807416382,6931.591385167237,2026-04-14 06:00:00+00:00,6921.336807416382,-1.0043947124672428,stop_hit,h_ema21,holdout
2026-04-14 06:30:00+00:00,6923.015,6920.10164844009,6928.841703119821,2026-04-14 07:00:00+00:00,6928.826703119821,2.0,scaleout_tier_1,h_ema21,holdout
2026-04-14 06:30:00+00:00,6923.015,6920.10164844009,6931.755054679732,2026-04-14 07:00:00+00:00,6931.740054679732,3.0,scaleout_tier_2,h_ema21,holdout
2026-04-14 10:15:00+00:00,6935.765,6931.767007003233,6943.7609859935355,2026-04-14 10:30:00+00:00,6931.752007003232,-1.0037518825101632,stop_hit,h_ema21,holdout
2026-04-14 12:00:00+00:00,6939.265,6934.460831719307,6948.873336561387,2026-04-14 13:30:00+00:00,6948.858336561387,2.0,scaleout_tier_1,h_ema21,holdout
2026-04-14 12:00:00+00:00,6939.265,6934.460831719307,6953.67750484208,2026-04-14 13:30:00+00:00,6953.66250484208,3.0,scaleout_tier_2,h_ema21,holdout
2026-04-14 12:00:00+00:00,6939.265,6934.460831719307,6958.481673122774,2026-04-14 13:30:00+00:00,6958.4666731227735,4.0,scaleout_tier_3,h_ema21,holdout
2026-04-14 14:15:00+00:00,6970.515,6963.402496875984,6984.740006248033,2026-04-14 22:00:00+00:00,7003.985,4.705797581583297,eod_force_close,h_ema21,holdout
2026-04-15 01:00:00+00:00,7008.765,7003.816684839631,7018.661630320738,2026-04-15 02:30:00+00:00,7003.801684839631,-1.003031334810778,stop_hit,h_ema21,holdout
2026-04-15 03:15:00+00:00,7005.265,7001.31970923924,7013.155581521521,2026-04-15 05:15:00+00:00,7004.735,-0.13433737388180206,trail_exit,h_ema21,holdout
2026-04-15 06:30:00+00:00,7006.015,7002.154025534892,7013.736948930217,2026-04-15 07:15:00+00:00,7002.1390255348915,-1.0038850295789008,stop_hit,h_ema21,holdout
2026-04-15 09:00:00+00:00,7008.765,7004.817368724659,7016.660262550683,2026-04-15 09:15:00+00:00,7004.802368724659,-1.00379974697587,stop_hit,h_ema21,holdout
2026-04-15 10:15:00+00:00,7002.015,6997.696022771176,7010.652954457649,2026-04-15 10:30:00+00:00,6997.681022771176,-1.003473044474562,stop_hit,h_ema21,holdout
2026-04-16 05:30:00+00:00,7072.265,7068.969585456719,7078.855829086563,2026-04-16 08:00:00+00:00,7068.954585456719,-1.0045517793902163,stop_hit,h_ema21,holdout
2026-04-16 08:45:00+00:00,7066.015,7062.153639396605,7073.73772120679,2026-04-16 10:30:00+00:00,7062.138639396605,-1.003884641073703,stop_hit,h_ema21,holdout
2026-04-16 11:00:00+00:00,7064.515,7060.703847452003,7072.137305095995,2026-04-16 13:45:00+00:00,7060.688847452003,-1.0039358172656223,stop_hit,h_ema21,holdout
2026-04-16 15:00:00+00:00,7060.265,7053.133653563548,7074.5276928729045,2026-04-16 15:30:00+00:00,7074.512692872904,2.0,scaleout_tier_1,h_ema21,holdout
2026-04-16 18:45:00+00:00,7069.515,7059.200815431213,7090.143369137574,2026-04-16 22:00:00+00:00,7077.235,0.7484837941878444,eod_force_close,h_ema21,holdout
2026-04-17 04:00:00+00:00,7078.265,7074.778584153759,7085.237831692483,2026-04-17 07:45:00+00:00,7085.222831692483,2.0,scaleout_tier_1,h_ema21,holdout
2026-04-17 08:30:00+00:00,7087.515,7083.9810654741195,7098.116803577643,2026-04-17 11:45:00+00:00,7098.101803577642,3.0,scaleout_tier_2,h_ema21,holdout
2026-04-20 01:15:00+00:00,7121.265,7111.768018338996,7140.25896332201,2026-04-20 05:30:00+00:00,7111.753018338995,-1.0015794491908854,stop_hit,h_ema21,holdout
2026-04-20 06:00:00+00:00,7114.015,7108.836690345701,7124.371619308599,2026-04-20 07:00:00+00:00,7124.356619308599,2.0,scaleout_tier_1,h_ema21,holdout
2026-04-20 08:30:00+00:00,7121.765,7115.378507275711,7140.9244781728685,2026-04-20 13:00:00+00:00,7140.909478172868,3.0,scaleout_tier_2,h_ema21,holdout
2026-04-20 15:30:00+00:00,7143.265,7132.83408976502,7164.126820469962,2026-04-20 15:45:00+00:00,7132.819089765019,-1.0014380336578896,stop_hit,h_ema21,holdout
2026-04-20 16:30:00+00:00,7136.765,7126.896449728726,7156.502100542549,2026-04-20 20:30:00+00:00,7156.487100542548,2.0,scaleout_tier_1,h_ema21,holdout
2026-04-21 00:15:00+00:00,7155.765,7150.434918443843,7166.425163112314,2026-04-21 00:30:00+00:00,7150.419918443843,-1.0028142158506,stop_hit,h_ema21,holdout
2026-04-21 01:30:00+00:00,7159.765,7154.650743344979,7169.993513310043,2026-04-21 03:15:00+00:00,7154.635743344978,-1.0029329775590357,stop_hit,h_ema21,holdout
2026-04-21 04:00:00+00:00,7156.765,7152.919503917949,7164.455992164102,2026-04-21 06:00:00+00:00,7164.440992164102,2.0,scaleout_tier_1,h_ema21,holdout
2026-04-21 08:30:00+00:00,7161.515,7157.644171357693,7173.1274859269215,2026-04-21 10:45:00+00:00,7173.112485926921,3.0,scaleout_tier_2,h_ema21,holdout
2026-04-21 14:00:00+00:00,7167.765,7160.740116319717,7181.814767360566,2026-04-21 14:30:00+00:00,7160.725116319717,-1.0021352666724472,stop_hit,h_ema21,holdout
2026-04-21 17:45:00+00:00,7124.265,7111.365770234349,7150.063459531303,2026-04-21 18:15:00+00:00,7111.350770234349,-1.001162860129856,stop_hit,h_ema21,holdout
2026-04-21 19:00:00+00:00,7122.265,7109.353531345983,7148.087937308034,2026-04-21 19:30:00+00:00,7109.338531345983,-1.0011617578450815,stop_hit,h_ema21,holdout
2026-04-22 01:45:00+00:00,7138.765,7130.359761048913,7155.5754779021745,2026-04-22 04:45:00+00:00,7130.344761048913,-1.001784601257337,stop_hit,h_ema50,holdout
2026-04-22 10:30:00+00:00,7139.765,7133.728979014374,7151.837041971253,2026-04-22 12:00:00+00:00,7151.8220419712525,2.0,scaleout_tier_1,h_ema21,holdout
2026-04-22 15:30:00+00:00,7160.765,7151.982986286265,7178.3290274274705,2026-04-22 15:45:00+00:00,7151.967986286265,-1.001708036503845,stop_hit,h_ema21,holdout
2026-04-22 17:15:00+00:00,7158.265,7149.0103648698505,7176.7742702603,2026-04-22 22:00:00+00:00,7162.985,0.5100147043747284,eod_force_close,h_ema21,holdout
2026-04-23 00:30:00+00:00,7153.265,7142.196572887325,7175.401854225352,2026-04-23 01:30:00+00:00,7142.181572887324,-1.001355206105405,stop_hit,h_ema21,holdout
2026-04-23 04:00:00+00:00,7127.265,7118.643074878034,7144.508850243933,2026-04-23 07:30:00+00:00,7144.493850243933,2.0,scaleout_tier_1,h_ema200,holdout
2026-04-23 09:30:00+00:00,7135.765,7129.188555066534,7148.917889866933,2026-04-23 10:00:00+00:00,7129.1735550665335,-1.0022808675739068,stop_hit,h_ema21,holdout
2026-04-23 11:45:00+00:00,7144.265,7137.3562189559025,7158.082562088196,2026-04-23 12:00:00+00:00,7158.067562088196,2.0,scaleout_tier_1,h_ema21,holdout
2026-04-23 14:30:00+00:00,7163.015,7153.177259215159,7182.690481569683,2026-04-23 17:00:00+00:00,7153.162259215159,-1.0015247403167444,stop_hit,h_ema21,holdout
2026-04-23 18:00:00+00:00,7123.265,7106.93973222641,7155.91553554718,2026-04-23 22:00:00+00:00,7142.985,1.2079434330566479,eod_force_close,h_ema21,holdout
2026-04-24 01:30:00+00:00,7156.515,7148.603257966193,7172.338484067614,2026-04-24 02:15:00+00:00,7148.588257966193,-1.0018959162136774,stop_hit,h_ema21,holdout
2026-04-24 04:00:00+00:00,7139.265,7132.79912332669,7152.19675334662,2026-04-24 07:00:00+00:00,7152.18175334662,2.0,scaleout_tier_1,h_ema21,holdout
2026-04-24 09:45:00+00:00,7146.015,7139.527205535454,7165.478383393638,2026-04-24 11:00:00+00:00,7165.463383393638,3.0,scaleout_tier_2,h_ema21,holdout
2026-04-24 14:15:00+00:00,7155.515,7144.938874660609,7176.667250678783,2026-04-26 22:00:00+00:00,7184.985,2.7864647074706275,eod_force_close,h_ema21,holdout
2026-04-27 07:15:00+00:00,7188.515,7183.85446442945,7197.8360711411015,2026-04-27 08:00:00+00:00,7183.839464429449,-1.0032185142186472,stop_hit,h_ema50,holdout
2026-04-27 08:30:00+00:00,7186.015,7181.398291311663,7195.248417376674,2026-04-27 11:15:00+00:00,7195.233417376674,2.0,scaleout_tier_1,h_ema21,holdout
2026-04-27 13:45:00+00:00,7191.515,7186.078867170049,7202.387265659902,2026-04-27 14:30:00+00:00,7186.063867170049,-1.0027593144740106,stop_hit,h_ema21,holdout
2026-04-27 15:30:00+00:00,7184.515,7177.178087596022,7199.188824807957,2026-04-27 17:15:00+00:00,7199.173824807956,2.0,scaleout_tier_1,h_ema21,holdout
2026-04-28 03:15:00+00:00,7208.265,7203.7744266515965,7217.246146696808,2026-04-28 05:00:00+00:00,7203.759426651596,-1.0033403306964486,stop_hit,h_ema21,holdout
2026-04-28 08:30:00+00:00,7201.515,7196.117987406561,7212.309025186879,2026-04-28 09:15:00+00:00,7196.102987406561,-1.002779315360235,stop_hit,h_ema21,holdout
2026-04-28 13:30:00+00:00,7172.015,7163.0654414688315,7189.914117062338,2026-04-28 14:30:00+00:00,7163.050441468831,-1.0016760603272314,stop_hit,h_ema21,holdout
2026-04-28 16:00:00+00:00,7153.765,7143.128033946283,7175.038932107435,2026-04-28 22:00:00+00:00,7172.485,1.7599003235943287,eod_force_close,h_ema21,holdout
2026-04-29 05:30:00+00:00,7184.765,7181.166951305635,7191.961097388731,2026-04-29 06:30:00+00:00,7181.151951305635,-1.0041689263471663,stop_hit,h_ema21,holdout
2026-04-29 08:30:00+00:00,7175.515,7170.533297352941,7185.478405294119,2026-04-29 09:00:00+00:00,7170.518297352941,-1.003011018734565,stop_hit,h_ema21,holdout
2026-04-29 10:15:00+00:00,7173.765,7168.227733308932,7184.839533382136,2026-04-29 12:15:00+00:00,7168.212733308932,-1.0027089177453785,stop_hit,h_ema21,holdout
2026-04-29 13:15:00+00:00,7170.765,7164.884287007115,7182.526425985771,2026-04-29 13:30:00+00:00,7164.8692870071145,-1.0025507111158927,stop_hit,h_ema21,holdout
2026-04-29 14:15:00+00:00,7164.765,7157.376117925089,7179.542764149824,2026-04-29 15:00:00+00:00,7157.361117925088,-1.0020300770601358,stop_hit,h_ema21,holdout
2026-04-29 15:30:00+00:00,7161.765,7153.810085023651,7177.6748299527,2026-04-29 15:45:00+00:00,7153.79508502365,-1.0018856266905332,stop_hit,h_ema21,holdout
2026-04-29 17:30:00+00:00,7152.515,7144.106624648895,7169.33175070221,2026-04-29 18:00:00+00:00,7144.091624648895,-1.0017839355849352,stop_hit,h_ema21,holdout
2026-04-29 19:00:00+00:00,7159.015,7148.406543241165,7180.23191351767,2026-04-29 20:00:00+00:00,7148.391543241165,-1.0014139662668498,stop_hit,h_ema21,holdout
2026-04-30 06:45:00+00:00,7151.265,7141.558974155014,7170.677051689973,2026-04-30 09:15:00+00:00,7170.662051689973,2.0,scaleout_tier_1,h_ema21,holdout
2026-04-30 10:15:00+00:00,7175.015,7165.81890501032,7202.603284969041,2026-04-30 12:15:00+00:00,7202.588284969041,3.0,scaleout_tier_2,h_ema21,holdout
2026-04-30 14:15:00+00:00,7169.515,7157.084410465281,7194.37617906944,2026-04-30 14:30:00+00:00,7175.485,0.48026684360581695,trail_exit,h_ema21,holdout
2026-04-30 16:00:00+00:00,7199.515,7186.2984576774015,7225.948084645198,2026-04-30 18:00:00+00:00,7225.933084645198,2.0,scaleout_tier_1,h_ema21,holdout
2026-05-01 07:15:00+00:00,7256.265,7252.573510063119,7263.647979873763,2026-05-01 07:30:00+00:00,7252.558510063119,-1.0040633999433302,stop_hit,h_ema21,holdout
2026-05-01 08:15:00+00:00,7251.515,7247.679491511682,7259.186016976638,2026-05-01 09:00:00+00:00,7247.664491511681,-1.0039108243524975,stop_hit,h_ema21,holdout
2026-05-01 09:30:00+00:00,7251.265,7247.661523392126,7258.47195321575,2026-05-01 12:00:00+00:00,7258.456953215749,2.0,scaleout_tier_1,h_ema21,holdout
2026-05-01 09:30:00+00:00,7251.265,7247.661523392126,7262.075429823624,2026-05-01 12:00:00+00:00,7262.060429823624,3.0,scaleout_tier_2,h_ema21,holdout
2026-05-01 09:30:00+00:00,7251.265,7247.661523392126,7265.678906431499,2026-05-01 12:00:00+00:00,7265.663906431499,4.0,scaleout_tier_3,h_ema21,holdout
2026-05-01 19:15:00+00:00,7271.765,7263.098958238498,7289.097083523005,2026-05-01 19:45:00+00:00,7263.083958238498,-1.0017308940359557,stop_hit,h_ema21,holdout
2026-05-04 00:45:00+00:00,7262.265,7254.205377842274,7278.384244315453,2026-05-04 06:30:00+00:00,7261.235,-0.12779755425795877,trail_exit,h_ema21,holdout
2026-05-04 09:45:00+00:00,7266.015,7260.6939970040785,7276.657005991844,2026-05-04 10:00:00+00:00,7260.678997004078,-1.002819017394244,stop_hit,h_ema21,holdout
2026-05-04 10:45:00+00:00,7249.015,7238.568046476298,7269.908907047405,2026-05-04 11:30:00+00:00,7238.553046476298,-1.0014358252830642,stop_hit,h_ema21,holdout
2026-05-04 14:00:00+00:00,7257.515,7247.7447564030435,7277.055487193914,2026-05-04 15:15:00+00:00,7247.729756403043,-1.0015352739009495,stop_hit,h_ema21,holdout
2026-05-04 17:30:00+00:00,7235.515,7222.165421424199,7262.214157151603,2026-05-04 18:15:00+00:00,7222.150421424199,-1.0011236309757012,stop_hit,h_ema21,holdout
2026-05-04 19:00:00+00:00,7224.015,7212.287379331757,7247.470241336488,2026-05-04 22:00:00+00:00,7228.735,0.40246867915674445,eod_force_close,h_ema21,holdout
2026-05-05 04:00:00+00:00,7240.515,7235.599313381616,7250.346373236768,2026-05-05 07:00:00+00:00,7250.331373236768,2.0,scaleout_tier_1,h_ema21,holdout
2026-05-05 14:30:00+00:00,7282.515,7275.370236247738,7296.804527504525,2026-05-05 14:45:00+00:00,7275.355236247738,-1.002099439606464,stop_hit,h_ema21,holdout
2026-05-06 01:45:00+00:00,7308.015,7301.734041288065,7320.576917423871,2026-05-06 08:45:00+00:00,7320.561917423871,2.0,scaleout_tier_1,h_ema21,holdout
2026-05-06 01:45:00+00:00,7308.015,7301.734041288065,7326.857876135807,2026-05-06 08:45:00+00:00,7326.842876135806,3.0,scaleout_tier_2,h_ema21,holdout
2026-05-06 01:45:00+00:00,7308.015,7301.734041288065,7333.138834847742,2026-05-06 08:45:00+00:00,7333.123834847742,4.0,scaleout_tier_3,h_ema21,holdout
2026-05-06 13:45:00+00:00,7341.015,7331.229236740614,7389.94381629693,2026-05-06 20:00:00+00:00,7389.92881629693,5.0,scaleout_tier_4,h_ema21,holdout
2026-05-07 00:15:00+00:00,7383.015,7377.270045994748,7394.504908010505,2026-05-07 08:30:00+00:00,7396.485,2.3446662910938705,trail_exit,h_ema21,holdout
2026-05-07 10:30:00+00:00,7395.265,7389.952203317713,7405.890593364576,2026-05-07 13:45:00+00:00,7389.937203317712,-1.002823371737589,stop_hit,h_ema21,holdout
2026-05-07 14:15:00+00:00,7393.265,7387.226631645906,7405.341736708188,2026-05-07 14:45:00+00:00,7405.326736708188,2.0,scaleout_tier_1,h_ema21,holdout
2026-05-07 16:30:00+00:00,7381.765,7372.593889463775,7400.1072210724515,2026-05-07 16:45:00+00:00,7372.578889463774,-1.001635570734981,stop_hit,h_ema21,holdout
2026-05-08 00:45:00+00:00,7371.265,7361.250529456145,7391.293941087711,2026-05-08 08:15:00+00:00,7391.27894108771,2.0,scaleout_tier_1,h_ema21,holdout
2026-05-08 09:00:00+00:00,7394.015,7389.133330657352,7403.778338685296,2026-05-08 12:45:00+00:00,7398.235,0.8644583858091333,trail_exit,h_ema21,holdout
2026-05-08 16:00:00+00:00,7415.765,7408.097181872376,7431.10063625525,2026-05-08 18:45:00+00:00,7408.082181872375,-1.001956227932205,stop_hit,h_ema21,holdout
