entry_date,entry_price,stop,target,exit_date,exit_price,R_multiple,exit_reason,zone_triggered,period
2023-02-03 19:00:00+00:00,412.97499999999997,411.52708846015116,415.8708230796976,2023-02-03 20:00:00+00:00,411.5120884601512,-1.0103597489122524,stop_hit,h_ema21,train
2023-02-06 16:00:00+00:00,410.28499999999997,408.91526551914717,413.02446896170557,2023-02-06 20:30:00+00:00,408.9002655191472,-1.0109510275237048,stop_hit,ema200,train
2023-02-07 15:45:00+00:00,409.145,408.20788204380995,411.01923591238005,2023-02-07 17:30:00+00:00,411.00423591238007,2.0,scaleout_tier_1,ema200,train
2023-02-07 15:45:00+00:00,409.145,408.20788204380995,411.9563538685701,2023-02-07 17:45:00+00:00,411.9413538685701,3.0,scaleout_tier_2,ema200,train
2023-02-07 15:45:00+00:00,409.145,408.20788204380995,412.8934718247601,2023-02-07 17:45:00+00:00,412.87847182476014,4.0,scaleout_tier_3,ema200,train
2023-02-07 15:45:00+00:00,409.145,408.20788204380995,413.83058978095016,2023-02-07 17:45:00+00:00,413.8155897809502,5.0,scaleout_tier_4,ema200,train
2023-02-09 18:00:00+00:00,410.14599999999996,408.9657523816284,412.50649523674304,2023-02-09 18:15:00+00:00,409.785,-0.3058680181859019,trail_exit,ema200,train
2023-02-10 15:30:00+00:00,407.6049,406.37197665586245,410.07074668827505,2023-02-10 15:45:00+00:00,406.35697665586247,-1.0121662064971926,stop_hit,ema21,train
2023-02-10 18:00:00+00:00,406.90999999999997,405.8447534362875,409.04049312742495,2023-02-13 14:30:00+00:00,409.02549312742497,2.0,scaleout_tier_1,ema21,train
2023-02-10 18:00:00+00:00,406.90999999999997,405.8447534362875,410.10573969113744,2023-02-13 14:45:00+00:00,410.09073969113746,3.0,scaleout_tier_2,ema21,train
2023-02-10 18:00:00+00:00,406.90999999999997,405.8447534362875,411.17098625484994,2023-02-13 15:45:00+00:00,411.15598625484995,4.0,scaleout_tier_3,ema21,train
2023-02-10 18:00:00+00:00,406.90999999999997,405.8447534362875,412.2362328185624,2023-02-13 17:30:00+00:00,412.22123281856244,5.0,scaleout_tier_4,ema21,train
2023-02-10 18:00:00+00:00,406.90999999999997,405.8447534362875,413.3014793822749,2023-02-14 15:00:00+00:00,413.28647938227493,6.0,scaleout_tier_5,ema21,train
2023-02-10 18:00:00+00:00,406.90999999999997,405.8447534362875,414.3667259459874,2023-02-14 15:00:00+00:00,414.3517259459874,7.0,scaleout_tier_6,ema21,train
2023-02-10 18:00:00+00:00,406.90999999999997,405.8447534362875,409.04049312742495,2023-02-14 15:30:00+00:00,410.725,3.5813304918857414,trail_exit,ema21,train
2023-02-14 16:15:00+00:00,411.16499999999996,409.82716673255345,413.840666534893,2023-02-14 16:30:00+00:00,409.81216673255346,-1.0112121595156744,stop_hit,ema200,train
2023-02-14 17:00:00+00:00,409.575,408.1940941368149,412.3368117263702,2023-02-14 18:00:00+00:00,412.3218117263702,2.0,scaleout_tier_1,ema200,train
2023-02-14 17:00:00+00:00,409.575,408.1940941368149,412.3368117263702,2023-02-15 14:45:00+00:00,410.285,0.5141552504979628,trail_exit,ema200,train
2023-02-15 18:15:00+00:00,411.985,410.9229275851301,414.1091448297399,2023-02-16 14:30:00+00:00,410.9079275851301,-1.0141233307540742,stop_hit,h_ema21,train
2023-02-16 15:15:00+00:00,409.715,408.48734265999815,412.1703146800036,2023-02-16 17:30:00+00:00,412.15531468000364,2.0,scaleout_tier_1,ema21,train
2023-02-16 15:15:00+00:00,409.715,408.48734265999815,412.1703146800036,2023-02-16 20:15:00+00:00,409.7,-0.012218393122598885,stop_hit,ema21,train
2023-02-17 16:45:00+00:00,405.205,404.01021501506693,407.5945699698661,2023-02-21 14:30:00+00:00,403.99521501506695,-1.012554560183753,stop_hit,ema21,train
2023-02-21 15:45:00+00:00,401.965,400.7347024678377,404.42559506432457,2023-02-21 16:15:00+00:00,400.7197024678377,-1.0121921727125822,stop_hit,ema21,train
2023-04-03 15:30:00+00:00,409.075,408.26223398357376,410.70053203285244,2023-04-03 19:15:00+00:00,410.68553203285245,2.0,scaleout_tier_1,ema200,train
2023-04-03 15:30:00+00:00,409.075,408.26223398357376,411.51329804927866,2023-04-04 14:00:00+00:00,411.4982980492787,3.0,scaleout_tier_2,ema200,train
2023-04-03 15:30:00+00:00,409.075,408.26223398357376,410.70053203285244,2023-04-04 14:45:00+00:00,409.70500000000004,0.7751308338040466,trail_exit,ema200,train
2023-04-04 16:30:00+00:00,408.305,407.48360829981624,409.94778340036754,2023-04-04 19:00:00+00:00,408.1316,-0.21110512799340547,trail_exit,ema200,train
2023-04-05 15:15:00+00:00,406.865,405.9386511815088,408.7176976369824,2023-04-05 16:15:00+00:00,405.92365118150883,-1.0161926044493885,stop_hit,ema200,train
2023-04-05 17:15:00+00:00,406.575,405.7547940336142,408.2154119327716,2023-04-06 13:30:00+00:00,405.7397940336142,-1.018288089351609,stop_hit,ema200,train
2023-04-06 14:15:00+00:00,407.15,406.38197314435246,408.686053711295,2023-04-06 14:30:00+00:00,406.36697314435247,-1.0195305670494295,stop_hit,ema200,train
2023-04-10 14:15:00+00:00,406.865,406.05116937831616,408.4926612433677,2023-04-10 17:00:00+00:00,408.4776612433677,2.0,scaleout_tier_1,ema200,train
2023-04-10 14:15:00+00:00,406.865,406.05116937831616,409.30649186505156,2023-04-10 19:45:00+00:00,409.29149186505157,3.0,scaleout_tier_2,ema200,train
2023-04-10 14:15:00+00:00,406.865,406.05116937831616,410.1203224867354,2023-04-11 16:00:00+00:00,410.1053224867354,4.0,scaleout_tier_3,ema200,train
2023-04-10 14:15:00+00:00,406.865,406.05116937831616,410.93415310841925,2023-04-11 18:15:00+00:00,410.91915310841927,5.0,scaleout_tier_4,ema200,train
2023-04-10 14:15:00+00:00,406.865,406.05116937831616,408.4926612433677,2023-04-11 19:45:00+00:00,409.695,3.4773820554264705,trail_exit,ema200,train
2023-04-12 14:15:00+00:00,411.49,410.7430729789339,412.9838540421322,2023-04-12 14:30:00+00:00,410.72807297893394,-1.0200822832444554,stop_hit,h_ema21,train
2023-04-12 15:30:00+00:00,409.59499999999997,408.67746705198596,411.430065896028,2023-04-12 18:30:00+00:00,409.25600000000003,-0.36946902095854134,trail_exit,h_ema21,train
2023-04-13 13:45:00+00:00,409.215,408.2854174267815,411.0741651464369,2023-04-13 16:15:00+00:00,411.0591651464369,2.0,scaleout_tier_1,ema200,train
2023-04-13 13:45:00+00:00,409.215,408.2854174267815,412.00374771965534,2023-04-13 17:30:00+00:00,411.98874771965535,3.0,scaleout_tier_2,ema200,train
2023-04-13 13:45:00+00:00,409.215,408.2854174267815,412.9333302928738,2023-04-13 18:00:00+00:00,412.9183302928738,4.0,scaleout_tier_3,ema200,train
2023-04-13 13:45:00+00:00,409.215,408.2854174267815,411.0741651464369,2023-04-13 19:00:00+00:00,409.2,-0.016136274960547613,stop_hit,ema200,train
2023-04-14 13:45:00+00:00,414.335,413.07776057193934,416.84947885612127,2023-04-14 14:00:00+00:00,413.06276057193935,-1.0119309016764806,stop_hit,ema200,train
2023-04-14 17:15:00+00:00,411.16499999999996,410.19530883231346,413.104382335373,2023-04-14 17:30:00+00:00,410.1803088323135,-1.015468842555072,stop_hit,h_ema21,train
2023-04-14 18:00:00+00:00,411.04499999999996,410.098902516251,412.93719496749793,2023-04-17 17:45:00+00:00,411.3084,0.27840682860322563,trail_exit,h_ema21,train
2023-04-18 15:30:00+00:00,413.525,412.77480194282424,415.02539611435145,2023-04-19 13:30:00+00:00,412.75980194282425,-1.0199947198696524,stop_hit,h_ema21,train
2023-04-19 14:15:00+00:00,412.865,412.119224551997,414.35655089600607,2023-04-19 17:00:00+00:00,414.3415508960061,2.0,scaleout_tier_1,h_ema21,train
2023-04-19 14:15:00+00:00,412.865,412.119224551997,414.35655089600607,2023-04-20 13:30:00+00:00,412.85,-0.020113292868720732,stop_hit,h_ema21,train
2023-04-20 14:15:00+00:00,412.385,411.63653617566905,413.8819276486619,2023-04-20 18:30:00+00:00,411.62153617566906,-1.0200410487619693,stop_hit,h_ema21,train
2023-04-21 14:15:00+00:00,411.485,410.7149466791034,413.0251066417933,2023-04-21 14:30:00+00:00,410.6999466791034,-1.0194791705884998,stop_hit,h_ema21,train
2023-04-21 15:00:00+00:00,410.85499999999996,409.9935761129701,412.57784777405965,2023-04-24 13:30:00+00:00,412.56284777405966,2.0,scaleout_tier_1,ema21,train
2023-04-21 15:00:00+00:00,410.85499999999996,409.9935761129701,412.57784777405965,2023-04-24 15:00:00+00:00,411.3,0.5165865570948965,trail_exit,ema21,train
2023-04-24 16:30:00+00:00,411.41499999999996,410.7316033448317,412.7817933103365,2023-04-25 13:30:00+00:00,410.7166033448317,-1.0219491855667522,stop_hit,ema21,train
2023-04-25 15:00:00+00:00,409.85499999999996,409.17477694768905,411.2154461046218,2023-04-25 15:30:00+00:00,409.15977694768907,-1.0220515902085752,stop_hit,ema21,train
2023-04-25 19:15:00+00:00,407.065,406.4218574068097,408.3512851863806,2023-04-25 19:30:00+00:00,406.4068574068097,-1.0233229771419414,stop_hit,ema21,train
2023-05-15 14:30:00+00:00,411.03,410.10401015396616,412.8819796920676,2023-05-15 17:00:00+00:00,412.8669796920676,2.0,scaleout_tier_1,ema21,train
2023-05-15 14:30:00+00:00,411.03,410.10401015396616,412.8819796920676,2023-05-16 13:45:00+00:00,411.015,-0.016198881730975907,stop_hit,ema21,train
2023-05-16 14:30:00+00:00,411.825,410.98624665894255,413.50250668211487,2023-05-16 19:45:00+00:00,410.97124665894256,-1.017883684351201,stop_hit,ema21,train
2023-05-17 13:45:00+00:00,411.97499999999997,411.240605656151,413.4437886876979,2023-05-17 14:00:00+00:00,411.225605656151,-1.0204249939090912,stop_hit,ema21,train
2023-05-18 17:15:00+00:00,416.335,415.60213132375605,417.80073735248783,2023-05-18 17:45:00+00:00,415.58713132375607,-1.020467514148461,stop_hit,h_ema21,train
2023-05-19 16:45:00+00:00,418.455,417.598980401438,420.167039197124,2023-05-19 18:15:00+00:00,417.583980401438,-1.0175229632886729,stop_hit,h_ema21,train
2023-05-22 14:30:00+00:00,419.16499999999996,418.30417471551795,420.886650568964,2023-05-22 14:45:00+00:00,418.28917471551796,-1.0174251387248834,stop_hit,h_ema21,train
2023-05-22 17:00:00+00:00,419.09499999999997,418.4082659730104,420.46846805397917,2023-05-22 17:15:00+00:00,418.3932659730104,-1.021842517496535,stop_hit,h_ema21,train
2023-05-23 15:30:00+00:00,417.905,417.1513340518933,419.41233189621335,2023-05-23 16:15:00+00:00,417.1363340518933,-1.0199027168968804,stop_hit,h_ema21,train
2023-05-23 19:00:00+00:00,414.745,413.89221494319344,416.45057011361314,2023-05-23 19:15:00+00:00,413.87721494319345,-1.0175894264096945,stop_hit,ema21,train
2023-05-24 15:30:00+00:00,411.22999999999996,410.22428520990394,413.241429580192,2023-05-24 16:15:00+00:00,410.20928520990395,-1.0149147652472668,stop_hit,ema21,train
2023-05-24 17:45:00+00:00,411.325,410.43355590106614,413.1078881978677,2023-05-24 18:15:00+00:00,410.41855590106616,-1.0168266299792956,stop_hit,ema21,train
2023-05-24 18:45:00+00:00,410.78499999999997,409.90210775172716,412.5507844965456,2023-05-25 13:30:00+00:00,412.5357844965456,2.0,scaleout_tier_1,ema21,train
2023-05-24 18:45:00+00:00,410.78499999999997,409.90210775172716,413.4336767448184,2023-05-25 14:30:00+00:00,413.4186767448184,3.0,scaleout_tier_2,ema21,train
2023-05-24 18:45:00+00:00,410.78499999999997,409.90210775172716,414.3165689930912,2023-05-25 15:00:00+00:00,414.3015689930912,4.0,scaleout_tier_3,ema21,train
2023-05-24 18:45:00+00:00,410.78499999999997,409.90210775172716,415.199461241364,2023-05-25 19:15:00+00:00,415.18446124136403,5.0,scaleout_tier_4,ema21,train
2023-05-24 18:45:00+00:00,410.78499999999997,409.90210775172716,416.08235348963683,2023-05-26 13:30:00+00:00,416.06735348963684,6.0,scaleout_tier_5,ema21,train
2023-05-24 18:45:00+00:00,410.78499999999997,409.90210775172716,416.96524573790964,2023-05-26 13:30:00+00:00,416.95024573790965,7.0,scaleout_tier_6,ema21,train
2023-05-24 18:45:00+00:00,410.78499999999997,409.90210775172716,417.84813798618245,2023-05-26 14:15:00+00:00,417.83313798618246,8.0,scaleout_tier_7,ema21,train
2023-05-24 18:45:00+00:00,410.78499999999997,409.90210775172716,418.73103023445526,2023-05-26 14:15:00+00:00,418.7160302344553,9.0,scaleout_tier_8,ema21,train
2023-05-30 17:00:00+00:00,420.54499999999996,419.7156215791872,422.2037568416255,2023-05-30 17:15:00+00:00,419.7006215791872,-1.0180858334670522,stop_hit,h_ema21,train
2023-05-31 17:15:00+00:00,417.245,416.5132901789681,418.70841964206386,2023-05-31 19:30:00+00:00,418.6934196420639,2.0,scaleout_tier_1,h_ema21,train
2023-05-31 17:15:00+00:00,417.245,416.5132901789681,418.70841964206386,2023-06-01 13:30:00+00:00,417.23,-0.020499929847643594,stop_hit,h_ema21,train
2023-06-01 14:45:00+00:00,419.205,418.30243174097154,421.01013651805687,2023-06-01 15:45:00+00:00,420.9951365180569,2.0,scaleout_tier_1,h_ema21,train
2023-06-01 14:45:00+00:00,419.205,418.30243174097154,421.9127047770853,2023-06-01 17:45:00+00:00,421.8977047770853,3.0,scaleout_tier_2,h_ema21,train
2023-06-01 14:45:00+00:00,419.205,418.30243174097154,422.81527303611375,2023-06-01 19:00:00+00:00,422.80027303611377,4.0,scaleout_tier_3,h_ema21,train
2023-06-01 14:45:00+00:00,419.205,418.30243174097154,423.7178412951422,2023-06-02 13:30:00+00:00,423.7028412951422,5.0,scaleout_tier_4,h_ema21,train
2023-06-01 14:45:00+00:00,419.205,418.30243174097154,424.62040955417064,2023-06-02 13:30:00+00:00,424.60540955417065,6.0,scaleout_tier_5,h_ema21,train
2023-06-01 14:45:00+00:00,419.205,418.30243174097154,425.5229778131991,2023-06-02 13:30:00+00:00,425.5079778131991,7.0,scaleout_tier_6,h_ema21,train
2023-06-01 14:45:00+00:00,419.205,418.30243174097154,426.4255460722275,2023-06-02 14:45:00+00:00,426.41054607222753,8.0,scaleout_tier_7,h_ema21,train
2023-06-05 19:00:00+00:00,427.675,426.91348969736384,429.19802060527235,2023-06-06 13:30:00+00:00,426.89848969736386,-1.01969769804566,stop_hit,h_ema21,train
2023-06-06 14:15:00+00:00,427.235,426.4418715431427,428.8212569137146,2023-06-07 13:30:00+00:00,428.8062569137146,2.0,scaleout_tier_1,h_ema21,train
2023-06-06 14:15:00+00:00,427.235,426.4418715431427,428.8212569137146,2023-06-07 14:30:00+00:00,427.445,0.2647742596856107,trail_exit,h_ema21,train
2023-06-07 18:00:00+00:00,426.72499999999997,425.93217264193254,428.3106547161348,2023-06-08 13:45:00+00:00,425.91717264193255,-1.0189196296613048,stop_hit,h_ema21,train
2023-06-08 15:30:00+00:00,428.265,427.56625893391265,429.66248213217466,2023-06-09 13:30:00+00:00,429.6474821321747,2.0,scaleout_tier_1,h_ema21,train
2023-06-08 15:30:00+00:00,428.265,427.56625893391265,430.361223198262,2023-06-09 13:30:00+00:00,430.346223198262,3.0,scaleout_tier_2,h_ema21,train
2023-06-08 15:30:00+00:00,428.265,427.56625893391265,431.05996426434933,2023-06-09 14:00:00+00:00,431.04496426434935,4.0,scaleout_tier_3,h_ema21,train
2023-06-08 15:30:00+00:00,428.265,427.56625893391265,431.75870533043667,2023-06-09 14:15:00+00:00,431.7437053304367,5.0,scaleout_tier_4,h_ema21,train
2023-06-08 15:30:00+00:00,428.265,427.56625893391265,429.66248213217466,2023-06-09 15:15:00+00:00,429.855,2.2755210437299467,trail_exit,h_ema21,train
2023-06-12 14:00:00+00:00,430.995,430.2737666670202,432.4374666659596,2023-06-12 14:30:00+00:00,430.2587666670202,-1.0207977076406234,stop_hit,h_ema21,train
2023-06-12 16:30:00+00:00,431.195,430.63528727558554,432.3144254488289,2023-06-12 18:45:00+00:00,432.2994254488289,2.0,scaleout_tier_1,h_ema21,train
2023-06-12 16:30:00+00:00,431.195,430.63528727558554,432.87413817324335,2023-06-12 19:00:00+00:00,432.85913817324337,3.0,scaleout_tier_2,h_ema21,train
2023-06-12 16:30:00+00:00,431.195,430.63528727558554,433.4338508976578,2023-06-12 19:45:00+00:00,433.4188508976578,4.0,scaleout_tier_3,h_ema21,train
2023-06-12 16:30:00+00:00,431.195,430.63528727558554,433.99356362207226,2023-06-13 13:30:00+00:00,433.9785636220723,5.0,scaleout_tier_4,h_ema21,train
2023-06-12 16:30:00+00:00,431.195,430.63528727558554,434.5532763464867,2023-06-13 13:30:00+00:00,434.5382763464867,6.0,scaleout_tier_5,h_ema21,train
2023-06-12 16:30:00+00:00,431.195,430.63528727558554,435.11298907090116,2023-06-13 13:30:00+00:00,435.0979890709012,7.0,scaleout_tier_6,h_ema21,train
2023-06-12 16:30:00+00:00,431.195,430.63528727558554,435.6727017953156,2023-06-13 13:30:00+00:00,435.65770179531563,8.0,scaleout_tier_7,h_ema21,train
2023-06-12 16:30:00+00:00,431.195,430.63528727558554,436.23241451973007,2023-06-13 13:30:00+00:00,436.2174145197301,9.0,scaleout_tier_8,h_ema21,train
2023-06-13 19:00:00+00:00,436.075,435.31749388490033,437.5900122301993,2023-06-14 17:00:00+00:00,437.4346,1.7948369958982164,trail_exit,h_ema21,train
2023-06-14 18:45:00+00:00,436.555,435.5836429017445,438.497714196511,2023-06-14 19:45:00+00:00,435.5686429017445,-1.015442312643749,stop_hit,h_ema21,train
2023-06-20 16:30:00+00:00,437.215,436.37666079837874,438.89167840324245,2023-06-21 13:30:00+00:00,436.36166079837875,-1.01789251888851,stop_hit,h_ema21,train
2023-06-21 16:15:00+00:00,435.67699999999996,434.85209086061116,437.3268182787776,2023-06-21 19:30:00+00:00,434.83709086061117,-1.0181838208400749,stop_hit,h_ema21,train
2023-06-22 14:15:00+00:00,435.755,434.9252214315835,437.41455713683297,2023-06-22 14:30:00+00:00,434.9102214315835,-1.0180771118596275,stop_hit,h_ema21,train
2023-06-22 15:00:00+00:00,434.53499999999997,433.64931723221173,436.30636553557645,2023-06-22 18:45:00+00:00,436.29136553557646,2.0,scaleout_tier_1,h_ema21,train
2023-06-22 15:00:00+00:00,434.53499999999997,433.64931723221173,436.30636553557645,2023-06-23 13:30:00+00:00,434.52,-0.016936086537446052,stop_hit,h_ema21,train
2023-06-23 14:45:00+00:00,434.135,433.284900045703,435.83519990859395,2023-06-23 15:00:00+00:00,433.269900045703,-1.0176449838917956,stop_hit,h_ema21,train
2023-07-13 14:45:00+00:00,448.265,447.5543932635313,449.6862134729373,2023-07-13 19:00:00+00:00,449.6712134729373,2.0,scaleout_tier_1,h_ema21,train
2023-07-13 14:45:00+00:00,448.265,447.5543932635313,450.396820209406,2023-07-14 13:30:00+00:00,450.381820209406,3.0,scaleout_tier_2,h_ema21,train
2023-07-13 14:45:00+00:00,448.265,447.5543932635313,449.6862134729373,2023-07-14 16:15:00+00:00,449.74,2.0756909895478737,trail_exit,h_ema21,train
2023-07-17 17:45:00+00:00,450.655,450.23301043793646,451.498979124127,2023-07-17 19:15:00+00:00,451.483979124127,2.0,scaleout_tier_1,h_ema21,train
2023-07-17 17:45:00+00:00,450.655,450.23301043793646,451.498979124127,2023-07-17 19:45:00+00:00,450.64,-0.035545902904888994,stop_hit,h_ema21,train
2023-07-20 15:00:00+00:00,453.68,452.99931843496256,455.0413631300749,2023-07-20 18:00:00+00:00,453.09000000000003,-0.8667782856254048,trail_exit,h_ema21,train
2023-07-21 13:45:00+00:00,453.46,452.74898664166324,454.88202671667347,2023-07-21 14:00:00+00:00,452.73398664166325,-1.0210966500475822,stop_hit,h_ema21,train
2023-07-24 15:00:00+00:00,454.265,453.49415200848273,455.8066959830345,2023-07-24 15:15:00+00:00,453.47915200848274,-1.0194590894249616,stop_hit,h_ema21,train
2023-07-25 16:45:00+00:00,455.47999999999996,454.9897034801851,456.4605930396297,2023-07-25 18:30:00+00:00,456.4455930396297,2.0,scaleout_tier_1,h_ema21,train
2023-07-25 16:45:00+00:00,455.47999999999996,454.9897034801851,456.4605930396297,2023-07-25 19:45:00+00:00,455.465,-0.030593731331501152,stop_hit,h_ema21,train
2023-07-26 15:45:00+00:00,454.69,454.2081730907351,455.6536538185298,2023-07-26 16:45:00+00:00,454.1931730907351,-1.0311315115688977,stop_hit,h_ema50,train
2023-07-26 17:15:00+00:00,454.435,453.99745877079516,455.3100824584097,2023-07-26 18:00:00+00:00,453.9824587707952,-1.0342824835667406,stop_hit,h_ema21,train
2023-07-27 19:15:00+00:00,453.705,452.6701826495752,455.7746347008495,2023-07-27 19:30:00+00:00,452.65518264957524,-1.0144953116545923,stop_hit,h_ema50,train
2023-07-28 13:45:00+00:00,455.78999999999996,454.52668605931166,458.3166278813766,2023-07-28 17:30:00+00:00,455.42490000000004,-0.289001797764541,trail_exit,h_ema21,train
2023-07-28 18:00:00+00:00,456.28499999999997,455.3947402130593,458.06551957388126,2023-07-28 19:15:00+00:00,455.37974021305934,-1.0168490144337907,stop_hit,h_ema21,train
2023-08-01 14:45:00+00:00,456.155,455.37689814933736,457.7112037013252,2023-08-02 13:30:00+00:00,455.3618981493374,-1.0192776819476947,stop_hit,h_ema21,train
2023-08-03 15:15:00+00:00,448.91499999999996,448.04243422256746,450.66013155486496,2023-08-03 19:45:00+00:00,448.825,-0.10314408647196498,trail_exit,ema21,train
2023-08-04 13:45:00+00:00,451.22999999999996,450.3649792197509,452.96004156049804,2023-08-04 14:00:00+00:00,450.34997921975094,-1.017340623881507,stop_hit,ema21,train
2023-08-04 15:30:00+00:00,451.57,450.6754153022025,453.35916939559496,2023-08-04 17:45:00+00:00,450.6604153022025,-1.0167675570987489,stop_hit,ema21,train
2023-08-07 13:45:00+00:00,448.365,447.2918505045527,450.5112989908946,2023-08-07 19:45:00+00:00,450.4962989908946,2.0,scaleout_tier_1,ema21,train
2023-08-07 13:45:00+00:00,448.365,447.2918505045527,450.5112989908946,2023-08-08 13:30:00+00:00,448.35,-0.013977549319663286,stop_hit,ema21,train
2023-08-08 16:15:00+00:00,446.36,445.21391497578793,448.6521700484242,2023-08-08 19:30:00+00:00,448.6371700484242,2.0,scaleout_tier_1,ema21,train
2023-08-08 16:15:00+00:00,446.36,445.21391497578793,448.6521700484242,2023-08-09 15:00:00+00:00,446.90500000000003,0.4755319094887354,trail_exit,ema21,train
2023-08-09 16:15:00+00:00,446.0,445.1306588953172,447.7386822093656,2023-08-09 17:30:00+00:00,447.7236822093656,2.0,scaleout_tier_1,ema21,train
2023-08-09 16:15:00+00:00,446.0,445.1306588953172,447.7386822093656,2023-08-09 19:30:00+00:00,447.04,1.1963083240835433,trail_exit,ema21,train
2023-08-10 13:45:00+00:00,449.60499999999996,448.56643382910255,451.6821323417948,2023-08-10 15:00:00+00:00,448.55143382910256,-1.0144429892098499,stop_hit,ema21,train
2023-08-10 16:45:00+00:00,447.60499999999996,446.4877138115645,449.8395723768709,2023-08-10 17:00:00+00:00,446.4727138115645,-1.013425387474798,stop_hit,ema21,train
2023-08-10 18:15:00+00:00,446.735,445.50761633918535,449.18976732162935,2023-08-10 19:30:00+00:00,445.49261633918536,-1.0122211175518094,stop_hit,ema21,train
2023-08-11 14:15:00+00:00,445.445,444.1896669252234,447.9556661495532,2023-08-14 19:45:00+00:00,447.94066614955324,2.0,scaleout_tier_1,ema21,train
2023-08-11 14:15:00+00:00,445.445,444.1896669252234,447.9556661495532,2023-08-15 13:30:00+00:00,445.59000000000003,0.1155071932011679,trail_exit,ema21,train
2023-08-15 15:15:00+00:00,444.91499999999996,444.06012181568326,446.62475636863337,2023-08-15 16:45:00+00:00,444.0451218156833,-1.0175463595576202,stop_hit,donchian_low,train
2023-08-15 17:15:00+00:00,444.435,443.6679937220044,445.96901255599124,2023-08-15 19:15:00+00:00,443.6529937220044,-1.0195565543989875,stop_hit,donchian_low,train
2023-08-16 13:45:00+00:00,443.655,442.8591149970377,445.24677000592453,2023-08-16 15:45:00+00:00,442.8441149970377,-1.0188469438978702,stop_hit,donchian_low,train
2023-08-16 16:45:00+00:00,442.2858,441.5220438278707,443.81331234425863,2023-08-16 17:00:00+00:00,441.5070438278707,-1.0196397758176763,stop_hit,ema50,train
2023-08-16 18:00:00+00:00,442.305,441.54629853554616,443.8224029289077,2023-08-16 18:15:00+00:00,441.53129853554617,-1.019770622178493,stop_hit,ema50,train
2023-08-17 13:45:00+00:00,440.625,439.63456808079144,442.6058638384171,2023-08-17 14:30:00+00:00,439.61956808079145,-1.015144907700443,stop_hit,ema50,train
2023-08-17 16:30:00+00:00,440.395,439.5227921816108,442.1394156367784,2023-08-17 17:15:00+00:00,439.5077921816108,-1.0171977362318174,stop_hit,ema50,train
2023-08-18 16:00:00+00:00,436.435,435.43773825014944,438.42952349970113,2023-08-18 17:00:00+00:00,435.42273825014945,-1.0150411865312532,stop_hit,donchian_low,train
2023-08-18 18:30:00+00:00,435.955,435.1205498464047,437.6239003071906,2023-08-21 13:30:00+00:00,437.6089003071906,2.0,scaleout_tier_1,donchian_low,train
2023-08-18 18:30:00+00:00,435.955,435.1205498464047,438.4583504607859,2023-08-21 13:45:00+00:00,438.4433504607859,3.0,scaleout_tier_2,donchian_low,train
2023-08-18 18:30:00+00:00,435.955,435.1205498464047,437.6239003071906,2023-08-21 15:00:00+00:00,436.20500000000004,0.29959848281279694,trail_exit,donchian_low,train
2023-08-21 17:30:00+00:00,437.914,437.08491803370873,439.5721639325825,2023-08-21 19:30:00+00:00,439.5571639325825,2.0,scaleout_tier_1,ema50,train
2023-08-21 17:30:00+00:00,437.914,437.08491803370873,439.5721639325825,2023-08-22 15:30:00+00:00,438.9466,1.2454739603360896,trail_exit,ema50,train
2023-08-22 18:30:00+00:00,438.615,437.8235683798591,440.1978632402818,2023-08-22 19:30:00+00:00,437.80856837985914,-1.0189529955820014,stop_hit,ema50,train
2023-08-23 14:45:00+00:00,441.435,440.55612119218097,443.1927576156381,2023-08-23 17:15:00+00:00,443.1777576156381,2.0,scaleout_tier_1,ema50,train
2023-08-23 14:45:00+00:00,441.435,440.55612119218097,444.0716364234571,2023-08-24 13:45:00+00:00,444.0566364234571,3.0,scaleout_tier_2,ema50,train
2023-08-23 14:45:00+00:00,441.435,440.55612119218097,443.1927576156381,2023-08-24 14:15:00+00:00,442.1549,0.8191117974347905,trail_exit,ema50,train
2023-08-24 15:30:00+00:00,440.7,439.8104268257984,442.47914634840316,2023-08-24 15:45:00+00:00,439.7954268257984,-1.0168620192638445,stop_hit,ema21,train
2023-08-24 16:15:00+00:00,440.1962,439.2913699111804,442.0058601776391,2023-08-24 17:15:00+00:00,439.27636991118044,-1.0165776980510843,stop_hit,ema21,train
2023-08-24 18:15:00+00:00,439.8,438.99167165384625,441.4166566923075,2023-08-24 18:30:00+00:00,438.97667165384627,-1.0185568155210198,stop_hit,ema50,train
2023-09-11 13:45:00+00:00,447.675,446.0561654703801,450.9126690592398,2023-09-12 14:15:00+00:00,446.61,-0.6578807039963844,trail_exit,ema50,train
2023-09-13 14:30:00+00:00,446.13,445.380993623732,447.62801275253594,2023-09-13 19:00:00+00:00,445.36599362373204,-1.0200265317829815,stop_hit,ema21,train
2023-09-15 15:30:00+00:00,445.01,444.2131258845652,446.60374823086954,2023-09-15 17:00:00+00:00,444.19812588456523,-1.018823550306691,stop_hit,ema21,train
2023-09-15 18:45:00+00:00,443.675,442.97692238194134,445.07115523611736,2023-09-15 19:45:00+00:00,442.96192238194135,-1.0214875819134563,stop_hit,ema21,train
2023-09-18 15:00:00+00:00,443.685,442.94540310745583,445.16419378508834,2023-09-18 18:45:00+00:00,443.52500000000003,-0.2163340619909548,trail_exit,ema21,train
2023-09-19 15:15:00+00:00,440.895,440.2411911728945,442.20261765421094,2023-09-19 16:00:00+00:00,440.2261911728945,-1.022942486210218,stop_hit,ema21,train
2023-09-19 17:45:00+00:00,441.615,441.0471984404275,442.750603119145,2023-09-19 18:30:00+00:00,442.735603119145,2.0,scaleout_tier_1,ema50,train
2023-09-19 17:45:00+00:00,441.615,441.0471984404275,443.3184046787175,2023-09-20 13:30:00+00:00,443.3034046787175,3.0,scaleout_tier_2,ema50,train
2023-09-19 17:45:00+00:00,441.615,441.0471984404275,443.88620623829,2023-09-20 13:30:00+00:00,443.87120623829003,4.0,scaleout_tier_3,ema50,train
2023-09-19 17:45:00+00:00,441.615,441.0471984404275,442.750603119145,2023-09-20 18:00:00+00:00,441.6,-0.026417680168543175,stop_hit,ema50,train
2023-09-20 18:30:00+00:00,442.585,441.9393784599892,443.87624308002154,2023-09-20 18:45:00+00:00,441.9243784599892,-1.0232334255758193,stop_hit,ema21,train
2023-09-21 15:45:00+00:00,434.175,433.1708743879417,436.18325122411665,2023-09-21 18:30:00+00:00,433.1558743879417,-1.0149383700802517,stop_hit,ema100,train
2023-09-22 14:00:00+00:00,432.47999999999996,431.67515010679614,434.0896997864076,2023-09-22 17:15:00+00:00,432.125,-0.4410760354167805,trail_exit,ema100,train
2023-09-22 19:15:00+00:00,432.655,431.8194101501369,434.32617969972614,2023-09-22 19:30:00+00:00,431.8044101501369,-1.0179513908677136,stop_hit,ema100,train
2023-09-25 14:00:00+00:00,430.585,429.5835544302128,432.5878911395743,2023-09-25 14:15:00+00:00,429.5685544302128,-1.014978347753013,stop_hit,ema100,train
2023-09-25 15:15:00+00:00,430.435,429.3907614016054,432.5234771967892,2023-09-26 13:30:00+00:00,429.3757614016054,-1.014364533185277,stop_hit,ema100,train
2023-09-26 17:15:00+00:00,427.85499999999996,426.9535359598969,429.6579280802061,2023-09-26 17:30:00+00:00,426.9385359598969,-1.0166395988444215,stop_hit,donchian_low,train
2023-09-27 13:45:00+00:00,427.385,426.45374191638706,429.24751616722585,2023-09-27 14:00:00+00:00,426.4387419163871,-1.0161072427331765,stop_hit,ema200,train
2023-09-27 15:15:00+00:00,425.925,424.93776989101246,427.8994602179751,2023-09-27 15:45:00+00:00,424.9227698910125,-1.0151940260567718,stop_hit,ema200,train
2023-09-27 16:45:00+00:00,424.66999999999996,423.78686479295243,426.436270414095,2023-09-27 17:00:00+00:00,423.77186479295244,-1.016984941694414,stop_hit,ema200,train
2023-09-27 18:30:00+00:00,424.4,423.4827805892011,426.2344388215977,2023-09-27 19:00:00+00:00,426.2194388215977,2.0,scaleout_tier_1,ema200,train
2023-09-27 18:30:00+00:00,424.4,423.4827805892011,427.1516582323965,2023-09-28 14:45:00+00:00,427.13665823239654,3.0,scaleout_tier_2,ema200,train
2023-09-27 18:30:00+00:00,424.4,423.4827805892011,428.0688776431954,2023-09-28 15:15:00+00:00,428.0538776431954,4.0,scaleout_tier_3,ema200,train
2023-09-27 18:30:00+00:00,424.4,423.4827805892011,428.98609705399423,2023-09-28 15:30:00+00:00,428.97109705399424,5.0,scaleout_tier_4,ema200,train
2023-09-27 18:30:00+00:00,424.4,423.4827805892011,429.9033164647931,2023-09-28 16:15:00+00:00,429.8883164647931,6.0,scaleout_tier_5,ema200,train
2023-09-27 18:30:00+00:00,424.4,423.4827805892011,430.82053587559193,2023-09-29 13:30:00+00:00,430.80553587559194,7.0,scaleout_tier_6,ema200,train
2023-09-27 18:30:00+00:00,424.4,423.4827805892011,426.2344388215977,2023-09-29 16:00:00+00:00,428.8549,4.856962191979805,trail_exit,ema200,train
2023-09-29 16:30:00+00:00,429.445,428.39114843389945,431.5527031322011,2023-09-29 16:45:00+00:00,428.37614843389946,-1.0142335035430932,stop_hit,ema100,train
2023-09-29 17:30:00+00:00,427.51,426.41172580228556,429.70654839542885,2023-09-29 17:45:00+00:00,426.3967258022856,-1.013657791497972,stop_hit,ema100,train
2023-09-29 18:45:00+00:00,427.16499999999996,426.0040113321607,429.4869773356785,2023-10-02 14:30:00+00:00,425.9890113321607,-1.012920022749148,stop_hit,ema200,train
2023-10-02 15:15:00+00:00,427.235,425.9795551395849,429.7458897208303,2023-10-02 15:45:00+00:00,425.9645551395849,-1.0119479560376918,stop_hit,ema200,train
2023-10-02 17:30:00+00:00,425.655,424.5010586740822,427.96288265183557,2023-10-03 14:00:00+00:00,424.4860586740822,-1.0129989278164173,stop_hit,ema200,train
2023-10-03 16:30:00+00:00,422.465,421.05214130752324,425.29071738495344,2023-10-03 17:45:00+00:00,421.03714130752326,-1.0106167729864701,stop_hit,ema200,train
2023-10-05 16:00:00+00:00,422.0441,421.02959542466203,424.073109150676,2023-10-05 18:00:00+00:00,424.058109150676,2.0,scaleout_tier_1,ema200,train
2023-10-05 16:00:00+00:00,422.0441,421.02959542466203,424.073109150676,2023-10-06 13:30:00+00:00,422.0291,-0.014785541992246938,stop_hit,ema200,train
2023-10-06 14:30:00+00:00,423.005,421.832207479906,425.350585040188,2023-10-06 15:15:00+00:00,425.335585040188,2.0,scaleout_tier_1,ema200,train
2023-10-06 14:30:00+00:00,423.005,421.832207479906,426.523377560282,2023-10-06 15:30:00+00:00,426.508377560282,3.0,scaleout_tier_2,ema200,train
2023-10-06 14:30:00+00:00,423.005,421.832207479906,427.69617008037596,2023-10-06 15:45:00+00:00,427.681170080376,4.0,scaleout_tier_3,ema200,train
2023-10-06 14:30:00+00:00,423.005,421.832207479906,428.86896260046996,2023-10-06 15:45:00+00:00,428.85396260046997,5.0,scaleout_tier_4,ema200,train
2023-10-06 14:30:00+00:00,423.005,421.832207479906,430.04175512056395,2023-10-06 18:15:00+00:00,430.02675512056396,6.0,scaleout_tier_5,ema200,train
2023-10-06 14:30:00+00:00,423.005,421.832207479906,425.350585040188,2023-10-09 14:00:00+00:00,428.225,4.4509151538429625,trail_exit,ema200,train
2023-10-10 14:00:00+00:00,433.655,432.68354801126964,435.59790397746065,2023-10-10 15:00:00+00:00,435.58290397746066,2.0,scaleout_tier_1,ema21,train
2023-10-10 14:00:00+00:00,433.655,432.68354801126964,436.569355966191,2023-10-10 15:30:00+00:00,436.554355966191,3.0,scaleout_tier_2,ema21,train
2023-10-10 14:00:00+00:00,433.655,432.68354801126964,435.59790397746065,2023-10-10 17:00:00+00:00,434.945,1.3279091658312603,trail_exit,ema21,train
2023-10-11 18:00:00+00:00,433.84499999999997,433.07195032204845,435.391099355903,2023-10-11 19:15:00+00:00,435.376099355903,2.0,scaleout_tier_1,ema21,train
2023-10-11 18:00:00+00:00,433.84499999999997,433.07195032204845,436.1641490338545,2023-10-11 19:45:00+00:00,436.14914903385454,3.0,scaleout_tier_2,ema21,train
2023-10-11 18:00:00+00:00,433.84499999999997,433.07195032204845,436.93719871180605,2023-10-12 16:15:00+00:00,436.92219871180606,4.0,scaleout_tier_3,ema21,train
2023-10-11 18:00:00+00:00,433.84499999999997,433.07195032204845,435.391099355903,2023-10-12 17:00:00+00:00,434.20500000000004,0.465688053779446,trail_exit,ema21,train
2023-10-12 19:15:00+00:00,433.495,432.57796781493965,435.3290643701207,2023-10-13 13:30:00+00:00,435.3140643701207,2.0,scaleout_tier_1,ema21,train
2023-10-12 19:15:00+00:00,433.495,432.57796781493965,435.3290643701207,2023-10-13 14:45:00+00:00,433.48,-0.01635711400794423,stop_hit,ema21,train
2023-10-13 16:30:00+00:00,432.925,431.81088465437676,435.1532306912465,2023-10-13 16:45:00+00:00,431.7958846543768,-1.01346359697756,stop_hit,ema21,train
2023-10-13 17:45:00+00:00,431.555,430.36169994454974,433.94160011090054,2023-10-13 19:30:00+00:00,430.34669994454975,-1.0125701829405567,stop_hit,ema21,train
2023-10-16 14:00:00+00:00,434.315,432.98457154832414,436.9758569033517,2023-10-17 13:30:00+00:00,432.96957154832415,-1.011274563454421,stop_hit,ema21,train
2023-10-17 14:15:00+00:00,434.555,433.434335983176,436.79632803364797,2023-10-17 15:30:00+00:00,436.781328033648,2.0,scaleout_tier_1,ema21,train
2023-10-17 14:15:00+00:00,434.555,433.434335983176,437.91699205047195,2023-10-17 16:15:00+00:00,437.90199205047196,3.0,scaleout_tier_2,ema21,train
2023-10-17 14:15:00+00:00,434.555,433.434335983176,436.79632803364797,2023-10-17 17:30:00+00:00,435.8055,1.1158562970050292,trail_exit,ema21,train
2023-10-18 14:00:00+00:00,434.005,433.00642968981094,436.0021406203781,2023-10-18 14:30:00+00:00,432.99142968981096,-1.0150214760512422,stop_hit,ema21,train
2023-10-18 17:15:00+00:00,433.325,432.23699828630487,435.50100342739023,2023-10-18 17:30:00+00:00,432.2219982863049,-1.0137867429905443,stop_hit,ema21,train
2023-10-18 18:00:00+00:00,432.505,431.3673506687361,434.7802986625278,2023-10-18 18:30:00+00:00,431.3523506687361,-1.013185082246145,stop_hit,ema21,train
2023-10-19 14:15:00+00:00,431.005,429.9333275619405,433.14834487611904,2023-10-19 14:30:00+00:00,429.9183275619405,-1.0139968142011255,stop_hit,ema21,train
2023-10-19 15:45:00+00:00,430.375,429.2887855725668,432.54742885486644,2023-10-19 16:00:00+00:00,429.2737855725668,-1.0138094280660883,stop_hit,ema21,train
2023-10-19 17:00:00+00:00,431.075,429.5068493912414,434.21130121751713,2023-10-19 17:30:00+00:00,429.49184939124143,-1.0095654077588,stop_hit,ema21,train
2023-10-20 15:15:00+00:00,422.865,421.55792963861023,425.47914072277956,2023-10-20 19:30:00+00:00,421.54292963861025,-1.0114760463117205,stop_hit,ema200,train
2023-11-10 14:45:00+00:00,436.155,435.1924106142295,438.0801787715409,2023-11-10 15:00:00+00:00,435.17741061422953,-1.0155829684201019,stop_hit,ema21,train
2023-11-10 16:00:00+00:00,435.395,434.48413888035697,437.216722239286,2023-11-10 17:00:00+00:00,437.201722239286,2.0,scaleout_tier_1,ema21,train
2023-11-10 16:00:00+00:00,435.395,434.48413888035697,438.12758335892903,2023-11-10 17:30:00+00:00,438.11258335892904,3.0,scaleout_tier_2,ema21,train
2023-11-10 16:00:00+00:00,435.395,434.48413888035697,437.216722239286,2023-11-10 17:45:00+00:00,435.38,-0.016467933120106328,stop_hit,ema21,train
2023-11-10 18:30:00+00:00,439.01,437.8985695652311,441.2328608695377,2023-11-13 14:30:00+00:00,438.62,-0.35089915463858257,trail_exit,ema21,train
2023-11-15 15:15:00+00:00,450.34499999999997,449.5450707760116,451.94485844797674,2023-11-15 17:00:00+00:00,449.5300707760116,-1.0187516589595234,stop_hit,h_ema21,train
2023-11-16 17:00:00+00:00,448.775,448.04946870167834,450.22606259664326,2023-11-17 15:15:00+00:00,450.2110625966433,2.0,scaleout_tier_1,h_ema21,train
2023-11-16 17:00:00+00:00,448.775,448.04946870167834,450.9515938949649,2023-11-17 18:45:00+00:00,450.9365938949649,3.0,scaleout_tier_2,h_ema21,train
2023-11-16 17:00:00+00:00,448.775,448.04946870167834,451.67712519328654,2023-11-20 14:45:00+00:00,451.66212519328656,4.0,scaleout_tier_3,h_ema21,train
2023-11-16 17:00:00+00:00,448.775,448.04946870167834,452.4026564916082,2023-11-20 15:45:00+00:00,452.3876564916082,5.0,scaleout_tier_4,h_ema21,train
2023-11-16 17:00:00+00:00,448.775,448.04946870167834,453.1281877899298,2023-11-20 18:00:00+00:00,453.11318778992984,6.0,scaleout_tier_5,h_ema21,train
2023-11-16 17:00:00+00:00,448.775,448.04946870167834,453.85371908825147,2023-11-20 18:30:00+00:00,453.8387190882515,7.0,scaleout_tier_6,h_ema21,train
2023-11-16 17:00:00+00:00,448.775,448.04946870167834,454.5792503865731,2023-11-20 20:00:00+00:00,454.5642503865731,8.0,scaleout_tier_7,h_ema21,train
2023-11-16 17:00:00+00:00,448.775,448.04946870167834,450.22606259664326,2023-11-21 14:30:00+00:00,452.94300000000004,5.744755615149648,trail_exit,h_ema21,train
2023-11-21 15:45:00+00:00,452.35499999999996,451.66198087990375,453.7410382401924,2023-11-22 14:30:00+00:00,453.7260382401924,2.0,scaleout_tier_1,h_ema21,train
2023-11-21 15:45:00+00:00,452.35499999999996,451.66198087990375,454.4340573602886,2023-11-22 14:30:00+00:00,454.4190573602886,3.0,scaleout_tier_2,h_ema21,train
2023-11-21 15:45:00+00:00,452.35499999999996,451.66198087990375,455.1270764803848,2023-11-22 14:30:00+00:00,455.1120764803848,4.0,scaleout_tier_3,h_ema21,train
2023-11-21 15:45:00+00:00,452.35499999999996,451.66198087990375,455.820095600481,2023-11-22 14:30:00+00:00,455.805095600481,5.0,scaleout_tier_4,h_ema21,train
2023-11-22 15:30:00+00:00,454.97499999999997,454.1630135236025,456.5989729527949,2023-11-22 19:30:00+00:00,454.1480135236025,-1.018473214069447,stop_hit,h_ema21,train
2023-11-27 16:30:00+00:00,454.875,454.3604055759633,455.90418884807343,2023-11-27 19:30:00+00:00,454.3454055759633,-1.0291491693250763,stop_hit,h_ema21,train
2023-11-28 15:30:00+00:00,454.065,453.5684589249193,455.0580821501614,2023-11-28 15:45:00+00:00,455.0430821501614,2.0,scaleout_tier_1,h_ema21,train
2023-11-28 15:30:00+00:00,454.065,453.5684589249193,455.5546232252421,2023-11-28 16:15:00+00:00,455.5396232252421,3.0,scaleout_tier_2,h_ema21,train
2023-11-28 15:30:00+00:00,454.065,453.5684589249193,456.0511643003228,2023-11-28 16:30:00+00:00,456.0361643003228,4.0,scaleout_tier_3,h_ema21,train
2023-11-28 15:30:00+00:00,454.065,453.5684589249193,455.0580821501614,2023-11-28 18:00:00+00:00,454.05,-0.03020898119566142,stop_hit,h_ema21,train
2023-11-28 18:30:00+00:00,454.555,453.949593401579,455.765813196842,2023-11-29 14:30:00+00:00,455.750813196842,2.0,scaleout_tier_1,h_ema21,train
2023-11-28 18:30:00+00:00,454.555,453.949593401579,456.37121979526296,2023-11-29 14:30:00+00:00,456.356219795263,3.0,scaleout_tier_2,h_ema21,train
2023-11-28 18:30:00+00:00,454.555,453.949593401579,456.97662639368394,2023-11-29 14:30:00+00:00,456.96162639368396,4.0,scaleout_tier_3,h_ema21,train
2023-11-28 18:30:00+00:00,454.555,453.949593401579,457.5820329921049,2023-11-29 14:30:00+00:00,457.56703299210494,5.0,scaleout_tier_4,h_ema21,train
2023-11-30 17:15:00+00:00,454.195,453.46468356479204,455.6556328704159,2023-11-30 17:30:00+00:00,454.185,-0.013692694725052247,trail_exit,h_ema21,train
2023-11-30 18:45:00+00:00,453.789,453.1092759897675,455.1484480204649,2023-11-30 20:30:00+00:00,455.1334480204649,2.0,scaleout_tier_1,h_ema21,train
2023-11-30 18:45:00+00:00,453.789,453.1092759897675,455.8281720306974,2023-11-30 20:45:00+00:00,455.8131720306974,3.0,scaleout_tier_2,h_ema21,train
2023-11-30 18:45:00+00:00,453.789,453.1092759897675,456.50789604092984,2023-12-01 16:00:00+00:00,456.49289604092985,4.0,scaleout_tier_3,h_ema21,train
2023-11-30 18:45:00+00:00,453.789,453.1092759897675,457.1876200511623,2023-12-01 16:00:00+00:00,457.1726200511623,5.0,scaleout_tier_4,h_ema21,train
2023-11-30 18:45:00+00:00,453.789,453.1092759897675,457.86734406139476,2023-12-01 16:30:00+00:00,457.8523440613948,6.0,scaleout_tier_5,h_ema21,train
2023-11-30 18:45:00+00:00,453.789,453.1092759897675,458.5470680716272,2023-12-01 17:00:00+00:00,458.53206807162724,7.0,scaleout_tier_6,h_ema21,train
2023-11-30 18:45:00+00:00,453.789,453.1092759897675,459.2267920818597,2023-12-01 17:45:00+00:00,459.2117920818597,8.0,scaleout_tier_7,h_ema21,train
2023-12-04 17:00:00+00:00,455.965,455.0533773325665,457.7882453348669,2023-12-04 17:15:00+00:00,456.2414,0.30319562015520185,trail_exit,h_ema21,train
2023-12-04 19:15:00+00:00,456.03499999999997,455.3340296509305,457.43694069813887,2023-12-04 20:00:00+00:00,455.815,-0.31385065044766014,trail_exit,h_ema21,train
2023-12-05 15:00:00+00:00,455.47499999999997,454.61186094325797,457.20127811348397,2023-12-05 15:45:00+00:00,457.186278113484,2.0,scaleout_tier_1,h_ema21,train
2023-12-05 15:00:00+00:00,455.47499999999997,454.61186094325797,457.20127811348397,2023-12-05 16:45:00+00:00,455.46,-0.0173784280560832,stop_hit,h_ema21,train
2023-12-05 18:30:00+00:00,456.34499999999997,455.5190516199432,457.99689676011354,2023-12-06 14:45:00+00:00,457.98189676011356,2.0,scaleout_tier_1,h_ema21,train
2023-12-05 18:30:00+00:00,456.34499999999997,455.5190516199432,457.99689676011354,2023-12-06 16:15:00+00:00,456.825,0.5811501197774814,trail_exit,h_ema21,train
2023-12-07 14:45:00+00:00,456.84499999999997,456.1045010795003,458.32599784099926,2023-12-07 18:00:00+00:00,458.3109978409993,2.0,scaleout_tier_1,h_ema21,train
2023-12-07 14:45:00+00:00,456.84499999999997,456.1045010795003,459.0664967614989,2023-12-08 15:00:00+00:00,459.0514967614989,3.0,scaleout_tier_2,h_ema21,train
2023-12-07 14:45:00+00:00,456.84499999999997,456.1045010795003,459.80699568199856,2023-12-08 15:00:00+00:00,459.79199568199857,4.0,scaleout_tier_3,h_ema21,train
2023-12-07 14:45:00+00:00,456.84499999999997,456.1045010795003,458.32599784099926,2023-12-08 16:30:00+00:00,458.03000000000003,1.6002724206545609,trail_exit,h_ema21,train
2023-12-15 15:15:00+00:00,469.715,468.78024739511864,471.58450520976265,2023-12-15 15:45:00+00:00,468.76524739511865,-1.0160470266909718,stop_hit,h_ema21,train
2023-12-18 16:15:00+00:00,471.65999999999997,470.8098962470605,473.36020750587886,2023-12-19 14:45:00+00:00,473.3452075058789,2.0,scaleout_tier_1,h_ema21,train
2023-12-18 16:15:00+00:00,471.65999999999997,470.8098962470605,474.2103112588183,2023-12-19 16:00:00+00:00,474.1953112588183,3.0,scaleout_tier_2,h_ema21,train
2023-12-18 16:15:00+00:00,471.65999999999997,470.8098962470605,475.06041501175775,2023-12-20 15:00:00+00:00,475.04541501175777,4.0,scaleout_tier_3,h_ema21,train
2023-12-18 16:15:00+00:00,471.65999999999997,470.8098962470605,473.36020750587886,2023-12-20 19:15:00+00:00,474.55600000000004,3.406643000911861,trail_exit,h_ema21,train
2023-12-21 14:45:00+00:00,471.965,470.45953795163507,474.9759240967298,2023-12-21 16:45:00+00:00,470.4445379516351,-1.0099637184585808,stop_hit,h_ema21,train
2023-12-21 18:30:00+00:00,470.115,469.02584758140796,472.2933048371841,2023-12-21 20:45:00+00:00,472.2783048371841,2.0,scaleout_tier_1,h_ema200,train
2023-12-21 18:30:00+00:00,470.115,469.02584758140796,473.38245725577616,2023-12-22 14:30:00+00:00,473.3674572557762,3.0,scaleout_tier_2,h_ema200,train
2023-12-21 18:30:00+00:00,470.115,469.02584758140796,474.4716096743682,2023-12-22 14:30:00+00:00,474.4566096743682,4.0,scaleout_tier_3,h_ema200,train
2023-12-21 18:30:00+00:00,470.115,469.02584758140796,472.2933048371841,2023-12-22 19:00:00+00:00,473.515,3.1216934764696798,trail_exit,h_ema200,train
2024-01-08 16:45:00+00:00,470.62,469.7803532172407,472.2992935655186,2024-01-08 19:00:00+00:00,472.2842935655186,2.0,scaleout_tier_1,h_ema200,train
2024-01-08 16:45:00+00:00,470.62,469.7803532172407,473.1389403482779,2024-01-08 19:30:00+00:00,473.1239403482779,3.0,scaleout_tier_2,h_ema200,train
2024-01-08 16:45:00+00:00,470.62,469.7803532172407,473.9785871310372,2024-01-08 20:30:00+00:00,473.96358713103723,4.0,scaleout_tier_3,h_ema200,train
2024-01-08 16:45:00+00:00,470.62,469.7803532172407,472.2992935655186,2024-01-09 14:30:00+00:00,471.805,1.411307735981286,trail_exit,h_ema200,train
2024-01-09 15:00:00+00:00,472.175,471.30846914858637,473.9080617028273,2024-01-09 16:45:00+00:00,473.8930617028273,2.0,scaleout_tier_1,h_ema21,train
2024-01-09 15:00:00+00:00,472.175,471.30846914858637,474.77459255424094,2024-01-10 14:30:00+00:00,474.75959255424095,3.0,scaleout_tier_2,h_ema21,train
2024-01-09 15:00:00+00:00,472.175,471.30846914858637,475.6411234056546,2024-01-10 18:45:00+00:00,475.6261234056546,4.0,scaleout_tier_3,h_ema21,train
2024-01-09 15:00:00+00:00,472.175,471.30846914858637,476.5076542570682,2024-01-10 19:15:00+00:00,476.49265425706824,5.0,scaleout_tier_4,h_ema21,train
2024-01-09 15:00:00+00:00,472.175,471.30846914858637,473.9080617028273,2024-01-11 15:00:00+00:00,473.735,1.8002821220445258,trail_exit,h_ema21,train
2024-01-11 15:30:00+00:00,475.005,473.985528716928,477.043942566144,2024-01-11 15:45:00+00:00,473.970528716928,-1.014713509099331,stop_hit,h_ema21,train
2024-01-11 17:15:00+00:00,473.465,472.40984142581146,475.575317148377,2024-01-11 18:45:00+00:00,475.560317148377,2.0,scaleout_tier_1,h_ema21,train
2024-01-11 17:15:00+00:00,473.465,472.40984142581146,476.6304757225655,2024-01-11 19:45:00+00:00,476.6154757225655,3.0,scaleout_tier_2,h_ema21,train
2024-01-11 17:15:00+00:00,473.465,472.40984142581146,477.685634296754,2024-01-12 14:30:00+00:00,477.67063429675403,4.0,scaleout_tier_3,h_ema21,train
2024-01-11 17:15:00+00:00,473.465,472.40984142581146,475.575317148377,2024-01-12 15:45:00+00:00,475.785,2.1987216488140557,trail_exit,h_ema21,train
2024-01-16 15:15:00+00:00,475.09499999999997,474.2294574136236,476.8260851727527,2024-01-16 17:30:00+00:00,474.2144574136236,-1.0173301698103436,stop_hit,h_ema21,train
2024-01-16 18:15:00+00:00,474.465,473.59096857747255,476.2130628450548,2024-01-16 19:00:00+00:00,473.57596857747257,-1.0171618543834626,stop_hit,h_ema21,train
2024-01-17 18:00:00+00:00,471.695,470.8969108020487,473.2911783959026,2024-01-17 18:15:00+00:00,470.8819108020487,-1.0187948916468128,stop_hit,h_ema21,train
2024-01-26 15:30:00+00:00,488.1569,487.35516950538175,489.7603609892365,2024-01-26 17:30:00+00:00,487.34016950538177,-1.0187095290757633,stop_hit,h_ema21,train
2024-01-29 17:30:00+00:00,488.255,487.6835859745555,489.39782805088896,2024-01-29 20:00:00+00:00,489.382828050889,2.0,scaleout_tier_1,h_ema21,train
2024-01-29 17:30:00+00:00,488.255,487.6835859745555,489.96924207633344,2024-01-29 20:00:00+00:00,489.95424207633346,3.0,scaleout_tier_2,h_ema21,train
2024-01-29 17:30:00+00:00,488.255,487.6835859745555,490.5406561017779,2024-01-29 20:15:00+00:00,490.52565610177794,4.0,scaleout_tier_3,h_ema21,train
2024-01-29 17:30:00+00:00,488.255,487.6835859745555,491.1120701272224,2024-01-29 20:45:00+00:00,491.0970701272224,5.0,scaleout_tier_4,h_ema21,train
2024-01-29 17:30:00+00:00,488.255,487.6835859745555,489.39782805088896,2024-01-31 14:30:00+00:00,488.24,-0.02625066822313013,stop_hit,h_ema21,train
2024-01-31 18:15:00+00:00,487.505,486.88630871512777,488.74238256974445,2024-01-31 19:00:00+00:00,486.8713087151278,-1.0242447249003745,stop_hit,h_ema200,train
2024-02-01 14:45:00+00:00,485.555,484.2694135223971,488.12617295520585,2024-02-01 15:00:00+00:00,484.2544135223971,-1.0116678265222228,stop_hit,h_ema21,train
2024-02-01 16:30:00+00:00,484.565,483.35753835936583,486.9799232812683,2024-02-01 17:45:00+00:00,486.96492328126834,2.0,scaleout_tier_1,h_ema21,train
2024-02-01 16:30:00+00:00,484.565,483.35753835936583,488.1873849219025,2024-02-01 19:45:00+00:00,488.1723849219025,3.0,scaleout_tier_2,h_ema21,train
2024-02-01 16:30:00+00:00,484.565,483.35753835936583,489.39484656253666,2024-02-02 14:30:00+00:00,489.37984656253667,4.0,scaleout_tier_3,h_ema21,train
2024-02-01 16:30:00+00:00,484.565,483.35753835936583,490.6023082031708,2024-02-02 15:15:00+00:00,490.58730820317083,5.0,scaleout_tier_4,h_ema21,train
2024-02-01 16:30:00+00:00,484.565,483.35753835936583,491.809769843805,2024-02-02 15:30:00+00:00,491.794769843805,6.0,scaleout_tier_5,h_ema21,train
2024-02-01 16:30:00+00:00,484.565,483.35753835936583,493.01723148443915,2024-02-02 16:30:00+00:00,493.00223148443916,7.0,scaleout_tier_6,h_ema21,train
2024-02-01 16:30:00+00:00,484.565,483.35753835936583,494.2246931250733,2024-02-02 17:15:00+00:00,494.20969312507333,8.0,scaleout_tier_7,h_ema21,train
2024-02-01 16:30:00+00:00,484.565,483.35753835936583,495.4321547657075,2024-02-02 19:30:00+00:00,495.4171547657075,9.0,scaleout_tier_8,h_ema21,train
2024-02-05 16:15:00+00:00,491.635,490.63825205070486,493.62849589859024,2024-02-05 16:30:00+00:00,491.635,0.0,trail_exit,h_ema21,train
2024-02-05 18:15:00+00:00,493.495,492.55893957693695,495.3671208461261,2024-02-05 20:45:00+00:00,492.54393957693696,-1.016024606564288,stop_hit,h_ema21,train
2024-02-06 16:30:00+00:00,493.325,492.4413102280878,495.0923795438244,2024-02-06 16:45:00+00:00,492.4263102280878,-1.0169742826914565,stop_hit,h_ema21,train
2024-02-06 17:30:00+00:00,492.895,492.0687540718559,494.54749185628816,2024-02-07 14:30:00+00:00,494.5324918562882,2.0,scaleout_tier_1,h_ema21,train
2024-02-06 17:30:00+00:00,492.895,492.0687540718559,495.37373778443225,2024-02-07 14:30:00+00:00,495.35873778443226,3.0,scaleout_tier_2,h_ema21,train
2024-02-06 17:30:00+00:00,492.895,492.0687540718559,496.19998371257634,2024-02-07 15:00:00+00:00,496.18498371257635,4.0,scaleout_tier_3,h_ema21,train
2024-02-06 17:30:00+00:00,492.895,492.0687540718559,497.02622964072043,2024-02-07 15:15:00+00:00,497.01122964072044,5.0,scaleout_tier_4,h_ema21,train
2024-02-06 17:30:00+00:00,492.895,492.0687540718559,497.8524755688645,2024-02-07 15:15:00+00:00,497.83747556886453,6.0,scaleout_tier_5,h_ema21,train
2024-02-06 17:30:00+00:00,492.895,492.0687540718559,498.6787214970086,2024-02-09 14:30:00+00:00,498.6637214970086,7.0,scaleout_tier_6,h_ema21,train
2024-02-09 15:30:00+00:00,499.675,499.1515088714344,500.7219822571313,2024-02-12 18:30:00+00:00,501.785,4.030631819456804,trail_exit,h_ema21,train
2024-02-13 17:45:00+00:00,495.235,494.3479915597764,497.00901688044723,2024-02-13 18:00:00+00:00,494.3329915597764,-1.0169107748244255,stop_hit,h_ema200,train
2024-02-14 15:00:00+00:00,496.91499999999996,495.83100197571105,499.0829960485778,2024-02-14 16:00:00+00:00,495.81600197571106,-1.0138376635970587,stop_hit,ema21,train
2024-02-14 17:30:00+00:00,496.04499999999996,495.0307523535777,498.0734952928444,2024-02-14 20:30:00+00:00,498.05849529284444,2.0,scaleout_tier_1,h_ema21,train
2024-02-14 17:30:00+00:00,496.04499999999996,495.0307523535777,499.08774293926666,2024-02-15 14:30:00+00:00,499.0727429392667,3.0,scaleout_tier_2,h_ema21,train
2024-02-14 17:30:00+00:00,496.04499999999996,495.0307523535777,500.1019905856889,2024-02-15 15:00:00+00:00,500.0869905856889,4.0,scaleout_tier_3,h_ema21,train
2024-02-14 17:30:00+00:00,496.04499999999996,495.0307523535777,501.11623823211113,2024-02-15 18:15:00+00:00,501.10123823211114,5.0,scaleout_tier_4,h_ema21,train
2024-02-14 17:30:00+00:00,496.04499999999996,495.0307523535777,498.0734952928444,2024-02-16 14:45:00+00:00,499.64500000000004,3.5494289907392003,trail_exit,h_ema21,train
2024-03-08 18:15:00+00:00,512.675,511.52124924480825,514.9825015103834,2024-03-08 18:30:00+00:00,511.50624924480826,-1.0130010749137008,stop_hit,h_ema21,train
2024-03-08 19:15:00+00:00,512.505,511.2407198740361,515.0335602519278,2024-03-11 13:30:00+00:00,511.2257198740361,-1.0118644592222392,stop_hit,h_ema21,train
2024-03-11 15:45:00+00:00,510.03499999999997,508.8578614740596,512.3892770518808,2024-03-12 13:45:00+00:00,512.3742770518808,2.0,scaleout_tier_1,h_ema50,train
2024-03-11 15:45:00+00:00,510.03499999999997,508.8578614740596,513.5664155778211,2024-03-12 14:15:00+00:00,513.5514155778211,3.0,scaleout_tier_2,h_ema50,train
2024-03-11 15:45:00+00:00,510.03499999999997,508.8578614740596,514.7435541037615,2024-03-12 14:15:00+00:00,514.7285541037616,4.0,scaleout_tier_3,h_ema50,train
2024-03-11 15:45:00+00:00,510.03499999999997,508.8578614740596,515.920692629702,2024-03-12 14:45:00+00:00,515.905692629702,5.0,scaleout_tier_4,h_ema50,train
2024-03-11 15:45:00+00:00,510.03499999999997,508.8578614740596,517.0978311556423,2024-03-12 19:15:00+00:00,517.0828311556423,6.0,scaleout_tier_5,h_ema50,train
2024-03-11 15:45:00+00:00,510.03499999999997,508.8578614740596,512.3892770518808,2024-03-13 19:15:00+00:00,515.135,4.332540213077924,trail_exit,h_ema50,train
2024-03-14 14:15:00+00:00,515.205,514.217407978889,517.1801840422221,2024-03-14 14:45:00+00:00,514.202407978889,-1.0151884580670383,stop_hit,h_ema21,train
2024-03-14 15:15:00+00:00,515.055,514.080554828328,517.0038903433439,2024-03-14 15:30:00+00:00,514.065554828328,-1.015393375056956,stop_hit,h_ema21,train
2024-03-14 16:30:00+00:00,514.725,513.7301172295665,516.714765540867,2024-03-14 17:00:00+00:00,513.7151172295665,-1.0150771532543985,stop_hit,h_ema21,train
2024-03-14 17:45:00+00:00,513.745,512.8236047136562,515.5877905726876,2024-03-14 19:00:00+00:00,512.8086047136562,-1.0162796578431696,stop_hit,h_ema21,train
2024-03-15 15:00:00+00:00,511.115,509.75655119456417,513.8318976108717,2024-03-15 15:45:00+00:00,509.7415511945642,-1.0110420061028165,stop_hit,h_ema200,train
2024-03-15 18:30:00+00:00,509.555,508.58704421700725,511.4909115659855,2024-03-18 13:30:00+00:00,511.47591156598554,2.0,scaleout_tier_1,h_ema21,train
2024-03-15 18:30:00+00:00,509.555,508.58704421700725,512.4588673489783,2024-03-18 13:30:00+00:00,512.4438673489783,3.0,scaleout_tier_2,h_ema21,train
2024-03-15 18:30:00+00:00,509.555,508.58704421700725,513.4268231319711,2024-03-18 13:30:00+00:00,513.4118231319711,4.0,scaleout_tier_3,h_ema21,train
2024-03-18 14:15:00+00:00,514.685,513.4941849676622,517.0666300646753,2024-03-18 16:45:00+00:00,513.4791849676623,-1.012596414718195,stop_hit,h_ema21,train
2024-03-19 14:45:00+00:00,512.3249999999999,511.46139252587943,514.0522149482409,2024-03-19 16:30:00+00:00,514.037214948241,2.0,scaleout_tier_1,h_ema21,train
2024-03-19 14:45:00+00:00,512.3249999999999,511.46139252587943,514.9158224223614,2024-03-19 16:30:00+00:00,514.9008224223614,3.0,scaleout_tier_2,h_ema21,train
2024-03-19 14:45:00+00:00,512.3249999999999,511.46139252587943,515.7794298964819,2024-03-20 14:15:00+00:00,515.7644298964819,4.0,scaleout_tier_3,h_ema21,train
2024-03-19 14:45:00+00:00,512.3249999999999,511.46139252587943,516.6430373706024,2024-03-20 18:00:00+00:00,516.6280373706024,5.0,scaleout_tier_4,h_ema21,train
2024-03-19 14:45:00+00:00,512.3249999999999,511.46139252587943,517.5066448447229,2024-03-20 18:15:00+00:00,517.4916448447229,6.0,scaleout_tier_5,h_ema21,train
2024-03-19 14:45:00+00:00,512.3249999999999,511.46139252587943,518.3702523188434,2024-03-20 18:45:00+00:00,518.3552523188434,7.0,scaleout_tier_6,h_ema21,train
2024-03-19 14:45:00+00:00,512.3249999999999,511.46139252587943,519.2338597929639,2024-03-20 19:15:00+00:00,519.2188597929639,8.0,scaleout_tier_7,h_ema21,train
2024-03-19 14:45:00+00:00,512.3249999999999,511.46139252587943,520.0974672670844,2024-03-20 19:15:00+00:00,520.0824672670844,9.0,scaleout_tier_8,h_ema21,train
2024-03-21 18:30:00+00:00,523.055,522.3592639459462,524.4464721081075,2024-03-21 18:45:00+00:00,522.3442639459462,-1.0215599003567333,stop_hit,h_ema21,train
2024-03-22 14:30:00+00:00,521.805,521.1072942204255,523.2004115591488,2024-03-22 14:45:00+00:00,521.0922942204255,-1.0214990336028682,stop_hit,h_ema21,train
2024-03-22 15:15:00+00:00,521.525,520.8594644323159,522.8560711353681,2024-03-25 13:30:00+00:00,520.8444644323159,-1.0225382394695801,stop_hit,h_ema21,train
2024-03-25 14:15:00+00:00,520.665,519.9911411760678,522.0127176478643,2024-03-25 19:45:00+00:00,519.9761411760678,-1.0222598554285554,stop_hit,h_ema21,train
2024-03-26 13:45:00+00:00,521.185,520.6548307883958,522.2453384232083,2024-03-26 14:30:00+00:00,520.6398307883958,-1.0282928538128415,stop_hit,h_ema21,train
2024-03-26 16:00:00+00:00,521.415,520.9452772164686,522.3544455670626,2024-03-26 16:15:00+00:00,520.9302772164687,-1.0319337288415478,stop_hit,h_ema21,train
2024-03-26 17:15:00+00:00,521.015,520.5953103032484,521.8543793935031,2024-03-26 17:45:00+00:00,520.5803103032484,-1.0357406915539928,stop_hit,h_ema21,train
2024-03-26 18:15:00+00:00,520.865,520.471188634191,521.6526227316181,2024-03-26 19:15:00+00:00,520.456188634191,-1.0380893018899315,stop_hit,h_ema21,train
2024-03-27 13:45:00+00:00,521.455,520.7787800110239,522.8074399779524,2024-03-27 14:00:00+00:00,520.7637800110239,-1.0221821304376062,stop_hit,h_ema21,train
2024-03-27 15:15:00+00:00,520.015,519.3349342603886,521.3751314792227,2024-03-27 19:30:00+00:00,521.3601314792227,2.0,scaleout_tier_1,h_ema21,train
2024-03-27 15:15:00+00:00,520.015,519.3349342603886,522.055197218834,2024-03-27 19:30:00+00:00,522.040197218834,3.0,scaleout_tier_2,h_ema21,train
2024-03-27 15:15:00+00:00,520.015,519.3349342603886,522.7352629584453,2024-03-27 19:45:00+00:00,522.7202629584453,4.0,scaleout_tier_3,h_ema21,train
2024-03-27 15:15:00+00:00,520.015,519.3349342603886,523.4153286980567,2024-03-28 14:30:00+00:00,523.4003286980567,5.0,scaleout_tier_4,h_ema21,train
2024-03-27 15:15:00+00:00,520.015,519.3349342603886,524.095394437668,2024-03-28 18:45:00+00:00,524.080394437668,6.0,scaleout_tier_5,h_ema21,train
2024-03-27 15:15:00+00:00,520.015,519.3349342603886,521.3751314792227,2024-04-01 14:30:00+00:00,522.5550000000001,3.73493303963777,trail_exit,h_ema21,train
2024-04-01 16:15:00+00:00,521.8149999999999,521.1017711222038,523.2414577555923,2024-04-01 17:15:00+00:00,521.0867711222038,-1.0210311170326356,stop_hit,h_ema50,train
2024-04-01 18:30:00+00:00,521.885,521.2891228199919,523.0767543600161,2024-04-02 13:30:00+00:00,521.2741228199919,-1.0251729727253243,stop_hit,h_ema21,train
2024-04-02 18:15:00+00:00,517.875,517.2478254444663,519.1293491110673,2024-04-03 14:00:00+00:00,519.1143491110673,2.0,scaleout_tier_1,h_ema21,train
2024-04-02 18:15:00+00:00,517.875,517.2478254444663,519.756523666601,2024-04-03 14:00:00+00:00,519.741523666601,3.0,scaleout_tier_2,h_ema21,train
2024-04-02 18:15:00+00:00,517.875,517.2478254444663,520.3836982221346,2024-04-03 14:15:00+00:00,520.3686982221346,4.0,scaleout_tier_3,h_ema21,train
2024-04-02 18:15:00+00:00,517.875,517.2478254444663,519.1293491110673,2024-04-03 19:00:00+00:00,518.715,1.3393400490957168,trail_exit,h_ema21,train
2024-04-05 15:00:00+00:00,518.0649999999999,516.7894948816061,520.6160102367877,2024-04-05 15:15:00+00:00,516.7744948816061,-1.0117600468894037,stop_hit,ema21,train
2024-04-08 14:30:00+00:00,519.545,518.4673396055016,521.7003207889967,2024-04-08 15:45:00+00:00,518.4523396055016,-1.0139190417283255,stop_hit,h_ema21,train
2024-04-08 18:00:00+00:00,519.3249999999999,518.5162632163486,520.9424735673025,2024-04-08 19:30:00+00:00,518.5012632163487,-1.018547443745868,stop_hit,h_ema21,train
2024-04-09 15:45:00+00:00,516.705,515.6260115327194,518.8629769345613,2024-04-09 19:45:00+00:00,518.8479769345613,2.0,scaleout_tier_1,ema21,train
2024-04-09 15:45:00+00:00,516.705,515.6260115327194,518.8629769345613,2024-04-10 13:30:00+00:00,516.69,-0.013901909478041855,stop_hit,ema21,train
2024-04-10 14:30:00+00:00,514.675,513.2111652690072,517.6026694619854,2024-04-10 15:30:00+00:00,513.1961652690072,-1.0102470584160916,stop_hit,ema21,train
2024-04-10 17:00:00+00:00,514.185,512.9792811128815,516.5964377742368,2024-04-10 17:15:00+00:00,512.9642811128815,-1.0124407108159639,stop_hit,ema21,train
2024-04-10 18:00:00+00:00,513.795,512.2938034377605,516.7973931244788,2024-04-11 14:15:00+00:00,512.2788034377605,-1.0099920292767057,stop_hit,ema21,train
2024-04-11 14:45:00+00:00,513.465,512.0723363262729,516.2503273474543,2024-04-11 17:00:00+00:00,516.2353273474544,2.0,scaleout_tier_1,ema21,train
2024-04-11 14:45:00+00:00,513.465,512.0723363262729,517.6429910211815,2024-04-11 17:30:00+00:00,517.6279910211815,3.0,scaleout_tier_2,ema21,train
2024-04-11 14:45:00+00:00,513.465,512.0723363262729,519.0356546949087,2024-04-11 18:15:00+00:00,519.0206546949087,4.0,scaleout_tier_3,ema21,train
2024-04-11 14:45:00+00:00,513.465,512.0723363262729,516.2503273474543,2024-04-12 13:30:00+00:00,515.155,1.2135018898547338,trail_exit,ema21,train
2024-04-15 17:00:00+00:00,510.075,508.7802007120346,512.6645985759308,2024-04-15 17:15:00+00:00,508.76520071203464,-1.0115848071121178,stop_hit,ema21,train
2024-04-15 18:45:00+00:00,505.54499999999996,504.1412185368348,508.3525629263303,2024-04-15 19:15:00+00:00,504.1262185368348,-1.0106854239022114,stop_hit,ema50,train
2024-04-16 15:15:00+00:00,503.54499999999996,502.19389939173493,506.24720121653,2024-04-17 14:45:00+00:00,502.17889939173494,-1.011102059985931,stop_hit,ema50,train
2024-04-17 17:30:00+00:00,501.815,500.4888811395809,504.4672377208382,2024-04-17 19:00:00+00:00,500.4738811395809,-1.0113112032772429,stop_hit,ema50,train
2024-04-18 19:15:00+00:00,499.66499999999996,498.51245694063425,501.9700861187314,2024-04-19 14:15:00+00:00,498.49745694063427,-1.0130146981304469,stop_hit,donchian_low,train
2024-04-19 17:15:00+00:00,497.215,496.01639697200255,499.6122060559948,2024-04-19 18:00:00+00:00,496.00139697200257,-1.0125145687517976,stop_hit,donchian_low,train
2024-05-06 13:45:00+00:00,514.1949999999999,511.62672508095443,519.331549838091,2024-05-07 18:15:00+00:00,516.825,1.0240336735358309,trail_exit,donchian_low,train
2024-05-07 19:15:00+00:00,517.155,516.5619584996925,518.3410830006148,2024-05-08 13:30:00+00:00,516.5469584996926,-1.025293339491773,stop_hit,h_ema21,train
2024-05-08 14:30:00+00:00,516.925,516.1974760890811,518.3800478218377,2024-05-08 17:00:00+00:00,516.1824760890811,-1.0206178790481828,stop_hit,h_ema21,train
2024-05-08 17:45:00+00:00,516.785,516.1722177462423,518.0105645075154,2024-05-09 14:15:00+00:00,517.9955645075154,2.0,scaleout_tier_1,h_ema21,train
2024-05-08 17:45:00+00:00,516.785,516.1722177462423,518.6233467612731,2024-05-09 14:30:00+00:00,518.6083467612731,3.0,scaleout_tier_2,h_ema21,train
2024-05-08 17:45:00+00:00,516.785,516.1722177462423,519.2361290150308,2024-05-09 15:00:00+00:00,519.2211290150308,4.0,scaleout_tier_3,h_ema21,train
2024-05-08 17:45:00+00:00,516.785,516.1722177462423,519.8489112687885,2024-05-09 18:45:00+00:00,519.8339112687885,5.0,scaleout_tier_4,h_ema21,train
2024-05-08 17:45:00+00:00,516.785,516.1722177462423,520.4616935225462,2024-05-10 13:30:00+00:00,520.4466935225462,6.0,scaleout_tier_5,h_ema21,train
2024-05-08 17:45:00+00:00,516.785,516.1722177462423,521.0744757763039,2024-05-10 13:30:00+00:00,521.0594757763039,7.0,scaleout_tier_6,h_ema21,train
2024-05-08 17:45:00+00:00,516.785,516.1722177462423,521.6872580300616,2024-05-10 13:30:00+00:00,521.6722580300616,8.0,scaleout_tier_7,h_ema21,train
2024-05-10 15:30:00+00:00,520.5649999999999,519.8465012341468,522.0019975317063,2024-05-10 15:45:00+00:00,519.8315012341468,-1.0208768625819074,stop_hit,h_ema21,train
2024-05-10 19:00:00+00:00,520.9449999999999,520.3457284129483,522.1435431741031,2024-05-13 15:15:00+00:00,520.905,-0.06674769981464204,trail_exit,h_ema21,train
2024-05-13 16:00:00+00:00,521.055,520.4856508886727,522.1936982226545,2024-05-13 17:00:00+00:00,520.4706508886727,-1.026345874089482,stop_hit,h_ema21,train
2024-05-13 18:30:00+00:00,520.805,520.2961745321413,521.8226509357172,2024-05-14 14:15:00+00:00,521.8076509357172,2.0,scaleout_tier_1,h_ema21,train
2024-05-13 18:30:00+00:00,520.805,520.2961745321413,521.8226509357172,2024-05-14 14:30:00+00:00,520.79,-0.029479656478503848,stop_hit,h_ema21,train
2024-05-14 17:00:00+00:00,520.995,520.4307574268297,522.1234851463406,2024-05-14 18:00:00+00:00,522.1084851463406,2.0,scaleout_tier_1,h_ema21,train
2024-05-14 17:00:00+00:00,520.995,520.4307574268297,522.6877277195109,2024-05-14 18:30:00+00:00,522.6727277195109,3.0,scaleout_tier_2,h_ema21,train
2024-05-14 17:00:00+00:00,520.995,520.4307574268297,523.2519702926812,2024-05-14 18:45:00+00:00,523.2369702926812,4.0,scaleout_tier_3,h_ema21,train
2024-05-14 17:00:00+00:00,520.995,520.4307574268297,523.8162128658515,2024-05-15 13:30:00+00:00,523.8012128658515,5.0,scaleout_tier_4,h_ema21,train
2024-05-14 17:00:00+00:00,520.995,520.4307574268297,524.3804554390218,2024-05-15 13:30:00+00:00,524.3654554390218,6.0,scaleout_tier_5,h_ema21,train
2024-05-14 17:00:00+00:00,520.995,520.4307574268297,524.9446980121921,2024-05-15 13:30:00+00:00,524.9296980121921,7.0,scaleout_tier_6,h_ema21,train
2024-05-14 17:00:00+00:00,520.995,520.4307574268297,525.5089405853624,2024-05-15 13:30:00+00:00,525.4939405853625,8.0,scaleout_tier_7,h_ema21,train
2024-05-14 17:00:00+00:00,520.995,520.4307574268297,526.0731831585327,2024-05-15 13:30:00+00:00,526.0581831585328,9.0,scaleout_tier_8,h_ema21,train
2024-05-17 14:00:00+00:00,528.775,528.1270609681055,530.0708780637889,2024-05-17 16:45:00+00:00,528.1120609681055,-1.023150326283214,stop_hit,h_ema21,train
2024-05-17 17:45:00+00:00,528.875,528.3516277211784,529.9217445576433,2024-05-17 18:00:00+00:00,528.3366277211784,-1.0286602875371216,stop_hit,h_ema21,train
2024-05-17 19:00:00+00:00,528.8249999999999,528.2533510897234,529.968297820553,2024-05-20 13:30:00+00:00,529.953297820553,2.0,scaleout_tier_1,h_ema21,train
2024-05-17 19:00:00+00:00,528.8249999999999,528.2533510897234,530.5399467308295,2024-05-20 13:45:00+00:00,530.5249467308295,3.0,scaleout_tier_2,h_ema21,train
2024-05-17 19:00:00+00:00,528.8249999999999,528.2533510897234,531.111595641106,2024-05-20 13:45:00+00:00,531.096595641106,4.0,scaleout_tier_3,h_ema21,train
2024-05-17 19:00:00+00:00,528.8249999999999,528.2533510897234,529.968297820553,2024-05-20 18:00:00+00:00,529.775,1.6618591987528288,trail_exit,h_ema21,train
2024-05-21 17:30:00+00:00,530.155,529.6895314435201,531.0859371129598,2024-05-21 19:45:00+00:00,531.0709371129598,2.0,scaleout_tier_1,h_ema21,train
2024-05-21 17:30:00+00:00,530.155,529.6895314435201,531.0859371129598,2024-05-22 17:30:00+00:00,530.14,-0.032225592451236566,stop_hit,h_ema21,train
2024-05-22 18:00:00+00:00,529.995,529.5145652036463,530.9558695927075,2024-05-22 18:15:00+00:00,529.4995652036463,-1.031221718563745,stop_hit,h_ema21,train
2024-05-22 19:00:00+00:00,528.5749999999999,527.91938806178,529.8862238764399,2024-05-22 19:15:00+00:00,527.90438806178,-1.0228793881342555,stop_hit,h_ema21,train
2024-05-23 16:30:00+00:00,531.245,530.2321948233171,533.2706103533659,2024-05-23 16:45:00+00:00,530.2171948233171,-1.0148103508407342,stop_hit,h_ema21,train
2024-05-24 13:45:00+00:00,527.925,526.830443737437,530.1141125251258,2024-05-24 15:00:00+00:00,530.0991125251259,2.0,scaleout_tier_1,h_ema21,train
2024-05-24 13:45:00+00:00,527.925,526.830443737437,530.1141125251258,2024-05-28 17:45:00+00:00,528.775,0.7765704048960576,trail_exit,h_ema21,train
2024-05-28 19:00:00+00:00,528.305,527.5658949844986,529.7832100310026,2024-05-28 19:45:00+00:00,529.7682100310026,2.0,scaleout_tier_1,h_ema21,train
2024-05-28 19:00:00+00:00,528.305,527.5658949844986,529.7832100310026,2024-05-29 13:30:00+00:00,528.29,-0.02029481560182944,stop_hit,h_ema21,train
2024-05-29 14:00:00+00:00,526.205,525.1525218564907,528.3099562870187,2024-05-30 13:30:00+00:00,525.1375218564907,-1.0142520774350439,stop_hit,ema21,train
2024-05-30 14:00:00+00:00,524.625,523.7881905075527,526.2986189848946,2024-05-30 14:15:00+00:00,523.7731905075527,-1.0179252268710746,stop_hit,ema21,train
2024-05-30 16:15:00+00:00,524.285,523.5117916967586,525.8314166064828,2024-05-30 19:15:00+00:00,523.4967916967586,-1.0193996882044647,stop_hit,ema21,train
2024-05-31 13:45:00+00:00,524.645,523.7470819029977,526.4408361940045,2024-05-31 14:00:00+00:00,523.7320819029977,-1.0167053098161896,stop_hit,ema21,train
2024-05-31 17:30:00+00:00,520.835,519.9531832508555,522.598633498289,2024-05-31 19:30:00+00:00,522.583633498289,2.0,scaleout_tier_1,ema21,train
2024-05-31 17:30:00+00:00,520.835,519.9531832508555,523.4804502474335,2024-05-31 19:30:00+00:00,523.4654502474335,3.0,scaleout_tier_2,ema21,train
2024-05-31 17:30:00+00:00,520.835,519.9531832508555,524.362266996578,2024-05-31 19:45:00+00:00,524.347266996578,4.0,scaleout_tier_3,ema21,train
2024-05-31 17:30:00+00:00,520.835,519.9531832508555,525.2440837457225,2024-05-31 19:45:00+00:00,525.2290837457225,5.0,scaleout_tier_4,ema21,train
2024-05-31 17:30:00+00:00,520.835,519.9531832508555,526.125900494867,2024-05-31 19:45:00+00:00,526.110900494867,6.0,scaleout_tier_5,ema21,train
2024-05-31 17:30:00+00:00,520.835,519.9531832508555,527.0077172440115,2024-05-31 19:45:00+00:00,526.9927172440115,7.0,scaleout_tier_6,ema21,train
2024-06-04 14:00:00+00:00,526.505,525.2756321194288,528.9637357611424,2024-06-04 15:30:00+00:00,525.2606321194288,-1.0122013924692883,stop_hit,ema21,train
2024-06-04 16:30:00+00:00,526.035,524.9476203314621,528.2097593370758,2024-06-04 18:15:00+00:00,528.1947593370758,2.0,scaleout_tier_1,ema21,train
2024-06-04 16:30:00+00:00,526.035,524.9476203314621,529.2971390056136,2024-06-05 13:30:00+00:00,529.2821390056137,3.0,scaleout_tier_2,ema21,train
2024-06-04 16:30:00+00:00,526.035,524.9476203314621,530.3845186741515,2024-06-05 14:30:00+00:00,530.3695186741515,4.0,scaleout_tier_3,ema21,train
2024-06-04 16:30:00+00:00,526.035,524.9476203314621,531.4718983426894,2024-06-05 15:00:00+00:00,531.4568983426894,5.0,scaleout_tier_4,ema21,train
2024-06-04 16:30:00+00:00,526.035,524.9476203314621,532.5592780112273,2024-06-05 16:30:00+00:00,532.5442780112273,6.0,scaleout_tier_5,ema21,train
2024-06-04 16:30:00+00:00,526.035,524.9476203314621,533.6466576797652,2024-06-05 18:30:00+00:00,533.6316576797652,7.0,scaleout_tier_6,ema21,train
2024-06-04 16:30:00+00:00,526.035,524.9476203314621,534.7340373483031,2024-06-06 13:30:00+00:00,534.7190373483031,8.0,scaleout_tier_7,ema21,train
2024-06-07 16:00:00+00:00,535.205,534.3765491287809,536.8619017424384,2024-06-07 18:00:00+00:00,534.3615491287809,-1.0181060827154569,stop_hit,h_ema21,train
2024-06-10 14:15:00+00:00,533.235,532.3155353310419,535.0739293379162,2024-06-10 17:45:00+00:00,535.0589293379162,2.0,scaleout_tier_1,h_ema21,train
2024-06-10 14:15:00+00:00,533.235,532.3155353310419,535.0739293379162,2024-06-11 13:30:00+00:00,533.22,-0.01631384054917955,stop_hit,h_ema21,train
2024-06-11 14:15:00+00:00,533.355,532.5046789319292,535.0556421361416,2024-06-11 17:45:00+00:00,535.0406421361416,2.0,scaleout_tier_1,h_ema21,train
2024-06-11 14:15:00+00:00,533.355,532.5046789319292,535.9059632042124,2024-06-11 18:15:00+00:00,535.8909632042124,3.0,scaleout_tier_2,h_ema21,train
2024-06-11 14:15:00+00:00,533.355,532.5046789319292,536.7562842722832,2024-06-11 19:45:00+00:00,536.7412842722832,4.0,scaleout_tier_3,h_ema21,train
2024-06-11 14:15:00+00:00,533.355,532.5046789319292,537.606605340354,2024-06-12 13:30:00+00:00,537.591605340354,5.0,scaleout_tier_4,h_ema21,train
2024-06-11 14:15:00+00:00,533.355,532.5046789319292,538.4569264084248,2024-06-12 13:30:00+00:00,538.4419264084248,6.0,scaleout_tier_5,h_ema21,train
2024-06-11 14:15:00+00:00,533.355,532.5046789319292,539.3072474764956,2024-06-12 13:30:00+00:00,539.2922474764956,7.0,scaleout_tier_6,h_ema21,train
2024-06-11 14:15:00+00:00,533.355,532.5046789319292,540.1575685445664,2024-06-12 13:30:00+00:00,540.1425685445664,8.0,scaleout_tier_7,h_ema21,train
2024-06-11 14:15:00+00:00,533.355,532.5046789319292,541.0078896126372,2024-06-12 13:30:00+00:00,540.9928896126372,9.0,scaleout_tier_8,h_ema21,train
2024-06-11 14:15:00+00:00,533.355,532.5046789319292,541.858210680708,2024-06-12 13:30:00+00:00,541.843210680708,10.0,scaleout_tier_9,h_ema21,train
2024-06-12 18:30:00+00:00,542.705,541.8770520464348,544.3608959071306,2024-06-12 18:45:00+00:00,541.8620520464348,-1.0181170808326705,stop_hit,h_ema21,train
2024-06-14 14:30:00+00:00,540.895,539.980300590579,542.724398818842,2024-06-14 19:45:00+00:00,542.709398818842,2.0,scaleout_tier_1,h_ema21,train
2024-06-14 14:30:00+00:00,540.895,539.980300590579,543.639098228263,2024-06-17 15:15:00+00:00,543.624098228263,3.0,scaleout_tier_2,h_ema21,train
2024-06-14 14:30:00+00:00,540.895,539.980300590579,544.553797637684,2024-06-17 16:15:00+00:00,544.5387976376841,4.0,scaleout_tier_3,h_ema21,train
2024-06-14 14:30:00+00:00,540.895,539.980300590579,545.4684970471051,2024-06-17 17:00:00+00:00,545.4534970471051,5.0,scaleout_tier_4,h_ema21,train
2024-06-14 14:30:00+00:00,540.895,539.980300590579,546.3831964565261,2024-06-17 17:30:00+00:00,546.3681964565261,6.0,scaleout_tier_5,h_ema21,train
2024-06-14 14:30:00+00:00,540.895,539.980300590579,547.2978958659471,2024-06-17 17:45:00+00:00,547.2828958659471,7.0,scaleout_tier_6,h_ema21,train
2024-06-14 14:30:00+00:00,540.895,539.980300590579,548.2125952753681,2024-06-17 19:15:00+00:00,548.1975952753681,8.0,scaleout_tier_7,h_ema21,train
2024-07-08 17:30:00+00:00,554.925,554.4364050243336,555.9021899513327,2024-07-08 18:30:00+00:00,554.4214050243336,-1.030700274761377,stop_hit,h_ema21,train
2024-07-09 14:45:00+00:00,556.665,555.9919693922593,558.0110612154813,2024-07-09 15:00:00+00:00,555.9769693922593,-1.0222872479014602,stop_hit,h_ema21,train
2024-07-09 16:30:00+00:00,556.6949999999999,556.1064353413265,557.8721293173469,2024-07-09 17:15:00+00:00,556.0914353413265,-1.0254857300365159,stop_hit,h_ema21,train
2024-07-09 18:45:00+00:00,556.095,555.5369922969246,557.2110154061509,2024-07-09 19:15:00+00:00,555.5219922969246,-1.0268813493385753,stop_hit,h_ema21,train
2024-07-10 14:00:00+00:00,557.285,556.717151957186,558.4206960856278,2024-07-10 16:15:00+00:00,558.4056960856278,2.0,scaleout_tier_1,h_ema21,train
2024-07-10 14:00:00+00:00,557.285,556.717151957186,558.9885441284417,2024-07-10 16:30:00+00:00,558.9735441284417,3.0,scaleout_tier_2,h_ema21,train
2024-07-10 14:00:00+00:00,557.285,556.717151957186,559.5563921712557,2024-07-10 17:30:00+00:00,559.5413921712557,4.0,scaleout_tier_3,h_ema21,train
2024-07-10 14:00:00+00:00,557.285,556.717151957186,560.1242402140696,2024-07-10 19:30:00+00:00,560.1092402140696,5.0,scaleout_tier_4,h_ema21,train
2024-07-10 14:00:00+00:00,557.285,556.717151957186,560.6920882568835,2024-07-10 19:45:00+00:00,560.6770882568835,6.0,scaleout_tier_5,h_ema21,train
2024-07-10 14:00:00+00:00,557.285,556.717151957186,561.2599362996974,2024-07-10 19:45:00+00:00,561.2449362996974,7.0,scaleout_tier_6,h_ema21,train
2024-07-10 14:00:00+00:00,557.285,556.717151957186,561.8277843425113,2024-07-11 13:30:00+00:00,561.8127843425113,8.0,scaleout_tier_7,h_ema21,train
2024-07-11 16:15:00+00:00,557.135,556.2354314211145,558.9341371577709,2024-07-11 16:30:00+00:00,557.285,0.16674659778115225,trail_exit,h_ema21,train
2024-07-11 17:30:00+00:00,557.105,556.2046721857706,558.9056556284588,2024-07-11 17:45:00+00:00,556.1896721857706,-1.0166605982431245,stop_hit,h_ema50,train
2024-07-11 18:45:00+00:00,557.245,556.3827220333628,558.9695559332744,2024-07-12 14:00:00+00:00,558.9545559332744,2.0,scaleout_tier_1,h_ema21,train
2024-07-11 18:45:00+00:00,557.245,556.3827220333628,559.8318338999115,2024-07-12 14:30:00+00:00,559.8168338999116,3.0,scaleout_tier_2,h_ema21,train
2024-07-11 18:45:00+00:00,557.245,556.3827220333628,560.6941118665487,2024-07-12 14:30:00+00:00,560.6791118665487,4.0,scaleout_tier_3,h_ema21,train
2024-07-11 18:45:00+00:00,557.245,556.3827220333628,561.5563898331859,2024-07-12 15:00:00+00:00,561.5413898331859,5.0,scaleout_tier_4,h_ema21,train
2024-07-11 18:45:00+00:00,557.245,556.3827220333628,562.4186677998231,2024-07-12 17:15:00+00:00,562.4036677998231,6.0,scaleout_tier_5,h_ema21,train
2024-07-11 18:45:00+00:00,557.245,556.3827220333628,558.9695559332744,2024-07-12 19:30:00+00:00,560.445,3.711100276027936,trail_exit,h_ema21,train
2024-07-15 18:30:00+00:00,561.8249999999999,560.9014546585535,563.6720906828929,2024-07-15 19:30:00+00:00,560.8864546585535,-1.0162417580673333,stop_hit,h_ema21,train
2024-07-16 17:00:00+00:00,563.555,562.5884300570069,565.488139885986,2024-07-16 17:30:00+00:00,562.5734300570069,-1.0155187941738992,stop_hit,h_ema21,train
2024-07-17 14:45:00+00:00,558.835,557.6576558911597,561.1896882176807,2024-07-17 16:00:00+00:00,557.6426558911597,-1.0127405402442293,stop_hit,h_ema200,train
2024-07-17 17:00:00+00:00,557.975,556.9835478092037,559.9579043815926,2024-07-17 17:15:00+00:00,556.9685478092038,-1.0151293225626332,stop_hit,h_ema200,train
2024-07-17 18:30:00+00:00,558.055,557.1256345533635,559.9137308932728,2024-07-17 19:00:00+00:00,557.1106345533635,-1.0161400448599358,stop_hit,h_ema200,train
2024-07-18 13:45:00+00:00,558.035,557.0399594782706,560.0250810434587,2024-07-18 14:30:00+00:00,557.0249594782706,-1.0150747629593178,stop_hit,h_ema21,train
2024-07-18 15:00:00+00:00,556.855,555.6419699559067,559.2810600881867,2024-07-18 15:15:00+00:00,555.6269699559067,-1.0123657283453338,stop_hit,h_ema21,train
2024-07-19 16:00:00+00:00,551.045,549.7091462413565,553.7167075172869,2024-07-19 16:30:00+00:00,549.6941462413565,-1.0112287740352797,stop_hit,ema21,train
2024-07-19 19:00:00+00:00,549.145,547.9565346471245,551.521930705751,2024-07-22 13:30:00+00:00,551.506930705751,2.0,scaleout_tier_1,ema21,train
2024-07-19 19:00:00+00:00,549.145,547.9565346471245,552.7103960586264,2024-07-22 13:30:00+00:00,552.6953960586264,3.0,scaleout_tier_2,ema21,train
2024-07-19 19:00:00+00:00,549.145,547.9565346471245,553.8988614115019,2024-07-22 14:30:00+00:00,553.8838614115019,4.0,scaleout_tier_3,ema21,train
2024-07-19 19:00:00+00:00,549.145,547.9565346471245,555.0873267643774,2024-07-23 13:30:00+00:00,555.0723267643774,5.0,scaleout_tier_4,ema21,train
2024-07-19 19:00:00+00:00,549.145,547.9565346471245,556.2757921172529,2024-07-23 15:00:00+00:00,556.2607921172529,6.0,scaleout_tier_5,ema21,train
2024-07-19 19:00:00+00:00,549.145,547.9565346471245,551.521930705751,2024-07-23 17:00:00+00:00,554.465,4.47636103747438,trail_exit,ema21,train
2024-07-23 18:00:00+00:00,555.255,554.3950171853604,556.9749656292792,2024-07-23 19:30:00+00:00,554.3800171853604,-1.017442209012366,stop_hit,h_ema21,train
2024-07-25 14:30:00+00:00,540.595,539.2781743843243,543.2286512313515,2024-07-25 15:00:00+00:00,543.2136512313515,2.0,scaleout_tier_1,ema50,train
2024-07-25 14:30:00+00:00,540.595,539.2781743843243,544.5454768470272,2024-07-25 16:00:00+00:00,544.5304768470272,3.0,scaleout_tier_2,ema50,train
2024-07-25 14:30:00+00:00,540.595,539.2781743843243,545.8623024627029,2024-07-25 16:15:00+00:00,545.8473024627029,4.0,scaleout_tier_3,ema50,train
2024-07-25 14:30:00+00:00,540.595,539.2781743843243,543.2286512313515,2024-07-25 18:00:00+00:00,543.275,2.035197347391147,trail_exit,ema50,train
2024-07-26 13:45:00+00:00,543.015,541.178824659778,546.687350680444,2024-07-26 16:45:00+00:00,546.672350680444,2.0,scaleout_tier_1,ema50,train
2024-07-26 13:45:00+00:00,543.015,541.178824659778,546.687350680444,2024-07-26 18:45:00+00:00,543.5550000000001,0.2940895611498594,trail_exit,ema50,train
2024-07-29 14:00:00+00:00,546.655,545.1708039440709,549.623392111858,2024-07-29 14:15:00+00:00,545.155803944071,-1.0101064815123748,stop_hit,ema21,train
2024-07-29 16:00:00+00:00,545.635,544.1841180522426,548.5367638955147,2024-07-30 14:30:00+00:00,544.1691180522427,-1.010338539274799,stop_hit,ema21,train
2024-07-30 17:45:00+00:00,541.3249999999999,540.0718803609003,543.8312392781992,2024-07-31 13:30:00+00:00,543.8162392781992,2.0,scaleout_tier_1,ema50,train
2024-07-30 17:45:00+00:00,541.3249999999999,540.0718803609003,545.0843589172988,2024-07-31 13:30:00+00:00,545.0693589172988,3.0,scaleout_tier_2,ema50,train
2024-07-30 17:45:00+00:00,541.3249999999999,540.0718803609003,546.3374785563984,2024-07-31 13:30:00+00:00,546.3224785563984,4.0,scaleout_tier_3,ema50,train
2024-07-30 17:45:00+00:00,541.3249999999999,540.0718803609003,547.590598195498,2024-07-31 13:30:00+00:00,547.5755981954981,5.0,scaleout_tier_4,ema50,train
2024-07-31 15:15:00+00:00,550.9449999999999,549.5622284183075,553.7105431633847,2024-07-31 17:30:00+00:00,549.5472284183076,-1.0108477786198264,stop_hit,ema21,train
2024-08-01 16:15:00+00:00,545.875,544.1315196450643,549.3619607098715,2024-08-01 16:30:00+00:00,544.1165196450643,-1.0086034809382978,stop_hit,ema21,train
2024-08-01 18:00:00+00:00,542.555,540.8639976381883,545.9370047236233,2024-08-01 18:15:00+00:00,540.8489976381883,-1.0088704784444629,stop_hit,ema21,train
2024-08-02 15:30:00+00:00,529.4449999999999,527.2279852707876,533.8790294584246,2024-08-05 13:30:00+00:00,527.2129852707876,-1.0067658549139706,stop_hit,donchian_low,train
2024-08-05 15:45:00+00:00,520.085,516.4306181550191,527.3937636899618,2024-08-05 18:30:00+00:00,516.575,-0.9604907611996815,trail_exit,ema100,train
2024-08-06 14:00:00+00:00,521.905,519.2922574574982,527.1304850850036,2024-08-06 16:45:00+00:00,527.1154850850036,2.0,scaleout_tier_1,ema100,train
2024-08-06 14:00:00+00:00,521.905,519.2922574574982,527.1304850850036,2024-08-06 19:45:00+00:00,522.1750000000001,0.10333968831906458,trail_exit,ema100,train
2024-08-07 19:15:00+00:00,520.845,518.8528738586987,524.8292522826027,2024-08-07 19:45:00+00:00,518.8378738586987,-1.007529643675168,stop_hit,ema100,train
2024-08-08 13:45:00+00:00,523.025,520.7343517096598,527.6062965806804,2024-08-08 14:15:00+00:00,527.5912965806804,2.0,scaleout_tier_1,ema100,train
2024-08-08 13:45:00+00:00,523.025,520.7343517096598,529.8969448710205,2024-08-08 17:15:00+00:00,529.8819448710206,3.0,scaleout_tier_2,ema100,train
2024-08-08 13:45:00+00:00,523.025,520.7343517096598,532.1875931613607,2024-08-09 17:00:00+00:00,532.1725931613607,4.0,scaleout_tier_3,ema100,train
2024-08-08 13:45:00+00:00,523.025,520.7343517096598,534.4782414517009,2024-08-12 14:30:00+00:00,534.4632414517009,5.0,scaleout_tier_4,ema100,train
2024-08-08 13:45:00+00:00,523.025,520.7343517096598,527.6062965806804,2024-08-12 19:00:00+00:00,532.585,4.17349098956623,trail_exit,ema100,train
2024-08-14 17:30:00+00:00,543.175,542.1144667013078,545.2960665973842,2024-08-15 13:30:00+00:00,545.2810665973842,2.0,scaleout_tier_1,ema21,train
2024-08-14 17:30:00+00:00,543.175,542.1144667013078,546.3565998960763,2024-08-15 13:30:00+00:00,546.3415998960763,3.0,scaleout_tier_2,ema21,train
2024-08-14 17:30:00+00:00,543.175,542.1144667013078,547.4171331947684,2024-08-15 13:30:00+00:00,547.4021331947685,4.0,scaleout_tier_3,ema21,train
2024-08-14 17:30:00+00:00,543.175,542.1144667013078,548.4776664934606,2024-08-15 13:30:00+00:00,548.4626664934606,5.0,scaleout_tier_4,ema21,train
2024-08-16 16:45:00+00:00,554.115,553.3323659091171,558.8108045452973,2024-09-03 13:30:00+00:00,558.7958045452973,6.0,scaleout_tier_5,h_ema21,train
2024-08-16 16:45:00+00:00,554.115,553.3323659091171,559.5934386361802,2024-09-03 13:30:00+00:00,559.5784386361802,7.0,scaleout_tier_6,h_ema21,train
2024-08-16 16:45:00+00:00,554.115,553.3323659091171,555.6802681817658,2024-09-03 14:00:00+00:00,556.525,3.0793445213730433,trail_exit,h_ema21,train
2024-09-03 16:15:00+00:00,555.975,554.7952253224354,558.3345493551293,2024-09-03 16:45:00+00:00,554.7802253224354,-1.0127142922163326,stop_hit,h_ema21,train
2024-09-03 17:30:00+00:00,555.685,554.5895358902595,557.8759282194808,2024-09-03 17:45:00+00:00,554.5745358902595,-1.0136928265076075,stop_hit,h_ema21,train
2024-09-04 16:30:00+00:00,552.125,550.7848843548629,554.8052312902742,2024-09-04 17:45:00+00:00,550.7698843548629,-1.0111930638631206,stop_hit,h_ema21,train
2024-09-05 14:30:00+00:00,552.985,551.6258340716645,555.7033318566711,2024-09-05 14:45:00+00:00,551.6108340716645,-1.011036180121404,stop_hit,h_ema21,train
2024-09-05 16:45:00+00:00,548.785,547.4425122839789,551.4699754320421,2024-09-06 14:00:00+00:00,547.4275122839789,-1.0111732865939689,stop_hit,h_ema200,train
2024-09-09 13:45:00+00:00,544.685,543.0999764818268,547.8550470363461,2024-09-09 15:00:00+00:00,543.0849764818269,-1.009463581977178,stop_hit,ema21,train
2024-09-09 15:30:00+00:00,544.245,542.7843849194551,547.1662301610899,2024-09-09 16:30:00+00:00,547.1512301610899,2.0,scaleout_tier_1,ema21,train
2024-09-09 15:30:00+00:00,544.245,542.7843849194551,547.1662301610899,2024-09-09 18:15:00+00:00,544.955,0.4860965831840855,trail_exit,ema21,train
2024-09-09 18:45:00+00:00,545.285,544.1926130968952,547.4697738062094,2024-09-10 13:30:00+00:00,547.4547738062095,2.0,scaleout_tier_1,ema21,train
2024-09-09 18:45:00+00:00,545.285,544.1926130968952,547.4697738062094,2024-09-10 15:45:00+00:00,545.27,-0.013731398607356012,stop_hit,ema21,train
2024-09-10 16:30:00+00:00,544.285,543.0217562085143,546.8114875829714,2024-09-10 17:30:00+00:00,546.7964875829714,2.0,scaleout_tier_1,ema21,train
2024-09-10 16:30:00+00:00,544.285,543.0217562085143,548.0747313744571,2024-09-10 18:30:00+00:00,548.0597313744571,3.0,scaleout_tier_2,ema21,train
2024-09-10 16:30:00+00:00,544.285,543.0217562085143,546.8114875829714,2024-09-11 13:30:00+00:00,546.145,1.4723998744632338,trail_exit,ema21,train
2024-09-11 15:45:00+00:00,544.745,543.3467654477174,547.5414691045652,2024-09-11 17:00:00+00:00,547.5264691045652,2.0,scaleout_tier_1,ema21,train
2024-09-11 15:45:00+00:00,544.745,543.3467654477174,548.9397036568478,2024-09-11 17:30:00+00:00,548.9247036568478,3.0,scaleout_tier_2,ema21,train
2024-09-11 15:45:00+00:00,544.745,543.3467654477174,550.3379382091304,2024-09-11 18:15:00+00:00,550.3229382091304,4.0,scaleout_tier_3,ema21,train
2024-09-11 15:45:00+00:00,544.745,543.3467654477174,551.736172761413,2024-09-11 18:30:00+00:00,551.721172761413,5.0,scaleout_tier_4,ema21,train
2024-09-11 15:45:00+00:00,544.745,543.3467654477174,553.1344073136955,2024-09-11 19:15:00+00:00,553.1194073136955,6.0,scaleout_tier_5,ema21,train
2024-09-11 15:45:00+00:00,544.745,543.3467654477174,554.5326418659781,2024-09-12 13:30:00+00:00,554.5176418659781,7.0,scaleout_tier_6,ema21,train
2024-09-11 15:45:00+00:00,544.745,543.3467654477174,555.9308764182607,2024-09-12 15:00:00+00:00,555.9158764182607,8.0,scaleout_tier_7,ema21,train
2024-09-16 16:00:00+00:00,561.295,560.2912853310957,563.3024293378086,2024-09-17 16:15:00+00:00,563.725,2.421006761466125,trail_exit,h_ema21,train
2024-09-17 17:15:00+00:00,562.085,561.0439332861464,564.1671334277073,2024-09-17 17:45:00+00:00,561.0289332861464,-1.01440829852725,stop_hit,h_ema21,train
2024-09-18 16:15:00+00:00,562.3249999999999,561.3895715567838,564.1958568864321,2024-09-18 18:00:00+00:00,564.135,1.934942232221524,trail_exit,h_ema21,train
2024-09-19 13:45:00+00:00,569.185,566.6480545054069,574.258890989186,2024-09-20 13:30:00+00:00,567.835,-0.5321359890770766,trail_exit,h_ema21,train
2024-09-20 14:30:00+00:00,567.245,565.95501981425,569.8249603715,2024-09-20 15:00:00+00:00,565.94001981425,-1.0116280855827762,stop_hit,h_ema21,train
2024-09-20 15:45:00+00:00,567.275,565.9463683786746,569.9322632426507,2024-09-24 14:00:00+00:00,568.485,0.9107114271396052,trail_exit,h_ema50,train
2024-09-24 15:00:00+00:00,569.505,568.6164015899733,571.2821968200534,2024-09-25 13:30:00+00:00,571.2671968200534,2.0,scaleout_tier_1,h_ema21,train
2024-09-24 15:00:00+00:00,569.505,568.6164015899733,571.2821968200534,2024-09-25 16:30:00+00:00,570.245,0.8327721405418361,trail_exit,h_ema21,train
2024-09-25 18:00:00+00:00,570.265,569.5607609525384,571.6734780949231,2024-09-25 18:15:00+00:00,569.5457609525384,-1.0212995857785139,stop_hit,h_ema21,train
2024-09-26 15:45:00+00:00,571.745,570.7299387411256,573.7751225177489,2024-09-26 17:15:00+00:00,570.7149387411256,-1.0147774332522743,stop_hit,h_ema21,train
2024-09-27 19:00:00+00:00,572.205,571.4848837191277,573.6452325617448,2024-09-27 19:45:00+00:00,571.4698837191277,-1.020829969268039,stop_hit,h_ema21,train
2024-09-30 14:45:00+00:00,571.335,570.628616943765,572.7477661124701,2024-09-30 18:00:00+00:00,570.613616943765,-1.0212349374289003,stop_hit,h_ema21,train
2024-09-30 18:45:00+00:00,570.755,569.8850139096745,572.494972180651,2024-09-30 19:45:00+00:00,572.479972180651,2.0,scaleout_tier_1,h_ema21,train
2024-09-30 18:45:00+00:00,570.755,569.8850139096745,573.3649582709764,2024-09-30 19:45:00+00:00,573.3499582709765,3.0,scaleout_tier_2,h_ema21,train
2024-09-30 18:45:00+00:00,570.755,569.8850139096745,572.494972180651,2024-10-01 13:30:00+00:00,570.74,-0.01724165497217834,stop_hit,h_ema21,train
2024-10-01 15:30:00+00:00,567.925,566.3738723743489,571.027255251302,2024-10-01 17:15:00+00:00,566.358872374349,-1.0096703841463017,stop_hit,h_ema21,train
2024-10-01 17:45:00+00:00,568.115,566.4173566824755,571.5102866350489,2024-10-02 13:30:00+00:00,566.4023566824756,-1.0088357783081665,stop_hit,h_ema21,train
2024-10-02 14:00:00+00:00,567.085,565.5329948502806,570.1890102994389,2024-10-03 13:30:00+00:00,567.235,0.096649163842719,trail_exit,ema21,train
2024-10-03 14:00:00+00:00,567.8249999999999,566.8389017169364,569.7971965661269,2024-10-03 14:15:00+00:00,566.8239017169365,-1.0152114654873816,stop_hit,h_ema21,train
2024-10-03 15:15:00+00:00,567.165,565.8502292017212,569.7945415965576,2024-10-03 17:00:00+00:00,565.8352292017212,-1.0114088326418744,stop_hit,ema21,train
2024-10-03 17:30:00+00:00,566.475,565.248685291108,568.927629417784,2024-10-04 13:30:00+00:00,568.912629417784,2.0,scaleout_tier_1,ema21,train
2024-10-03 17:30:00+00:00,566.475,565.248685291108,570.153944126676,2024-10-04 13:30:00+00:00,570.138944126676,3.0,scaleout_tier_2,ema21,train
2024-10-03 17:30:00+00:00,566.475,565.248685291108,571.380258835568,2024-10-04 13:30:00+00:00,571.365258835568,4.0,scaleout_tier_3,ema21,train
2024-10-04 16:45:00+00:00,571.365,569.8871053206731,574.3207893586539,2024-10-04 17:30:00+00:00,569.8721053206731,-1.010149573044554,stop_hit,h_ema21,train
2024-10-07 14:15:00+00:00,571.545,570.3691529995883,573.8966940008232,2024-10-07 16:00:00+00:00,570.3541529995883,-1.012756761717073,stop_hit,h_ema21,train
2024-10-07 18:00:00+00:00,570.435,569.6639310107588,571.9771379784822,2024-10-07 18:15:00+00:00,569.6489310107588,-1.0194535122139314,stop_hit,h_ema21,train
2024-10-08 13:45:00+00:00,569.985,568.8721961427879,572.2106077144243,2024-10-08 15:45:00+00:00,572.1956077144243,2.0,scaleout_tier_1,ema21,train
2024-10-08 13:45:00+00:00,569.985,568.8721961427879,573.3234115716365,2024-10-08 19:30:00+00:00,573.3084115716365,3.0,scaleout_tier_2,ema21,train
2024-10-08 13:45:00+00:00,569.985,568.8721961427879,574.4362154288486,2024-10-09 14:45:00+00:00,574.4212154288487,4.0,scaleout_tier_3,ema21,train
2024-10-08 13:45:00+00:00,569.985,568.8721961427879,575.5490192860608,2024-10-09 15:15:00+00:00,575.5340192860608,5.0,scaleout_tier_4,ema21,train
2024-10-08 13:45:00+00:00,569.985,568.8721961427879,576.661823143273,2024-10-09 15:45:00+00:00,576.646823143273,6.0,scaleout_tier_5,ema21,train
2024-10-08 13:45:00+00:00,569.985,568.8721961427879,572.2106077144243,2024-10-10 13:30:00+00:00,575.295,4.771730404765833,trail_exit,ema21,train
2024-10-10 15:15:00+00:00,576.375,575.4446604746505,578.235679050699,2024-10-10 17:00:00+00:00,575.4296604746505,-1.0161231460034457,stop_hit,h_ema21,train
2024-10-10 17:30:00+00:00,576.395,575.50546551653,578.17406896694,2024-10-10 17:45:00+00:00,575.49046551653,-1.0168627526855085,stop_hit,h_ema21,train
2024-10-11 17:00:00+00:00,578.885,578.0838934835547,580.4872130328906,2024-10-14 13:30:00+00:00,580.4722130328906,2.0,scaleout_tier_1,h_ema21,train
2024-10-11 17:00:00+00:00,578.885,578.0838934835547,581.2883195493359,2024-10-14 13:30:00+00:00,581.273319549336,3.0,scaleout_tier_2,h_ema21,train
2024-10-11 17:00:00+00:00,578.885,578.0838934835547,582.0894260657813,2024-10-14 13:45:00+00:00,582.0744260657813,4.0,scaleout_tier_3,h_ema21,train
2024-10-11 17:00:00+00:00,578.885,578.0838934835547,582.8905325822266,2024-10-14 13:45:00+00:00,582.8755325822266,5.0,scaleout_tier_4,h_ema21,train
2024-10-11 17:00:00+00:00,578.885,578.0838934835547,583.6916390986719,2024-10-14 16:15:00+00:00,583.6766390986719,6.0,scaleout_tier_5,h_ema21,train
2024-10-15 15:15:00+00:00,582.3249999999999,581.5684813482865,583.8380373034269,2024-10-15 15:45:00+00:00,581.5534813482865,-1.0198276671249444,stop_hit,h_ema21,train
2024-10-15 16:15:00+00:00,581.975,581.2162752704189,583.4924494591622,2024-10-15 17:00:00+00:00,581.2012752704189,-1.0197700159427623,stop_hit,h_ema50,train
2024-10-15 17:45:00+00:00,581.595,580.8468745971512,583.0912508056977,2024-10-15 18:00:00+00:00,580.8318745971512,-1.0200501145167205,stop_hit,h_ema21,train
2024-10-16 14:15:00+00:00,580.295,579.4490580200413,581.9868839599172,2024-10-16 18:15:00+00:00,581.9718839599172,2.0,scaleout_tier_1,h_ema21,train
2024-10-16 14:15:00+00:00,580.295,579.4490580200413,582.8328259398759,2024-10-17 13:30:00+00:00,582.8178259398759,3.0,scaleout_tier_2,h_ema21,train
2024-10-16 14:15:00+00:00,580.295,579.4490580200413,583.6787679198345,2024-10-17 13:30:00+00:00,583.6637679198345,4.0,scaleout_tier_3,h_ema21,train
2024-10-16 14:15:00+00:00,580.295,579.4490580200413,581.9868839599172,2024-10-17 14:00:00+00:00,583.545,3.841871046710444,trail_exit,h_ema21,train
2024-10-17 15:15:00+00:00,583.5749999999999,582.6449926590022,585.4350146819953,2024-10-17 18:00:00+00:00,582.6299926590023,-1.0161289049437983,stop_hit,h_ema21,train
2024-11-04 15:00:00+00:00,571.485,569.9254436930873,574.6041126138254,2024-11-04 16:30:00+00:00,569.9104436930874,-1.0096181201880943,stop_hit,ema21,train
2024-11-04 17:30:00+00:00,569.995,568.6433630664619,572.6982738670762,2024-11-05 14:45:00+00:00,572.6832738670762,2.0,scaleout_tier_1,ema21,train
2024-11-04 17:30:00+00:00,569.995,568.6433630664619,574.0499108006143,2024-11-05 15:30:00+00:00,574.0349108006143,3.0,scaleout_tier_2,ema21,train
2024-11-04 17:30:00+00:00,569.995,568.6433630664619,575.4015477341524,2024-11-05 16:45:00+00:00,575.3865477341524,4.0,scaleout_tier_3,ema21,train
2024-11-04 17:30:00+00:00,569.995,568.6433630664619,576.7531846676904,2024-11-06 14:30:00+00:00,576.7381846676905,5.0,scaleout_tier_4,ema21,train
2024-11-04 17:30:00+00:00,569.995,568.6433630664619,578.1048216012285,2024-11-06 14:30:00+00:00,578.0898216012286,6.0,scaleout_tier_5,ema21,train
2024-11-04 17:30:00+00:00,569.995,568.6433630664619,579.4564585347666,2024-11-06 14:30:00+00:00,579.4414585347666,7.0,scaleout_tier_6,ema21,train
2024-11-04 17:30:00+00:00,569.995,568.6433630664619,580.8080954683047,2024-11-06 14:30:00+00:00,580.7930954683047,8.0,scaleout_tier_7,ema21,train
2024-11-04 17:30:00+00:00,569.995,568.6433630664619,582.1597324018428,2024-11-06 14:30:00+00:00,582.1447324018428,9.0,scaleout_tier_8,ema21,train
2024-11-04 17:30:00+00:00,569.995,568.6433630664619,583.5113693353809,2024-11-06 14:30:00+00:00,583.4963693353809,10.0,scaleout_tier_9,ema21,train
2024-11-04 17:30:00+00:00,569.995,568.6433630664619,584.863006268919,2024-11-06 14:30:00+00:00,584.848006268919,11.0,scaleout_tier_10,ema21,train
2024-11-04 17:30:00+00:00,569.995,568.6433630664619,586.2146432024571,2024-11-06 14:30:00+00:00,586.1996432024571,12.0,scaleout_tier_11,ema21,train
2024-11-04 17:30:00+00:00,569.995,568.6433630664619,587.5662801359952,2024-11-06 14:30:00+00:00,587.5512801359952,13.0,scaleout_tier_12,ema21,train
2024-11-12 17:30:00+00:00,596.505,595.8515462654569,597.8119074690861,2024-11-12 17:45:00+00:00,595.836546265457,-1.0229549533609679,stop_hit,h_ema50,train
2024-11-12 18:45:00+00:00,596.765,596.0135900453314,598.2678199093372,2024-11-13 15:00:00+00:00,595.9985900453314,-1.019962471759643,stop_hit,h_ema21,train
2024-11-13 17:00:00+00:00,598.085,597.2049229190254,599.8451541619493,2024-11-13 19:30:00+00:00,597.1899229190254,-1.0170439616304687,stop_hit,h_ema21,train
2024-11-14 15:00:00+00:00,596.435,595.4494239692218,598.4061520615562,2024-11-14 15:15:00+00:00,595.4344239692218,-1.0152195259742098,stop_hit,h_ema21,train
2024-11-14 17:45:00+00:00,595.145,594.2149259488474,597.0051481023052,2024-11-14 18:45:00+00:00,594.1999259488474,-1.0161277480877977,stop_hit,h_ema21,train
2024-11-19 15:30:00+00:00,586.465,585.3778235827498,588.6393528345005,2024-11-19 16:15:00+00:00,588.6243528345005,2.0,scaleout_tier_1,ema21,train
2024-11-19 15:30:00+00:00,586.465,585.3778235827498,589.7265292517508,2024-11-19 18:30:00+00:00,589.7115292517508,3.0,scaleout_tier_2,ema21,train
2024-11-19 15:30:00+00:00,586.465,585.3778235827498,590.813705669001,2024-11-19 18:45:00+00:00,590.798705669001,4.0,scaleout_tier_3,ema21,train
2024-11-19 15:30:00+00:00,586.465,585.3778235827498,588.6393528345005,2024-11-20 14:30:00+00:00,588.295,1.6832594700945347,trail_exit,ema21,train
2024-11-20 16:00:00+00:00,587.415,586.2773844728696,589.6902310542607,2024-11-20 16:15:00+00:00,586.2623844728696,-1.0131854740395674,stop_hit,ema21,train
2024-11-20 16:45:00+00:00,587.385,586.1773974806466,589.8002050387067,2024-11-20 17:15:00+00:00,586.1623974806466,-1.0124213056528055,stop_hit,ema21,train
2024-11-20 17:45:00+00:00,587.605,586.3664351948341,590.0821296103318,2024-11-20 18:30:00+00:00,586.3514351948342,-1.012110791407461,stop_hit,ema21,train
2024-11-21 15:15:00+00:00,590.705,589.2114075409335,593.6921849181332,2024-11-21 15:30:00+00:00,589.1964075409335,-1.0100429001960551,stop_hit,ema21,train
2024-11-25 18:00:00+00:00,596.475,595.2992444687994,598.8265110624012,2024-11-26 14:45:00+00:00,598.8115110624012,2.0,scaleout_tier_1,h_ema21,train
2024-11-25 18:00:00+00:00,596.475,595.2992444687994,600.0022665936018,2024-11-26 17:45:00+00:00,599.9872665936018,3.0,scaleout_tier_2,h_ema21,train
2024-11-25 18:00:00+00:00,596.475,595.2992444687994,598.8265110624012,2024-11-27 15:15:00+00:00,599.335,2.432478456707404,trail_exit,h_ema21,train
2024-11-27 17:30:00+00:00,598.235,597.5549076543864,599.5951846912272,2024-11-29 14:30:00+00:00,599.5801846912273,2.0,scaleout_tier_1,h_ema21,train
2024-11-27 17:30:00+00:00,598.235,597.5549076543864,600.2752770368409,2024-11-29 14:30:00+00:00,600.2602770368409,3.0,scaleout_tier_2,h_ema21,train
2024-11-27 17:30:00+00:00,598.235,597.5549076543864,600.9553693824545,2024-11-29 15:00:00+00:00,600.9403693824545,4.0,scaleout_tier_3,h_ema21,train
2024-11-27 17:30:00+00:00,598.235,597.5549076543864,601.6354617280681,2024-11-29 15:45:00+00:00,601.6204617280681,5.0,scaleout_tier_4,h_ema21,train
2024-11-27 17:30:00+00:00,598.235,597.5549076543864,602.3155540736817,2024-11-29 16:15:00+00:00,602.3005540736817,6.0,scaleout_tier_5,h_ema21,train
2024-11-27 17:30:00+00:00,598.235,597.5549076543864,602.9956464192953,2024-11-29 17:30:00+00:00,602.9806464192953,7.0,scaleout_tier_6,h_ema21,train
2024-11-27 17:30:00+00:00,598.235,597.5549076543864,603.6757387649089,2024-12-02 17:00:00+00:00,603.660738764909,8.0,scaleout_tier_7,h_ema21,train
2024-12-04 19:00:00+00:00,605.995,605.4801413124317,607.0247173751367,2024-12-05 15:45:00+00:00,606.9350000000001,1.8257436898649835,trail_exit,h_ema21,train
2024-12-09 16:30:00+00:00,605.795,605.1517495274375,607.081500945125,2024-12-09 18:00:00+00:00,605.1367495274375,-1.0233190656514115,stop_hit,h_ema21,train
2024-12-09 18:30:00+00:00,605.735,605.1364951831592,606.9320096336816,2024-12-09 19:30:00+00:00,605.1214951831593,-1.0250624549342215,stop_hit,h_ema21,train
2024-12-10 14:45:00+00:00,604.925,604.2979827063987,606.1790345872025,2024-12-10 17:00:00+00:00,604.285,-1.0207054997225609,trail_exit,h_ema21,train
2024-12-10 17:30:00+00:00,604.515,603.9421243597471,605.6607512805057,2024-12-10 19:00:00+00:00,603.9271243597472,-1.0261836931892687,stop_hit,h_ema21,train
2024-12-11 14:45:00+00:00,606.025,605.2372806207908,607.6004387584184,2024-12-11 16:30:00+00:00,607.5854387584184,2.0,scaleout_tier_1,h_ema21,train
2024-12-11 14:45:00+00:00,606.025,605.2372806207908,607.6004387584184,2024-12-12 14:30:00+00:00,606.01,-0.01904231430112225,stop_hit,h_ema21,train
2024-12-12 15:30:00+00:00,606.5749999999999,605.9238064433267,607.8773871133463,2024-12-12 16:45:00+00:00,605.9088064433267,-1.023034625951488,stop_hit,h_ema21,train
2024-12-12 17:15:00+00:00,606.665,606.0217362683323,607.9515274633352,2024-12-12 17:30:00+00:00,606.0067362683324,-1.0233185849932809,stop_hit,h_ema21,train
2024-12-12 18:00:00+00:00,606.795,606.1495115093026,608.0859769813948,2024-12-12 18:30:00+00:00,606.1345115093026,-1.0232382144936154,stop_hit,h_ema21,train
2024-12-13 14:45:00+00:00,606.845,606.0964136796588,608.3421726406825,2024-12-13 15:00:00+00:00,606.0814136796588,-1.0200377693158333,stop_hit,h_ema21,train
2024-12-13 16:45:00+00:00,603.885,603.0222176819065,605.6105646361871,2024-12-13 17:30:00+00:00,603.0072176819065,-1.017385613596175,stop_hit,h_ema21,train
2024-12-13 18:30:00+00:00,603.985,603.2114325785604,605.5321348428791,2024-12-16 14:30:00+00:00,605.5171348428792,2.0,scaleout_tier_1,h_ema21,train
2024-12-13 18:30:00+00:00,603.985,603.2114325785604,606.3057022643187,2024-12-16 15:15:00+00:00,606.2907022643187,3.0,scaleout_tier_2,h_ema21,train
2024-12-13 18:30:00+00:00,603.985,603.2114325785604,607.0792696857583,2024-12-16 17:30:00+00:00,607.0642696857583,4.0,scaleout_tier_3,h_ema21,train
2025-01-02 17:15:00+00:00,588.295,586.3252952122959,592.234409575408,2025-01-02 17:30:00+00:00,586.310295212296,-1.0076153543889543,stop_hit,ema50,holdout
2025-01-03 14:45:00+00:00,589.295,587.1654606829854,593.554078634029,2025-01-03 15:15:00+00:00,587.1504606829855,-1.0070437769709815,stop_hit,ema50,holdout
2025-01-07 15:30:00+00:00,593.625,592.1709208518726,596.5331582962549,2025-01-07 15:45:00+00:00,592.1559208518726,-1.0103158070998428,stop_hit,ema21,holdout
2025-01-07 18:00:00+00:00,590.925,589.3250829593223,594.1248340813552,2025-01-07 18:45:00+00:00,590.985,0.03750194445997489,trail_exit,ema50,holdout
2025-01-08 16:00:00+00:00,588.435,586.8502744988978,591.6044510022043,2025-01-08 17:15:00+00:00,586.8352744988978,-1.0094653616601448,stop_hit,ema50,holdout
2025-01-08 18:00:00+00:00,586.955,585.4006998575201,590.06360028496,2025-01-08 19:15:00+00:00,590.04860028496,2.0,scaleout_tier_1,ema50,holdout
2025-01-08 18:00:00+00:00,586.955,585.4006998575201,590.06360028496,2025-01-10 14:30:00+00:00,586.94,-0.00965064570865509,stop_hit,ema50,holdout
2025-01-10 17:30:00+00:00,579.995,578.2143865790592,583.5562268418815,2025-01-10 18:45:00+00:00,583.5412268418816,2.0,scaleout_tier_1,donchian_low,holdout
2025-01-10 17:30:00+00:00,579.995,578.2143865790592,583.5562268418815,2025-01-10 20:15:00+00:00,579.98,-0.008424063204050924,stop_hit,donchian_low,holdout
2025-01-13 15:45:00+00:00,578.685,576.7590251900435,582.5369496199128,2025-01-13 16:30:00+00:00,576.7440251900435,-1.007788263856019,stop_hit,donchian_low,holdout
2025-01-13 17:15:00+00:00,577.615,575.8084727337155,581.2280545325691,2025-01-13 20:45:00+00:00,581.2130545325691,2.0,scaleout_tier_1,donchian_low,holdout
2025-01-13 17:15:00+00:00,577.615,575.8084727337155,583.0345817988537,2025-01-14 14:30:00+00:00,583.0195817988537,3.0,scaleout_tier_2,donchian_low,holdout
2025-01-13 17:15:00+00:00,577.615,575.8084727337155,581.2280545325691,2025-01-14 16:00:00+00:00,580.835,1.7824253528276628,trail_exit,donchian_low,holdout
2025-01-14 17:15:00+00:00,579.5749999999999,577.9746569125829,582.775686174834,2025-01-14 18:30:00+00:00,582.7606861748341,2.0,scaleout_tier_1,donchian_low,holdout
2025-01-14 17:15:00+00:00,579.5749999999999,577.9746569125829,582.775686174834,2025-01-14 20:00:00+00:00,579.56,-0.009372990153127876,stop_hit,donchian_low,holdout
2025-01-16 15:30:00+00:00,592.285,591.2115026212243,594.4319947575513,2025-01-16 18:30:00+00:00,591.765,-0.4843980155713641,trail_exit,ema21,holdout
2025-01-16 19:15:00+00:00,592.165,591.1423836697317,594.2102326605366,2025-01-17 14:30:00+00:00,594.1952326605366,2.0,scaleout_tier_1,ema21,holdout
2025-01-16 19:15:00+00:00,592.165,591.1423836697317,595.2328489908049,2025-01-17 14:30:00+00:00,595.2178489908049,3.0,scaleout_tier_2,ema21,holdout
2025-01-16 19:15:00+00:00,592.165,591.1423836697317,596.2554653210732,2025-01-17 14:45:00+00:00,596.2404653210732,4.0,scaleout_tier_3,ema21,holdout
2025-01-16 19:15:00+00:00,592.165,591.1423836697317,597.2780816513415,2025-01-17 15:30:00+00:00,597.2630816513415,5.0,scaleout_tier_4,ema21,holdout
2025-01-16 19:15:00+00:00,592.165,591.1423836697317,598.3006979816098,2025-01-17 16:15:00+00:00,598.2856979816098,6.0,scaleout_tier_5,ema21,holdout
2025-01-16 19:15:00+00:00,592.165,591.1423836697317,599.3233143118781,2025-01-21 14:30:00+00:00,599.3083143118781,7.0,scaleout_tier_6,ema21,holdout
2025-01-16 19:15:00+00:00,592.165,591.1423836697317,600.3459306421464,2025-01-21 14:45:00+00:00,600.3309306421464,8.0,scaleout_tier_7,ema21,holdout
2025-01-23 15:45:00+00:00,606.555,605.966067096158,607.7328658076839,2025-01-24 15:45:00+00:00,609.165,4.431744232617008,trail_exit,h_ema21,holdout
2025-01-27 15:30:00+00:00,599.005,597.3908726847798,602.2332546304405,2025-01-27 16:00:00+00:00,597.3758726847798,-1.0092929472530112,stop_hit,ema21,holdout
2025-01-27 18:45:00+00:00,597.205,595.8441834199477,599.9266331601046,2025-01-28 15:00:00+00:00,599.9116331601047,2.0,scaleout_tier_1,ema21,holdout
2025-01-27 18:45:00+00:00,597.205,595.8441834199477,601.287449740157,2025-01-28 15:15:00+00:00,601.272449740157,3.0,scaleout_tier_2,ema21,holdout
2025-01-27 18:45:00+00:00,597.205,595.8441834199477,602.6482663202092,2025-01-28 15:45:00+00:00,602.6332663202093,4.0,scaleout_tier_3,ema21,holdout
2025-01-27 18:45:00+00:00,597.205,595.8441834199477,604.0090829002615,2025-01-28 18:00:00+00:00,603.9940829002616,5.0,scaleout_tier_4,ema21,holdout
2025-01-27 18:45:00+00:00,597.205,595.8441834199477,599.9266331601046,2025-01-29 14:30:00+00:00,602.6750000000001,4.019645321921192,trail_exit,ema21,holdout
2025-01-29 17:15:00+00:00,602.885,601.9055615781931,604.8438768436138,2025-01-29 18:00:00+00:00,601.8905615781931,-1.015314898482657,stop_hit,h_ema21,holdout
2025-01-29 18:30:00+00:00,602.345,601.2861481638084,604.4627036723832,2025-01-29 19:00:00+00:00,601.2711481638084,-1.0141662879425486,stop_hit,ema21,holdout
2025-02-03 15:30:00+00:00,596.375,594.0359132870683,601.0531734258634,2025-02-03 15:45:00+00:00,594.0209132870683,-1.006412759269273,stop_hit,ema21,holdout
2025-02-03 16:15:00+00:00,598.185,595.527192599012,603.5006148019759,2025-02-05 20:15:00+00:00,603.4856148019759,2.0,scaleout_tier_1,ema21,holdout
2025-02-03 16:15:00+00:00,598.185,595.527192599012,603.5006148019759,2025-02-06 19:30:00+00:00,603.355,1.9452124326534252,trail_exit,ema21,holdout
2025-02-07 17:15:00+00:00,602.535,601.0376853348807,605.5296293302384,2025-02-07 19:00:00+00:00,601.0226853348807,-1.0100179343390001,stop_hit,ema21,holdout
2025-02-10 14:45:00+00:00,603.105,601.7951235161559,605.7247529676883,2025-02-11 14:30:00+00:00,603.4250000000001,0.2442978433057513,trail_exit,ema21,holdout
2025-02-11 15:30:00+00:00,604.175,603.3416542386547,605.8416915226906,2025-02-11 17:00:00+00:00,603.3266542386547,-1.0179997315589286,stop_hit,ema21,holdout
2025-02-11 17:30:00+00:00,604.355,603.5549694328371,605.9550611343259,2025-02-11 18:00:00+00:00,603.5399694328371,-1.0187492836094743,stop_hit,ema21,holdout
2025-02-12 15:45:00+00:00,602.525,601.1963073988446,605.1823852023107,2025-02-12 16:00:00+00:00,601.1813073988446,-1.0112892929387454,stop_hit,ema21,holdout
2025-02-12 16:45:00+00:00,602.105,600.7826754638277,604.7496490723447,2025-02-13 14:45:00+00:00,604.7346490723447,2.0,scaleout_tier_1,ema21,holdout
2025-02-12 16:45:00+00:00,602.105,600.7826754638277,606.071973608517,2025-02-13 15:15:00+00:00,606.0569736085171,3.0,scaleout_tier_2,ema21,holdout
2025-02-12 16:45:00+00:00,602.105,600.7826754638277,607.3942981446894,2025-02-13 19:00:00+00:00,607.3792981446894,4.0,scaleout_tier_3,ema21,holdout
2025-02-12 16:45:00+00:00,602.105,600.7826754638277,608.7166226808617,2025-02-13 19:45:00+00:00,608.7016226808618,5.0,scaleout_tier_4,ema21,holdout
2025-02-12 16:45:00+00:00,602.105,600.7826754638277,610.0389472170341,2025-02-14 14:30:00+00:00,610.0239472170341,6.0,scaleout_tier_5,ema21,holdout
2025-02-12 16:45:00+00:00,602.105,600.7826754638277,604.7496490723447,2025-03-03 14:30:00+00:00,602.09,-0.011343660039316798,stop_hit,ema21,holdout
2025-03-03 15:30:00+00:00,594.105,592.2234027777588,597.8681944444825,2025-03-03 15:45:00+00:00,592.2084027777588,-1.0079719505442932,stop_hit,ema50,holdout
2025-03-03 17:00:00+00:00,593.055,591.102205579907,596.9605888401858,2025-03-03 18:00:00+00:00,591.087205579907,-1.0076813001131335,stop_hit,ema50,holdout
2025-03-04 18:15:00+00:00,579.715,577.1992122564577,584.7465754870847,2025-03-04 18:30:00+00:00,577.1842122564577,-1.0059623471966144,stop_hit,ema100,holdout
2025-03-05 14:45:00+00:00,578.515,575.7986776666506,583.9476446666987,2025-03-05 15:15:00+00:00,575.7836776666506,-1.0055221723194723,stop_hit,ema100,holdout
2025-03-05 17:00:00+00:00,575.875,573.1526552414123,581.3196895171754,2025-03-05 18:45:00+00:00,581.3046895171755,2.0,scaleout_tier_1,donchian_low,holdout
2025-03-05 17:00:00+00:00,575.875,573.1526552414123,584.0420342757632,2025-03-05 20:00:00+00:00,584.0270342757632,3.0,scaleout_tier_2,donchian_low,holdout
2025-03-05 17:00:00+00:00,575.875,573.1526552414123,581.3196895171754,2025-03-06 14:30:00+00:00,575.86,-0.0055099560599987845,stop_hit,donchian_low,holdout
2025-03-06 15:15:00+00:00,577.455,574.5822828561677,583.2004342876647,2025-03-06 16:45:00+00:00,574.5672828561677,-1.0052215373978572,stop_hit,ema100,holdout
2025-03-07 16:00:00+00:00,570.905,568.2873968190852,576.1402063618295,2025-03-07 16:15:00+00:00,568.2723968190852,-1.005730433134156,stop_hit,donchian_low,holdout
2025-03-07 17:45:00+00:00,571.205,568.6407897699057,576.3334204601887,2025-03-07 19:15:00+00:00,576.3184204601887,2.0,scaleout_tier_1,donchian_low,holdout
2025-03-07 17:45:00+00:00,571.205,568.6407897699057,576.3334204601887,2025-03-10 13:30:00+00:00,571.19,-0.005849754370348417,stop_hit,donchian_low,holdout
2025-03-10 15:15:00+00:00,565.225,562.6286555241752,570.4176889516497,2025-03-10 16:15:00+00:00,562.6136555241752,-1.0057773535598433,stop_hit,donchian_low,holdout
2025-03-11 15:15:00+00:00,557.9449999999999,555.1439754203985,563.5470491592027,2025-03-11 16:00:00+00:00,555.1289754203985,-1.0053551832815837,stop_hit,ema200,holdout
2025-03-11 17:45:00+00:00,553.875,551.4334697399908,558.7580605200185,2025-03-11 18:30:00+00:00,558.7430605200185,2.0,scaleout_tier_1,ema200,holdout
2025-03-11 17:45:00+00:00,553.875,551.4334697399908,561.1995907800277,2025-03-11 18:45:00+00:00,561.1845907800277,3.0,scaleout_tier_2,ema200,holdout
2025-03-11 17:45:00+00:00,553.875,551.4334697399908,558.7580605200185,2025-03-11 19:45:00+00:00,556.075,0.9010742303852156,trail_exit,ema200,holdout
2025-03-13 14:15:00+00:00,557.675,555.496349031228,562.0323019375439,2025-03-13 15:00:00+00:00,555.481349031228,-1.0068849945287204,stop_hit,ema200,holdout
2025-03-13 16:45:00+00:00,553.115,551.0581923684086,557.2286152631827,2025-03-13 17:15:00+00:00,551.0431923684087,-1.0072928550874642,stop_hit,ema200,holdout
2025-03-13 18:15:00+00:00,552.885,550.8970939872744,556.8608120254512,2025-03-13 19:30:00+00:00,550.8820939872744,-1.0075456283667155,stop_hit,ema200,holdout
2025-03-17 14:15:00+00:00,566.215,564.5424157754652,569.5601684490697,2025-03-17 14:30:00+00:00,564.5274157754652,-1.0089681582427683,stop_hit,h_ema200,holdout
2025-03-18 15:45:00+00:00,560.265,558.8203512627315,563.154297474537,2025-03-19 13:45:00+00:00,563.139297474537,2.0,scaleout_tier_1,ema200,holdout
2025-03-18 15:45:00+00:00,560.265,558.8203512627315,564.5989462118055,2025-03-19 14:00:00+00:00,564.5839462118055,3.0,scaleout_tier_2,ema200,holdout
2025-03-18 15:45:00+00:00,560.265,558.8203512627315,563.154297474537,2025-03-19 17:45:00+00:00,563.165,2.0074083929102553,trail_exit,ema200,holdout
2025-03-19 18:15:00+00:00,565.165,563.8157124053088,567.8635751893823,2025-03-19 18:45:00+00:00,567.8485751893824,2.0,scaleout_tier_1,h_ema21,holdout
2025-03-19 18:15:00+00:00,565.165,563.8157124053088,569.2128627840735,2025-03-19 19:00:00+00:00,569.1978627840735,3.0,scaleout_tier_2,h_ema21,holdout
2025-03-19 18:15:00+00:00,565.165,563.8157124053088,567.8635751893823,2025-03-20 13:30:00+00:00,565.15,-0.011116977625084725,stop_hit,h_ema21,holdout
2025-03-20 17:15:00+00:00,566.955,565.4013267624911,570.062346475018,2025-03-20 17:30:00+00:00,565.3863267624911,-1.0096545397306553,stop_hit,h_ema21,holdout
2025-03-20 19:00:00+00:00,564.4449999999999,562.8808805432909,567.573238913418,2025-03-21 13:30:00+00:00,562.8658805432909,-1.0095900603599337,stop_hit,h_ema21,holdout
2025-03-21 14:30:00+00:00,559.885,557.981522343901,563.6919553121979,2025-03-21 19:45:00+00:00,563.676955312198,2.0,scaleout_tier_1,ema200,holdout
2025-03-21 14:30:00+00:00,559.885,557.981522343901,565.5954329682969,2025-03-24 13:30:00+00:00,565.5804329682969,3.0,scaleout_tier_2,ema200,holdout
2025-03-21 14:30:00+00:00,559.885,557.981522343901,567.4989106243959,2025-03-24 13:30:00+00:00,567.4839106243959,4.0,scaleout_tier_3,ema200,holdout
2025-03-21 14:30:00+00:00,559.885,557.981522343901,569.4023882804948,2025-03-24 13:30:00+00:00,569.3873882804949,5.0,scaleout_tier_4,ema200,holdout
2025-03-21 14:30:00+00:00,559.885,557.981522343901,571.3058659365938,2025-03-24 13:30:00+00:00,571.2908659365938,6.0,scaleout_tier_5,ema200,holdout
2025-03-24 15:00:00+00:00,573.555,572.0122065148275,576.6405869703448,2025-03-25 16:15:00+00:00,574.525,0.6287296448439617,trail_exit,ema21,holdout
2025-03-25 18:15:00+00:00,574.645,573.9216936625946,576.0916126748107,2025-03-25 18:30:00+00:00,573.9066936625946,-1.0207381011671963,stop_hit,ema21,holdout
2025-03-25 19:15:00+00:00,574.155,573.4502914852501,575.5644170294997,2025-03-26 13:30:00+00:00,575.5494170294998,2.0,scaleout_tier_1,ema21,holdout
2025-03-25 19:15:00+00:00,574.155,573.4502914852501,575.5644170294997,2025-03-26 13:45:00+00:00,574.14,-0.02128539628233415,stop_hit,ema21,holdout
2025-03-26 18:15:00+00:00,569.235,568.2766145491447,571.1517709017106,2025-03-26 18:45:00+00:00,568.2616145491447,-1.0156513227393005,stop_hit,ema21,holdout
2025-03-27 14:00:00+00:00,568.335,567.0269414999663,570.9511170000676,2025-03-27 16:45:00+00:00,567.0119414999663,-1.0114673770321427,stop_hit,h_ema21,holdout
2025-03-27 17:15:00+00:00,568.045,566.6934640181468,570.7480719637064,2025-03-27 17:30:00+00:00,566.6784640181468,-1.011098483652221,stop_hit,ema21,holdout
2025-03-27 18:15:00+00:00,568.505,567.1411966582228,571.2326066835543,2025-03-27 19:45:00+00:00,567.1261966582229,-1.0109986532079032,stop_hit,h_ema21,holdout
2025-03-28 19:00:00+00:00,556.165,554.9399587337274,558.6150825325451,2025-03-31 13:30:00+00:00,554.9249587337274,-1.012244485482213,stop_hit,ema200,holdout
2025-04-02 14:15:00+00:00,559.105,557.1607585695684,562.9934828608632,2025-04-02 15:15:00+00:00,562.9784828608632,2.0,scaleout_tier_1,ema200,holdout
2025-04-02 14:15:00+00:00,559.105,557.1607585695684,564.9377242912948,2025-04-02 16:45:00+00:00,564.9227242912948,3.0,scaleout_tier_2,ema200,holdout
2025-04-02 14:15:00+00:00,559.105,557.1607585695684,566.8819657217264,2025-04-02 17:00:00+00:00,566.8669657217264,4.0,scaleout_tier_3,ema200,holdout
2025-04-02 14:15:00+00:00,559.105,557.1607585695684,562.9934828608632,2025-04-02 18:00:00+00:00,563.005,2.005923718606409,trail_exit,ema200,holdout
2025-04-02 18:45:00+00:00,563.375,561.588410938394,566.9481781232121,2025-04-02 19:00:00+00:00,561.573410938394,-1.0083958870690175,stop_hit,ema21,holdout
2025-04-03 16:15:00+00:00,545.0749999999999,542.3904249347991,550.4441501304017,2025-04-03 17:15:00+00:00,542.3754249347991,-1.0055874764667323,stop_hit,donchian_low,holdout
2025-04-03 17:45:00+00:00,543.4449999999999,541.0880611001942,548.1588777996114,2025-04-03 18:00:00+00:00,541.0730611001942,-1.0063641870399027,stop_hit,donchian_low,holdout
2025-05-02 14:15:00+00:00,565.225,563.0271818828006,569.6206362343988,2025-05-05 13:30:00+00:00,563.0121818828006,-1.0068249505646538,stop_hit,ema50,holdout
2025-05-05 14:00:00+00:00,563.085,561.5664140207914,566.1221719584173,2025-05-05 18:00:00+00:00,566.1071719584173,2.0,scaleout_tier_1,ema50,holdout
2025-05-05 14:00:00+00:00,563.085,561.5664140207914,566.1221719584173,2025-05-05 19:45:00+00:00,563.285,0.1317014661916972,trail_exit,ema50,holdout
2025-05-06 15:30:00+00:00,561.636,560.3001360657715,564.3077278684568,2025-05-06 15:45:00+00:00,560.2851360657716,-1.0112286885031072,stop_hit,ema21,holdout
2025-05-06 16:15:00+00:00,562.865,561.4450808806488,565.7048382387025,2025-05-06 16:30:00+00:00,561.4300808806488,-1.0105639819871148,stop_hit,ema50,holdout
2025-05-06 17:15:00+00:00,560.235,558.7712308681854,563.1625382636292,2025-05-06 17:30:00+00:00,558.7562308681854,-1.010247517640566,stop_hit,ema50,holdout
2025-05-06 18:15:00+00:00,559.055,557.6573620321283,561.8502759357433,2025-05-07 18:00:00+00:00,557.6423620321283,-1.0107323930408305,stop_hit,ema50,holdout
2025-05-07 18:30:00+00:00,557.975,556.3817057575409,561.1615884849183,2025-05-07 19:30:00+00:00,561.1465884849183,2.0,scaleout_tier_1,ema21,holdout
2025-05-07 18:30:00+00:00,557.975,556.3817057575409,562.7548827273774,2025-05-08 13:30:00+00:00,562.7398827273774,3.0,scaleout_tier_2,ema21,holdout
2025-05-07 18:30:00+00:00,557.975,556.3817057575409,564.3481769698366,2025-05-08 13:30:00+00:00,564.3331769698366,4.0,scaleout_tier_3,ema21,holdout
2025-05-07 18:30:00+00:00,557.975,556.3817057575409,565.9414712122957,2025-05-08 15:15:00+00:00,565.9264712122957,5.0,scaleout_tier_4,ema21,holdout
2025-05-07 18:30:00+00:00,557.975,556.3817057575409,567.5347654547548,2025-05-08 15:30:00+00:00,567.5197654547549,6.0,scaleout_tier_5,ema21,holdout
2025-05-07 18:30:00+00:00,557.975,556.3817057575409,569.128059697214,2025-05-08 16:00:00+00:00,569.113059697214,7.0,scaleout_tier_6,ema21,holdout
2025-05-08 16:45:00+00:00,569.685,567.5239734235945,574.0070531528108,2025-05-08 18:00:00+00:00,567.5089734235945,-1.0069411455480277,stop_hit,ema50,holdout
2025-05-08 18:45:00+00:00,569.0649999999999,567.4291298361807,572.3367403276385,2025-05-08 19:45:00+00:00,567.4141298361807,-1.0091694318606348,stop_hit,ema50,holdout
2025-05-12 14:15:00+00:00,580.155,577.9256802917902,584.6136394164196,2025-05-12 14:30:00+00:00,577.9106802917902,-1.006728510022473,stop_hit,ema50,holdout
2025-05-14 15:00:00+00:00,587.5749999999999,586.5200741008308,589.6848517983382,2025-05-14 17:15:00+00:00,586.5050741008308,-1.014219008189865,stop_hit,h_ema21,holdout
2025-05-16 16:15:00+00:00,591.905,590.8939530283054,593.9270939433891,2025-05-16 19:00:00+00:00,593.9120939433891,2.0,scaleout_tier_1,h_ema21,holdout
2025-05-16 16:15:00+00:00,591.905,590.8939530283054,593.9270939433891,2025-05-19 13:30:00+00:00,591.89,-0.014836105957417358,stop_hit,h_ema21,holdout
2025-05-19 15:45:00+00:00,593.345,592.1440626664357,595.7468746671286,2025-05-20 13:45:00+00:00,592.1290626664357,-1.0124902437294272,stop_hit,h_ema21,holdout
2025-05-20 14:30:00+00:00,592.905,591.8649650822671,594.9850698354658,2025-05-20 18:15:00+00:00,591.8499650822671,-1.0144225926882184,stop_hit,h_ema21,holdout
2025-05-21 15:00:00+00:00,590.675,589.4293900917555,593.1662198164888,2025-05-21 17:15:00+00:00,589.4143900917555,-1.0120422934184325,stop_hit,h_ema21,holdout
2025-05-21 18:45:00+00:00,585.865,584.2728929257415,589.049214148517,2025-05-21 19:00:00+00:00,584.2578929257415,-1.009421476885889,stop_hit,h_ema21,holdout
2025-05-22 15:00:00+00:00,582.925,581.201502568822,586.3719948623559,2025-05-22 19:15:00+00:00,586.3569948623559,2.0,scaleout_tier_1,h_ema21,holdout
2025-05-22 15:00:00+00:00,582.925,581.201502568822,586.3719948623559,2025-05-22 19:45:00+00:00,582.91,-0.008703233163355611,stop_hit,h_ema21,holdout
2025-05-23 15:45:00+00:00,579.145,577.4606313847609,582.5137372304782,2025-05-27 13:30:00+00:00,582.4987372304782,2.0,scaleout_tier_1,ema21,holdout
2025-05-23 15:45:00+00:00,579.145,577.4606313847609,584.1981058457174,2025-05-27 13:30:00+00:00,584.1831058457174,3.0,scaleout_tier_2,ema21,holdout
2025-05-23 15:45:00+00:00,579.145,577.4606313847609,585.8824744609565,2025-05-27 13:45:00+00:00,585.8674744609565,4.0,scaleout_tier_3,ema21,holdout
2025-05-23 15:45:00+00:00,579.145,577.4606313847609,587.5668430761956,2025-05-27 14:15:00+00:00,587.5518430761956,5.0,scaleout_tier_4,ema21,holdout
2025-05-23 15:45:00+00:00,579.145,577.4606313847609,589.2512116914347,2025-05-27 16:00:00+00:00,589.2362116914347,6.0,scaleout_tier_5,ema21,holdout
2025-05-23 15:45:00+00:00,579.145,577.4606313847609,590.9355803066738,2025-05-27 17:45:00+00:00,590.9205803066739,7.0,scaleout_tier_6,ema21,holdout
2025-05-28 15:30:00+00:00,589.405,588.4769767199645,591.261046560071,2025-05-28 18:45:00+00:00,588.4619767199645,-1.016163387624729,stop_hit,h_ema21,holdout
2025-05-29 13:45:00+00:00,591.035,589.7273796302517,593.6502407394966,2025-05-29 14:00:00+00:00,589.7123796302517,-1.01147121928276,stop_hit,h_ema21,holdout
2025-05-29 15:00:00+00:00,590.935,589.4863949359922,593.8322101280155,2025-05-29 15:30:00+00:00,589.4713949359922,-1.010354789150389,stop_hit,h_ema21,holdout
2025-05-29 16:15:00+00:00,588.5749999999999,586.9149272623931,591.8951454752136,2025-05-30 13:45:00+00:00,586.8999272623931,-1.0090357486513577,stop_hit,h_ema21,holdout
2025-05-30 14:15:00+00:00,589.1949999999999,587.6920178934229,592.2009642131541,2025-05-30 15:30:00+00:00,587.6770178934229,-1.009980158735321,stop_hit,h_ema21,holdout
2025-05-30 17:15:00+00:00,585.415,583.8501900024105,588.5446199951789,2025-05-30 18:45:00+00:00,588.5296199951789,2.0,scaleout_tier_1,h_ema21,holdout
2025-05-30 17:15:00+00:00,585.415,583.8501900024105,590.1094299927684,2025-05-30 19:15:00+00:00,590.0944299927684,3.0,scaleout_tier_2,h_ema21,holdout
2025-05-30 17:15:00+00:00,585.415,583.8501900024105,588.5446199951789,2025-06-02 13:45:00+00:00,586.725,0.8371623404873878,trail_exit,h_ema21,holdout
2025-06-02 17:00:00+00:00,590.025,588.7162876254474,592.6424247491051,2025-06-03 13:30:00+00:00,592.6274247491051,2.0,scaleout_tier_1,h_ema21,holdout
2025-06-02 17:00:00+00:00,590.025,588.7162876254474,593.9511371236576,2025-06-03 14:45:00+00:00,593.9361371236577,3.0,scaleout_tier_2,h_ema21,holdout
2025-06-02 17:00:00+00:00,590.025,588.7162876254474,595.2598494982102,2025-06-03 15:30:00+00:00,595.2448494982102,4.0,scaleout_tier_3,h_ema21,holdout
2025-06-02 17:00:00+00:00,590.025,588.7162876254474,596.5685618727628,2025-06-03 17:00:00+00:00,596.5535618727628,5.0,scaleout_tier_4,h_ema21,holdout
2025-06-02 17:00:00+00:00,590.025,588.7162876254474,592.6424247491051,2025-06-04 19:45:00+00:00,595.885,4.477683648405576,trail_exit,h_ema21,holdout
2025-06-05 14:30:00+00:00,596.175,595.1637945243725,598.1974109512548,2025-06-05 15:15:00+00:00,598.1824109512548,2.0,scaleout_tier_1,h_ema21,holdout
2025-06-05 14:30:00+00:00,596.175,595.1637945243725,598.1974109512548,2025-06-05 16:45:00+00:00,596.16,-0.014833780434860807,stop_hit,h_ema21,holdout
2025-06-05 17:15:00+00:00,596.145,594.8949501752684,598.6450996494632,2025-06-05 18:00:00+00:00,594.8799501752684,-1.0119995217016307,stop_hit,h_ema21,holdout
2025-06-05 18:30:00+00:00,595.335,594.060435924068,597.8841281518642,2025-06-05 19:00:00+00:00,594.045435924068,-1.0117687296254738,stop_hit,h_ema21,holdout
2025-06-06 13:45:00+00:00,600.435,598.465775499729,604.3734490005418,2025-06-06 15:15:00+00:00,598.450775499729,-1.007617211749053,stop_hit,h_ema21,holdout
2025-06-06 18:45:00+00:00,599.8149999999999,598.6235718303425,602.1978563393149,2025-06-09 13:30:00+00:00,598.6085718303425,-1.0125899323030938,stop_hit,h_ema21,holdout
2025-06-09 17:30:00+00:00,600.855,600.0708502262348,602.4232995475304,2025-06-09 19:45:00+00:00,600.0558502262348,-1.0191289986962082,stop_hit,h_ema21,holdout
2025-06-10 16:00:00+00:00,601.275,600.5090128209644,602.8069743580712,2025-06-10 18:00:00+00:00,600.4940128209644,-1.0195825731951171,stop_hit,h_ema21,holdout
2025-06-11 17:00:00+00:00,603.435,602.5019822938236,605.3010354123526,2025-06-11 17:45:00+00:00,602.4869822938236,-1.0160768653163714,stop_hit,h_ema21,holdout
2025-06-11 18:45:00+00:00,601.985,600.7680510130153,604.4188979739694,2025-06-11 19:00:00+00:00,600.7530510130154,-1.0123259069693242,stop_hit,h_ema21,holdout
2025-06-12 15:15:00+00:00,603.1949999999999,602.069370913015,605.4462581739699,2025-06-12 15:30:00+00:00,602.054370913015,-1.013325881654466,stop_hit,h_ema21,holdout
2025-06-12 16:00:00+00:00,602.485,601.3750083439846,604.7049833120308,2025-06-13 13:30:00+00:00,601.3600083439846,-1.0135136150967414,stop_hit,h_ema21,holdout
2025-06-13 15:00:00+00:00,599.155,597.7431741703954,601.9786516592092,2025-06-13 18:00:00+00:00,598.605,-0.3895664666752775,trail_exit,h_ema200,holdout
2025-07-01 15:30:00+00:00,617.285,616.0650693196177,619.7248613607645,2025-07-02 18:30:00+00:00,619.7098613607645,2.0,scaleout_tier_1,h_ema21,holdout
2025-07-01 15:30:00+00:00,617.285,616.0650693196177,620.9447920411468,2025-07-03 13:30:00+00:00,620.9297920411468,3.0,scaleout_tier_2,h_ema21,holdout
2025-07-01 15:30:00+00:00,617.285,616.0650693196177,622.1647227215291,2025-07-03 13:30:00+00:00,622.1497227215291,4.0,scaleout_tier_3,h_ema21,holdout
2025-07-01 15:30:00+00:00,617.285,616.0650693196177,623.3846534019114,2025-07-03 13:30:00+00:00,623.3696534019114,5.0,scaleout_tier_4,h_ema21,holdout
2025-07-07 16:00:00+00:00,621.765,620.9939788257122,623.3070423485755,2025-07-07 16:15:00+00:00,620.9789788257123,-1.0194547186253908,stop_hit,h_ema50,holdout
2025-07-07 17:15:00+00:00,620.5649999999999,619.6255438677618,622.4439122644761,2025-07-07 17:30:00+00:00,619.6105438677619,-1.0159666848565365,stop_hit,h_ema21,holdout
2025-07-07 19:00:00+00:00,620.285,619.2302351647044,622.3945296705912,2025-07-09 13:30:00+00:00,622.3795296705912,2.0,scaleout_tier_1,h_ema21,holdout
2025-07-07 19:00:00+00:00,620.285,619.2302351647044,623.4492945058868,2025-07-09 13:30:00+00:00,623.4342945058868,3.0,scaleout_tier_2,h_ema21,holdout
2025-07-07 19:00:00+00:00,620.285,619.2302351647044,622.3945296705912,2025-07-09 14:30:00+00:00,622.045,1.6686183887679067,trail_exit,h_ema21,holdout
2025-07-09 16:45:00+00:00,622.015,621.0551084378515,623.934783124297,2025-07-09 19:45:00+00:00,623.919783124297,2.0,scaleout_tier_1,h_ema21,holdout
2025-07-09 16:45:00+00:00,622.015,621.0551084378515,624.8946746864456,2025-07-10 15:00:00+00:00,624.8796746864456,3.0,scaleout_tier_2,h_ema21,holdout
2025-07-09 16:45:00+00:00,622.015,621.0551084378515,625.8545662485941,2025-07-10 17:00:00+00:00,625.8395662485941,4.0,scaleout_tier_3,h_ema21,holdout
2025-07-09 16:45:00+00:00,622.015,621.0551084378515,623.934783124297,2025-07-11 13:30:00+00:00,622.0,-0.015626765138357736,stop_hit,h_ema21,holdout
2025-07-11 14:00:00+00:00,623.245,622.3528673897177,625.0292652205645,2025-07-14 13:30:00+00:00,622.3378673897178,-1.0168136438765987,stop_hit,h_ema21,holdout
2025-07-14 14:00:00+00:00,622.685,621.787415543945,624.4801689121098,2025-07-14 17:00:00+00:00,624.4651689121098,2.0,scaleout_tier_1,h_ema21,holdout
2025-07-14 14:00:00+00:00,622.685,621.787415543945,625.3777533681647,2025-07-15 13:30:00+00:00,625.3627533681647,3.0,scaleout_tier_2,h_ema21,holdout
2025-07-14 14:00:00+00:00,622.685,621.787415543945,626.2753378242196,2025-07-15 13:30:00+00:00,626.2603378242196,4.0,scaleout_tier_3,h_ema21,holdout
2025-07-14 14:00:00+00:00,622.685,621.787415543945,624.4801689121098,2025-07-15 13:45:00+00:00,625.635,3.286598804268467,trail_exit,h_ema21,holdout
2025-07-15 17:30:00+00:00,623.865,623.0081904335768,625.5786191328464,2025-07-15 19:45:00+00:00,622.9931904335768,-1.0175068073324682,stop_hit,h_ema21,holdout
2025-07-16 13:45:00+00:00,623.175,622.2609805937801,625.0030388124396,2025-07-16 14:00:00+00:00,622.2459805937801,-1.016411030113707,stop_hit,h_ema21,holdout
2025-07-16 14:30:00+00:00,622.505,621.5692235293495,624.3765529413009,2025-07-16 14:45:00+00:00,621.5542235293495,-1.0160294690777594,stop_hit,h_ema21,holdout
2025-07-16 15:15:00+00:00,623.335,622.3066213899348,625.3917572201306,2025-07-16 15:30:00+00:00,622.2916213899348,-1.0145860676731058,stop_hit,h_ema21,holdout
2025-07-16 16:00:00+00:00,621.9449999999999,620.4762289335592,624.8825421328813,2025-07-17 13:30:00+00:00,624.8675421328813,2.0,scaleout_tier_1,h_ema21,holdout
2025-07-16 16:00:00+00:00,621.9449999999999,620.4762289335592,626.351313199322,2025-07-17 15:15:00+00:00,626.336313199322,3.0,scaleout_tier_2,h_ema21,holdout
2025-07-16 16:00:00+00:00,621.9449999999999,620.4762289335592,627.8200842657627,2025-07-17 18:15:00+00:00,627.8050842657627,4.0,scaleout_tier_3,h_ema21,holdout
2025-07-16 16:00:00+00:00,621.9449999999999,620.4762289335592,624.8825421328813,2025-07-18 14:15:00+00:00,627.355,3.6833514246098633,trail_exit,h_ema21,holdout
2025-07-18 17:15:00+00:00,627.205,626.4918893892507,628.6312212214988,2025-07-21 13:30:00+00:00,628.6162212214988,2.0,scaleout_tier_1,h_ema21,holdout
2025-07-18 17:15:00+00:00,627.205,626.4918893892507,629.3443318322481,2025-07-21 13:30:00+00:00,629.3293318322482,3.0,scaleout_tier_2,h_ema21,holdout
2025-07-18 17:15:00+00:00,627.205,626.4918893892507,630.0574424429975,2025-07-21 13:45:00+00:00,630.0424424429975,4.0,scaleout_tier_3,h_ema21,holdout
2025-07-18 17:15:00+00:00,627.205,626.4918893892507,630.7705530537469,2025-07-21 14:15:00+00:00,630.7555530537469,5.0,scaleout_tier_4,h_ema21,holdout
2025-07-18 17:15:00+00:00,627.205,626.4918893892507,628.6312212214988,2025-07-21 18:45:00+00:00,630.345,4.403243974592296,trail_exit,h_ema21,holdout
2025-07-22 14:45:00+00:00,627.705,626.9309773430891,629.2530453138219,2025-07-22 18:45:00+00:00,629.2380453138219,2.0,scaleout_tier_1,h_ema50,holdout
2025-07-22 14:45:00+00:00,627.705,626.9309773430891,630.0270679707328,2025-07-23 13:30:00+00:00,630.0120679707328,3.0,scaleout_tier_2,h_ema50,holdout
2025-07-22 14:45:00+00:00,627.705,626.9309773430891,630.8010906276437,2025-07-23 15:15:00+00:00,630.7860906276437,4.0,scaleout_tier_3,h_ema50,holdout
2025-07-22 14:45:00+00:00,627.705,626.9309773430891,631.5751132845546,2025-07-23 15:45:00+00:00,631.5601132845546,5.0,scaleout_tier_4,h_ema50,holdout
2025-07-22 14:45:00+00:00,627.705,626.9309773430891,632.3491359414655,2025-07-23 17:30:00+00:00,632.3341359414655,6.0,scaleout_tier_5,h_ema50,holdout
2025-07-22 14:45:00+00:00,627.705,626.9309773430891,633.1231585983764,2025-07-23 18:00:00+00:00,633.1081585983765,7.0,scaleout_tier_6,h_ema50,holdout
2025-07-22 14:45:00+00:00,627.705,626.9309773430891,633.8971812552874,2025-07-23 19:45:00+00:00,633.8821812552874,8.0,scaleout_tier_7,h_ema50,holdout
2025-07-24 16:45:00+00:00,634.985,634.3324452235094,636.2901095529813,2025-07-24 19:45:00+00:00,634.3174452235094,-1.0229865760551997,stop_hit,h_ema21,holdout
2025-07-28 16:30:00+00:00,637.415,636.9099583955166,638.4250832089667,2025-07-28 16:45:00+00:00,636.8949583955166,-1.0297005234159475,stop_hit,h_ema21,holdout
2025-07-28 17:45:00+00:00,636.735,636.2377742115386,637.7294515769228,2025-07-28 18:00:00+00:00,636.2227742115386,-1.0301673813950851,stop_hit,h_ema21,holdout
2025-07-29 16:00:00+00:00,635.895,635.16243986283,637.36012027434,2025-07-29 16:30:00+00:00,635.14743986283,-1.0204761346391755,stop_hit,h_ema21,holdout
2025-07-29 18:00:00+00:00,635.615,634.8949607538561,637.0550784922877,2025-07-29 19:30:00+00:00,634.8799607538562,-1.02083219780077,stop_hit,h_ema21,holdout
2025-07-30 18:30:00+00:00,636.785,636.1594458191887,638.0361083616225,2025-07-30 18:45:00+00:00,636.1444458191887,-1.0239787383093393,stop_hit,h_ema21,holdout
2025-07-31 18:30:00+00:00,634.215,632.6930758951862,637.2588482096277,2025-07-31 19:15:00+00:00,632.6780758951862,-1.009855944821783,stop_hit,h_ema21,holdout
2025-08-01 15:45:00+00:00,623.635,621.6417713579166,627.6214572841668,2025-08-01 16:45:00+00:00,621.6267713579166,-1.007525478855405,stop_hit,ema21,holdout
2025-08-01 18:30:00+00:00,621.635,619.9864560124757,624.9320879750485,2025-08-04 13:30:00+00:00,624.9170879750485,2.0,scaleout_tier_1,donchian_low,holdout
2025-08-01 18:30:00+00:00,621.635,619.9864560124757,626.5806319625727,2025-08-04 13:30:00+00:00,626.5656319625728,3.0,scaleout_tier_2,donchian_low,holdout
2025-08-01 18:30:00+00:00,621.635,619.9864560124757,628.229175950097,2025-08-04 13:45:00+00:00,628.214175950097,4.0,scaleout_tier_3,donchian_low,holdout
2025-08-01 18:30:00+00:00,621.635,619.9864560124757,629.8777199376212,2025-08-04 16:30:00+00:00,629.8627199376213,5.0,scaleout_tier_4,donchian_low,holdout
2025-08-01 18:30:00+00:00,621.635,619.9864560124757,631.5262639251455,2025-08-05 13:30:00+00:00,631.5112639251455,6.0,scaleout_tier_5,donchian_low,holdout
2025-08-01 18:30:00+00:00,621.635,619.9864560124757,624.9320879750485,2025-08-05 14:15:00+00:00,629.845,4.9801522204631326,trail_exit,donchian_low,holdout
2025-08-05 15:00:00+00:00,627.925,626.8814912737387,630.0120174525225,2025-08-05 17:45:00+00:00,629.9970174525225,2.0,scaleout_tier_1,ema21,holdout
2025-08-05 15:00:00+00:00,627.925,626.8814912737387,630.0120174525225,2025-08-05 18:45:00+00:00,627.91,-0.014374580319734261,stop_hit,ema21,holdout
2025-08-06 14:15:00+00:00,629.485,628.4661282663191,631.5227434673619,2025-08-06 14:30:00+00:00,628.4511282663191,-1.0147221671817264,stop_hit,ema21,holdout
2025-08-07 17:00:00+00:00,631.255,630.0279745870228,633.7090508259545,2025-08-07 17:15:00+00:00,630.0129745870228,-1.0122246856840482,stop_hit,h_ema21,holdout
2025-08-07 17:45:00+00:00,630.455,629.2421338074669,632.8807323850664,2025-08-07 18:15:00+00:00,629.2271338074669,-1.0123673988873065,stop_hit,ema21,holdout
2025-08-07 19:00:00+00:00,630.535,629.3634096335898,632.8781807328204,2025-08-08 13:30:00+00:00,632.8631807328204,2.0,scaleout_tier_1,ema21,holdout
2025-08-07 19:00:00+00:00,630.535,629.3634096335898,634.0497710992306,2025-08-08 13:30:00+00:00,634.0347710992306,3.0,scaleout_tier_2,ema21,holdout
2025-08-07 19:00:00+00:00,630.535,629.3634096335898,635.2213614656408,2025-08-08 13:45:00+00:00,635.2063614656408,4.0,scaleout_tier_3,ema21,holdout
2025-08-07 19:00:00+00:00,630.535,629.3634096335898,636.392951832051,2025-08-08 14:15:00+00:00,636.377951832051,5.0,scaleout_tier_4,ema21,holdout
2025-08-07 19:00:00+00:00,630.535,629.3634096335898,637.5645421984613,2025-08-11 13:30:00+00:00,637.5495421984613,6.0,scaleout_tier_5,ema21,holdout
2025-08-07 19:00:00+00:00,630.535,629.3634096335898,632.8781807328204,2025-08-11 17:00:00+00:00,637.115,5.616297460827837,trail_exit,ema21,holdout
2025-08-11 19:00:00+00:00,636.515,635.7669068412932,638.0111863174135,2025-08-11 19:45:00+00:00,635.7519068412932,-1.0200509787122198,stop_hit,h_ema21,holdout
2025-08-13 17:30:00+00:00,643.665,642.8933051590263,645.2083896819472,2025-08-13 17:45:00+00:00,642.8783051590264,-1.0194377352336077,stop_hit,h_ema21,holdout
2025-08-13 19:00:00+00:00,644.035,643.2776778683752,645.5496442632494,2025-08-29 13:30:00+00:00,645.5346442632494,2.0,scaleout_tier_1,h_ema21,holdout
2025-08-13 19:00:00+00:00,644.035,643.2776778683752,646.3069663948742,2025-08-29 13:30:00+00:00,646.2919663948742,3.0,scaleout_tier_2,h_ema21,holdout
2025-08-13 19:00:00+00:00,644.035,643.2776778683752,645.5496442632494,2025-08-29 13:45:00+00:00,645.465,1.888232154172216,trail_exit,h_ema21,holdout
2025-08-29 15:15:00+00:00,644.385,643.3366474651223,646.4817050697554,2025-09-02 13:30:00+00:00,643.3216474651223,-1.0143081640010876,stop_hit,h_ema21,holdout
2025-09-02 14:00:00+00:00,639.025,637.5597519740749,641.9554960518502,2025-09-02 14:45:00+00:00,637.5447519740749,-1.0102371746861871,stop_hit,h_ema21,holdout
2025-09-02 16:15:00+00:00,635.5749999999999,634.2316522427369,638.261695514526,2025-09-02 17:30:00+00:00,638.246695514526,2.0,scaleout_tier_1,ema21,holdout
2025-09-02 16:15:00+00:00,635.5749999999999,634.2316522427369,639.605043271789,2025-09-02 19:45:00+00:00,639.590043271789,3.0,scaleout_tier_2,ema21,holdout
2025-09-02 16:15:00+00:00,635.5749999999999,634.2316522427369,640.948391029052,2025-09-03 13:30:00+00:00,640.933391029052,4.0,scaleout_tier_3,ema21,holdout
2025-09-02 16:15:00+00:00,635.5749999999999,634.2316522427369,642.291738786315,2025-09-03 13:30:00+00:00,642.276738786315,5.0,scaleout_tier_4,ema21,holdout
2025-09-02 16:15:00+00:00,635.5749999999999,634.2316522427369,643.635086543578,2025-09-03 14:30:00+00:00,643.620086543578,6.0,scaleout_tier_5,ema21,holdout
2025-09-02 16:15:00+00:00,635.5749999999999,634.2316522427369,638.261695514526,2025-09-03 17:30:00+00:00,641.195,4.1835779079651685,trail_exit,ema21,holdout
2025-09-05 15:15:00+00:00,644.885,643.6238486955384,647.4073026089231,2025-09-08 13:30:00+00:00,647.3923026089232,2.0,scaleout_tier_1,h_ema21,holdout
2025-09-05 15:15:00+00:00,644.885,643.6238486955384,648.6684539133847,2025-09-08 14:15:00+00:00,648.6534539133847,3.0,scaleout_tier_2,h_ema21,holdout
2025-09-05 15:15:00+00:00,644.885,643.6238486955384,647.4073026089231,2025-09-08 17:45:00+00:00,647.575,2.132971666828267,trail_exit,h_ema21,holdout
2025-09-11 14:00:00+00:00,655.5749999999999,654.5791266262924,657.5667467474151,2025-09-11 19:15:00+00:00,657.5517467474151,2.0,scaleout_tier_1,h_ema21,holdout
2025-09-11 14:00:00+00:00,655.5749999999999,654.5791266262924,658.5626201211227,2025-09-12 18:30:00+00:00,658.5476201211227,3.0,scaleout_tier_2,h_ema21,holdout
2025-09-11 14:00:00+00:00,655.5749999999999,654.5791266262924,657.5667467474151,2025-09-12 19:30:00+00:00,657.735,2.168950447945526,trail_exit,h_ema21,holdout
2025-09-15 14:30:00+00:00,660.675,659.922151075147,662.1806978497059,2025-09-15 17:15:00+00:00,659.907151075147,-1.0199243161606637,stop_hit,h_ema21,holdout
2025-09-15 17:45:00+00:00,660.345,659.7423812931152,661.5502374137698,2025-09-15 18:30:00+00:00,659.7273812931152,-1.0248913613676651,stop_hit,h_ema21,holdout
2025-09-16 18:30:00+00:00,660.215,659.7444756537355,661.156048692529,2025-09-16 19:30:00+00:00,659.7294756537356,-1.0318793280710596,stop_hit,h_ema21,holdout
2025-09-17 15:15:00+00:00,659.515,658.9622919495763,660.6204161008474,2025-09-17 15:30:00+00:00,658.9472919495763,-1.027139101716517,stop_hit,h_ema21,holdout
2025-09-17 17:15:00+00:00,658.635,658.0989301619576,659.7071396760848,2025-09-17 18:00:00+00:00,658.0839301619576,-1.0279814287906266,stop_hit,h_ema21,holdout
2025-09-17 18:30:00+00:00,660.365,659.3996028470722,662.2957943058557,2025-09-17 18:45:00+00:00,659.3846028470722,-1.015537646816644,stop_hit,h_ema21,holdout
2025-09-18 14:00:00+00:00,662.0749999999999,660.3835690412253,665.4578619175492,2025-09-18 18:30:00+00:00,662.415,0.20101322979588238,trail_exit,h_ema21,holdout
2025-09-19 15:45:00+00:00,661.095,660.2001235029306,662.8847529941388,2025-09-19 18:45:00+00:00,662.8697529941388,2.0,scaleout_tier_1,h_ema21,holdout
2025-09-19 15:45:00+00:00,661.095,660.2001235029306,663.7796294912082,2025-09-19 19:15:00+00:00,663.7646294912082,3.0,scaleout_tier_2,h_ema21,holdout
2025-09-19 15:45:00+00:00,661.095,660.2001235029306,662.8847529941388,2025-09-22 13:30:00+00:00,662.595,1.6762089572274101,trail_exit,h_ema21,holdout
2025-09-23 16:45:00+00:00,665.355,664.7914576155738,666.4820847688525,2025-09-23 17:00:00+00:00,664.7764576155738,-1.0266173413296298,stop_hit,h_ema21,holdout
2025-09-24 14:15:00+00:00,663.265,662.4565973314964,664.8818053370072,2025-09-24 15:00:00+00:00,662.4415973314964,-1.018555109457706,stop_hit,h_ema21,holdout
2025-09-24 16:30:00+00:00,660.925,660.032969834143,662.7090603317138,2025-09-24 18:00:00+00:00,660.0179698341431,-1.0168155748248457,stop_hit,h_ema21,holdout
2025-09-24 18:45:00+00:00,660.765,659.9874187302544,662.3201625394912,2025-09-25 13:30:00+00:00,659.9724187302544,-1.0192905881142091,stop_hit,h_ema21,holdout
2025-09-25 14:30:00+00:00,658.495,657.2485734645078,660.9878530709844,2025-09-25 15:15:00+00:00,657.2335734645078,-1.012034403611331,stop_hit,ema21,holdout
2025-09-25 15:45:00+00:00,659.1949999999999,657.922540556683,661.7399188866339,2025-09-25 16:30:00+00:00,657.907540556683,-1.0117881949627294,stop_hit,h_ema21,holdout
2025-09-25 18:30:00+00:00,656.975,655.776926169442,659.371147661116,2025-09-26 13:30:00+00:00,659.356147661116,2.0,scaleout_tier_1,ema21,holdout
2025-09-25 18:30:00+00:00,656.975,655.776926169442,660.5692214916739,2025-09-26 13:30:00+00:00,660.554221491674,3.0,scaleout_tier_2,ema21,holdout
2025-09-25 18:30:00+00:00,656.975,655.776926169442,661.7672953222319,2025-09-26 13:45:00+00:00,661.7522953222319,4.0,scaleout_tier_3,ema21,holdout
2025-09-25 18:30:00+00:00,656.975,655.776926169442,659.371147661116,2025-09-26 14:45:00+00:00,658.4350000000001,1.2186227282170725,trail_exit,ema21,holdout
2025-09-26 18:30:00+00:00,661.755,660.6744869447645,663.9160261104711,2025-09-29 13:30:00+00:00,663.9010261104711,2.0,scaleout_tier_1,h_ema200,holdout
2025-09-26 18:30:00+00:00,661.755,660.6744869447645,664.9965391657066,2025-09-29 14:30:00+00:00,664.9815391657066,3.0,scaleout_tier_2,h_ema200,holdout
2025-09-26 18:30:00+00:00,661.755,660.6744869447645,663.9160261104711,2025-09-29 16:45:00+00:00,663.035,1.184622428945057,trail_exit,h_ema200,holdout
2025-09-29 18:00:00+00:00,662.955,662.1788923961968,664.5072152076065,2025-09-29 19:15:00+00:00,662.1638923961968,-1.0193272169045644,stop_hit,h_ema21,holdout
2025-09-30 15:00:00+00:00,663.235,662.3306971947067,665.0436056105867,2025-09-30 15:15:00+00:00,662.3156971947067,-1.0165873642237795,stop_hit,h_ema21,holdout
2025-10-01 15:00:00+00:00,665.8149999999999,664.7390324223236,667.9669351553526,2025-10-01 17:15:00+00:00,667.9519351553527,2.0,scaleout_tier_1,h_ema21,holdout
2025-10-01 15:00:00+00:00,665.8149999999999,664.7390324223236,669.042902733029,2025-10-01 18:30:00+00:00,669.027902733029,3.0,scaleout_tier_2,h_ema21,holdout
2025-10-01 15:00:00+00:00,665.8149999999999,664.7390324223236,667.9669351553526,2025-10-02 14:00:00+00:00,668.605,2.593014936402947,trail_exit,h_ema21,holdout
2025-10-02 15:30:00+00:00,667.685,666.8815145128707,669.2919709742584,2025-10-02 18:00:00+00:00,669.2769709742585,2.0,scaleout_tier_1,h_ema21,holdout
2025-10-02 15:30:00+00:00,667.685,666.8815145128707,670.0954564613877,2025-10-03 13:30:00+00:00,670.0804564613877,3.0,scaleout_tier_2,h_ema21,holdout
2025-10-02 15:30:00+00:00,667.685,666.8815145128707,670.898941948517,2025-10-03 14:15:00+00:00,670.883941948517,4.0,scaleout_tier_3,h_ema21,holdout
2025-10-02 15:30:00+00:00,667.685,666.8815145128707,671.7024274356462,2025-10-03 14:30:00+00:00,671.6874274356462,5.0,scaleout_tier_4,h_ema21,holdout
2025-10-02 15:30:00+00:00,667.685,666.8815145128707,672.5059129227755,2025-10-03 15:45:00+00:00,672.4909129227755,6.0,scaleout_tier_5,h_ema21,holdout
2025-10-02 15:30:00+00:00,667.685,666.8815145128707,669.2919709742584,2025-10-03 17:15:00+00:00,670.335,3.2981305106931003,trail_exit,h_ema21,holdout
2025-10-03 18:30:00+00:00,670.545,669.6124144569197,672.4101710861604,2025-10-03 18:45:00+00:00,669.5974144569198,-1.0160843153867076,stop_hit,h_ema21,holdout
2025-10-06 13:45:00+00:00,670.3149999999999,669.3100125226467,672.3249749547064,2025-10-07 13:30:00+00:00,672.3099749547064,2.0,scaleout_tier_1,h_ema21,holdout
2025-10-06 13:45:00+00:00,670.3149999999999,669.3100125226467,672.3249749547064,2025-10-07 14:15:00+00:00,671.255,0.935335037681951,trail_exit,h_ema21,holdout
2025-10-07 16:30:00+00:00,668.405,667.5360519360325,670.1428961279348,2025-10-08 13:45:00+00:00,670.1278961279348,2.0,scaleout_tier_1,h_ema21,holdout
2025-10-07 16:30:00+00:00,668.405,667.5360519360325,671.0118441919022,2025-10-08 14:00:00+00:00,670.9968441919023,3.0,scaleout_tier_2,h_ema21,holdout
2025-10-07 16:30:00+00:00,668.405,667.5360519360325,671.8807922558697,2025-10-08 14:15:00+00:00,671.8657922558697,4.0,scaleout_tier_3,h_ema21,holdout
2025-10-07 16:30:00+00:00,668.405,667.5360519360325,672.7497403198371,2025-10-08 15:45:00+00:00,672.7347403198371,5.0,scaleout_tier_4,h_ema21,holdout
2025-10-07 16:30:00+00:00,668.405,667.5360519360325,670.1428961279348,2025-10-09 13:45:00+00:00,671.905,4.027858677789995,trail_exit,h_ema21,holdout
2025-10-09 15:00:00+00:00,671.365,670.6094272166562,672.8761455666877,2025-10-09 15:30:00+00:00,670.5944272166562,-1.0198524885102436,stop_hit,h_ema21,holdout
2025-10-09 16:00:00+00:00,671.365,670.5648515132996,672.9652969734009,2025-10-09 16:15:00+00:00,670.5498515132996,-1.0187465204887678,stop_hit,h_ema21,holdout
2025-10-09 17:45:00+00:00,670.025,669.1626765948293,671.7496468103412,2025-10-10 13:30:00+00:00,671.7346468103412,2.0,scaleout_tier_1,h_ema21,holdout
2025-10-09 17:45:00+00:00,670.025,669.1626765948293,672.6119702155119,2025-10-10 13:30:00+00:00,672.5969702155119,3.0,scaleout_tier_2,h_ema21,holdout
2025-10-09 17:45:00+00:00,670.025,669.1626765948293,673.4742936206825,2025-10-10 13:30:00+00:00,673.4592936206825,4.0,scaleout_tier_3,h_ema21,holdout
2025-10-10 15:00:00+00:00,669.145,668.2344464085462,670.9661071829075,2025-10-10 15:15:00+00:00,668.2194464085462,-1.0164734949603982,stop_hit,h_ema21,holdout
2025-10-10 17:30:00+00:00,659.805,657.8006647070864,663.813670585827,2025-10-10 18:45:00+00:00,657.7856647070864,-1.0074837778155281,stop_hit,ema21,holdout
2025-10-28 13:45:00+00:00,685.995,681.698883194718,694.5872336105641,2025-10-29 18:30:00+00:00,683.275,-0.6331298992280193,trail_exit,donchian_low,holdout
2025-10-29 19:00:00+00:00,686.1949999999999,684.7837036050958,689.0175927898083,2025-10-29 19:30:00+00:00,684.7687036050958,-1.0106285256974703,stop_hit,h_ema21,holdout
2025-10-30 14:00:00+00:00,685.015,683.0538724457136,688.9372551085727,2025-10-30 15:45:00+00:00,683.0388724457137,-1.0076486610813262,stop_hit,h_ema21,holdout
2025-10-31 13:45:00+00:00,683.285,681.6811106909267,686.4927786181464,2025-10-31 16:00:00+00:00,681.6661106909268,-1.009352266341032,stop_hit,h_ema21,holdout
2025-10-31 17:45:00+00:00,680.685,679.3014471573152,683.4521056853694,2025-10-31 19:15:00+00:00,683.4371056853694,2.0,scaleout_tier_1,h_ema21,holdout
2025-10-31 17:45:00+00:00,680.685,679.3014471573152,683.4521056853694,2025-11-03 15:15:00+00:00,680.67,-0.010841653124632152,stop_hit,h_ema21,holdout
2025-11-03 18:45:00+00:00,684.1949999999999,683.0201650707132,686.5446698585733,2025-11-03 19:30:00+00:00,683.0051650707132,-1.0127677511334239,stop_hit,h_ema21,holdout
2025-11-05 15:00:00+00:00,677.115,675.7428011056503,679.8593977886994,2025-11-05 15:15:00+00:00,675.7278011056503,-1.0109313599229324,stop_hit,ema21,holdout
2025-11-06 16:15:00+00:00,671.405,669.9999801029512,674.2150397940975,2025-11-06 16:30:00+00:00,669.9849801029512,-1.0106760053942965,stop_hit,ema21,holdout
2025-11-06 17:15:00+00:00,670.055,668.5601542773945,673.0446914452108,2025-11-06 19:15:00+00:00,673.0296914452108,2.0,scaleout_tier_1,ema21,holdout
2025-11-06 17:15:00+00:00,670.055,668.5601542773945,673.0446914452108,2025-11-06 20:45:00+00:00,670.04,-0.0100344803300787,stop_hit,ema21,holdout
2025-11-07 18:30:00+00:00,665.3149999999999,663.6328674325475,668.6792651349048,2025-11-07 19:30:00+00:00,668.6642651349048,2.0,scaleout_tier_1,h_ema21,holdout
2025-11-07 18:30:00+00:00,665.3149999999999,663.6328674325475,670.3613977023572,2025-11-07 20:45:00+00:00,670.3463977023572,3.0,scaleout_tier_2,h_ema21,holdout
2025-11-07 18:30:00+00:00,665.3149999999999,663.6328674325475,672.0435302698096,2025-11-10 14:30:00+00:00,672.0285302698096,4.0,scaleout_tier_3,h_ema21,holdout
2025-11-07 18:30:00+00:00,665.3149999999999,663.6328674325475,673.725662837262,2025-11-10 14:30:00+00:00,673.710662837262,5.0,scaleout_tier_4,h_ema21,holdout
2025-11-07 18:30:00+00:00,665.3149999999999,663.6328674325475,675.4077954047144,2025-11-10 14:30:00+00:00,675.3927954047144,6.0,scaleout_tier_5,h_ema21,holdout
2025-11-07 18:30:00+00:00,665.3149999999999,663.6328674325475,677.0899279721668,2025-11-10 14:30:00+00:00,677.0749279721668,7.0,scaleout_tier_6,h_ema21,holdout
2025-11-13 15:15:00+00:00,680.435,679.0066780716542,683.2916438566915,2025-11-13 15:30:00+00:00,678.9916780716542,-1.010501834146983,stop_hit,ema21,holdout
2025-11-14 15:30:00+00:00,669.795,667.6851351722952,674.0147296554095,2025-11-14 16:15:00+00:00,673.9997296554095,2.0,scaleout_tier_1,ema21,holdout
2025-11-14 15:30:00+00:00,669.795,667.6851351722952,674.0147296554095,2025-11-17 14:30:00+00:00,669.78,-0.0071094601905394164,stop_hit,ema21,holdout
2025-11-17 16:30:00+00:00,670.495,668.5041829850542,674.4766340298917,2025-11-17 18:00:00+00:00,668.4891829850542,-1.0075345950367993,stop_hit,ema21,holdout
2025-11-18 16:15:00+00:00,658.835,656.5160993631575,663.472801273685,2025-11-18 17:45:00+00:00,663.457801273685,2.0,scaleout_tier_1,ema50,holdout
2025-11-18 16:15:00+00:00,658.835,656.5160993631575,665.7917019105275,2025-11-19 15:00:00+00:00,665.7767019105275,3.0,scaleout_tier_2,ema50,holdout
2025-11-18 16:15:00+00:00,658.835,656.5160993631575,663.472801273685,2025-11-19 16:15:00+00:00,661.965,1.3497775412498563,trail_exit,ema50,holdout
2025-11-19 17:00:00+00:00,662.515,660.4990938995415,666.5468122009169,2025-11-19 17:15:00+00:00,660.4840938995416,-1.0074408227628138,stop_hit,ema50,holdout
2025-11-19 18:00:00+00:00,661.335,659.2942288594546,665.4165422810909,2025-11-20 14:30:00+00:00,665.4015422810909,2.0,scaleout_tier_1,ema50,holdout
2025-11-19 18:00:00+00:00,661.335,659.2942288594546,667.4573134216363,2025-11-20 14:30:00+00:00,667.4423134216363,3.0,scaleout_tier_2,ema50,holdout
2025-11-19 18:00:00+00:00,661.335,659.2942288594546,669.4980845621817,2025-11-20 14:30:00+00:00,669.4830845621817,4.0,scaleout_tier_3,ema50,holdout
2025-11-19 18:00:00+00:00,661.335,659.2942288594546,671.5388557027271,2025-11-20 14:30:00+00:00,671.5238557027271,5.0,scaleout_tier_4,ema50,holdout
2025-11-19 18:00:00+00:00,661.335,659.2942288594546,673.5796268432725,2025-11-20 14:30:00+00:00,673.5646268432725,6.0,scaleout_tier_5,ema50,holdout
2025-11-20 18:15:00+00:00,661.835,658.6685892747896,668.1678214504209,2025-11-20 18:30:00+00:00,658.6535892747896,-1.0047372249849202,stop_hit,ema50,holdout
2025-11-21 15:00:00+00:00,654.635,651.6905498025749,660.5239003948502,2025-11-21 15:30:00+00:00,651.6755498025749,-1.005094329669119,stop_hit,ema50,holdout
2025-11-21 16:15:00+00:00,653.265,650.3656623409283,659.0636753181433,2025-11-21 16:45:00+00:00,659.0486753181433,2.0,scaleout_tier_1,ema50,holdout
2025-11-21 16:15:00+00:00,653.265,650.3656623409283,661.9630129772149,2025-11-21 18:45:00+00:00,661.948012977215,3.0,scaleout_tier_2,ema50,holdout
2025-11-21 16:15:00+00:00,653.265,650.3656623409283,664.8623506362866,2025-11-24 15:00:00+00:00,664.8473506362866,4.0,scaleout_tier_3,ema50,holdout
2025-11-21 16:15:00+00:00,653.265,650.3656623409283,667.7616882953582,2025-11-24 16:00:00+00:00,667.7466882953582,5.0,scaleout_tier_4,ema50,holdout
2025-11-21 16:15:00+00:00,653.265,650.3656623409283,670.6610259544299,2025-11-25 16:30:00+00:00,670.6460259544299,6.0,scaleout_tier_5,ema50,holdout
2025-11-21 16:15:00+00:00,653.265,650.3656623409283,673.5603636135015,2025-11-25 17:30:00+00:00,673.5453636135015,7.0,scaleout_tier_6,ema50,holdout
2025-11-21 16:15:00+00:00,653.265,650.3656623409283,676.4597012725732,2025-11-26 14:30:00+00:00,676.4447012725732,8.0,scaleout_tier_7,ema50,holdout
2025-12-01 14:30:00+00:00,678.8249999999999,677.8638535311098,680.7472929377801,2025-12-01 19:30:00+00:00,680.245,1.4774022960723696,trail_exit,h_ema21,holdout
2025-12-02 19:00:00+00:00,681.095,679.7525729121564,683.7798541756872,2025-12-03 14:45:00+00:00,679.7375729121565,-1.011173791214301,stop_hit,h_ema21,holdout
2025-12-04 16:30:00+00:00,683.3149999999999,682.3205347974075,685.3039304051848,2025-12-04 19:15:00+00:00,682.3055347974075,-1.0150834840282832,stop_hit,h_ema21,holdout
2025-12-05 17:00:00+00:00,686.035,684.8950779264358,688.3148441471284,2025-12-05 17:30:00+00:00,684.8800779264358,-1.0131587942262454,stop_hit,h_ema21,holdout
2025-12-05 18:00:00+00:00,686.245,685.1537347890705,688.4275304218589,2025-12-05 20:45:00+00:00,685.1387347890706,-1.0137455128686916,stop_hit,h_ema21,holdout
2025-12-08 16:30:00+00:00,684.095,683.1332854857324,686.0184290285354,2025-12-08 16:45:00+00:00,683.1182854857324,-1.0155971442433815,stop_hit,h_ema21,holdout
2025-12-08 18:00:00+00:00,684.135,683.1806208386682,686.0437583226635,2025-12-08 18:15:00+00:00,683.1656208386682,-1.015717023807451,stop_hit,h_ema21,holdout
2025-12-09 15:45:00+00:00,684.505,683.6261082218518,686.2627835562963,2025-12-09 17:45:00+00:00,683.6111082218519,-1.0170669476867693,stop_hit,h_ema21,holdout
2025-12-10 15:00:00+00:00,683.115,682.3589549826621,684.6270900346758,2025-12-10 15:30:00+00:00,682.3439549826621,-1.0198400884286,stop_hit,h_ema21,holdout
2025-12-10 16:15:00+00:00,683.145,682.2625479848009,684.9099040303981,2025-12-10 19:30:00+00:00,684.335,1.348515250125634,trail_exit,h_ema21,holdout
2025-12-11 18:15:00+00:00,688.045,686.4454165996327,691.2441668007344,2025-12-29 17:00:00+00:00,686.835,-0.7564469597034623,trail_exit,h_ema21,holdout
2025-12-29 18:30:00+00:00,687.345,686.5113872384482,689.0122255231038,2025-12-30 20:45:00+00:00,686.905,-0.5278230136267811,trail_exit,h_ema21,holdout
2025-12-31 17:00:00+00:00,685.365,684.7126221922683,686.6697556154634,2025-12-31 17:45:00+00:00,684.6976221922683,-1.022992811561358,stop_hit,h_ema200,holdout
2025-12-31 18:15:00+00:00,685.3249999999999,684.7100300965257,686.5549398069485,2025-12-31 19:30:00+00:00,684.6950300965257,-1.0243914375569338,stop_hit,h_ema200,holdout
2026-01-02 14:45:00+00:00,684.975,683.9281408312751,687.0687183374499,2026-01-02 15:15:00+00:00,683.9131408312751,-1.014328574891555,stop_hit,ema21,holdout
2026-01-02 15:45:00+00:00,684.165,682.7347596127146,687.0254807745707,2026-01-02 16:00:00+00:00,682.7197596127146,-1.0104877474677223,stop_hit,ema21,holdout
2026-01-02 17:15:00+00:00,682.3149999999999,680.7991133844752,685.3467732310495,2026-01-02 18:00:00+00:00,680.7841133844752,-1.0098951991833462,stop_hit,ema21,holdout
2026-01-02 18:45:00+00:00,681.155,679.8515874273269,683.7618251453462,2026-01-05 14:30:00+00:00,683.7468251453462,2.0,scaleout_tier_1,ema21,holdout
2026-01-02 18:45:00+00:00,681.155,679.8515874273269,685.0652377180193,2026-01-05 14:30:00+00:00,685.0502377180193,3.0,scaleout_tier_2,ema21,holdout
2026-01-02 18:45:00+00:00,681.155,679.8515874273269,686.3686502906924,2026-01-05 14:30:00+00:00,686.3536502906924,4.0,scaleout_tier_3,ema21,holdout
2026-01-06 17:00:00+00:00,689.425,688.59800290611,693.5599854694499,2026-01-07 17:00:00+00:00,693.5449854694499,5.0,scaleout_tier_4,h_ema21,holdout
2026-01-06 17:00:00+00:00,689.425,688.59800290611,691.0789941877799,2026-01-07 18:15:00+00:00,692.115,3.25273210737292,trail_exit,h_ema21,holdout
2026-01-08 15:15:00+00:00,689.6949999999999,688.7391753059543,691.6066493880912,2026-01-08 15:30:00+00:00,688.7241753059543,-1.0156932543105754,stop_hit,h_ema50,holdout
2026-01-08 16:45:00+00:00,689.645,688.6346361720507,691.6657276558985,2026-01-08 19:00:00+00:00,688.6196361720507,-1.0148461371884538,stop_hit,h_ema21,holdout
2026-01-09 15:30:00+00:00,693.145,691.9180613641246,695.5988772717508,2026-01-09 15:45:00+00:00,691.9030613641246,-1.0122255502935436,stop_hit,h_ema21,holdout
2026-01-12 16:00:00+00:00,693.925,693.0238885548262,695.7272228903475,2026-01-12 19:45:00+00:00,695.7122228903476,2.0,scaleout_tier_1,h_ema21,holdout
2026-01-12 16:00:00+00:00,693.925,693.0238885548262,695.7272228903475,2026-01-13 14:45:00+00:00,694.235,0.34401960119402286,trail_exit,h_ema21,holdout
2026-01-13 16:00:00+00:00,693.775,692.9853328602528,695.3543342794943,2026-01-13 16:15:00+00:00,692.9703328602528,-1.0189953453106697,stop_hit,h_ema21,holdout
2026-01-13 16:45:00+00:00,694.605,693.7080944948891,696.3988110102218,2026-01-13 17:30:00+00:00,693.6930944948891,-1.0167241698423197,stop_hit,h_ema21,holdout
2026-01-13 18:15:00+00:00,693.375,692.4253012902496,695.2743974195007,2026-01-13 19:00:00+00:00,692.4103012902497,-1.0157944828670236,stop_hit,h_ema21,holdout
2026-01-14 15:15:00+00:00,690.615,689.2887980818384,693.2674038363232,2026-01-14 15:30:00+00:00,689.2737980818384,-1.0113104948760592,stop_hit,ema21,holdout
2026-01-14 16:30:00+00:00,689.175,687.7850211429762,691.9549577140474,2026-01-14 16:45:00+00:00,687.7700211429762,-1.0107915310540083,stop_hit,ema21,holdout
2026-01-14 18:15:00+00:00,687.345,686.031962040465,689.97107591907,2026-01-14 20:45:00+00:00,689.95607591907,2.0,scaleout_tier_1,ema21,holdout
2026-01-14 18:15:00+00:00,687.345,686.031962040465,691.284113878605,2026-01-15 14:30:00+00:00,691.269113878605,3.0,scaleout_tier_2,ema21,holdout
2026-01-14 18:15:00+00:00,687.345,686.031962040465,692.59715183814,2026-01-15 14:30:00+00:00,692.58215183814,4.0,scaleout_tier_3,ema21,holdout
2026-01-14 18:15:00+00:00,687.345,686.031962040465,693.910189797675,2026-01-15 14:30:00+00:00,693.895189797675,5.0,scaleout_tier_4,ema21,holdout
2026-01-16 16:00:00+00:00,691.865,690.700828330075,694.1933433398501,2026-01-16 17:45:00+00:00,691.915,0.04294899222480941,trail_exit,ema21,holdout
2026-01-20 15:30:00+00:00,683.865,682.2957456437207,687.0035087125586,2026-01-20 17:15:00+00:00,682.2807456437207,-1.0095586798532465,stop_hit,ema50,holdout
2026-01-21 14:45:00+00:00,680.025,678.7045222392671,682.6659555214657,2026-01-21 15:15:00+00:00,682.6509555214657,2.0,scaleout_tier_1,ema50,holdout
2026-01-21 14:45:00+00:00,680.025,678.7045222392671,683.9864332821985,2026-01-21 15:30:00+00:00,683.9714332821985,3.0,scaleout_tier_2,ema50,holdout
2026-01-21 14:45:00+00:00,680.025,678.7045222392671,682.6659555214657,2026-01-21 16:30:00+00:00,681.225,0.9087619918218586,trail_exit,ema50,holdout
2026-01-21 17:30:00+00:00,679.865,678.2850579103233,683.0248841793534,2026-01-21 19:15:00+00:00,683.0098841793534,2.0,scaleout_tier_1,ema21,holdout
2026-01-21 17:30:00+00:00,679.865,678.2850579103233,684.6048262690301,2026-01-21 19:30:00+00:00,684.5898262690301,3.0,scaleout_tier_2,ema21,holdout
2026-01-21 17:30:00+00:00,679.865,678.2850579103233,686.1847683587068,2026-01-21 19:30:00+00:00,686.1697683587068,4.0,scaleout_tier_3,ema21,holdout
2026-01-21 17:30:00+00:00,679.865,678.2850579103233,687.7647104483835,2026-01-21 19:45:00+00:00,687.7497104483836,5.0,scaleout_tier_4,ema21,holdout
2026-01-21 17:30:00+00:00,679.865,678.2850579103233,689.3446525380602,2026-01-22 14:30:00+00:00,689.3296525380603,6.0,scaleout_tier_5,ema21,holdout
2026-01-21 17:30:00+00:00,679.865,678.2850579103233,690.924594627737,2026-01-22 17:45:00+00:00,690.909594627737,7.0,scaleout_tier_6,ema21,holdout
2026-01-22 19:15:00+00:00,690.715,689.5618197125712,693.0213605748578,2026-01-22 19:45:00+00:00,689.5468197125712,-1.0130075064267967,stop_hit,ema21,holdout
2026-01-23 15:30:00+00:00,689.335,688.1915770954192,691.6218458091616,2026-01-23 17:45:00+00:00,688.1765770954192,-1.013118505795094,stop_hit,ema21,holdout
2026-01-23 19:00:00+00:00,688.985,687.9468036854016,691.0613926291968,2026-01-26 14:30:00+00:00,691.0463926291968,2.0,scaleout_tier_1,ema21,holdout
2026-01-23 19:00:00+00:00,688.985,687.9468036854016,692.0995889437952,2026-01-26 14:30:00+00:00,692.0845889437952,3.0,scaleout_tier_2,ema21,holdout
2026-01-23 19:00:00+00:00,688.985,687.9468036854016,693.1377852583936,2026-01-26 17:00:00+00:00,693.1227852583936,4.0,scaleout_tier_3,ema21,holdout
2026-01-23 19:00:00+00:00,688.985,687.9468036854016,694.175981572992,2026-01-27 14:45:00+00:00,694.160981572992,5.0,scaleout_tier_4,ema21,holdout
2026-01-23 19:00:00+00:00,688.985,687.9468036854016,695.2141778875904,2026-01-27 15:30:00+00:00,695.1991778875904,6.0,scaleout_tier_5,ema21,holdout
2026-01-23 19:00:00+00:00,688.985,687.9468036854016,696.2523742021888,2026-01-27 16:30:00+00:00,696.2373742021888,7.0,scaleout_tier_6,ema21,holdout
2026-01-27 19:00:00+00:00,696.035,695.4394703878384,697.2260592243232,2026-01-27 20:45:00+00:00,695.4244703878384,-1.025187664380853,stop_hit,h_ema21,holdout
2026-01-28 16:15:00+00:00,696.015,695.2935439635999,697.4579120728002,2026-01-28 16:30:00+00:00,695.2785439635999,-1.0207912876782241,stop_hit,h_ema21,holdout
2026-01-28 17:15:00+00:00,695.465,694.7049516905554,696.9850966188893,2026-01-28 17:30:00+00:00,694.6899516905554,-1.0197355876114593,stop_hit,h_ema21,holdout
2026-01-29 17:15:00+00:00,690.605,689.0124902043754,693.7900195912493,2026-01-29 17:45:00+00:00,688.9974902043754,-1.0094190943385077,stop_hit,ema21,holdout
2026-01-29 18:15:00+00:00,690.885,689.244424139087,694.166151721826,2026-01-30 17:00:00+00:00,689.229424139087,-1.00914313099282,stop_hit,ema21,holdout
2026-01-30 17:30:00+00:00,691.055,689.2836130377285,694.5977739245428,2026-01-30 17:45:00+00:00,689.2686130377285,-1.00846794083928,stop_hit,ema21,holdout
2026-01-30 19:00:00+00:00,691.385,689.4605219137043,695.2339561725914,2026-01-30 20:15:00+00:00,689.4455219137043,-1.0077943210197102,stop_hit,ema21,holdout
2026-02-03 16:00:00+00:00,693.175,691.7686589908124,695.9876820183752,2026-02-03 16:15:00+00:00,691.7536589908124,-1.0106659763897885,stop_hit,ema21,holdout
2026-02-03 19:15:00+00:00,686.415,684.9627843253323,689.3194313493352,2026-02-03 20:45:00+00:00,689.3044313493352,2.0,scaleout_tier_1,ema21,holdout
2026-02-03 19:15:00+00:00,686.415,684.9627843253323,689.3194313493352,2026-02-04 16:15:00+00:00,686.4,-0.010329044274652558,stop_hit,ema21,holdout
2026-02-04 17:00:00+00:00,686.595,684.5741687748969,690.6366624502064,2026-02-04 17:15:00+00:00,684.5591687748969,-1.0074226881560684,stop_hit,ema21,holdout
2026-02-04 18:30:00+00:00,684.8249999999999,682.6784473924012,689.1181052151975,2026-02-05 14:30:00+00:00,682.6634473924012,-1.0069879489311775,stop_hit,ema21,holdout
2026-02-05 15:45:00+00:00,677.835,675.2879727107268,682.9290545785466,2026-02-05 20:30:00+00:00,677.115,-0.2826824836279866,trail_exit,ema21,holdout
2026-02-06 14:45:00+00:00,685.5649999999999,683.1131316910096,690.4687366179807,2026-02-06 15:15:00+00:00,683.0981316910096,-1.0061177837100734,stop_hit,ema21,holdout
2026-02-06 16:15:00+00:00,687.365,684.9962295882974,692.1025408234052,2026-02-09 15:30:00+00:00,692.0875408234052,2.0,scaleout_tier_1,ema21,holdout
2026-02-06 16:15:00+00:00,687.365,684.9962295882974,694.4713112351078,2026-02-09 16:15:00+00:00,694.4563112351078,3.0,scaleout_tier_2,ema21,holdout
2026-02-06 16:15:00+00:00,687.365,684.9962295882974,692.1025408234052,2026-02-25 14:30:00+00:00,690.905,1.4944462251432469,trail_exit,ema21,holdout
2026-02-25 16:15:00+00:00,691.165,690.105016159442,693.2849676811159,2026-02-26 14:30:00+00:00,691.4350000000001,0.25472086428975615,trail_exit,ema21,holdout
2026-02-26 18:30:00+00:00,685.675,684.5074405058606,688.0101189882787,2026-02-26 19:00:00+00:00,687.9951189882787,2.0,scaleout_tier_1,ema21,holdout
2026-02-26 18:30:00+00:00,685.675,684.5074405058606,689.1776784824181,2026-02-26 20:30:00+00:00,689.1626784824181,3.0,scaleout_tier_2,ema21,holdout
2026-02-26 18:30:00+00:00,685.675,684.5074405058606,688.0101189882787,2026-02-27 14:30:00+00:00,685.66,-0.012847311058048618,stop_hit,ema21,holdout
2026-02-27 15:45:00+00:00,685.6949999999999,684.0462454192221,688.9925091615555,2026-02-27 17:15:00+00:00,684.0312454192222,-1.0090977760880036,stop_hit,ema21,holdout
2026-03-02 15:00:00+00:00,682.965,681.1905008141662,686.5139983716678,2026-03-02 17:30:00+00:00,686.4989983716678,2.0,scaleout_tier_1,ema21,holdout
2026-03-02 15:00:00+00:00,682.965,681.1905008141662,686.5139983716678,2026-03-03 14:30:00+00:00,682.95,-0.008453089254553622,stop_hit,ema21,holdout
2026-03-03 16:45:00+00:00,676.6949999999999,674.2957109849523,681.4935780300953,2026-03-03 19:30:00+00:00,681.4785780300953,2.0,scaleout_tier_1,ema100,holdout
2026-03-03 16:45:00+00:00,676.6949999999999,674.2957109849523,683.8928670451429,2026-03-04 15:15:00+00:00,683.8778670451429,3.0,scaleout_tier_2,ema100,holdout
2026-03-03 16:45:00+00:00,676.6949999999999,674.2957109849523,686.2921560601906,2026-03-04 18:30:00+00:00,686.2771560601906,4.0,scaleout_tier_3,ema100,holdout
2026-03-03 16:45:00+00:00,676.6949999999999,674.2957109849523,681.4935780300953,2026-03-05 14:30:00+00:00,682.645,2.4799013218846673,trail_exit,ema100,holdout
2026-03-05 15:00:00+00:00,685.105,683.683380156464,687.9482396870721,2026-03-05 15:15:00+00:00,683.668380156464,-1.010551343995506,stop_hit,ema21,holdout
2026-03-05 16:00:00+00:00,682.125,680.4038196493327,685.5673607013346,2026-03-05 16:15:00+00:00,680.3888196493327,-1.0087149495950096,stop_hit,ema21,holdout
2026-03-05 16:45:00+00:00,680.255,678.4808588810437,683.8032822379126,2026-03-05 17:30:00+00:00,678.4658588810437,-1.0084547953033243,stop_hit,ema21,holdout
2026-03-05 18:15:00+00:00,678.035,676.2633340314399,681.5783319371202,2026-03-05 18:30:00+00:00,676.2483340314399,-1.0084666072872515,stop_hit,ema50,holdout
2026-03-06 15:30:00+00:00,674.165,671.7580607615364,678.9788784769271,2026-03-06 20:30:00+00:00,671.7430607615364,-1.0062319811652418,stop_hit,ema50,holdout
2026-03-09 15:15:00+00:00,668.795,666.407294566573,673.5704108668539,2026-03-09 19:15:00+00:00,673.5554108668539,2.0,scaleout_tier_1,ema100,holdout
2026-03-09 15:15:00+00:00,668.795,666.407294566573,675.9581163002808,2026-03-09 19:15:00+00:00,675.9431163002808,3.0,scaleout_tier_2,ema100,holdout
2026-03-09 15:15:00+00:00,668.795,666.407294566573,678.3458217337078,2026-03-10 14:30:00+00:00,678.3308217337078,4.0,scaleout_tier_3,ema100,holdout
2026-03-09 15:15:00+00:00,668.795,666.407294566573,680.7335271671348,2026-03-10 14:45:00+00:00,680.7185271671348,5.0,scaleout_tier_4,ema100,holdout
2026-03-09 15:15:00+00:00,668.795,666.407294566573,683.1212326005617,2026-03-10 17:15:00+00:00,683.1062326005617,6.0,scaleout_tier_5,ema100,holdout
2026-03-09 15:15:00+00:00,668.795,666.407294566573,673.5704108668539,2026-03-10 18:45:00+00:00,678.505,4.066665788863135,trail_exit,ema100,holdout
2026-03-10 19:15:00+00:00,678.9449999999999,677.085382743347,682.6642345133057,2026-03-10 19:30:00+00:00,677.0703827433471,-1.0080661759543923,stop_hit,ema21,holdout
2026-03-11 14:00:00+00:00,677.865,676.0356516070789,681.5236967858423,2026-03-11 14:15:00+00:00,676.0206516070789,-1.0081996409530467,stop_hit,ema50,holdout
2026-03-11 16:30:00+00:00,674.715,672.8909989250134,678.3630021499733,2026-03-12 13:30:00+00:00,672.8759989250134,-1.0082236793638382,stop_hit,ema50,holdout
2026-03-12 15:45:00+00:00,669.845,667.7598000137397,674.0153999725208,2026-03-12 16:00:00+00:00,667.7448000137397,-1.0071935546224933,stop_hit,ema100,holdout
2026-03-12 16:45:00+00:00,669.665,667.5479538003024,673.8990923993952,2026-03-12 17:45:00+00:00,667.5329538003024,-1.0070853437218936,stop_hit,ema100,holdout
2026-03-12 18:15:00+00:00,668.935,667.0728151787685,672.6593696424629,2026-03-12 19:00:00+00:00,667.0578151787685,-1.0080550543796543,stop_hit,ema100,holdout
2026-03-13 13:45:00+00:00,671.935,670.0136763534798,675.7776472930402,2026-03-13 14:00:00+00:00,669.9986763534798,-1.0078071177790136,stop_hit,ema100,holdout
2026-03-13 15:15:00+00:00,666.865,664.7893372859979,671.0163254280042,2026-03-13 15:30:00+00:00,664.774337285998,-1.0072266076269516,stop_hit,ema100,holdout
2026-03-13 16:15:00+00:00,664.015,661.9593460335637,668.1263079328725,2026-03-13 19:30:00+00:00,661.9443460335638,-1.007296947951795,stop_hit,ema100,holdout
2026-03-16 13:45:00+00:00,669.615,667.6144629068717,673.6160741862566,2026-03-16 14:45:00+00:00,667.5994629068717,-1.0074979864414964,stop_hit,ema100,holdout
2026-03-16 15:30:00+00:00,670.055,668.2135403734677,673.7379192530644,2026-03-16 16:00:00+00:00,668.1985403734677,-1.0081457121208972,stop_hit,ema100,holdout
2026-03-17 17:15:00+00:00,671.595,670.2862317416821,674.212536516636,2026-03-18 13:30:00+00:00,670.2712317416821,-1.0114611581574147,stop_hit,ema100,holdout
2026-03-18 15:00:00+00:00,667.145,665.8629458464089,669.7091083071821,2026-03-18 16:30:00+00:00,665.847945846409,-1.0116999737943762,stop_hit,ema100,holdout
2026-03-18 18:00:00+00:00,666.705,665.5686766411872,668.9776467176258,2026-03-18 18:15:00+00:00,665.5536766411872,-1.0132004678806013,stop_hit,ema100,holdout
2026-03-19 18:15:00+00:00,658.375,656.667900091654,661.789199816692,2026-03-19 18:30:00+00:00,656.652900091654,-1.0087868319403286,stop_hit,donchian_low,holdout
2026-03-19 19:00:00+00:00,658.455,656.7584662905846,661.848067418831,2026-03-20 13:30:00+00:00,656.7434662905846,-1.0088415572981184,stop_hit,donchian_low,holdout
2026-03-20 15:15:00+00:00,653.115,651.0807566646359,657.1834866707281,2026-03-20 17:30:00+00:00,651.065756664636,-1.0073737491180237,stop_hit,donchian_low,holdout
2026-03-23 13:45:00+00:00,657.9449999999999,655.5744962486755,662.6860075026489,2026-03-23 15:45:00+00:00,655.995,-0.822609961663387,trail_exit,ema200,holdout
2026-03-23 17:45:00+00:00,656.8149999999999,654.6159890607327,661.2130218785345,2026-03-24 13:30:00+00:00,654.6009890607327,-1.0068212484677246,stop_hit,h_ema21,holdout
2026-03-24 14:15:00+00:00,652.615,650.4965170799363,656.8519658401274,2026-03-25 13:30:00+00:00,656.8369658401274,2.0,scaleout_tier_1,ema200,holdout
2026-03-24 14:15:00+00:00,652.615,650.4965170799363,656.8519658401274,2026-03-25 18:45:00+00:00,656.495,1.8314993070056746,trail_exit,ema200,holdout
2026-03-26 14:00:00+00:00,654.475,652.6800676396188,658.0648647207626,2026-03-26 14:30:00+00:00,652.6650676396188,-1.0083568608662223,stop_hit,h_ema21,holdout
2026-03-26 18:45:00+00:00,647.155,645.8161839729961,649.8326320540077,2026-03-26 19:30:00+00:00,645.8011839729961,-1.011203929216141,stop_hit,ema200,holdout
2026-04-01 15:45:00+00:00,657.245,655.3893837107555,660.956232578489,2026-04-01 18:15:00+00:00,655.3743837107555,-1.008083567754244,stop_hit,ema21,holdout
2026-04-01 19:15:00+00:00,655.205,653.8514642809495,657.9120714381012,2026-04-02 13:30:00+00:00,653.8364642809495,-1.0110820865595687,stop_hit,ema21,holdout
2026-04-02 14:00:00+00:00,649.645,647.48923776601,653.95652446798,2026-04-02 14:30:00+00:00,653.94152446798,2.0,scaleout_tier_1,ema21,holdout
2026-04-02 14:00:00+00:00,649.645,647.48923776601,653.95652446798,2026-04-02 17:45:00+00:00,653.225,1.660665514755762,trail_exit,ema21,holdout
2026-04-02 18:45:00+00:00,654.345,652.5586387393297,657.9177225213407,2026-04-06 13:45:00+00:00,657.9027225213407,2.0,scaleout_tier_1,ema21,holdout
2026-04-02 18:45:00+00:00,654.345,652.5586387393297,657.9177225213407,2026-04-07 13:30:00+00:00,654.965,0.34707425292426536,trail_exit,ema21,holdout
2026-04-07 14:30:00+00:00,654.465,652.9661144171214,657.4627711657573,2026-04-07 14:45:00+00:00,652.9511144171214,-1.0100074349712393,stop_hit,ema21,holdout
2026-04-07 15:30:00+00:00,653.275,651.6593111950074,656.5063776099852,2026-04-07 17:30:00+00:00,656.4913776099852,2.0,scaleout_tier_1,ema21,holdout
2026-04-07 15:30:00+00:00,653.275,651.6593111950074,656.5063776099852,2026-04-07 18:45:00+00:00,653.965,0.42706243793229376,trail_exit,ema21,holdout
2026-04-08 15:45:00+00:00,674.255,672.024249585182,678.716500829636,2026-04-09 15:45:00+00:00,678.701500829636,2.0,scaleout_tier_1,ema50,holdout
2026-04-08 15:45:00+00:00,674.255,672.024249585182,680.9472512444539,2026-04-10 14:00:00+00:00,680.9322512444539,3.0,scaleout_tier_2,ema50,holdout
2026-04-08 15:45:00+00:00,674.255,672.024249585182,678.716500829636,2026-04-10 16:30:00+00:00,678.645,1.967947633603018,trail_exit,ema50,holdout
2026-04-10 17:45:00+00:00,679.185,678.1470227692746,681.2609544614506,2026-04-13 13:30:00+00:00,678.1320227692746,-1.0144511840490993,stop_hit,h_ema21,holdout
2026-04-13 14:00:00+00:00,679.755,678.628580778313,682.007838443374,2026-04-13 14:15:00+00:00,678.613580778313,-1.013316534120859,stop_hit,h_ema21,holdout
2026-04-13 16:15:00+00:00,679.895,678.852593569602,681.9798128607958,2026-04-13 16:45:00+00:00,681.9648128607959,2.0,scaleout_tier_1,h_ema21,holdout
2026-04-13 16:15:00+00:00,679.895,678.852593569602,683.0222192911938,2026-04-13 18:45:00+00:00,683.0072192911938,3.0,scaleout_tier_2,h_ema21,holdout
2026-04-13 16:15:00+00:00,679.895,678.852593569602,684.0646257215917,2026-04-13 19:30:00+00:00,684.0496257215917,4.0,scaleout_tier_3,h_ema21,holdout
2026-04-13 16:15:00+00:00,679.895,678.852593569602,685.1070321519896,2026-04-13 19:45:00+00:00,685.0920321519897,5.0,scaleout_tier_4,h_ema21,holdout
2026-04-13 16:15:00+00:00,679.895,678.852593569602,686.1494385823876,2026-04-14 13:30:00+00:00,686.1344385823876,6.0,scaleout_tier_5,h_ema21,holdout
2026-04-13 16:15:00+00:00,679.895,678.852593569602,687.1918450127855,2026-04-14 13:30:00+00:00,687.1768450127855,7.0,scaleout_tier_6,h_ema21,holdout
2026-04-13 16:15:00+00:00,679.895,678.852593569602,688.2342514431834,2026-04-14 13:30:00+00:00,688.2192514431835,8.0,scaleout_tier_7,h_ema21,holdout
2026-04-13 16:15:00+00:00,679.895,678.852593569602,689.2766578735814,2026-04-14 13:30:00+00:00,689.2616578735814,9.0,scaleout_tier_8,h_ema21,holdout
2026-04-20 15:30:00+00:00,708.395,707.130963957804,710.9230720843918,2026-04-20 15:45:00+00:00,707.1159639578041,-1.0118667502343746,stop_hit,h_ema21,holdout
2026-04-20 16:30:00+00:00,707.685,706.5273965691076,710.0002068617846,2026-04-21 13:45:00+00:00,709.9852068617846,2.0,scaleout_tier_1,h_ema21,holdout
2026-04-20 16:30:00+00:00,707.685,706.5273965691076,710.0002068617846,2026-04-21 14:45:00+00:00,707.67,-0.012957805410462384,stop_hit,h_ema21,holdout
2026-04-21 15:45:00+00:00,707.025,705.8506477009341,709.3737045981317,2026-04-21 16:30:00+00:00,705.8356477009341,-1.012772998368478,stop_hit,h_ema21,holdout
2026-04-21 17:45:00+00:00,706.525,705.1920802193731,709.1908395612537,2026-04-21 18:15:00+00:00,705.1770802193731,-1.0112534904335593,stop_hit,h_ema21,holdout
2026-04-21 18:45:00+00:00,705.4449999999999,704.1729799600561,707.9890400798877,2026-04-21 19:30:00+00:00,704.1579799600561,-1.0117922670468684,stop_hit,h_ema21,holdout
2026-04-22 14:00:00+00:00,709.405,707.5797651028586,713.0554697942828,2026-04-23 17:00:00+00:00,707.5647651028586,-1.008218120321652,stop_hit,h_ema21,holdout
2026-04-23 18:00:00+00:00,706.685,705.0664792342238,709.9220415315522,2026-04-24 13:30:00+00:00,709.9070415315522,2.0,scaleout_tier_1,h_ema21,holdout
2026-04-23 18:00:00+00:00,706.685,705.0664792342238,711.5405622973283,2026-04-24 15:00:00+00:00,711.5255622973283,3.0,scaleout_tier_2,h_ema21,holdout
2026-04-23 18:00:00+00:00,706.685,705.0664792342238,713.1590830631044,2026-04-24 15:30:00+00:00,713.1440830631044,4.0,scaleout_tier_3,h_ema21,holdout
2026-04-23 18:00:00+00:00,706.685,705.0664792342238,714.7776038288805,2026-04-27 17:30:00+00:00,714.7626038288805,5.0,scaleout_tier_4,h_ema21,holdout
2026-04-23 18:00:00+00:00,706.685,705.0664792342238,709.9220415315522,2026-04-28 13:30:00+00:00,712.375,3.515555759503396,trail_exit,h_ema21,holdout
2026-04-28 17:45:00+00:00,710.735,709.8020809525376,712.6008380949248,2026-04-29 13:30:00+00:00,710.025,-0.7610520997843038,trail_exit,h_ema21,holdout
2026-04-29 14:00:00+00:00,710.775,709.9143068467016,712.4963863065967,2026-04-29 15:45:00+00:00,709.8993068467016,-1.017427813782999,stop_hit,h_ema21,holdout
2026-04-29 17:30:00+00:00,709.935,709.0576541264637,711.6896917470724,2026-04-29 18:00:00+00:00,709.0426541264637,-1.0170970200606602,stop_hit,h_ema21,holdout
2026-04-29 19:00:00+00:00,710.5749999999999,709.496955102081,712.7310897958379,2026-04-30 13:30:00+00:00,712.7160897958379,2.0,scaleout_tier_1,h_ema21,holdout
2026-04-29 19:00:00+00:00,710.5749999999999,709.496955102081,712.7310897958379,2026-04-30 13:45:00+00:00,711.255,0.6307715024789016,trail_exit,h_ema21,holdout
2026-04-30 16:00:00+00:00,714.615,713.2588125050017,717.3273749899965,2026-04-30 18:00:00+00:00,717.3123749899966,2.0,scaleout_tier_1,h_ema21,holdout
2026-04-30 16:00:00+00:00,714.615,713.2588125050017,718.6835624849948,2026-04-30 19:00:00+00:00,718.6685624849948,3.0,scaleout_tier_2,h_ema21,holdout
2026-04-30 16:00:00+00:00,714.615,713.2588125050017,720.0397499799931,2026-05-01 13:30:00+00:00,720.0247499799931,4.0,scaleout_tier_3,h_ema21,holdout
2026-04-30 16:00:00+00:00,714.615,713.2588125050017,721.3959374749913,2026-05-01 13:30:00+00:00,721.3809374749914,5.0,scaleout_tier_4,h_ema21,holdout
2026-04-30 16:00:00+00:00,714.615,713.2588125050017,722.7521249699896,2026-05-01 13:45:00+00:00,722.7371249699896,6.0,scaleout_tier_5,h_ema21,holdout
2026-04-30 16:00:00+00:00,714.615,713.2588125050017,724.1083124649879,2026-05-01 13:45:00+00:00,724.0933124649879,7.0,scaleout_tier_6,h_ema21,holdout
2026-05-01 19:15:00+00:00,722.0749999999999,721.1027761185162,724.0194477629674,2026-05-01 19:45:00+00:00,721.0877761185162,-1.015428545097138,stop_hit,h_ema21,holdout
2026-05-04 14:00:00+00:00,720.8149999999999,719.8250572089981,722.7948855820035,2026-05-04 15:15:00+00:00,719.8100572089982,-1.015152390760689,stop_hit,h_ema21,holdout
2026-05-04 17:30:00+00:00,718.5749999999999,717.2290947550656,721.2668104898686,2026-05-04 18:15:00+00:00,717.2140947550656,-1.0111449153322218,stop_hit,h_ema21,holdout
2026-05-04 19:00:00+00:00,717.495,716.3247750247298,719.8354499505405,2026-05-05 13:30:00+00:00,719.8204499505405,2.0,scaleout_tier_1,h_ema21,holdout
2026-05-04 19:00:00+00:00,717.495,716.3247750247298,721.0056749258107,2026-05-05 13:30:00+00:00,720.9906749258107,3.0,scaleout_tier_2,h_ema21,holdout
2026-05-04 19:00:00+00:00,717.495,716.3247750247298,722.1758999010809,2026-05-05 13:30:00+00:00,722.1608999010809,4.0,scaleout_tier_3,h_ema21,holdout
2026-05-05 14:30:00+00:00,723.3249999999999,722.0148668897099,729.8756655514502,2026-05-06 14:00:00+00:00,729.8606655514502,5.0,scaleout_tier_4,h_ema21,holdout
2026-05-05 14:30:00+00:00,723.3249999999999,722.0148668897099,731.1857986617403,2026-05-06 14:30:00+00:00,731.1707986617403,6.0,scaleout_tier_5,h_ema21,holdout
2026-05-05 14:30:00+00:00,723.3249999999999,722.0148668897099,732.4959317720303,2026-05-06 18:00:00+00:00,732.4809317720303,7.0,scaleout_tier_6,h_ema21,holdout
2026-05-05 14:30:00+00:00,723.3249999999999,722.0148668897099,733.8060648823204,2026-05-06 19:15:00+00:00,733.7910648823204,8.0,scaleout_tier_7,h_ema21,holdout
2026-05-05 14:30:00+00:00,723.3249999999999,722.0148668897099,735.1161979926104,2026-05-07 14:30:00+00:00,735.1011979926104,9.0,scaleout_tier_8,h_ema21,holdout
2026-05-05 14:30:00+00:00,723.3249999999999,722.0148668897099,725.94526622058,2026-05-07 16:00:00+00:00,732.6850000000001,7.144312227883392,trail_exit,h_ema21,holdout
2026-05-07 18:00:00+00:00,731.795,730.5639253507755,734.2571492984488,2026-05-07 18:30:00+00:00,730.5489253507756,-1.012184476391774,stop_hit,h_ema21,holdout
2026-05-07 19:00:00+00:00,731.175,729.9016789083585,733.7216421832829,2026-05-08 13:30:00+00:00,733.706642183283,2.0,scaleout_tier_1,h_ema21,holdout
2026-05-07 19:00:00+00:00,731.175,729.9016789083585,734.9949632749244,2026-05-08 13:30:00+00:00,734.9799632749244,3.0,scaleout_tier_2,h_ema21,holdout
2026-05-07 19:00:00+00:00,731.175,729.9016789083585,736.2682843665659,2026-05-08 13:45:00+00:00,736.2532843665659,4.0,scaleout_tier_3,h_ema21,holdout
2026-05-07 19:00:00+00:00,731.175,729.9016789083585,737.5416054582074,2026-05-08 16:15:00+00:00,737.5266054582074,5.0,scaleout_tier_4,h_ema21,holdout
