entry_date,entry_price,stop,target,exit_date,exit_price,R_multiple,exit_reason,zone_triggered,period
2023-02-03 19:00:00+00:00,307.47499999999997,305.844075294284,310.73684941143193,2023-02-03 19:45:00+00:00,305.829075294284,-1.0091972363576411,stop_hit,ema200,train
2023-02-06 16:00:00+00:00,304.685,303.17559101021214,307.7038179795757,2023-02-06 20:00:00+00:00,303.21500000000003,-0.9738911123131538,trail_exit,ema200,train
2023-02-08 17:00:00+00:00,305.35499999999996,303.87112263526075,308.3227547294784,2023-02-08 20:00:00+00:00,303.85612263526076,-1.0101086520735645,stop_hit,ema200,train
2023-02-15 15:30:00+00:00,305.575,304.3021711062822,308.1206577874356,2023-02-15 19:00:00+00:00,308.10565778743563,2.0,target_hit_partial,ema200,train
2023-02-15 15:30:00+00:00,305.575,304.3021711062822,308.1206577874356,2023-02-16 14:30:00+00:00,305.56,-0.01178477332972286,stop_hit,ema200,train
2023-02-16 15:00:00+00:00,305.335,304.11440385203,307.7761922959399,2023-02-16 15:45:00+00:00,307.7611922959399,2.0,target_hit_partial,ema200,train
2023-02-16 15:00:00+00:00,305.335,304.11440385203,307.7761922959399,2023-02-16 20:00:00+00:00,306.02500000000003,0.5652975401795532,trail_exit,ema200,train
2023-03-17 13:45:00+00:00,307.09499999999997,305.97896812075726,309.3270637584854,2023-03-17 14:15:00+00:00,305.9639681207573,-1.0134404762793736,stop_hit,ema200,train
2023-03-17 17:15:00+00:00,306.03499999999997,304.7755176813436,308.5539646373127,2023-03-17 18:15:00+00:00,304.76051768134363,-1.0119096550843116,stop_hit,ema200,train
2023-03-20 14:30:00+00:00,303.84499999999997,302.5734240299104,306.38815194017906,2023-03-21 13:30:00+00:00,306.37315194017907,2.0,target_hit_partial,ema200,train
2023-03-20 14:30:00+00:00,303.84499999999997,302.5734240299104,306.38815194017906,2023-03-22 18:00:00+00:00,311.795,6.252084175073089,trail_exit,ema200,train
2023-03-23 13:45:00+00:00,310.445,308.5004333134652,314.3341333730696,2023-03-23 17:45:00+00:00,310.795,0.1799886845864449,trail_exit,ema200,train
2023-03-23 19:15:00+00:00,308.985,307.51057699133816,311.93384601732373,2023-03-24 13:30:00+00:00,307.49557699133817,-1.0101734711896553,stop_hit,ema200,train
2023-03-24 14:00:00+00:00,309.265,307.5813967540402,312.63220649191953,2023-03-24 15:00:00+00:00,307.5663967540402,-1.0089094625090458,stop_hit,ema200,train
2023-03-24 15:45:00+00:00,307.84,306.3190607509322,310.88187849813556,2023-03-24 19:15:00+00:00,310.8668784981356,2.0,target_hit_partial,ema200,train
2023-03-24 15:45:00+00:00,307.84,306.3190607509322,310.88187849813556,2023-03-27 15:00:00+00:00,309.8449,1.3181986073597962,trail_exit,ema200,train
2023-03-27 16:30:00+00:00,309.115,308.12512929122477,311.0947414175505,2023-03-27 17:15:00+00:00,308.1101292912248,-1.0151534941553586,stop_hit,ema200,train
2023-03-28 14:15:00+00:00,306.805,305.7837802918372,308.8474394163256,2023-03-28 14:30:00+00:00,305.76878029183723,-1.0146883181749125,stop_hit,ema21,train
2023-03-28 15:15:00+00:00,306.335,305.3300146895867,308.3449706208266,2023-03-28 17:30:00+00:00,305.3150146895867,-1.0149255912942823,stop_hit,ema21,train
2023-03-28 18:15:00+00:00,305.35499999999996,304.58763484727444,306.889730305451,2023-03-28 19:45:00+00:00,306.874730305451,2.0,target_hit_partial,ema21,train
2023-03-28 18:15:00+00:00,305.35499999999996,304.58763484727444,306.889730305451,2023-04-03 14:45:00+00:00,318.01,16.491496851338855,trail_exit,ema21,train
2023-04-03 15:30:00+00:00,318.185,317.17656333429017,320.2018733314197,2023-04-03 19:45:00+00:00,320.1868733314197,2.0,target_hit_partial,h_ema21,train
2023-04-03 15:30:00+00:00,318.185,317.17656333429017,320.2018733314197,2023-04-04 15:30:00+00:00,319.435,1.2395423951787063,trail_exit,h_ema21,train
2023-04-04 17:30:00+00:00,319.47499999999997,318.6815071113457,321.0619857773085,2023-04-04 18:15:00+00:00,318.6665071113457,-1.018903761097879,stop_hit,h_ema21,train
2023-04-05 18:00:00+00:00,315.34499999999997,314.48825334715843,317.05849330568304,2023-04-06 13:30:00+00:00,314.47325334715845,-1.0175080929119904,stop_hit,h_ema21,train
2023-04-06 14:15:00+00:00,315.10499999999996,314.14789943944993,317.0192011211,2023-04-06 15:45:00+00:00,317.00420112110004,2.0,target_hit_partial,h_ema21,train
2023-04-06 14:15:00+00:00,315.10499999999996,314.14789943944993,317.0192011211,2023-04-10 13:30:00+00:00,315.09,-0.015672334358853655,stop_hit,h_ema21,train
2023-04-10 14:45:00+00:00,314.97499999999997,314.06977043145775,316.7854591370844,2023-04-10 16:45:00+00:00,316.7704591370844,2.0,target_hit_partial,h_ema200,train
2023-04-10 14:45:00+00:00,314.97499999999997,314.06977043145775,316.7854591370844,2023-04-11 14:30:00+00:00,315.6855,0.7848837738964046,trail_exit,h_ema200,train
2023-04-11 15:15:00+00:00,316.065,315.29819282918845,317.5986143416231,2023-04-12 13:30:00+00:00,317.5836143416231,2.0,target_hit_partial,h_ema21,train
2023-04-11 15:15:00+00:00,316.065,315.29819282918845,317.5986143416231,2023-04-12 13:30:00+00:00,316.27000000000004,0.26734230951841553,trail_exit,h_ema21,train
2023-04-12 14:15:00+00:00,316.6167,315.76834346870385,318.31341306259225,2023-04-12 14:30:00+00:00,315.75334346870386,-1.0176812453804878,stop_hit,h_ema21,train
2023-04-12 15:30:00+00:00,314.715,313.7122811548489,316.72043769030216,2023-04-12 18:30:00+00:00,314.18100000000004,-0.5325520733775275,trail_exit,ema21,train
2023-04-13 13:45:00+00:00,315.537,314.47582907865285,317.65934184269423,2023-04-13 16:00:00+00:00,317.64434184269425,2.0,target_hit_partial,ema21,train
2023-04-13 13:45:00+00:00,315.537,314.47582907865285,317.65934184269423,2023-04-14 14:15:00+00:00,317.595,1.9393671260681318,trail_exit,ema21,train
2023-04-14 17:15:00+00:00,316.645,315.83272993335044,318.2695401332991,2023-04-14 17:30:00+00:00,315.81772993335045,-1.0184667644615522,stop_hit,h_ema50,train
2023-04-14 18:00:00+00:00,316.85499999999996,316.03618245756957,318.49263508486075,2023-04-14 19:30:00+00:00,318.47763508486076,2.0,target_hit_partial,h_ema21,train
2023-04-14 18:00:00+00:00,316.85499999999996,316.03618245756957,318.49263508486075,2023-04-17 15:30:00+00:00,316.84,-0.018319099460746422,stop_hit,h_ema21,train
2023-04-17 16:00:00+00:00,316.745,315.92164145591977,318.3917170881605,2023-04-17 19:15:00+00:00,318.3767170881605,2.0,target_hit_partial,h_ema21,train
2023-04-17 16:00:00+00:00,316.745,315.92164145591977,318.3917170881605,2023-04-18 14:15:00+00:00,318.535,2.1740224995170343,trail_exit,h_ema21,train
2023-04-18 17:45:00+00:00,318.895,318.20685071366694,320.27129857266607,2023-04-18 18:45:00+00:00,318.19185071366695,-1.0217975958093588,stop_hit,h_ema21,train
2023-04-19 14:15:00+00:00,317.115,316.28999724437955,318.76500551124093,2023-04-19 16:00:00+00:00,318.75000551124094,2.0,target_hit_partial,ema21,train
2023-04-19 14:15:00+00:00,317.115,316.28999724437955,318.76500551124093,2023-04-20 13:30:00+00:00,317.1,-0.018181757452076997,stop_hit,ema21,train
2023-04-20 14:15:00+00:00,317.97499999999997,317.2192560247747,319.48648795045045,2023-04-20 15:00:00+00:00,317.20425602477474,-1.0198479915046834,stop_hit,ema21,train
2023-04-20 15:30:00+00:00,317.445,316.69599769851607,318.94300460296785,2023-04-20 17:00:00+00:00,318.92800460296786,2.0,target_hit_partial,ema21,train
2023-04-20 15:30:00+00:00,317.445,316.69599769851607,318.94300460296785,2023-04-20 18:15:00+00:00,317.43,-0.0200266407329701,stop_hit,ema21,train
2023-04-21 14:30:00+00:00,316.015,315.1060055525413,317.8329888949173,2023-04-21 14:45:00+00:00,315.09100555254133,-1.0165017509644012,stop_hit,ema21,train
2023-04-21 17:00:00+00:00,316.265,315.4646211807536,317.8657576384927,2023-04-24 14:30:00+00:00,315.44962118075364,-1.0187411256261258,stop_hit,ema21,train
2023-04-24 16:30:00+00:00,314.575,313.7909470942466,316.1431058115068,2023-04-24 18:15:00+00:00,316.1281058115068,2.0,target_hit_partial,ema21,train
2023-04-24 16:30:00+00:00,314.575,313.7909470942466,316.1431058115068,2023-04-25 13:30:00+00:00,314.56,-0.01913136204191801,stop_hit,ema21,train
2023-04-25 15:00:00+00:00,313.435,312.71243468061755,314.8801306387649,2023-04-25 15:45:00+00:00,312.69743468061756,-1.0207593688731231,stop_hit,ema21,train
2023-04-26 13:45:00+00:00,312.515,311.6288092557247,314.2873814885505,2023-04-26 15:15:00+00:00,314.27238148855054,2.0,target_hit_partial,ema21,train
2023-04-26 13:45:00+00:00,312.515,311.6288092557247,314.2873814885505,2023-04-26 17:45:00+00:00,312.5,-0.01692637854421899,stop_hit,ema21,train
2023-05-12 13:45:00+00:00,326.815,325.0323371999616,330.3803256000768,2023-05-12 14:30:00+00:00,325.0173371999616,-1.0084143787594957,stop_hit,ema21,train
2023-05-15 15:15:00+00:00,325.54499999999996,324.71982976595575,327.1953404680884,2023-05-16 13:30:00+00:00,327.1803404680884,2.0,target_hit_partial,h_ema21,train
2023-05-15 15:15:00+00:00,325.54499999999996,324.71982976595575,327.1953404680884,2023-05-16 19:45:00+00:00,327.125,1.9147564160868573,trail_exit,h_ema21,train
2023-05-19 16:00:00+00:00,336.59499999999997,335.82017406980384,338.14465186039223,2023-05-19 16:30:00+00:00,335.80517406980385,-1.019359186903037,stop_hit,h_ema21,train
2023-05-22 13:45:00+00:00,337.805,337.08168089800046,339.2516382039991,2023-05-22 14:00:00+00:00,337.06668089800047,-1.0207377351967066,stop_hit,h_ema21,train
2023-05-22 15:00:00+00:00,337.78499999999997,336.9777363610796,339.39952727784066,2023-05-22 16:30:00+00:00,336.96273636107964,-1.0185812902709797,stop_hit,h_ema21,train
2023-05-22 17:30:00+00:00,337.66499999999996,336.9813284400584,339.0323431198831,2023-05-23 13:30:00+00:00,336.9663284400584,-1.0219403597851409,stop_hit,h_ema21,train
2023-05-23 14:00:00+00:00,336.715,336.0228181761727,338.09936364765457,2023-05-23 14:45:00+00:00,336.0078181761727,-1.0216706066002232,stop_hit,h_ema21,train
2023-05-23 15:15:00+00:00,336.47499999999997,335.8023873313308,337.8202253373383,2023-05-23 16:30:00+00:00,335.7873873313308,-1.022301096453722,stop_hit,h_ema21,train
2023-05-24 17:45:00+00:00,331.09499999999997,330.29203747843786,332.7009250431242,2023-05-24 19:30:00+00:00,332.6859250431242,2.0,target_hit_partial,h_ema21,train
2023-05-24 17:45:00+00:00,331.09499999999997,330.29203747843786,332.7009250431242,2023-05-30 14:00:00+00:00,350.83500000000004,24.5839618536582,trail_exit,h_ema21,train
2023-05-30 17:00:00+00:00,351.215,350.15427984963674,353.33644030072645,2023-05-30 17:15:00+00:00,350.13927984963675,-1.0141413359544924,stop_hit,h_ema21,train
2023-05-31 15:00:00+00:00,347.935,346.88823521904203,350.02852956191595,2023-05-31 15:15:00+00:00,346.87323521904204,-1.014329866912659,stop_hit,h_ema21,train
2023-05-31 16:15:00+00:00,347.59499999999997,346.6387402692772,349.5075194614455,2023-05-31 16:45:00+00:00,346.6237402692772,-1.0156861148891516,stop_hit,h_ema50,train
2023-05-31 17:15:00+00:00,347.41999999999996,346.5204221035721,349.21915579285564,2023-05-31 17:30:00+00:00,349.20415579285566,2.0,target_hit_partial,h_ema50,train
2023-05-31 17:15:00+00:00,347.41999999999996,346.5204221035721,349.21915579285564,2023-06-01 13:30:00+00:00,347.405,-0.016674487067268155,stop_hit,h_ema50,train
2023-06-01 14:45:00+00:00,349.305,348.2541998260629,351.4066003478742,2023-06-01 16:15:00+00:00,351.3916003478742,2.0,target_hit_partial,h_ema21,train
2023-06-01 14:45:00+00:00,349.305,348.2541998260629,351.4066003478742,2023-06-02 13:45:00+00:00,352.285,2.8359340566481706,trail_exit,h_ema21,train
2023-06-02 14:45:00+00:00,354.34,353.11952276493133,356.78095447013726,2023-06-05 14:45:00+00:00,356.7659544701373,2.0,target_hit_partial,h_ema21,train
2023-06-02 14:45:00+00:00,354.34,353.11952276493133,356.78095447013726,2023-06-05 18:00:00+00:00,355.46500000000003,0.9217705727520465,trail_exit,h_ema21,train
2023-06-05 19:00:00+00:00,355.425,354.56897835097766,357.1370432980447,2023-06-05 19:15:00+00:00,354.5539783509777,-1.0175229213152701,stop_hit,h_ema21,train
2023-06-06 14:15:00+00:00,354.16499999999996,353.21850102370325,356.0579979525934,2023-06-06 16:45:00+00:00,353.595,-0.6022193518160259,trail_exit,h_ema21,train
2023-06-06 17:15:00+00:00,354.6796,353.79231934003843,356.4541613199231,2023-06-06 17:45:00+00:00,353.77731934003845,-1.0169055865599912,stop_hit,h_ema21,train
2023-06-06 18:15:00+00:00,354.555,353.72139517572987,356.2222096485403,2023-06-07 13:30:00+00:00,356.2072096485403,2.0,target_hit_partial,h_ema21,train
2023-06-06 18:15:00+00:00,354.555,353.72139517572987,356.2222096485403,2023-06-07 14:15:00+00:00,354.54,-0.017994137705620368,stop_hit,h_ema21,train
2023-06-08 13:45:00+00:00,350.215,349.17665528048207,352.2916894390358,2023-06-08 15:00:00+00:00,352.2766894390358,2.0,target_hit_partial,h_ema21,train
2023-06-08 13:45:00+00:00,350.215,349.17665528048207,352.2916894390358,2023-06-08 17:30:00+00:00,351.46000000000004,1.199023769849863,trail_exit,h_ema21,train
2023-06-08 19:15:00+00:00,352.897,352.1761230133286,354.33875397334276,2023-06-09 13:30:00+00:00,354.3237539733428,2.0,target_hit_partial,h_ema21,train
2023-06-08 19:15:00+00:00,352.897,352.1761230133286,354.33875397334276,2023-06-09 15:15:00+00:00,354.365,2.0364084679390824,trail_exit,h_ema21,train
2023-06-12 14:30:00+00:00,356.265,355.3340292157337,358.1269415685325,2023-06-12 17:45:00+00:00,358.11194156853253,2.0,target_hit_partial,h_ema21,train
2023-06-12 14:30:00+00:00,356.265,355.3340292157337,358.1269415685325,2023-06-13 13:45:00+00:00,361.475,5.5963088080215595,trail_exit,h_ema21,train
2023-06-14 18:45:00+00:00,364.41499999999996,363.28473463784167,366.67553072431656,2023-06-15 14:00:00+00:00,366.6605307243166,2.0,target_hit_partial,h_ema21,train
2023-06-14 18:45:00+00:00,364.41499999999996,363.28473463784167,366.67553072431656,2023-06-16 17:45:00+00:00,370.285,5.19347066319984,trail_exit,h_ema21,train
2023-06-20 16:30:00+00:00,366.675,365.64307317845186,368.7388536430963,2023-06-21 13:30:00+00:00,365.62807317845187,-1.0145359144531998,stop_hit,h_ema21,train
2023-06-21 16:15:00+00:00,362.4651,361.44205491007955,364.5111901798409,2023-06-21 18:30:00+00:00,364.49619017984094,2.0,target_hit_partial,h_ema200,train
2023-06-21 16:15:00+00:00,362.4651,361.44205491007955,364.5111901798409,2023-06-21 19:30:00+00:00,362.4501,-0.014662110348579655,stop_hit,h_ema200,train
2023-06-22 14:00:00+00:00,363.125,362.1299726236856,365.1150547526288,2023-06-22 15:30:00+00:00,365.1000547526288,2.0,target_hit_partial,h_ema21,train
2023-06-22 14:00:00+00:00,363.125,362.1299726236856,365.1150547526288,2023-06-22 17:00:00+00:00,363.11,-0.015074962113652274,stop_hit,h_ema21,train
2023-06-23 14:30:00+00:00,362.29499999999996,361.1365804853828,364.61183902923426,2023-06-23 17:00:00+00:00,364.5968390292343,2.0,target_hit_partial,h_ema21,train
2023-06-23 14:30:00+00:00,362.29499999999996,361.1365804853828,364.61183902923426,2023-06-23 18:45:00+00:00,362.46500000000003,0.14675167144111562,trail_exit,h_ema21,train
2023-07-11 18:00:00+00:00,366.85499999999996,365.97326338261774,368.6184732347644,2023-07-11 18:15:00+00:00,365.95826338261776,-1.0170118828052301,stop_hit,h_ema21,train
2023-07-12 16:15:00+00:00,371.265,370.1906919908221,373.4136160183558,2023-07-12 18:15:00+00:00,373.3986160183558,2.0,target_hit_partial,h_ema21,train
2023-07-12 16:15:00+00:00,371.265,370.1906919908221,373.4136160183558,2023-07-14 16:45:00+00:00,380.605,8.693968508293295,trail_exit,h_ema21,train
2023-07-17 15:00:00+00:00,380.485,379.6746153857928,382.1057692284145,2023-07-17 18:15:00+00:00,382.0907692284145,2.0,target_hit_partial,h_ema21,train
2023-07-17 15:00:00+00:00,380.485,379.6746153857928,382.1057692284145,2023-07-18 13:30:00+00:00,380.47,-0.018509729500059902,stop_hit,h_ema21,train
2023-07-18 14:45:00+00:00,381.205,380.34943905308717,382.9161218938256,2023-07-18 15:45:00+00:00,382.90112189382563,2.0,target_hit_partial,h_ema21,train
2023-07-18 14:45:00+00:00,381.205,380.34943905308717,382.9161218938256,2023-07-19 17:00:00+00:00,385.315,4.803865831920479,trail_exit,h_ema21,train
2023-07-19 18:45:00+00:00,385.245,384.3936825614005,386.947634877199,2023-07-20 13:30:00+00:00,384.3786825614005,-1.0176197494845904,stop_hit,h_ema21,train
2023-07-21 13:45:00+00:00,378.965,377.89289085724965,381.1092182855006,2023-07-21 14:00:00+00:00,377.87789085724967,-1.013991112846502,stop_hit,h_ema21,train
2023-07-21 15:15:00+00:00,377.47499999999997,376.2219983107047,379.9810033785905,2023-07-21 16:30:00+00:00,376.2069983107047,-1.0119712528148488,stop_hit,h_ema21,train
2023-07-21 17:00:00+00:00,376.525,375.40478762880537,378.7654247423892,2023-07-21 19:00:00+00:00,375.3897876288054,-1.0133903181090476,stop_hit,h_ema21,train
2023-07-24 13:45:00+00:00,377.205,376.13207599540243,379.3508480091951,2023-07-24 14:00:00+00:00,376.11707599540244,-1.013980486908402,stop_hit,h_ema21,train
2023-07-25 15:15:00+00:00,378.245,377.4125556461175,379.90988870776505,2023-07-25 18:15:00+00:00,379.89488870776506,2.0,target_hit_partial,h_ema21,train
2023-07-25 15:15:00+00:00,378.245,377.4125556461175,379.90988870776505,2023-07-25 19:45:00+00:00,378.785,0.6486920086387269,trail_exit,h_ema21,train
2023-07-26 14:00:00+00:00,377.885,377.0929751341288,379.4690497317424,2023-07-26 14:45:00+00:00,377.0779751341288,-1.0189387993311128,stop_hit,h_ema21,train
2023-07-26 15:45:00+00:00,376.715,375.91363390552937,378.3177321889412,2023-07-26 16:45:00+00:00,375.8986339055294,-1.0187180367418658,stop_hit,h_ema50,train
2023-07-26 18:15:00+00:00,376.875,376.16768698005484,378.2896260398903,2023-07-26 18:30:00+00:00,378.27462603989034,2.0,target_hit_partial,h_ema21,train
2023-07-26 18:15:00+00:00,376.875,376.16768698005484,378.2896260398903,2023-07-26 19:00:00+00:00,376.86,-0.021207018076875393,stop_hit,h_ema21,train
2023-07-27 19:15:00+00:00,377.485,376.0824458695902,380.2901082608197,2023-07-27 19:30:00+00:00,376.0674458695902,-1.0106947743939145,stop_hit,h_ema21,train
2023-07-28 13:45:00+00:00,381.625,379.9022414588027,385.07051708239464,2023-07-31 19:15:00+00:00,383.045,0.8242594455593943,trail_exit,h_ema200,train
2023-08-01 14:30:00+00:00,381.965,381.01303818448656,383.8689236310268,2023-08-02 13:30:00+00:00,380.9980381844866,-1.0157569345277746,stop_hit,h_ema21,train
2023-08-02 16:45:00+00:00,374.615,373.58893730827117,376.6671253834577,2023-08-02 19:15:00+00:00,373.5739373082712,-1.0146189897760658,stop_hit,ema21,train
2023-08-03 14:45:00+00:00,373.41499999999996,372.19911801202494,375.84676397595,2023-08-03 16:45:00+00:00,375.83176397595,2.0,target_hit_partial,ema21,train
2023-08-03 14:45:00+00:00,373.41499999999996,372.19911801202494,375.84676397595,2023-08-03 19:00:00+00:00,373.4,-0.012336723586939491,stop_hit,ema21,train
2023-08-04 19:15:00+00:00,373.10499999999996,372.0144641589468,375.2860716821063,2023-08-04 19:30:00+00:00,371.9994641589468,-1.0137547061135563,stop_hit,ema21,train
2023-08-07 14:15:00+00:00,373.1687,371.9264690230556,375.65316195388885,2023-08-07 15:15:00+00:00,371.9114690230556,-1.0120750490676722,stop_hit,ema21,train
2023-08-07 16:00:00+00:00,373.47499999999997,372.30464997914,375.81570004171994,2023-08-08 13:30:00+00:00,372.28964997914,-1.0128166785428552,stop_hit,ema21,train
2023-08-08 17:00:00+00:00,370.145,369.22217844001295,371.99064311997404,2023-08-08 19:30:00+00:00,371.97564311997405,2.0,target_hit_partial,h_ema21,train
2023-08-08 17:00:00+00:00,370.145,369.22217844001295,371.99064311997404,2023-08-09 13:45:00+00:00,370.13,-0.01625449669836193,stop_hit,h_ema21,train
2023-08-09 16:15:00+00:00,368.255,367.31854752239525,370.1279049552095,2023-08-09 18:00:00+00:00,370.1129049552095,2.0,target_hit_partial,donchian_low,train
2023-08-09 16:15:00+00:00,368.255,367.31854752239525,370.1279049552095,2023-08-09 19:45:00+00:00,368.24,-0.016017897713670737,stop_hit,donchian_low,train
2023-08-10 13:45:00+00:00,371.53499999999997,370.4283332104004,373.7483335791991,2023-08-10 14:00:00+00:00,373.7333335791991,2.0,target_hit_partial,ema21,train
2023-08-10 13:45:00+00:00,371.53499999999997,370.4283332104004,373.7483335791991,2023-08-10 14:45:00+00:00,371.52,-0.013554215361801935,stop_hit,ema21,train
2023-08-10 18:15:00+00:00,368.97499999999997,367.6787377703179,371.56752445936405,2023-08-11 13:30:00+00:00,367.66373777031794,-1.011571732676085,stop_hit,donchian_low,train
2023-08-11 14:15:00+00:00,366.97499999999997,365.6628362349599,369.5993275300801,2023-08-11 15:00:00+00:00,365.6478362349599,-1.0114314999389793,stop_hit,donchian_low,train
2023-08-11 16:15:00+00:00,366.485,365.31550590549443,368.8239881890112,2023-08-11 16:30:00+00:00,365.30050590549445,-1.0128260587808506,stop_hit,donchian_low,train
2023-08-11 17:30:00+00:00,366.275,365.19058984755,368.4438203049,2023-08-14 13:30:00+00:00,365.17558984755,-1.0138324046174751,stop_hit,donchian_low,train
2023-08-15 15:15:00+00:00,368.22499999999997,367.3283345539933,370.01833089201335,2023-08-15 17:30:00+00:00,367.3133345539933,-1.016728647308524,stop_hit,donchian_low,train
2023-08-16 14:15:00+00:00,366.72499999999997,365.8514046729414,368.4721906541171,2023-08-16 15:30:00+00:00,365.8364046729414,-1.01717042151598,stop_hit,donchian_low,train
2023-08-16 16:45:00+00:00,364.815,363.95539267248313,366.53421465503374,2023-08-16 17:00:00+00:00,363.94039267248314,-1.0174498279851993,stop_hit,ema50,train
2023-08-16 17:45:00+00:00,364.97999999999996,364.1407054253121,366.6585891493757,2023-08-16 18:00:00+00:00,364.1257054253121,-1.0178721517478708,stop_hit,ema50,train
2023-08-16 18:30:00+00:00,365.60499999999996,364.66706990503303,367.4808601899338,2023-08-16 18:45:00+00:00,364.65206990503304,-1.0159926630784943,stop_hit,ema50,train
2023-08-17 16:30:00+00:00,362.675,361.66023124404825,364.70453751190354,2023-08-17 17:30:00+00:00,361.64523124404826,-1.0147816927866662,stop_hit,ema50,train
2023-08-18 14:45:00+00:00,356.78499999999997,355.5766807135064,359.2016385729871,2023-08-18 19:45:00+00:00,359.18663857298714,2.0,target_hit_partial,ema50,train
2023-08-18 14:45:00+00:00,356.78499999999997,355.5766807135064,359.2016385729871,2023-08-21 15:15:00+00:00,359.675,2.3917519419776356,trail_exit,ema50,train
2023-08-21 17:30:00+00:00,362.625,361.6353959801507,364.6042080396986,2023-08-23 13:30:00+00:00,364.58920803969863,2.0,target_hit_partial,ema50,train
2023-08-21 17:30:00+00:00,362.625,361.6353959801507,364.6042080396986,2023-08-24 13:30:00+00:00,369.7575,7.2074282813504364,trail_exit,ema50,train
2023-08-24 16:45:00+00:00,365.215,364.1664488184233,367.3121023631533,2023-08-24 17:00:00+00:00,364.1514488184233,-1.0143054533374627,stop_hit,ema21,train
2023-08-24 18:15:00+00:00,364.615,363.66935922274695,366.50628155450613,2023-08-24 18:30:00+00:00,363.65435922274696,-1.0158622601317584,stop_hit,ema21,train
2023-09-11 13:45:00+00:00,374.635,372.65613569201395,378.5927286159721,2023-09-12 14:15:00+00:00,374.83500000000004,0.10106807181923058,trail_exit,ema50,train
2023-09-12 15:30:00+00:00,373.9758,373.05372491137683,375.8199501772463,2023-09-12 18:30:00+00:00,373.535,-0.4780521732326256,trail_exit,h_ema21,train
2023-09-13 13:45:00+00:00,374.245,373.289513781506,376.155972436988,2023-09-13 14:00:00+00:00,373.274513781506,-1.015698813556546,stop_hit,h_ema21,train
2023-09-13 14:30:00+00:00,373.555,372.4497437237495,375.765512552501,2023-09-13 17:30:00+00:00,375.750512552501,2.0,target_hit_partial,h_ema21,train
2023-09-13 14:30:00+00:00,373.555,372.4497437237495,375.765512552501,2023-09-13 18:45:00+00:00,373.54,-0.013571513071043515,stop_hit,h_ema21,train
2023-09-14 16:00:00+00:00,377.435,376.4402597741064,379.42448045178725,2023-09-15 13:30:00+00:00,376.4252597741064,-1.0150793137841703,stop_hit,h_ema21,train
2023-09-15 15:45:00+00:00,371.875,370.92812563040883,373.76874873918234,2023-09-15 17:15:00+00:00,370.91312563040884,-1.0158415947053914,stop_hit,ema21,train
2023-09-15 18:45:00+00:00,370.375,369.5814429760122,371.96211404797555,2023-09-18 13:30:00+00:00,369.56644297601224,-1.0189022332946012,stop_hit,ema21,train
2023-09-18 14:15:00+00:00,370.79499999999996,369.8728830568815,372.63923388623687,2023-09-18 14:30:00+00:00,369.8578830568815,-1.016266917240734,stop_hit,ema21,train
2023-09-18 15:30:00+00:00,370.885,369.98613174540134,372.6827365091973,2023-09-18 18:45:00+00:00,369.97113174540135,-1.0166876513028975,stop_hit,ema21,train
2023-09-18 19:15:00+00:00,370.505,369.8311839648332,371.8526320703336,2023-09-19 13:30:00+00:00,369.8161839648332,-1.022261268977182,stop_hit,ema21,train
2023-09-19 15:15:00+00:00,367.455,366.6379855687431,369.08902886251377,2023-09-19 17:30:00+00:00,369.0740288625138,2.0,target_hit_partial,ema21,train
2023-09-19 15:15:00+00:00,367.455,366.6379855687431,369.08902886251377,2023-09-20 15:15:00+00:00,368.95500000000004,1.835952882365198,trail_exit,ema21,train
2023-09-20 16:30:00+00:00,369.935,369.2370316750057,371.3309366499886,2023-09-20 17:30:00+00:00,369.2220316750057,-1.0214909465986284,stop_hit,ema21,train
2023-09-20 18:00:00+00:00,369.745,369.1162264169801,371.0025471660398,2023-09-20 18:15:00+00:00,369.1012264169801,-1.0238559640625229,stop_hit,ema21,train
2023-09-22 14:00:00+00:00,359.96,358.9698717318714,361.9402565362571,2023-09-22 17:30:00+00:00,359.16,-0.807976123651166,trail_exit,h_ema21,train
2023-09-22 19:15:00+00:00,360.005,359.12865928613934,361.7576814277213,2023-09-22 19:30:00+00:00,359.11365928613935,-1.017116630281737,stop_hit,h_ema21,train
2023-09-25 14:00:00+00:00,358.215,357.17270818823357,360.2995836235328,2023-09-25 14:15:00+00:00,357.1577081882336,-1.0143913631774248,stop_hit,donchian_low,train
2023-09-25 15:15:00+00:00,358.33,357.2055855955365,360.57882880892697,2023-09-26 13:30:00+00:00,357.1905855955365,-1.013340277339424,stop_hit,donchian_low,train
2023-09-26 14:45:00+00:00,356.185,355.10631122884496,358.3423775423101,2023-09-26 15:00:00+00:00,355.091311228845,-1.0139057718974163,stop_hit,donchian_low,train
2023-09-26 15:45:00+00:00,355.3949,354.3642770722366,357.45614585552687,2023-09-26 17:30:00+00:00,354.3492770722366,-1.014554304582121,stop_hit,donchian_low,train
2023-09-26 18:00:00+00:00,354.955,354.0297521691882,356.8054956616235,2023-09-26 18:30:00+00:00,354.0147521691882,-1.0162118726469491,stop_hit,ema100,train
2023-09-27 16:30:00+00:00,353.205,352.22565309037645,355.16369381924704,2023-09-27 17:15:00+00:00,352.21065309037647,-1.015316329538174,stop_hit,ema100,train
2023-09-27 18:00:00+00:00,352.16499999999996,351.25020347558024,353.9945930488394,2023-09-27 18:30:00+00:00,353.97959304883943,2.0,target_hit_partial,ema100,train
2023-09-27 18:00:00+00:00,352.16499999999996,351.25020347558024,353.9945930488394,2023-09-28 13:30:00+00:00,353.485,1.442943829325707,trail_exit,ema100,train
2023-09-28 14:00:00+00:00,355.325,354.11079055544803,357.7534188891039,2023-09-28 14:30:00+00:00,354.09579055544805,-1.0123537171179897,stop_hit,ema100,train
2023-09-28 15:30:00+00:00,357.335,356.1318445770565,359.74131084588697,2023-09-28 16:15:00+00:00,359.726310845887,2.0,target_hit_partial,ema100,train
2023-09-28 15:30:00+00:00,357.335,356.1318445770565,359.74131084588697,2023-09-28 18:30:00+00:00,357.32,-0.012467217213956576,stop_hit,ema100,train
2023-09-29 16:30:00+00:00,360.29499999999996,359.1437474891461,362.59750502170766,2023-09-29 16:45:00+00:00,359.1287474891461,-1.0130292875442775,stop_hit,ema21,train
2023-09-29 18:15:00+00:00,357.565,356.48865524298856,359.7176895140229,2023-09-29 19:45:00+00:00,359.7026895140229,2.0,target_hit_partial,h_ema21,train
2023-09-29 18:15:00+00:00,357.565,356.48865524298856,359.7176895140229,2023-10-02 16:30:00+00:00,359.245,1.5608381878169446,trail_exit,h_ema21,train
2023-10-02 18:15:00+00:00,360.505,359.37764432317306,362.75971135365387,2023-10-02 18:30:00+00:00,359.3626443231731,-1.013305472539248,stop_hit,ema50,train
2023-10-02 19:00:00+00:00,359.015,357.88878628936266,361.26742742127465,2023-10-02 19:45:00+00:00,361.25242742127466,2.0,target_hit_partial,ema50,train
2023-10-02 19:00:00+00:00,359.015,357.88878628936266,361.26742742127465,2023-10-03 13:30:00+00:00,359.0,-0.013318964116941693,stop_hit,ema50,train
2023-10-03 16:30:00+00:00,356.125,354.96856724237307,358.43786551525386,2023-10-03 17:15:00+00:00,354.9535672423731,-1.0129709227804713,stop_hit,ema100,train
2023-10-03 18:45:00+00:00,354.674,353.74153923534914,356.53892152930166,2023-10-03 19:00:00+00:00,353.72653923534915,-1.016086467729935,stop_hit,ema100,train
2023-10-04 14:45:00+00:00,357.625,356.37193849900325,360.1311230019935,2023-10-04 15:00:00+00:00,356.35693849900326,-1.0119706813975649,stop_hit,ema100,train
2023-10-05 15:15:00+00:00,355.765,354.66013455975866,357.97473088048264,2023-10-05 17:30:00+00:00,357.95973088048265,2.0,target_hit_partial,h_ema21,train
2023-10-05 15:15:00+00:00,355.765,354.66013455975866,357.97473088048264,2023-10-06 13:30:00+00:00,355.75,-0.013576313869234644,stop_hit,h_ema21,train
2023-10-06 14:15:00+00:00,356.715,355.54127550886636,359.0624489822672,2023-10-06 14:30:00+00:00,359.0474489822672,2.0,target_hit_partial,ema100,train
2023-10-06 14:15:00+00:00,356.715,355.54127550886636,359.0624489822672,2023-10-09 13:30:00+00:00,362.845,5.2226907134565685,trail_exit,ema100,train
2023-10-09 15:30:00+00:00,362.775,361.6436505753026,365.0376988493947,2023-10-09 17:30:00+00:00,365.0226988493947,2.0,target_hit_partial,ema21,train
2023-10-09 15:30:00+00:00,362.775,361.6436505753026,365.0376988493947,2023-10-10 17:00:00+00:00,368.4939,5.05493694092772,trail_exit,ema21,train
2023-10-12 18:45:00+00:00,369.1144,368.1231853577635,371.096829284473,2023-10-13 13:30:00+00:00,371.08182928447303,2.0,target_hit_partial,h_ema50,train
2023-10-12 18:45:00+00:00,369.1144,368.1231853577635,371.096829284473,2023-10-13 14:15:00+00:00,369.0994,-0.015132948365392694,stop_hit,h_ema50,train
2023-10-13 17:45:00+00:00,365.235,364.1210524803263,367.4628950393475,2023-10-16 13:30:00+00:00,367.4478950393475,2.0,target_hit_partial,ema21,train
2023-10-13 17:45:00+00:00,365.235,364.1210524803263,367.4628950393475,2023-10-17 13:30:00+00:00,365.22,-0.01346562538635554,stop_hit,ema21,train
2023-10-17 14:30:00+00:00,366.885,365.65679417405545,369.3414116518891,2023-10-17 16:00:00+00:00,369.3264116518891,2.0,target_hit_partial,ema21,train
2023-10-17 14:30:00+00:00,366.885,365.65679417405545,369.3414116518891,2023-10-17 17:45:00+00:00,367.365,0.3908139742220144,trail_exit,ema21,train
2023-10-18 14:00:00+00:00,366.525,365.4706065571608,368.6337868856783,2023-10-18 14:30:00+00:00,365.4556065571608,-1.014226188622338,stop_hit,ema21,train
2023-10-18 15:30:00+00:00,365.675,364.5598649793245,367.905270041351,2023-10-18 16:45:00+00:00,364.54486497932453,-1.0134512859177358,stop_hit,ema21,train
2023-10-18 17:15:00+00:00,366.245,365.10316077379844,368.52867845240314,2023-10-18 17:30:00+00:00,365.08816077379845,-1.013136700557998,stop_hit,ema21,train
2023-10-18 18:00:00+00:00,365.275,364.09389913266585,367.6372017346682,2023-10-18 18:45:00+00:00,364.07889913266587,-1.0127000160738542,stop_hit,ema21,train
2023-10-19 14:00:00+00:00,364.115,362.953908792295,366.43718241541,2023-10-19 14:15:00+00:00,362.938908792295,-1.0129188817385286,stop_hit,ema21,train
2023-10-19 14:45:00+00:00,363.615,362.32804508625077,366.1889098274985,2023-10-19 15:15:00+00:00,362.3130450862508,-1.011655419968278,stop_hit,ema21,train
2023-10-19 17:00:00+00:00,364.04499999999996,362.4391785811987,367.2566428376025,2023-10-19 17:30:00+00:00,362.4241785811987,-1.0093410137792183,stop_hit,ema21,train
2023-10-20 17:00:00+00:00,357.34499999999997,356.04731525434903,359.94036949130185,2023-10-20 18:15:00+00:00,356.03231525434904,-1.011559047796668,stop_hit,ema100,train
2023-10-20 19:00:00+00:00,355.765,354.58240024189706,358.13019951620583,2023-10-20 19:45:00+00:00,354.5674002418971,-1.0126839193879498,stop_hit,ema100,train
2023-10-23 14:15:00+00:00,354.575,353.0294122211978,357.6661755576044,2023-10-23 16:15:00+00:00,357.6511755576044,2.0,target_hit_partial,ema100,train
2023-10-23 14:15:00+00:00,354.575,353.0294122211978,357.6661755576044,2023-10-23 19:15:00+00:00,356.435,1.2034256646629775,trail_exit,ema100,train
2023-11-09 18:00:00+00:00,373.925,373.1016378599972,375.57172428000564,2023-11-09 18:15:00+00:00,373.0866378599972,-1.018217986073461,stop_hit,h_ema21,train
2023-11-10 14:45:00+00:00,373.09499999999997,372.008184192733,375.26863161453394,2023-11-10 15:00:00+00:00,371.993184192733,-1.0138017867422326,stop_hit,h_ema21,train
2023-11-13 19:15:00+00:00,377.865,377.1856293025112,379.22374139497765,2023-11-13 20:45:00+00:00,377.1706293025112,-1.0220792566641914,stop_hit,h_ema21,train
2023-11-16 16:00:00+00:00,384.54499999999996,383.6437198704972,386.3475602590055,2023-11-16 16:30:00+00:00,383.6287198704972,-1.016642994235612,stop_hit,h_ema21,train
2023-11-16 17:00:00+00:00,384.625,383.7493908324987,386.3762183350026,2023-11-17 18:00:00+00:00,386.3612183350026,2.0,target_hit_partial,h_ema21,train
2023-11-16 17:00:00+00:00,384.625,383.7493908324987,386.3762183350026,2023-11-21 14:30:00+00:00,388.8349,4.807967020278801,trail_exit,h_ema21,train
2023-11-21 17:00:00+00:00,387.79499999999996,387.12618151637855,389.1326369672428,2023-11-22 14:30:00+00:00,389.1176369672428,2.0,target_hit_partial,h_ema50,train
2023-11-21 17:00:00+00:00,387.79499999999996,387.12618151637855,389.1326369672428,2023-11-22 14:45:00+00:00,390.485,4.0220180301158655,trail_exit,h_ema50,train
2023-11-22 17:30:00+00:00,391.005,390.13454287543476,392.74591424913046,2023-11-22 19:30:00+00:00,390.1195428754348,-1.017232324920631,stop_hit,h_ema21,train
2023-11-24 16:00:00+00:00,389.03499999999997,388.3615724258017,390.38185514839654,2023-11-27 14:30:00+00:00,388.3465724258017,-1.022274110200854,stop_hit,h_ema21,train
2023-11-28 15:45:00+00:00,390.09999999999997,389.4066985085555,391.4866029828889,2023-11-28 16:00:00+00:00,389.3916985085555,-1.0216356090172756,stop_hit,h_ema21,train
2023-11-28 18:30:00+00:00,389.10499999999996,388.3903057973215,390.5343884053569,2023-11-29 14:30:00+00:00,390.5193884053569,2.0,target_hit_partial,h_ema21,train
2023-11-28 18:30:00+00:00,389.10499999999996,388.3903057973215,390.5343884053569,2023-11-29 15:15:00+00:00,391.735,3.6798955275467526,trail_exit,h_ema21,train
2023-12-04 16:15:00+00:00,383.315,382.29815593548454,385.3486881290309,2023-12-04 17:15:00+00:00,385.3336881290309,2.0,target_hit_partial,ema21,train
2023-12-04 16:15:00+00:00,383.315,382.29815593548454,385.3486881290309,2023-12-05 17:30:00+00:00,385.639,2.2855028426678627,trail_exit,ema21,train
2023-12-07 14:45:00+00:00,388.515,387.4939831533988,390.55703369320236,2023-12-07 15:00:00+00:00,387.4789831533988,-1.0146912365353413,stop_hit,ema21,train
2023-12-07 16:45:00+00:00,389.985,388.9593328610405,392.0363342779191,2023-12-08 14:30:00+00:00,388.9443328610405,-1.0146246276498658,stop_hit,h_ema21,train
2023-12-08 16:00:00+00:00,392.35499999999996,391.3268267550471,394.4113464899057,2023-12-08 16:15:00+00:00,391.3118267550471,-1.0145889810628888,stop_hit,h_ema21,train
2023-12-11 14:45:00+00:00,393.085,392.33485231775876,394.5852953644824,2023-12-11 15:45:00+00:00,394.57029536448243,2.0,target_hit_partial,h_ema21,train
2023-12-11 14:45:00+00:00,393.085,392.33485231775876,394.5852953644824,2023-12-11 16:15:00+00:00,393.07,-0.019996062582198187,stop_hit,h_ema21,train
2023-12-12 17:30:00+00:00,396.7228,396.11102080799026,397.9463583840195,2023-12-12 19:45:00+00:00,397.9313583840195,2.0,target_hit_partial,h_ema21,train
2023-12-12 17:30:00+00:00,396.7228,396.11102080799026,397.9463583840195,2023-12-13 17:30:00+00:00,399.24,4.114556416557382,trail_exit,h_ema21,train
2023-12-18 14:45:00+00:00,405.245,404.4307967530125,406.87340649397504,2023-12-18 17:15:00+00:00,406.85840649397505,2.0,target_hit_partial,h_ema21,train
2023-12-18 14:45:00+00:00,405.245,404.4307967530125,406.87340649397504,2023-12-20 19:15:00+00:00,408.9083,4.499245137567173,trail_exit,h_ema21,train
2023-12-21 14:45:00+00:00,407.265,406.02136963260403,409.7522607347919,2023-12-21 15:00:00+00:00,406.00636963260405,-1.0120614616635608,stop_hit,h_ema21,train
2023-12-21 17:45:00+00:00,405.25,404.1737353340131,407.4025293319738,2023-12-21 20:15:00+00:00,407.38752933197384,2.0,target_hit_partial,h_ema21,train
2023-12-21 17:45:00+00:00,405.25,404.1737353340131,407.4025293319738,2023-12-22 19:15:00+00:00,406.92,1.5516629438621041,trail_exit,h_ema21,train
2024-01-09 15:00:00+00:00,402.79499999999996,401.9136724830234,404.5576550339531,2024-01-09 16:15:00+00:00,404.5426550339531,2.0,target_hit_partial,h_ema50,train
2024-01-09 15:00:00+00:00,402.79499999999996,401.9136724830234,404.5576550339531,2024-01-11 15:00:00+00:00,406.2149,3.8803962591933496,trail_exit,h_ema50,train
2024-01-11 17:15:00+00:00,405.66499999999996,404.4111636948787,408.17267261024244,2024-01-11 18:45:00+00:00,408.15767261024246,2.0,target_hit_partial,h_ema21,train
2024-01-11 17:15:00+00:00,405.66499999999996,404.4111636948787,408.17267261024244,2024-01-12 19:45:00+00:00,409.045,2.6957266958968957,trail_exit,h_ema21,train
2024-01-16 15:00:00+00:00,408.26,407.38058586836837,410.01882826326323,2024-01-16 15:15:00+00:00,410.00382826326324,2.0,target_hit_partial,h_ema21,train
2024-01-16 15:00:00+00:00,408.26,407.38058586836837,410.01882826326323,2024-01-16 17:00:00+00:00,408.245,-0.01705681027908447,stop_hit,h_ema21,train
2024-01-16 18:15:00+00:00,408.34499999999997,407.3648283309458,410.30534333810834,2024-01-16 19:00:00+00:00,407.3498283309458,-1.015303441706758,stop_hit,h_ema21,train
2024-01-17 15:15:00+00:00,404.395,403.21914237822847,406.746715243543,2024-01-17 20:45:00+00:00,406.731715243543,2.0,target_hit_partial,ema21,train
2024-01-17 15:15:00+00:00,404.395,403.21914237822847,406.746715243543,2024-01-18 18:00:00+00:00,409.735,4.541366149376948,trail_exit,ema21,train
2024-01-18 18:45:00+00:00,410.9102,409.83833309574493,413.05393380851007,2024-01-18 19:30:00+00:00,413.0389338085101,2.0,target_hit_partial,h_ema21,train
2024-01-18 18:45:00+00:00,410.9102,409.83833309574493,413.05393380851007,2024-01-22 15:30:00+00:00,422.055,10.39755958109905,trail_exit,h_ema21,train
2024-01-23 19:00:00+00:00,422.33,421.69801961351703,423.5939607729659,2024-01-23 20:45:00+00:00,423.5789607729659,2.0,target_hit_partial,h_ema21,train
2024-01-23 19:00:00+00:00,422.33,421.69801961351703,423.5939607729659,2024-01-24 19:00:00+00:00,427.095,7.539790952244354,trail_exit,h_ema21,train
2024-01-25 15:15:00+00:00,427.9765,426.84572045166846,430.23805909666305,2024-01-25 17:30:00+00:00,426.83072045166847,-1.013265185085916,stop_hit,h_ema21,train
2024-01-29 14:45:00+00:00,424.79499999999996,423.73000833756316,426.92498332487355,2024-01-29 16:00:00+00:00,423.7150083375632,-1.014084617306454,stop_hit,h_ema21,train
2024-01-29 16:30:00+00:00,424.555,423.60325268601855,426.4584946279629,2024-01-29 20:00:00+00:00,426.44349462796293,2.0,target_hit_partial,h_ema21,train
2024-01-29 16:30:00+00:00,424.555,423.60325268601855,426.4584946279629,2024-01-30 16:00:00+00:00,426.475,2.0173421787428585,trail_exit,h_ema21,train
2024-01-30 16:30:00+00:00,426.685,425.9678075724409,428.1193848551182,2024-01-30 17:15:00+00:00,425.9528075724409,-1.0209148889804058,stop_hit,h_ema21,train
2024-01-30 18:15:00+00:00,425.115,424.4461477464542,426.45270450709165,2024-01-30 19:00:00+00:00,424.4311477464542,-1.0224264774775984,stop_hit,h_ema21,train
2024-01-31 19:00:00+00:00,420.565,419.8113701866632,422.07225962667354,2024-01-31 19:15:00+00:00,419.79637018666324,-1.019903671185157,stop_hit,h_ema21,train
2024-02-01 14:45:00+00:00,419.365,417.92294428906797,422.2491114218641,2024-02-01 15:00:00+00:00,417.907944289068,-1.0104018172711868,stop_hit,ema21,train
2024-02-05 16:15:00+00:00,426.565,425.46104282457793,428.77291435084413,2024-02-05 17:30:00+00:00,428.75791435084415,2.0,target_hit_partial,h_ema21,train
2024-02-05 16:15:00+00:00,426.565,425.46104282457793,428.77291435084413,2024-02-06 14:45:00+00:00,427.45500000000004,0.8061906927320586,trail_exit,h_ema21,train
2024-02-06 15:45:00+00:00,426.985,425.96652815514017,429.0219436897197,2024-02-06 16:45:00+00:00,425.9515281551402,-1.0147279476361475,stop_hit,h_ema21,train
2024-02-06 17:30:00+00:00,426.265,425.2872113673841,428.2205772652318,2024-02-06 19:15:00+00:00,425.2722113673841,-1.0153407387850855,stop_hit,h_ema21,train
2024-02-07 18:00:00+00:00,431.505,430.532320309848,433.450359380304,2024-02-08 15:45:00+00:00,433.435359380304,2.0,target_hit_partial,h_ema21,train
2024-02-07 18:00:00+00:00,431.505,430.532320309848,433.450359380304,2024-02-12 18:15:00+00:00,437.5351,6.199471481775925,trail_exit,h_ema21,train
2024-02-12 19:00:00+00:00,436.72499999999997,436.02831302980735,438.1183739403852,2024-02-12 19:15:00+00:00,436.01331302980736,-1.021530472998281,stop_hit,h_ema21,train
2024-02-13 16:45:00+00:00,430.58,429.2785608263136,433.18287834737276,2024-02-13 17:00:00+00:00,429.2635608263136,-1.0115257019331132,stop_hit,h_ema200,train
2024-02-15 15:15:00+00:00,433.185,432.11687705463424,435.3212458907315,2024-02-15 15:30:00+00:00,432.10187705463426,-1.014043327189128,stop_hit,h_ema21,train
2024-02-15 18:15:00+00:00,433.935,432.98167265248327,435.84165469503347,2024-02-16 14:45:00+00:00,432.9666726524833,-1.0157343645276296,stop_hit,h_ema21,train
2024-02-16 15:45:00+00:00,431.925,430.8152743532051,434.14445129358984,2024-02-16 19:00:00+00:00,434.12945129358985,2.0,target_hit_partial,h_ema21,train
2024-02-16 15:45:00+00:00,431.925,430.8152743532051,434.14445129358984,2024-02-16 19:45:00+00:00,431.91,-0.013516854407491655,stop_hit,h_ema21,train
2024-02-20 15:45:00+00:00,425.275,424.053917474945,427.7171650501099,2024-02-20 17:00:00+00:00,424.03891747494504,-1.0122841820206308,stop_hit,ema21,train
2024-02-20 18:45:00+00:00,424.97499999999997,423.90507659608465,427.1148468078306,2024-02-20 20:45:00+00:00,427.0998468078306,2.0,target_hit_partial,ema21,train
2024-02-20 18:45:00+00:00,424.97499999999997,423.90507659608465,427.1148468078306,2024-03-08 16:00:00+00:00,445.055,18.767698628255687,trail_exit,ema21,train
2024-03-08 17:30:00+00:00,442.685,441.23294930548917,445.58910138902166,2024-03-08 17:45:00+00:00,441.2179493054892,-1.0103302178475522,stop_hit,h_ema21,train
2024-03-11 15:00:00+00:00,438.115,436.58495161461616,441.1750967707677,2024-03-11 15:15:00+00:00,436.5699516146162,-1.0098036115349536,stop_hit,h_ema21,train
2024-03-11 16:00:00+00:00,438.065,436.6183764073577,440.9582471852846,2024-03-12 13:30:00+00:00,437.115,-0.6567015807234132,trail_exit,h_ema21,train
2024-03-13 14:30:00+00:00,440.60499999999996,439.50173184074146,442.81153631851697,2024-03-13 15:30:00+00:00,439.48673184074147,-1.0135959692791894,stop_hit,h_ema21,train
2024-03-13 16:00:00+00:00,440.405,439.25197246011936,442.7110550797612,2024-03-13 19:15:00+00:00,439.2369724601194,-1.0130092295987478,stop_hit,h_ema21,train
2024-03-14 14:15:00+00:00,439.985,438.71401285319615,442.52697429360774,2024-03-14 16:00:00+00:00,438.69901285319617,-1.0118018502686725,stop_hit,h_ema21,train
2024-03-14 17:45:00+00:00,438.585,437.47268322160784,440.80963355678426,2024-03-14 19:00:00+00:00,437.45768322160785,-1.013485367020777,stop_hit,h_ema21,train
2024-03-15 14:45:00+00:00,435.905,434.43562905301764,438.84374189396465,2024-03-15 15:30:00+00:00,434.42062905301765,-1.010208450106348,stop_hit,ema21,train
2024-03-15 18:00:00+00:00,434.54499999999996,433.41053716266083,436.8139256746782,2024-03-15 18:15:00+00:00,436.79892567467823,2.0,target_hit_partial,ema21,train
2024-03-15 18:00:00+00:00,434.54499999999996,433.41053716266083,436.8139256746782,2024-03-15 18:15:00+00:00,433.915,-0.5553289003962415,trail_exit,ema21,train
2024-03-15 18:45:00+00:00,434.825,433.4330448784132,437.6089102431735,2024-03-18 13:30:00+00:00,437.5939102431735,2.0,target_hit_partial,ema21,train
2024-03-15 18:45:00+00:00,434.825,433.4330448784132,437.6089102431735,2024-03-18 16:45:00+00:00,437.90500000000003,2.212715016622799,trail_exit,ema21,train
2024-03-19 14:45:00+00:00,435.205,433.99389299562324,437.62721400875347,2024-03-19 16:30:00+00:00,437.6122140087535,2.0,target_hit_partial,ema21,train
2024-03-19 14:45:00+00:00,435.205,433.99389299562324,437.62721400875347,2024-03-21 18:00:00+00:00,446.725,9.511958859430788,trail_exit,ema21,train
2024-03-21 18:30:00+00:00,447.205,446.14007434546477,449.3348513090704,2024-03-21 18:45:00+00:00,446.1250743454648,-1.0140854903214187,stop_hit,h_ema21,train
2024-03-21 19:15:00+00:00,446.505,445.4349665951116,448.64506680977684,2024-03-22 13:30:00+00:00,445.4199665951116,-1.0140182539455864,stop_hit,h_ema21,train
2024-03-22 14:00:00+00:00,445.215,444.1882742068014,447.26845158639713,2024-03-22 17:45:00+00:00,447.25345158639715,2.0,target_hit_partial,h_ema21,train
2024-03-22 14:00:00+00:00,445.215,444.1882742068014,447.26845158639713,2024-03-25 13:30:00+00:00,445.2,-0.01460954823512961,stop_hit,h_ema21,train
2024-03-25 14:00:00+00:00,444.065,443.0779684446213,446.03906311075735,2024-03-25 18:00:00+00:00,446.02406311075737,2.0,target_hit_partial,h_ema21,train
2024-03-25 14:00:00+00:00,444.065,443.0779684446213,446.03906311075735,2024-03-26 17:30:00+00:00,445.58500000000004,1.5399710290081712,trail_exit,h_ema21,train
2024-03-26 18:15:00+00:00,445.775,445.18503730161035,446.95492539677923,2024-03-26 19:15:00+00:00,445.17003730161036,-1.0254253362813117,stop_hit,h_ema21,train
2024-03-27 13:45:00+00:00,444.655,443.8059633070348,446.3530733859303,2024-03-27 14:00:00+00:00,443.7909633070348,-1.0176670809686688,stop_hit,h_ema21,train
2024-03-27 15:15:00+00:00,442.935,442.0205952078674,444.7638095842652,2024-03-27 19:45:00+00:00,444.7488095842652,2.0,target_hit_partial,h_ema21,train
2024-03-27 15:15:00+00:00,442.935,442.0205952078674,444.7638095842652,2024-03-28 18:30:00+00:00,443.805,0.9514385833116421,trail_exit,h_ema21,train
2024-04-01 16:15:00+00:00,444.325,443.3019904332504,446.37101913349915,2024-04-01 17:15:00+00:00,443.2869904332504,-1.014662619478375,stop_hit,h_ema21,train
2024-04-01 17:45:00+00:00,444.205,443.330833020272,445.95333395945596,2024-04-02 13:30:00+00:00,443.315833020272,-1.0171591930922097,stop_hit,h_ema21,train
2024-04-02 15:15:00+00:00,439.395,438.2952350005027,441.5945299989945,2024-04-03 13:30:00+00:00,439.375,-0.01818570331764,trail_exit,ema21,train
2024-04-03 16:30:00+00:00,443.425,442.6208315265554,445.0333369468893,2024-04-03 18:45:00+00:00,442.6058315265554,-1.0186528078323367,stop_hit,ema21,train
2024-04-05 14:15:00+00:00,439.265,437.9096844648385,441.97563107032295,2024-04-05 15:45:00+00:00,441.96063107032296,2.0,target_hit_partial,ema21,train
2024-04-05 14:15:00+00:00,439.265,437.9096844648385,441.97563107032295,2024-04-08 13:30:00+00:00,439.25,-0.011067533434713539,stop_hit,ema21,train
2024-04-09 15:30:00+00:00,438.995,437.8425455785371,441.2999088429258,2024-04-09 19:15:00+00:00,441.2849088429258,2.0,target_hit_partial,ema21,train
2024-04-09 15:30:00+00:00,438.995,437.8425455785371,441.2999088429258,2024-04-10 13:30:00+00:00,438.98,-0.01301569912061754,stop_hit,ema21,train
2024-04-10 14:45:00+00:00,438.405,436.95567158230506,441.3036568353898,2024-04-10 15:00:00+00:00,436.9406715823051,-1.0103496211188925,stop_hit,ema21,train
2024-04-10 15:30:00+00:00,438.04499999999996,436.6422396014301,440.85052079713967,2024-04-10 17:00:00+00:00,436.6272396014301,-1.010693201786477,stop_hit,ema21,train
2024-04-10 19:15:00+00:00,438.005,436.58971618194244,440.8355676361151,2024-04-11 15:45:00+00:00,440.82056763611513,2.0,target_hit_partial,ema21,train
2024-04-10 19:15:00+00:00,438.005,436.58971618194244,440.8355676361151,2024-04-12 13:30:00+00:00,441.58500000000004,2.529527967693079,trail_exit,ema21,train
2024-04-12 15:30:00+00:00,440.395,439.1447049343084,442.8955901313832,2024-04-12 16:15:00+00:00,439.1297049343084,-1.0119971680378417,stop_hit,ema21,train
2024-04-15 16:00:00+00:00,439.09499999999997,437.840092568692,441.6048148626159,2024-04-15 16:15:00+00:00,437.825092568692,-1.011953072892677,stop_hit,ema21,train
2024-04-16 14:00:00+00:00,431.615,430.31074827007075,434.22350345985853,2024-04-16 14:30:00+00:00,430.29574827007076,-1.0115008473102043,stop_hit,ema50,train
2024-04-16 15:30:00+00:00,431.945,430.7048920533366,434.42521589332677,2024-04-16 17:30:00+00:00,430.6898920533366,-1.012095721215516,stop_hit,ema50,train
2024-04-16 18:45:00+00:00,431.735,430.3678135828549,434.4693728342902,2024-04-17 14:00:00+00:00,430.35281358285494,-1.0109714372611371,stop_hit,ema50,train
2024-04-17 18:00:00+00:00,427.925,426.64228069427685,430.49043861144634,2024-04-17 18:30:00+00:00,426.62728069427686,-1.011693906790878,stop_hit,donchian_low,train
2024-04-18 14:15:00+00:00,425.905,424.4091720108194,428.8966559783611,2024-04-18 16:45:00+00:00,424.95500000000004,-0.6350997620524278,trail_exit,donchian_low,train
2024-04-18 18:30:00+00:00,423.835,422.66281583005434,426.17936833989125,2024-04-19 13:30:00+00:00,422.64781583005436,-1.0127966239304205,stop_hit,donchian_low,train
2024-05-06 13:45:00+00:00,437.59499999999997,434.6228748944252,443.5392502111495,2024-05-07 18:15:00+00:00,440.055,0.8276905959933675,trail_exit,ema21,train
2024-05-08 14:00:00+00:00,439.72499999999997,438.88391424394814,441.4071715121036,2024-05-08 14:45:00+00:00,441.39217151210363,2.0,target_hit_partial,ema21,train
2024-05-08 14:00:00+00:00,439.72499999999997,438.88391424394814,441.4071715121036,2024-05-08 15:45:00+00:00,439.71,-0.01783409110433455,stop_hit,ema21,train
2024-05-08 17:45:00+00:00,439.655,438.9418583510729,441.08128329785416,2024-05-09 13:30:00+00:00,438.9268583510729,-1.021033689481681,stop_hit,ema21,train
2024-05-09 14:00:00+00:00,439.685,438.9684449667809,441.1181100664382,2024-05-09 14:45:00+00:00,441.1031100664382,2.0,target_hit_partial,ema21,train
2024-05-09 14:00:00+00:00,439.685,438.9684449667809,441.1181100664382,2024-05-10 14:15:00+00:00,441.505,2.5399305226058027,trail_exit,ema21,train
2024-05-14 13:45:00+00:00,443.575,443.00857446683654,444.7078510663269,2024-05-14 14:00:00+00:00,442.99357446683655,-1.026481857052263,stop_hit,h_ema21,train
2024-05-14 17:00:00+00:00,443.705,442.991398319443,445.1322033611139,2024-05-14 18:00:00+00:00,445.1172033611139,2.0,target_hit_partial,h_ema21,train
2024-05-14 17:00:00+00:00,443.705,442.991398319443,445.1322033611139,2024-05-16 18:00:00+00:00,452.375,12.14963506424638,trail_exit,h_ema21,train
2024-05-17 14:30:00+00:00,452.445,451.7274007366371,453.8801985267258,2024-05-17 15:00:00+00:00,451.7124007366371,-1.0209030314909906,stop_hit,h_ema21,train
2024-05-17 16:00:00+00:00,452.175,451.49911567023605,453.52676865952793,2024-05-17 16:30:00+00:00,451.48411567023606,-1.022193146577647,stop_hit,h_ema21,train
2024-05-17 17:00:00+00:00,451.84499999999997,451.19383610104154,453.14732779791683,2024-05-17 17:15:00+00:00,451.17883610104155,-1.0230356750796223,stop_hit,h_ema21,train
2024-05-17 17:45:00+00:00,451.53499999999997,450.9282335692377,452.7485328615245,2024-05-17 18:00:00+00:00,450.9132335692377,-1.0247212094135503,stop_hit,h_ema21,train
2024-05-17 19:00:00+00:00,451.315,450.6414136253179,452.6621727493642,2024-05-20 13:30:00+00:00,452.6471727493642,2.0,target_hit_partial,h_ema21,train
2024-05-17 19:00:00+00:00,451.315,450.6414136253179,452.6621727493642,2024-05-21 13:30:00+00:00,453.485,3.2215616015454414,trail_exit,h_ema21,train
2024-05-21 16:15:00+00:00,454.91499999999996,454.2839276086967,456.17714478260655,2024-05-21 17:00:00+00:00,454.2689276086967,-1.0237690639088304,stop_hit,h_ema21,train
2024-05-21 17:30:00+00:00,454.78499999999997,454.2080322905185,455.93893541896296,2024-05-21 19:45:00+00:00,455.92393541896297,2.0,target_hit_partial,h_ema21,train
2024-05-21 17:30:00+00:00,454.78499999999997,454.2080322905185,455.93893541896296,2024-05-22 17:30:00+00:00,454.77,-0.025997988714942948,stop_hit,h_ema21,train
2024-05-22 18:00:00+00:00,455.195,454.62805181210115,456.3288963757977,2024-05-22 18:15:00+00:00,454.61305181210116,-1.0264574441195016,stop_hit,h_ema21,train
2024-05-23 16:30:00+00:00,459.16499999999996,458.00430276641566,461.48639446716857,2024-05-23 16:45:00+00:00,457.9893027664157,-1.0129232667796282,stop_hit,h_ema21,train
2024-05-24 15:00:00+00:00,457.695,456.521484758331,460.042030483338,2024-05-24 17:00:00+00:00,456.506484758331,-1.0127821092282132,stop_hit,h_ema21,train
2024-05-24 18:00:00+00:00,458.685,457.56485594419155,460.9252881116169,2024-05-24 19:00:00+00:00,457.54985594419156,-1.0133911347582523,stop_hit,h_ema21,train
2024-05-28 14:15:00+00:00,458.195,457.2207589136106,460.14348217277876,2024-05-28 18:30:00+00:00,457.2057589136106,-1.0153965996810683,stop_hit,h_ema21,train
2024-05-28 19:00:00+00:00,457.885,457.01978670324723,459.6154265935055,2024-05-28 19:45:00+00:00,459.6004265935055,2.0,target_hit_partial,h_ema21,train
2024-05-28 19:00:00+00:00,457.885,457.01978670324723,459.6154265935055,2024-05-29 13:30:00+00:00,457.87,-0.017336765461514587,stop_hit,h_ema21,train
2024-05-29 14:00:00+00:00,457.055,455.8683571345318,459.42828573093647,2024-05-30 13:30:00+00:00,455.8533571345318,-1.0126407029751683,stop_hit,h_ema21,train
2024-05-30 17:15:00+00:00,454.385,453.5268855782089,456.10122884358213,2024-05-30 18:00:00+00:00,453.51188557820893,-1.0174801863470353,stop_hit,h_ema21,train
2024-05-31 16:45:00+00:00,444.265,443.1359078275426,446.52318434491474,2024-05-31 19:00:00+00:00,446.50818434491475,2.0,target_hit_partial,ema50,train
2024-05-31 16:45:00+00:00,444.265,443.1359078275426,446.52318434491474,2024-06-03 14:45:00+00:00,451.58500000000004,6.483084533363358,trail_exit,ema50,train
2024-06-03 19:15:00+00:00,451.185,449.90671455846956,453.7415708830609,2024-06-04 18:15:00+00:00,453.7265708830609,2.0,target_hit_partial,ema21,train
2024-06-03 19:15:00+00:00,451.185,449.90671455846956,453.7415708830609,2024-06-07 13:30:00+00:00,462.545,8.886903997278663,trail_exit,ema21,train
2024-06-07 16:00:00+00:00,464.055,463.0637640415588,466.03747191688245,2024-06-07 18:00:00+00:00,463.0487640415588,-1.0151326229362934,stop_hit,h_ema21,train
2024-06-07 18:30:00+00:00,463.065,461.9999235284106,465.1951529431788,2024-06-07 19:15:00+00:00,461.9849235284106,-1.0140834957865532,stop_hit,h_ema21,train
2024-06-10 14:15:00+00:00,462.155,461.1478854122768,464.1692291754463,2024-06-10 15:15:00+00:00,464.1542291754463,2.0,target_hit_partial,h_ema21,train
2024-06-10 14:15:00+00:00,462.155,461.1478854122768,464.1692291754463,2024-06-11 13:45:00+00:00,462.14,-0.01489403508085194,stop_hit,h_ema21,train
2024-06-11 14:15:00+00:00,463.565,462.64299973428416,465.4090005314317,2024-06-11 14:45:00+00:00,465.3940005314317,2.0,target_hit_partial,h_ema21,train
2024-06-11 14:15:00+00:00,463.565,462.64299973428416,465.4090005314317,2024-06-12 19:15:00+00:00,473.495,10.77006197204335,trail_exit,h_ema21,train
2024-06-13 17:15:00+00:00,476.175,475.0069916387436,478.5110167225128,2024-06-14 17:15:00+00:00,478.4960167225128,2.0,target_hit_partial,h_ema21,train
2024-06-13 17:15:00+00:00,476.175,475.0069916387436,478.5110167225128,2024-06-18 13:45:00+00:00,484.695,7.2944683296917745,trail_exit,h_ema21,train
2024-06-18 17:30:00+00:00,485.585,484.85592356513536,487.0431528697292,2024-06-18 18:00:00+00:00,484.84092356513537,-1.02057397452816,stop_hit,h_ema21,train
2024-07-05 14:30:00+00:00,493.715,492.4623327951689,496.22033440966214,2024-07-05 17:30:00+00:00,496.20533440966216,2.0,target_hit_partial,h_ema21,train
2024-07-05 14:30:00+00:00,493.715,492.4623327951689,496.22033440966214,2024-07-09 16:30:00+00:00,497.65500000000003,3.145288696634589,trail_exit,h_ema21,train
2024-07-10 14:00:00+00:00,499.895,499.0836970096784,501.5176059806431,2024-07-10 14:45:00+00:00,499.06869700967843,-1.0184887769167978,stop_hit,h_ema21,train
2024-07-10 15:30:00+00:00,499.625,498.78138692538147,501.31222614923706,2024-07-10 16:30:00+00:00,501.2972261492371,2.0,target_hit_partial,h_ema21,train
2024-07-10 15:30:00+00:00,499.625,498.78138692538147,501.31222614923706,2024-07-11 14:00:00+00:00,499.755,0.15409908157099086,trail_exit,h_ema21,train
2024-07-12 14:00:00+00:00,494.925,493.60083870546464,497.57332258907076,2024-07-12 14:45:00+00:00,497.55832258907077,2.0,target_hit_partial,h_ema21,train
2024-07-12 14:00:00+00:00,494.925,493.60083870546464,497.57332258907076,2024-07-12 19:30:00+00:00,495.615,0.5210845558222634,trail_exit,h_ema21,train
2024-07-15 13:45:00+00:00,496.335,495.0242380177488,498.9565239645023,2024-07-15 14:30:00+00:00,498.9415239645023,2.0,target_hit_partial,h_ema21,train
2024-07-15 13:45:00+00:00,496.335,495.0242380177488,498.9565239645023,2024-07-15 16:00:00+00:00,497.175,0.6408486142979031,trail_exit,h_ema21,train
2024-07-15 18:30:00+00:00,496.385,495.17537377394325,498.8042524521135,2024-07-15 19:45:00+00:00,495.16037377394326,-1.012400524787632,stop_hit,h_ema21,train
2024-07-16 14:45:00+00:00,495.385,493.9288331462924,498.2973337074152,2024-07-16 16:00:00+00:00,493.9138331462924,-1.0103010173331404,stop_hit,h_ema21,train
2024-07-16 17:00:00+00:00,495.09499999999997,493.70017301628815,497.8846539674236,2024-07-16 18:15:00+00:00,493.68517301628816,-1.0107540219504998,stop_hit,h_ema21,train
2024-07-17 17:00:00+00:00,483.505,482.0803557495589,486.35428850088215,2024-07-17 19:00:00+00:00,482.06535574955893,-1.0105289443279206,stop_hit,ema21,train
2024-07-18 14:00:00+00:00,483.685,482.2165886201476,486.6218227597048,2024-07-18 14:30:00+00:00,482.2015886201476,-1.0102151210524493,stop_hit,ema21,train
2024-07-18 16:45:00+00:00,479.525,477.7740218279717,483.02695634405654,2024-07-18 18:30:00+00:00,477.7590218279717,-1.0085666402012372,stop_hit,ema21,train
2024-07-19 13:45:00+00:00,479.925,478.1231818685352,483.52863626292964,2024-07-19 14:15:00+00:00,478.1081818685352,-1.0083249245515096,stop_hit,ema21,train
2024-07-19 15:00:00+00:00,478.145,476.3461155889548,481.7427688220904,2024-07-19 15:15:00+00:00,476.3311155889548,-1.0083385012999646,stop_hit,ema21,train
2024-07-19 16:00:00+00:00,477.84499999999997,476.00863838859163,481.51772322281664,2024-07-19 16:15:00+00:00,475.99363838859165,-1.0081683258388758,stop_hit,ema21,train
2024-07-19 19:00:00+00:00,475.565,474.117700261315,478.45959947737,2024-07-22 13:30:00+00:00,478.44459947737,2.0,target_hit_partial,h_ema21,train
2024-07-19 19:00:00+00:00,475.565,474.117700261315,478.45959947737,2024-07-23 17:00:00+00:00,480.90500000000003,3.6896296304536977,trail_exit,h_ema21,train
2024-07-23 18:00:00+00:00,481.97499999999997,480.7767799820205,484.37144003595887,2024-07-23 19:30:00+00:00,480.7617799820205,-1.0125185690231422,stop_hit,ema21,train
2024-07-25 14:30:00+00:00,460.385,458.45499080506625,464.2450183898675,2024-07-25 15:00:00+00:00,464.2300183898675,2.0,target_hit_partial,ema50,train
2024-07-25 14:30:00+00:00,460.385,458.45499080506625,464.2450183898675,2024-07-25 18:30:00+00:00,462.95500000000004,1.3315998735893455,trail_exit,ema50,train
2024-07-26 13:45:00+00:00,462.125,459.9560366731182,466.4629266537636,2024-07-26 14:00:00+00:00,459.9410366731182,-1.0069157462526355,stop_hit,ema50,train
2024-07-26 15:45:00+00:00,462.675,460.6003453092216,466.8243093815568,2024-07-26 19:00:00+00:00,461.875,-0.3856063389998914,trail_exit,ema50,train
2024-07-29 16:45:00+00:00,466.445,464.6806419475633,469.9737161048734,2024-07-29 18:00:00+00:00,464.6656419475633,-1.008501675711044,stop_hit,ema50,train
2024-07-30 18:15:00+00:00,457.885,456.40807042546345,460.8388591490731,2024-07-31 13:30:00+00:00,460.8238591490731,2.0,target_hit_partial,donchian_low,train
2024-07-30 18:15:00+00:00,457.885,456.40807042546345,460.8388591490731,2024-08-01 14:15:00+00:00,469.855,8.104651844185732,trail_exit,donchian_low,train
2024-08-01 18:00:00+00:00,459.615,457.5486179845446,463.74776403091084,2024-08-01 18:15:00+00:00,457.5336179845446,-1.007259064339408,stop_hit,ema50,train
2024-08-01 19:15:00+00:00,457.515,455.57674007172517,461.3915198565496,2024-08-02 13:30:00+00:00,455.5617400717252,-1.0077389001243695,stop_hit,donchian_low,train
2024-08-02 15:15:00+00:00,446.335,443.4538927130568,452.09721457388633,2024-08-05 13:30:00+00:00,443.4388927130568,-1.0052063316308852,stop_hit,ema100,train
2024-08-05 18:30:00+00:00,436.175,432.95999849240275,442.60500301519454,2024-08-05 18:45:00+00:00,432.94499849240276,-1.0046656276721926,stop_hit,h_ema21,train
2024-08-06 14:00:00+00:00,438.79499999999996,435.56267949623657,445.25964100752674,2024-08-06 16:45:00+00:00,445.24464100752675,2.0,target_hit_partial,h_ema21,train
2024-08-06 14:00:00+00:00,438.79499999999996,435.56267949623657,445.25964100752674,2024-08-06 19:45:00+00:00,439.58500000000004,0.2444064563152944,trail_exit,h_ema21,train
2024-08-07 19:15:00+00:00,437.645,434.78727565495365,443.36044869009265,2024-08-07 19:45:00+00:00,434.77227565495366,-1.005248931733387,stop_hit,ema100,train
2024-08-08 13:45:00+00:00,438.885,435.8680165811415,444.918966837717,2024-08-08 14:15:00+00:00,444.903966837717,2.0,target_hit_partial,h_ema21,train
2024-08-08 13:45:00+00:00,438.885,435.8680165811415,444.918966837717,2024-08-12 19:00:00+00:00,450.815,3.9542809302259316,trail_exit,h_ema21,train
2024-08-15 14:30:00+00:00,471.755,470.0497187551681,475.1655624896638,2024-08-16 16:00:00+00:00,475.1505624896638,2.0,target_hit_partial,ema21,train
2024-08-15 14:30:00+00:00,471.755,470.0497187551681,475.1655624896638,2024-09-03 13:30:00+00:00,471.74,-0.008796202999033774,stop_hit,ema21,train
2024-09-03 17:30:00+00:00,465.765,464.53660250920535,468.22179498158926,2024-09-03 17:45:00+00:00,464.52160250920537,-1.0122110311299017,stop_hit,ema21,train
2024-09-04 14:45:00+00:00,463.145,461.4840730835662,466.4668538328675,2024-09-04 15:30:00+00:00,461.46907308356623,-1.0090311017610536,stop_hit,ema21,train
2024-09-04 16:00:00+00:00,461.865,460.2674808718402,465.0600382563197,2024-09-04 18:45:00+00:00,460.2524808718402,-1.0093895589327089,stop_hit,ema21,train
2024-09-05 13:45:00+00:00,461.645,460.15839786989204,464.61820426021586,2024-09-05 14:00:00+00:00,464.6032042602159,2.0,target_hit_partial,ema21,train
2024-09-05 13:45:00+00:00,461.645,460.15839786989204,464.61820426021586,2024-09-05 14:45:00+00:00,461.63,-0.010090124113368,stop_hit,ema21,train
2024-09-05 16:15:00+00:00,459.125,457.3923892781087,462.59022144378264,2024-09-05 18:45:00+00:00,462.57522144378265,2.0,target_hit_partial,ema21,train
2024-09-05 16:15:00+00:00,459.125,457.3923892781087,462.59022144378264,2024-09-06 13:30:00+00:00,459.11,-0.008657455370940072,stop_hit,ema21,train
2024-09-06 15:15:00+00:00,451.09499999999997,449.0819272854228,455.1211454291543,2024-09-06 15:45:00+00:00,449.0669272854228,-1.0074512956692363,stop_hit,ema21,train
2024-09-06 17:15:00+00:00,450.255,448.5305595760242,453.7038808479516,2024-09-06 17:45:00+00:00,448.5155595760242,-1.0086984738883602,stop_hit,ema100,train
2024-09-09 13:45:00+00:00,453.60499999999996,451.89974527342133,457.0155094531572,2024-09-09 14:30:00+00:00,451.88474527342134,-1.0087963397879458,stop_hit,ema100,train
2024-09-09 15:30:00+00:00,451.615,449.92185623655917,455.0012875268817,2024-09-09 16:45:00+00:00,454.9862875268817,2.0,target_hit_partial,ema100,train
2024-09-09 15:30:00+00:00,451.615,449.92185623655917,455.0012875268817,2024-09-09 18:15:00+00:00,452.265,0.38390124573889284,trail_exit,ema100,train
2024-09-09 18:45:00+00:00,452.555,451.30156479741436,455.0618704051713,2024-09-10 13:30:00+00:00,455.0468704051713,2.0,target_hit_partial,ema100,train
2024-09-09 18:45:00+00:00,452.555,451.30156479741436,455.0618704051713,2024-09-10 15:45:00+00:00,453.02500000000003,0.37496952298011704,trail_exit,ema100,train
2024-09-10 16:30:00+00:00,453.425,451.86827855359854,456.53844289280295,2024-09-10 17:15:00+00:00,456.52344289280296,2.0,target_hit_partial,ema21,train
2024-09-10 16:30:00+00:00,453.425,451.86827855359854,456.53844289280295,2024-09-11 14:00:00+00:00,454.83500000000004,0.9057497108807707,trail_exit,ema21,train
2024-09-11 15:15:00+00:00,454.675,453.1414728637855,457.742054272429,2024-09-11 15:45:00+00:00,457.72705427242903,2.0,target_hit_partial,ema21,train
2024-09-11 15:15:00+00:00,454.675,453.1414728637855,457.742054272429,2024-09-16 13:30:00+00:00,471.855,11.202931851867115,trail_exit,ema21,train
2024-09-16 14:00:00+00:00,473.03499999999997,471.7190458824939,475.6669082350121,2024-09-16 14:15:00+00:00,471.7040458824939,-1.0113985737043885,stop_hit,h_ema21,train
2024-09-16 15:15:00+00:00,471.735,470.28350130869734,474.63799738260536,2024-09-16 16:15:00+00:00,470.26850130869735,-1.0103341464169866,stop_hit,h_ema21,train
2024-09-16 17:00:00+00:00,472.005,470.6861197646301,474.64276047073974,2024-09-17 13:30:00+00:00,474.62776047073976,2.0,target_hit_partial,h_ema21,train
2024-09-16 17:00:00+00:00,472.005,470.6861197646301,474.64276047073974,2024-09-17 16:15:00+00:00,473.765,1.3344653690305746,trail_exit,h_ema21,train
2024-09-17 17:15:00+00:00,472.72499999999997,471.39859459014053,475.37781081971883,2024-09-17 17:45:00+00:00,471.38359459014055,-1.0113087596661536,stop_hit,h_ema21,train
2024-09-17 18:30:00+00:00,473.055,471.69063414082876,475.7837317183425,2024-09-18 15:45:00+00:00,471.6756341408288,-1.0109941185490363,stop_hit,h_ema21,train
2024-09-18 16:15:00+00:00,472.485,471.289098863007,474.8768022739861,2024-09-18 18:00:00+00:00,474.8618022739861,2.0,target_hit_partial,h_ema21,train
2024-09-18 16:15:00+00:00,472.485,471.289098863007,474.8768022739861,2024-09-18 18:00:00+00:00,474.70500000000004,1.8563407386516826,trail_exit,h_ema21,train
2024-09-19 13:45:00+00:00,482.09499999999997,479.3178193485616,487.6493613028767,2024-09-20 13:30:00+00:00,482.71500000000003,0.22324799061197229,trail_exit,h_ema21,train
2024-09-20 14:30:00+00:00,481.695,480.3324161651264,484.4201676697472,2024-09-20 14:45:00+00:00,480.3174161651264,-1.0110084969570903,stop_hit,h_ema21,train
2024-09-20 15:45:00+00:00,481.10499999999996,479.69352942635186,483.92794114729617,2024-09-23 14:15:00+00:00,483.9129411472962,2.0,target_hit_partial,h_ema50,train
2024-09-20 15:45:00+00:00,481.10499999999996,479.69352942635186,483.92794114729617,2024-09-24 14:00:00+00:00,481.09,-0.010627214112737177,stop_hit,h_ema50,train
2024-09-24 15:00:00+00:00,483.04499999999996,481.89667058347567,485.34165883304854,2024-09-24 15:45:00+00:00,485.32665883304855,2.0,target_hit_partial,h_ema21,train
2024-09-24 15:00:00+00:00,483.04499999999996,481.89667058347567,485.34165883304854,2024-09-25 16:45:00+00:00,485.565,2.1944922456375413,trail_exit,h_ema21,train
2024-09-25 17:30:00+00:00,485.66499999999996,484.7992985238263,487.39640295234733,2024-09-25 17:45:00+00:00,484.7842985238263,-1.0173269890520285,stop_hit,h_ema21,train
2024-09-26 15:45:00+00:00,487.885,486.37675833997923,490.9014833200415,2024-09-26 17:15:00+00:00,486.36175833997925,-1.0099453558389178,stop_hit,h_ema21,train
2024-09-27 16:30:00+00:00,487.485,486.3664979777115,489.72200404457703,2024-09-27 18:15:00+00:00,486.3514979777115,-1.0134107938126886,stop_hit,h_ema21,train
2024-09-27 18:45:00+00:00,486.53499999999997,485.51836750911116,488.5682649817776,2024-09-30 14:00:00+00:00,485.5033675091112,-1.0147545943439917,stop_hit,h_ema21,train
2024-09-30 14:30:00+00:00,485.965,484.8553397475922,488.1843205048155,2024-09-30 18:15:00+00:00,484.8403397475922,-1.0135176509814054,stop_hit,h_ema21,train
2024-09-30 18:45:00+00:00,485.305,484.1252663828917,487.6644672342166,2024-09-30 19:45:00+00:00,487.6494672342166,2.0,target_hit_partial,h_ema21,train
2024-09-30 18:45:00+00:00,485.305,484.1252663828917,487.6644672342166,2024-10-01 13:30:00+00:00,485.29,-0.012714734735417295,stop_hit,h_ema21,train
2024-10-01 14:45:00+00:00,480.455,478.6622593136602,484.0404813726796,2024-10-01 15:00:00+00:00,478.6472593136602,-1.0083670773549585,stop_hit,ema21,train
2024-10-01 15:45:00+00:00,480.675,478.85878262331966,484.3074347533607,2024-10-01 16:45:00+00:00,478.84378262331967,-1.0082589232944148,stop_hit,ema21,train
2024-10-01 17:45:00+00:00,480.10499999999996,478.3745822765796,483.5658354468407,2024-10-01 18:30:00+00:00,483.5508354468407,2.0,target_hit_partial,ema21,train
2024-10-01 17:45:00+00:00,480.10499999999996,478.3745822765796,483.5658354468407,2024-10-02 13:30:00+00:00,480.09,-0.008668427164706276,stop_hit,ema21,train
2024-10-02 14:00:00+00:00,479.765,478.140061192895,483.0148776142099,2024-10-02 14:45:00+00:00,482.99987761420994,2.0,target_hit_partial,ema21,train
2024-10-02 14:00:00+00:00,479.765,478.140061192895,483.0148776142099,2024-10-03 13:30:00+00:00,479.75,-0.009231116848461965,stop_hit,ema21,train
2024-10-03 15:15:00+00:00,481.145,479.5499223314062,484.33515533718753,2024-10-03 16:45:00+00:00,479.5349223314062,-1.0094039307899096,stop_hit,ema21,train
2024-10-03 17:30:00+00:00,480.53499999999997,479.070283392001,483.46443321599793,2024-10-04 13:30:00+00:00,483.44943321599794,2.0,target_hit_partial,ema21,train
2024-10-03 17:30:00+00:00,480.53499999999997,479.070283392001,483.46443321599793,2024-10-04 14:15:00+00:00,482.945,1.6453694775076264,trail_exit,ema21,train
2024-10-04 17:45:00+00:00,486.015,484.47028332644896,489.10443334710203,2024-10-04 18:00:00+00:00,484.455283326449,-1.0097105186063047,stop_hit,h_ema21,train
2024-10-04 18:30:00+00:00,485.505,484.04603406275817,488.42293187448365,2024-10-07 16:30:00+00:00,485.225,-0.19191674928978264,trail_exit,h_ema21,train
2024-10-08 13:45:00+00:00,484.59499999999997,483.3411807971859,487.10263840562806,2024-10-08 14:30:00+00:00,487.08763840562807,2.0,target_hit_partial,ema21,train
2024-10-08 13:45:00+00:00,484.59499999999997,483.3411807971859,487.10263840562806,2024-10-10 13:45:00+00:00,490.865,5.000720985870846,trail_exit,ema21,train
2024-10-10 19:00:00+00:00,492.335,491.3296414310905,494.3457171378189,2024-10-11 13:30:00+00:00,491.31464143109054,-1.0149200498845474,stop_hit,h_ema21,train
2024-10-11 14:00:00+00:00,491.155,490.15252081554036,493.1599583689192,2024-10-11 14:15:00+00:00,493.1449583689192,2.0,target_hit_partial,h_ema21,train
2024-10-11 14:00:00+00:00,491.155,490.15252081554036,493.1599583689192,2024-10-14 15:15:00+00:00,495.745,4.5786486853333095,trail_exit,h_ema21,train
2024-10-15 17:45:00+00:00,491.735,490.58018483058805,494.04463033882394,2024-10-15 18:45:00+00:00,490.56518483058807,-1.012989091585647,stop_hit,h_ema200,train
2024-10-16 14:15:00+00:00,489.925,488.58235890331883,492.61028219336237,2024-10-16 14:30:00+00:00,488.56735890331885,-1.0111720101798345,stop_hit,ema21,train
2024-10-16 15:00:00+00:00,489.215,487.80069515692105,492.0436096861578,2024-10-17 13:30:00+00:00,492.02860968615784,2.0,target_hit_partial,ema21,train
2024-10-16 15:00:00+00:00,489.215,487.80069515692105,492.0436096861578,2024-10-17 13:30:00+00:00,493.415,2.9696568038731304,trail_exit,ema21,train
2024-10-17 14:30:00+00:00,493.435,492.15765084864483,495.98969830271034,2024-10-17 14:45:00+00:00,492.14265084864485,-1.0117430696094898,stop_hit,h_ema21,train
2024-10-17 17:45:00+00:00,494.555,493.50748059247655,496.6500388150469,2024-10-17 18:00:00+00:00,493.49248059247657,-1.0143195437643007,stop_hit,h_ema21,train
2024-11-04 16:15:00+00:00,489.09499999999997,487.7602999197484,491.76440016050316,2024-11-04 16:30:00+00:00,487.7452999197484,-1.0112384798816816,stop_hit,ema21,train
2024-11-04 17:30:00+00:00,486.695,485.3154884369294,489.4540231261412,2024-11-05 14:30:00+00:00,489.4390231261412,2.0,target_hit_partial,ema21,train
2024-11-04 17:30:00+00:00,486.695,485.3154884369294,489.4540231261412,2024-11-11 14:30:00+00:00,513.5550000000001,19.470659557367963,trail_exit,ema21,train
2024-11-11 18:45:00+00:00,512.385,511.5780261682344,513.9989476635312,2024-11-12 14:30:00+00:00,513.9839476635312,2.0,target_hit_partial,h_ema21,train
2024-11-11 18:45:00+00:00,512.385,511.5780261682344,513.9989476635312,2024-11-12 16:30:00+00:00,512.37,-0.018587963338497764,stop_hit,h_ema21,train
2024-11-12 17:30:00+00:00,512.345,511.480491989657,514.074016020686,2024-11-12 17:45:00+00:00,511.46549198965704,-1.0173509092113964,stop_hit,h_ema21,train
2024-11-12 18:30:00+00:00,511.395,510.4553890752966,513.2742218494068,2024-11-12 18:45:00+00:00,513.2592218494068,2.0,target_hit_partial,h_ema21,train
2024-11-12 18:30:00+00:00,511.395,510.4553890752966,513.2742218494068,2024-11-13 15:00:00+00:00,511.38,-0.015964054488533396,stop_hit,h_ema21,train
2024-11-13 15:45:00+00:00,511.565,510.60244147209636,513.4901170558073,2024-11-13 17:15:00+00:00,513.4751170558073,2.0,target_hit_partial,h_ema21,train
2024-11-13 15:45:00+00:00,511.565,510.60244147209636,513.4901170558073,2024-11-13 19:30:00+00:00,512.585,1.0596758227486718,trail_exit,h_ema21,train
2024-11-14 15:15:00+00:00,511.125,509.98573234145033,513.4035353170993,2024-11-14 17:15:00+00:00,509.97073234145034,-1.0131663528648587,stop_hit,h_ema21,train
2024-11-14 18:00:00+00:00,510.54499999999996,509.4109912846644,512.813017430671,2024-11-14 18:45:00+00:00,509.39599128466443,-1.0132274115684798,stop_hit,h_ema21,train
2024-11-18 14:45:00+00:00,497.66499999999996,496.4630701820221,500.06885963595573,2024-11-18 15:15:00+00:00,500.05385963595575,2.0,target_hit_partial,ema21,train
2024-11-18 14:45:00+00:00,497.66499999999996,496.4630701820221,500.06885963595573,2024-11-18 18:30:00+00:00,499.46500000000003,1.4975916006713035,trail_exit,ema21,train
2024-11-18 19:00:00+00:00,500.685,499.64213848499446,502.7707230300111,2024-11-18 19:15:00+00:00,499.6271384849945,-1.0143835013414093,stop_hit,ema21,train
2024-11-19 15:15:00+00:00,498.405,497.3130063914357,500.58898721712853,2024-11-19 15:45:00+00:00,500.57398721712855,2.0,target_hit_partial,ema21,train
2024-11-19 15:15:00+00:00,498.405,497.3130063914357,500.58898721712853,2024-11-20 14:30:00+00:00,500.83500000000004,2.2252877498018995,trail_exit,ema21,train
2024-11-20 15:45:00+00:00,499.145,497.9296472694471,501.5757054611057,2024-11-20 16:45:00+00:00,501.5607054611057,2.0,target_hit_partial,ema21,train
2024-11-20 15:45:00+00:00,499.145,497.9296472694471,501.5757054611057,2024-11-20 17:15:00+00:00,499.13,-0.01234209593881674,stop_hit,ema21,train
2024-11-21 15:45:00+00:00,499.34499999999997,497.3694186389866,503.29616272202674,2024-11-21 16:15:00+00:00,503.28116272202675,2.0,target_hit_partial,ema21,train
2024-11-21 15:45:00+00:00,499.34499999999997,497.3694186389866,503.29616272202674,2024-11-25 15:00:00+00:00,507.02500000000003,3.8874632812189396,trail_exit,ema21,train
2024-11-25 18:00:00+00:00,505.985,504.5592065875446,508.8365868249108,2024-11-26 14:30:00+00:00,508.8215868249108,2.0,target_hit_partial,h_ema21,train
2024-11-25 18:00:00+00:00,505.985,504.5592065875446,508.8365868249108,2024-11-26 19:15:00+00:00,507.635,1.157250402187281,trail_exit,h_ema21,train
2024-11-27 18:15:00+00:00,504.565,503.5681182761723,506.5587634476554,2024-11-29 14:30:00+00:00,506.5437634476554,2.0,target_hit_partial,ema21,train
2024-11-27 18:15:00+00:00,504.565,503.5681182761723,506.5587634476554,2024-12-05 18:45:00+00:00,522.235,17.72527229424271,trail_exit,ema21,train
2024-12-09 16:30:00+00:00,522.925,521.9252871197045,524.9244257605908,2024-12-09 19:30:00+00:00,521.9102871197045,-1.015004308032476,stop_hit,h_ema21,train
2024-12-10 15:15:00+00:00,525.115,524.1093944944373,527.1262110111254,2024-12-10 15:30:00+00:00,524.0943944944373,-1.0149163861146453,stop_hit,h_ema21,train
2024-12-10 17:00:00+00:00,522.385,521.3669476552919,524.4211046894161,2024-12-10 19:00:00+00:00,521.351947655292,-1.0147340164559888,stop_hit,h_ema21,train
2024-12-12 15:30:00+00:00,528.035,527.0888715011861,529.9272569976278,2024-12-12 19:15:00+00:00,527.0738715011861,-1.0158540832654244,stop_hit,h_ema21,train
2024-12-13 14:45:00+00:00,532.735,531.6010178424231,535.0029643151539,2024-12-13 15:00:00+00:00,531.5860178424231,-1.013227721353251,stop_hit,h_ema21,train
2024-12-13 17:15:00+00:00,528.545,527.230200931601,531.174598136798,2024-12-16 14:30:00+00:00,531.159598136798,2.0,target_hit_partial,h_ema21,train
2025-01-02 15:00:00+00:00,515.455,512.6399039531861,521.0851920936278,2025-01-02 15:15:00+00:00,512.6249039531862,-1.005328414999184,stop_hit,ema21,holdout
2025-01-02 16:30:00+00:00,513.0649999999999,510.37615224568606,518.4426955086277,2025-01-02 17:15:00+00:00,510.36115224568607,-1.0055785977379794,stop_hit,ema21,holdout
2025-01-02 19:15:00+00:00,507.66499999999996,505.0434158486238,512.9081683027523,2025-01-03 14:30:00+00:00,512.8931683027523,2.0,target_hit_partial,ema50,holdout
2025-01-02 19:15:00+00:00,507.66499999999996,505.0434158486238,512.9081683027523,2025-01-06 18:30:00+00:00,524.4250000000001,6.393081065584771,trail_exit,ema50,holdout
2025-01-07 16:30:00+00:00,519.9449999999999,518.0640944104226,523.7068111791546,2025-01-07 16:45:00+00:00,518.0490944104226,-1.0079748819308667,stop_hit,ema21,holdout
2025-01-07 18:15:00+00:00,518.4449999999999,516.6987789463578,521.9374421072841,2025-01-07 19:30:00+00:00,516.6837789463578,-1.0085899777515,stop_hit,ema21,holdout
2025-01-08 16:00:00+00:00,515.125,513.2980041564755,518.778991687049,2025-01-08 17:15:00+00:00,513.2830041564755,-1.0082101993023966,stop_hit,ema21,holdout
2025-01-08 18:00:00+00:00,513.005,511.1461419848527,516.7227160302946,2025-01-08 19:15:00+00:00,516.7077160302946,2.0,target_hit_partial,ema21,holdout
2025-01-08 18:00:00+00:00,513.005,511.1461419848527,516.7227160302946,2025-01-10 14:30:00+00:00,512.99,-0.008069470544686973,stop_hit,ema21,holdout
2025-01-10 17:45:00+00:00,507.16499999999996,505.13330985619297,511.22838028761396,2025-01-13 14:30:00+00:00,505.118309856193,-1.0073830155871502,stop_hit,ema50,holdout
2025-01-13 15:45:00+00:00,503.405,501.1479841983467,507.9190316033065,2025-01-13 16:00:00+00:00,501.1329841983467,-1.0066459437231228,stop_hit,ema50,holdout
2025-01-13 16:45:00+00:00,502.515,500.44370657249533,506.6575868550093,2025-01-13 17:00:00+00:00,500.42870657249534,-1.0072418517824668,stop_hit,ema50,holdout
2025-01-13 18:00:00+00:00,504.195,502.22476334157926,508.13547331684146,2025-01-14 14:30:00+00:00,508.12047331684147,2.0,target_hit_partial,ema50,holdout
2025-01-13 18:00:00+00:00,504.195,502.22476334157926,508.13547331684146,2025-01-14 16:00:00+00:00,504.18,-0.007613298603432647,stop_hit,ema50,holdout
2025-01-14 17:15:00+00:00,503.495,501.66290762924115,507.1591847415177,2025-01-14 18:45:00+00:00,507.14418474151773,2.0,target_hit_partial,ema50,holdout
2025-01-14 17:15:00+00:00,503.495,501.66290762924115,507.1591847415177,2025-01-14 20:00:00+00:00,503.48,-0.008187360113165756,stop_hit,ema50,holdout
2025-01-15 19:15:00+00:00,516.605,515.3017924099601,519.2114151800799,2025-01-16 14:45:00+00:00,516.135,-0.36064860548089317,trail_exit,ema21,holdout
2025-01-16 15:30:00+00:00,516.1949999999999,514.9499554503634,518.685089099273,2025-01-16 16:30:00+00:00,514.9349554503634,-1.0120477616679382,stop_hit,ema21,holdout
2025-01-16 19:15:00+00:00,515.3149999999999,514.0548749297373,517.8352501405253,2025-01-16 20:45:00+00:00,514.0398749297373,-1.0119035803302123,stop_hit,ema21,holdout
2025-01-17 14:45:00+00:00,519.735,517.8632477389807,523.4785045220386,2025-01-17 15:15:00+00:00,523.4635045220386,2.0,target_hit_partial,ema21,holdout
2025-01-17 14:45:00+00:00,519.735,517.8632477389807,523.4785045220386,2025-01-17 18:15:00+00:00,519.72,-0.008013881063414732,stop_hit,ema21,holdout
2025-01-21 16:15:00+00:00,523.165,521.5069738394205,526.4810523211588,2025-01-22 14:30:00+00:00,526.4660523211588,2.0,target_hit_partial,h_ema21,holdout
2025-01-21 16:15:00+00:00,523.165,521.5069738394205,526.4810523211588,2025-01-22 20:30:00+00:00,531.835,5.2291092903927385,trail_exit,h_ema21,holdout
2025-01-23 15:45:00+00:00,529.805,528.8566378367397,531.7017243265205,2025-01-23 20:45:00+00:00,531.6867243265206,2.0,target_hit_partial,h_ema21,holdout
2025-01-23 15:45:00+00:00,529.805,528.8566378367397,531.7017243265205,2025-01-24 15:45:00+00:00,531.575,1.8663755984476995,trail_exit,h_ema21,holdout
2025-01-24 16:15:00+00:00,531.835,530.9802831519988,533.5444336960024,2025-01-24 17:45:00+00:00,530.9652831519988,-1.0175496716076962,stop_hit,h_ema21,holdout
2025-01-27 18:45:00+00:00,512.655,510.77576821762534,516.4134635647492,2025-01-27 19:45:00+00:00,510.76076821762535,-1.0079819850540375,stop_hit,ema50,holdout
2025-01-29 16:45:00+00:00,520.135,518.8318507656633,522.7412984686734,2025-01-29 18:00:00+00:00,518.8168507656633,-1.0115105773036202,stop_hit,ema21,holdout
2025-01-30 15:00:00+00:00,524.395,522.4890892831855,528.2068214336289,2025-01-30 15:15:00+00:00,522.4740892831855,-1.0078702532430572,stop_hit,ema21,holdout
2025-01-30 18:45:00+00:00,522.3149999999999,520.6481522945822,525.6486954108353,2025-01-30 20:30:00+00:00,521.115,-0.7199217997538799,trail_exit,ema21,holdout
2025-01-31 15:45:00+00:00,530.165,528.4871610577185,533.5206778845629,2025-01-31 18:15:00+00:00,528.4721610577185,-1.0089400714347407,stop_hit,ema21,holdout
2025-02-03 15:30:00+00:00,516.8149999999999,514.2590860509362,521.9268278981275,2025-02-04 14:45:00+00:00,521.9118278981275,2.0,target_hit_partial,ema21,holdout
2025-02-03 15:30:00+00:00,516.8149999999999,514.2590860509362,521.9268278981275,2025-02-06 19:30:00+00:00,526.415,3.755994994869238,trail_exit,ema21,holdout
2025-02-07 17:15:00+00:00,524.935,523.1762379643545,528.4525240712908,2025-02-07 19:00:00+00:00,523.1612379643545,-1.0085287262835883,stop_hit,ema21,holdout
2025-02-10 14:45:00+00:00,528.085,526.4997270195098,531.2555459609805,2025-02-11 14:30:00+00:00,526.4847270195098,-1.0094620927654667,stop_hit,ema21,holdout
2025-02-11 15:15:00+00:00,528.235,527.2845658127495,530.135868374501,2025-02-11 17:00:00+00:00,527.2695658127495,-1.0157822605722757,stop_hit,ema21,holdout
2025-02-11 17:30:00+00:00,527.975,526.9391923084904,530.0466153830192,2025-02-11 18:00:00+00:00,526.9241923084904,-1.0144814526122365,stop_hit,ema21,holdout
2025-02-12 15:30:00+00:00,525.805,524.3623262574706,528.6903474850586,2025-02-12 17:45:00+00:00,528.6753474850586,2.0,target_hit_partial,ema21,holdout
2025-02-12 15:30:00+00:00,525.805,524.3623262574706,528.6903474850586,2025-03-03 14:30:00+00:00,525.79,-0.010397361203571868,stop_hit,ema21,holdout
2025-03-03 15:30:00+00:00,509.155,506.1694817429453,515.1260365141093,2025-03-03 16:30:00+00:00,506.15448174294534,-1.0050242533149956,stop_hit,ema100,holdout
2025-03-04 15:45:00+00:00,491.53499999999997,488.586105214213,497.43278957157395,2025-03-04 16:15:00+00:00,488.571105214213,-1.005086651471013,stop_hit,donchian_low,holdout
2025-03-04 16:45:00+00:00,491.925,489.0170269164707,497.74094616705867,2025-03-04 18:00:00+00:00,497.7259461670587,2.0,target_hit_partial,donchian_low,holdout
2025-03-04 16:45:00+00:00,491.925,489.0170269164707,497.74094616705867,2025-03-04 20:45:00+00:00,495.495,1.2276592311738943,trail_exit,donchian_low,holdout
2025-03-05 15:15:00+00:00,496.59499999999997,493.5199818382451,502.74503632350974,2025-03-05 16:00:00+00:00,493.5049818382451,-1.0048780199696206,stop_hit,ema100,holdout
2025-03-05 17:00:00+00:00,494.215,491.2592630398835,500.12647392023297,2025-03-05 18:00:00+00:00,500.111473920233,2.0,target_hit_partial,donchian_low,holdout
2025-03-05 17:00:00+00:00,494.215,491.2592630398835,500.12647392023297,2025-03-06 14:30:00+00:00,494.2,-0.005074876486774775,stop_hit,donchian_low,holdout
2025-03-06 15:15:00+00:00,495.885,492.8250188172991,502.00496236540175,2025-03-06 16:45:00+00:00,492.8100188172991,-1.0049019909288288,stop_hit,ema100,holdout
2025-03-07 16:00:00+00:00,486.735,483.9515343410733,492.3019313178535,2025-03-07 16:15:00+00:00,483.9365343410733,-1.0053889653539934,stop_hit,donchian_low,holdout
2025-03-07 17:45:00+00:00,486.375,483.62008005000877,491.88483989998247,2025-03-07 19:15:00+00:00,491.8698398999825,2.0,target_hit_partial,ema200,holdout
2025-03-07 17:45:00+00:00,486.375,483.62008005000877,491.88483989998247,2025-03-10 13:30:00+00:00,486.36,-0.005444804303672813,stop_hit,ema200,holdout
2025-03-10 16:15:00+00:00,476.835,474.153202849426,482.1985943011479,2025-03-10 17:00:00+00:00,474.138202849426,-1.0055932642022445,stop_hit,ema200,holdout
2025-03-13 14:15:00+00:00,473.965,471.4655808158641,478.96383836827175,2025-03-13 15:00:00+00:00,471.4505808158641,-1.0060013942819968,stop_hit,ema200,holdout
2025-03-13 16:45:00+00:00,470.195,467.9008370940852,474.78332581182957,2025-03-13 17:00:00+00:00,467.8858370940852,-1.0065383325487973,stop_hit,ema200,holdout
2025-03-13 18:15:00+00:00,469.955,467.7804426791059,474.3041146417882,2025-03-13 19:30:00+00:00,467.7654426791059,-1.0068979556693491,stop_hit,donchian_low,holdout
2025-03-17 18:15:00+00:00,483.905,482.28467538366175,487.1456492326764,2025-03-18 13:30:00+00:00,482.26967538366176,-1.0092574042563673,stop_hit,ema200,holdout
2025-03-18 16:15:00+00:00,475.265,473.5579624680239,478.67907506395215,2025-03-19 14:00:00+00:00,478.66407506395217,2.0,target_hit_partial,ema200,holdout
2025-03-18 16:15:00+00:00,475.265,473.5579624680239,478.67907506395215,2025-03-20 13:30:00+00:00,479.245,2.331524600629448,trail_exit,ema200,holdout
2025-03-21 14:30:00+00:00,476.195,474.18959393321944,480.2058121335611,2025-03-21 19:45:00+00:00,480.1908121335611,2.0,target_hit_partial,ema200,holdout
2025-03-21 14:30:00+00:00,476.195,474.18959393321944,480.2058121335611,2025-03-26 13:45:00+00:00,489.325,6.547302422934572,trail_exit,ema200,holdout
2025-03-26 16:30:00+00:00,486.715,485.54012337648277,489.0647532470344,2025-03-26 16:45:00+00:00,485.5251233764828,-1.0127672980292017,stop_hit,ema21,holdout
2025-03-27 14:00:00+00:00,483.575,482.10550268878126,486.51399462243745,2025-03-27 14:45:00+00:00,486.49899462243746,2.0,target_hit_partial,ema200,holdout
2025-03-27 14:00:00+00:00,483.575,482.10550268878126,486.51399462243745,2025-03-27 15:30:00+00:00,483.56,-0.010207572266699876,stop_hit,ema200,holdout
2025-03-27 16:15:00+00:00,484.185,482.7376854011472,487.07962919770563,2025-03-27 16:45:00+00:00,482.7226854011472,-1.0103640217627017,stop_hit,ema21,holdout
2025-03-27 17:15:00+00:00,483.275,481.77666279003967,486.2716744199206,2025-03-27 19:45:00+00:00,481.7616627900397,-1.0100110975688734,stop_hit,ema200,holdout
2025-03-28 19:00:00+00:00,469.485,468.1604291576653,472.13414168466943,2025-03-28 19:30:00+00:00,468.1454291576653,-1.0113244226134006,stop_hit,donchian_low,holdout
2025-05-02 14:15:00+00:00,487.955,485.82175981068775,492.22148037862445,2025-05-05 13:30:00+00:00,485.80675981068777,-1.0070315570066315,stop_hit,ema50,holdout
2025-05-05 14:00:00+00:00,485.79499999999996,484.3196594983655,488.7456810032688,2025-05-05 18:30:00+00:00,488.73068100326884,2.0,target_hit_partial,ema50,holdout
2025-05-05 14:00:00+00:00,485.79499999999996,484.3196594983655,488.7456810032688,2025-05-05 19:45:00+00:00,485.78,-0.010167144454699661,stop_hit,ema50,holdout
2025-05-06 15:30:00+00:00,483.075,481.60647573177874,486.0120485364425,2025-05-06 16:45:00+00:00,481.59147573177876,-1.0102143357958635,stop_hit,ema50,holdout
2025-05-06 17:15:00+00:00,482.09499999999997,480.5392116251121,485.2065767497757,2025-05-07 14:45:00+00:00,480.5242116251121,-1.009641414116536,stop_hit,ema50,holdout
2025-05-07 15:45:00+00:00,480.91499999999996,479.47459610167925,483.7958077966414,2025-05-07 18:00:00+00:00,479.45959610167927,-1.010413745767749,stop_hit,ema50,holdout
2025-05-07 18:30:00+00:00,478.97499999999997,477.3519600068916,482.2210799862167,2025-05-07 19:30:00+00:00,482.2060799862167,2.0,target_hit_partial,ema21,holdout
2025-05-07 18:30:00+00:00,478.97499999999997,477.3519600068916,482.2210799862167,2025-05-08 19:45:00+00:00,488.225,5.699181806533877,trail_exit,ema21,holdout
2025-05-09 17:30:00+00:00,487.335,485.83446116071946,490.336077678561,2025-05-12 13:30:00+00:00,490.32107767856104,2.0,target_hit_partial,ema50,holdout
2025-05-09 17:30:00+00:00,487.335,485.83446116071946,490.336077678561,2025-05-15 18:15:00+00:00,519.045,21.13240868540548,trail_exit,ema50,holdout
2025-05-15 18:45:00+00:00,519.485,518.4328578787564,521.5892842424872,2025-05-15 19:00:00+00:00,518.4178578787564,-1.0142566291160902,stop_hit,h_ema21,holdout
2025-05-16 16:15:00+00:00,519.8249999999999,518.6345340373698,522.2059319252602,2025-05-19 13:30:00+00:00,518.6195340373698,-1.0126001082524414,stop_hit,h_ema21,holdout
2025-05-19 14:15:00+00:00,519.545,518.113692096577,522.4076158068459,2025-05-19 17:00:00+00:00,522.3926158068459,2.0,target_hit_partial,h_ema21,holdout
2025-05-19 14:15:00+00:00,519.545,518.113692096577,522.4076158068459,2025-05-20 13:30:00+00:00,519.53,-0.010479925363448233,stop_hit,h_ema21,holdout
2025-05-20 14:30:00+00:00,519.015,517.776640764291,521.491718471418,2025-05-20 18:15:00+00:00,517.761640764291,-1.01211280181667,stop_hit,h_ema21,holdout
2025-05-21 16:15:00+00:00,522.455,521.2562609468539,524.8524781062923,2025-05-21 17:00:00+00:00,521.2412609468539,-1.012513148679538,stop_hit,h_ema21,holdout
2025-05-22 14:00:00+00:00,516.525,514.4961707392672,520.5826585214655,2025-05-22 14:45:00+00:00,514.4811707392672,-1.0073934264899989,stop_hit,h_ema21,holdout
2025-05-22 15:45:00+00:00,515.885,514.0564726490148,519.5420547019703,2025-05-22 19:45:00+00:00,514.0414726490148,-1.008203322740513,stop_hit,h_ema21,holdout
2025-05-23 19:15:00+00:00,511.235,509.8228951479072,514.0592097041856,2025-05-23 19:45:00+00:00,509.80789514790723,-1.0106224406620767,stop_hit,h_ema21,holdout
2025-05-28 17:15:00+00:00,521.485,520.6479905057818,523.1590189884365,2025-05-28 18:45:00+00:00,520.6329905057818,-1.0179209436734,stop_hit,h_ema21,holdout
2025-05-29 13:45:00+00:00,522.785,521.3275600847517,525.6998798304966,2025-05-29 14:00:00+00:00,521.3125600847517,-1.0102920194809066,stop_hit,h_ema21,holdout
2025-05-29 16:15:00+00:00,519.855,518.0840204151832,523.3969591696336,2025-05-29 18:15:00+00:00,518.0690204151832,-1.0084698887150287,stop_hit,h_ema21,holdout
2025-05-29 18:45:00+00:00,519.225,517.7864980861641,522.1020038276719,2025-05-30 13:30:00+00:00,517.7714980861641,-1.0104275148025261,stop_hit,h_ema21,holdout
2025-05-30 14:15:00+00:00,519.125,517.4752749005524,522.4244501988951,2025-05-30 15:30:00+00:00,517.4602749005525,-1.0090924239468804,stop_hit,h_ema21,holdout
2025-05-30 18:15:00+00:00,515.915,514.2926736916892,519.1596526166215,2025-05-30 19:15:00+00:00,519.1446526166216,2.0,target_hit_partial,h_ema21,holdout
2025-05-30 18:15:00+00:00,515.915,514.2926736916892,519.1596526166215,2025-06-03 18:00:00+00:00,526.145,6.305759789257054,trail_exit,h_ema21,holdout
2025-06-04 15:00:00+00:00,528.925,527.7926468188663,531.1897063622673,2025-06-04 16:00:00+00:00,527.7776468188663,-1.0132467504396188,stop_hit,h_ema21,holdout
2025-06-04 18:00:00+00:00,529.475,528.625099181664,531.174801636672,2025-06-04 19:45:00+00:00,528.610099181664,-1.0176491181987033,stop_hit,h_ema21,holdout
2025-06-05 17:15:00+00:00,528.865,527.4112862395781,531.7724275208438,2025-06-05 18:00:00+00:00,527.3962862395781,-1.0103183999549077,stop_hit,h_ema21,holdout
2025-06-05 18:30:00+00:00,527.625,526.1850929983632,530.5048140032736,2025-06-05 19:00:00+00:00,526.1700929983632,-1.0104173394413216,stop_hit,h_ema21,holdout
2025-06-06 13:45:00+00:00,531.0749999999999,529.0250349539597,535.1749300920804,2025-06-06 15:15:00+00:00,529.0100349539597,-1.0073171979341602,stop_hit,h_ema50,holdout
2025-06-06 17:15:00+00:00,529.215,527.7269758346605,532.1910483306791,2025-06-09 14:30:00+00:00,532.1760483306791,2.0,target_hit_partial,h_ema21,holdout
2025-06-06 17:15:00+00:00,529.215,527.7269758346605,532.1910483306791,2025-06-10 15:30:00+00:00,529.2,-0.010080481452775092,stop_hit,h_ema21,holdout
2025-06-10 18:30:00+00:00,532.0649999999999,531.2551779908262,533.6846440183475,2025-06-10 18:45:00+00:00,533.6696440183475,2.0,target_hit_partial,h_ema21,holdout
2025-06-10 18:30:00+00:00,532.0649999999999,531.2551779908262,533.6846440183475,2025-06-11 17:45:00+00:00,533.155,1.345974779213639,trail_exit,h_ema21,holdout
2025-06-11 18:45:00+00:00,532.915,531.5798598979712,535.5852802040574,2025-06-11 19:00:00+00:00,531.5648598979712,-1.0112347760187819,stop_hit,h_ema21,holdout
2025-06-12 14:15:00+00:00,533.145,531.8187297884706,535.7975404230588,2025-06-13 13:30:00+00:00,531.8037297884706,-1.0113099124669995,stop_hit,h_ema21,holdout
2025-06-13 15:15:00+00:00,529.675,528.1445738759554,532.735852248089,2025-06-13 18:15:00+00:00,528.1295738759554,-1.0098011918146987,stop_hit,h_ema200,holdout
2025-07-01 15:30:00+00:00,546.8249999999999,545.296115298573,549.8827694028538,2025-07-02 14:30:00+00:00,549.8677694028538,2.0,target_hit_partial,h_ema21,holdout
2025-07-01 15:30:00+00:00,546.8249999999999,545.296115298573,549.8827694028538,2025-07-07 13:30:00+00:00,553.635,4.454227315927865,trail_exit,h_ema21,holdout
2025-07-07 17:15:00+00:00,552.295,551.2511926515278,554.3826146969442,2025-07-07 17:30:00+00:00,551.2361926515279,-1.0143704679047745,stop_hit,h_ema21,holdout
2025-07-07 18:00:00+00:00,551.765,550.6953116819996,553.9043766360008,2025-07-07 18:15:00+00:00,550.6803116819996,-1.0140227763055558,stop_hit,h_ema21,holdout
2025-07-07 18:45:00+00:00,551.155,550.0226912410178,553.4196175179643,2025-07-08 13:30:00+00:00,553.4046175179643,2.0,target_hit_partial,h_ema21,holdout
2025-07-07 18:45:00+00:00,551.155,550.0226912410178,553.4196175179643,2025-07-08 14:45:00+00:00,551.14,-0.013247270129279867,stop_hit,h_ema21,holdout
2025-07-09 15:30:00+00:00,554.545,553.3776839880139,556.879632023972,2025-07-10 13:30:00+00:00,556.864632023972,2.0,target_hit_partial,h_ema21,holdout
2025-07-09 15:30:00+00:00,554.545,553.3776839880139,556.879632023972,2025-07-10 13:45:00+00:00,554.53,-0.012849990787384021,stop_hit,h_ema21,holdout
2025-07-10 19:00:00+00:00,556.005,555.2951438129237,557.4247123741526,2025-07-10 19:45:00+00:00,555.2801438129237,-1.0211310407277947,stop_hit,h_ema21,holdout
2025-07-11 14:00:00+00:00,554.435,553.4667715298147,556.3714569403705,2025-07-11 15:00:00+00:00,553.4517715298147,-1.0154922112516642,stop_hit,h_ema21,holdout
2025-07-11 15:30:00+00:00,554.115,553.1149980816949,556.1150038366102,2025-07-14 13:30:00+00:00,553.0999980816949,-1.0149999712254651,stop_hit,h_ema21,holdout
2025-07-14 14:00:00+00:00,553.305,552.2575088442488,555.3999823115022,2025-07-14 15:00:00+00:00,555.3849823115022,2.0,target_hit_partial,h_ema21,holdout
2025-07-14 14:00:00+00:00,553.305,552.2575088442488,555.3999823115022,2025-07-15 14:45:00+00:00,557.825,4.315072232527795,trail_exit,h_ema21,holdout
2025-07-16 15:15:00+00:00,556.495,555.3720256069979,558.7409487860042,2025-07-16 15:30:00+00:00,555.3570256069979,-1.0133573838312433,stop_hit,h_ema21,holdout
2025-07-16 16:00:00+00:00,555.275,553.734196522804,558.3566069543919,2025-07-17 13:30:00+00:00,558.3416069543919,2.0,target_hit_partial,h_ema21,holdout
2025-07-16 16:00:00+00:00,555.275,553.734196522804,558.3566069543919,2025-07-18 14:00:00+00:00,561.395,3.9719536531275326,trail_exit,h_ema21,holdout
2025-07-22 14:45:00+00:00,561.135,560.1397453808123,563.1255092383753,2025-07-22 16:15:00+00:00,560.1247453808123,-1.0150715201022924,stop_hit,h_ema21,holdout
2025-07-22 17:30:00+00:00,561.835,560.9450089754303,563.6149820491396,2025-07-22 18:15:00+00:00,560.9300089754303,-1.0168541025537166,stop_hit,h_ema21,holdout
2025-07-22 18:45:00+00:00,561.765,560.9216572010814,563.4516855978371,2025-07-23 13:30:00+00:00,560.9066572010814,-1.017786361630432,stop_hit,h_ema21,holdout
2025-07-23 14:30:00+00:00,560.675,559.8030256365613,562.4189487268773,2025-07-23 15:45:00+00:00,562.4039487268773,2.0,target_hit_partial,h_ema21,holdout
2025-07-23 14:30:00+00:00,560.675,559.8030256365613,562.4189487268773,2025-07-25 19:45:00+00:00,566.335,6.491016522182748,trail_exit,h_ema21,holdout
2025-07-28 19:00:00+00:00,567.475,566.9210979180609,568.5828041638782,2025-07-29 13:30:00+00:00,568.5678041638782,2.0,target_hit_partial,h_ema21,holdout
2025-07-28 19:00:00+00:00,567.475,566.9210979180609,568.5828041638782,2025-07-29 14:15:00+00:00,569.865,4.3148420595082015,trail_exit,h_ema21,holdout
2025-07-30 14:30:00+00:00,568.645,567.776925505333,570.381148989334,2025-07-30 18:30:00+00:00,570.366148989334,2.0,target_hit_partial,h_ema21,holdout
2025-07-30 14:30:00+00:00,568.645,567.776925505333,570.381148989334,2025-07-30 18:45:00+00:00,568.63,-0.017279622995651698,stop_hit,h_ema21,holdout
2025-07-31 17:45:00+00:00,568.125,566.7388438025826,570.8973123948349,2025-07-31 18:00:00+00:00,566.7238438025826,-1.0108212913003116,stop_hit,h_ema21,holdout
2025-07-31 18:30:00+00:00,566.5749999999999,564.9699398084088,569.7851203831823,2025-07-31 19:45:00+00:00,564.9549398084088,-1.0093454439145464,stop_hit,h_ema21,holdout
2025-08-01 15:45:00+00:00,556.585,554.5240180137413,560.7069639725175,2025-08-01 16:45:00+00:00,554.5090180137413,-1.0072780839910278,stop_hit,ema21,holdout
2025-08-01 18:30:00+00:00,554.135,552.4312691110714,557.5424617778572,2025-08-04 13:30:00+00:00,557.5274617778572,2.0,target_hit_partial,donchian_low,holdout
2025-08-01 18:30:00+00:00,554.135,552.4312691110714,557.5424617778572,2025-08-05 14:15:00+00:00,563.9350000000001,5.752082129685932,trail_exit,donchian_low,holdout
2025-08-05 15:15:00+00:00,562.185,561.0013983274714,564.552203345057,2025-08-05 15:30:00+00:00,560.9863983274714,-1.0126731824972346,stop_hit,ema21,holdout
2025-08-05 16:00:00+00:00,560.755,559.519864112775,563.2252717744499,2025-08-05 19:30:00+00:00,560.4350000000001,-0.25908080504316056,trail_exit,ema21,holdout
2025-08-06 13:45:00+00:00,561.915,560.8083146139238,564.1283707721523,2025-08-06 15:00:00+00:00,564.1133707721523,2.0,target_hit_partial,ema21,holdout
2025-08-06 13:45:00+00:00,561.915,560.8083146139238,564.1283707721523,2025-08-07 15:00:00+00:00,569.825,7.147469461077526,trail_exit,ema21,holdout
2025-08-07 19:00:00+00:00,567.045,565.7171508237309,569.7006983525381,2025-08-08 13:30:00+00:00,569.6856983525381,2.0,target_hit_partial,h_ema21,holdout
2025-08-07 19:00:00+00:00,567.045,565.7171508237309,569.7006983525381,2025-08-11 17:30:00+00:00,574.505,5.618107939759249,trail_exit,h_ema21,holdout
2025-08-11 19:00:00+00:00,573.985,573.2295517741946,575.4958964516107,2025-08-11 19:15:00+00:00,573.2145517741947,-1.0198557617684458,stop_hit,h_ema21,holdout
2025-08-12 13:45:00+00:00,575.285,574.2753369539032,577.3043260921935,2025-08-12 14:00:00+00:00,574.2603369539032,-1.0148564415207377,stop_hit,h_ema21,holdout
2025-09-02 14:30:00+00:00,565.225,563.4379686340449,568.7990627319103,2025-09-02 14:45:00+00:00,563.4229686340449,-1.0083938090207885,stop_hit,ema21,holdout
2025-09-02 16:15:00+00:00,560.415,558.8724507555866,563.5000984888268,2025-09-02 17:30:00+00:00,563.4850984888268,2.0,target_hit_partial,ema21,holdout
2025-09-02 16:15:00+00:00,560.415,558.8724507555866,563.5000984888268,2025-09-03 17:30:00+00:00,568.155,5.017668011592935,trail_exit,ema21,holdout
2025-09-08 14:30:00+00:00,580.255,578.9651613401445,582.834677319711,2025-09-08 16:30:00+00:00,578.9501613401445,-1.0116293614595695,stop_hit,h_ema21,holdout
2025-09-09 16:00:00+00:00,578.455,577.4377909544695,580.4894180910611,2025-09-09 19:45:00+00:00,580.4744180910611,2.0,target_hit_partial,h_ema21,holdout
2025-09-09 16:00:00+00:00,578.455,577.4377909544695,580.4894180910611,2025-09-10 16:30:00+00:00,581.355,2.8509380768310555,trail_exit,h_ema21,holdout
2025-09-10 17:00:00+00:00,581.905,581.1000422163735,583.514915567253,2025-09-10 17:15:00+00:00,581.0850422163735,-1.018634517617071,stop_hit,h_ema21,holdout
2025-09-11 15:15:00+00:00,584.185,583.1500905109611,586.2548189780775,2025-09-12 14:45:00+00:00,586.2398189780776,2.0,target_hit_partial,h_ema21,holdout
2025-09-11 15:15:00+00:00,584.185,583.1500905109611,586.2548189780775,2025-09-16 15:15:00+00:00,590.905,6.493321465475627,trail_exit,h_ema21,holdout
2025-09-16 16:15:00+00:00,590.975,590.3351517615638,592.2546964768725,2025-09-17 13:30:00+00:00,590.3201517615638,-1.023443058992623,stop_hit,h_ema21,holdout
2025-09-17 15:15:00+00:00,588.895,588.2059126856636,590.2731746286727,2025-09-17 15:30:00+00:00,588.1909126856636,-1.0217679235822716,stop_hit,h_ema21,holdout
2025-09-17 17:45:00+00:00,588.985,588.3321394485225,590.290721102955,2025-09-17 18:00:00+00:00,588.3171394485225,-1.0229758100195208,stop_hit,h_ema21,holdout
2025-09-17 18:30:00+00:00,589.205,587.9807781954826,591.653443609035,2025-09-17 18:45:00+00:00,587.9657781954826,-1.0122526816175266,stop_hit,h_ema21,holdout
2025-09-18 14:00:00+00:00,595.335,593.2633798805099,599.4782402389803,2025-09-18 19:30:00+00:00,595.695,0.17377703402910283,trail_exit,h_ema21,holdout
2025-09-19 14:00:00+00:00,597.855,596.7795780450748,600.0058439098505,2025-09-19 14:45:00+00:00,596.7645780450748,-1.0139480135506713,stop_hit,h_ema21,holdout
2025-09-19 15:45:00+00:00,596.785,595.7631593734822,598.8286812530356,2025-09-19 19:15:00+00:00,598.8136812530356,2.0,target_hit_partial,h_ema21,holdout
2025-09-19 15:45:00+00:00,596.785,595.7631593734822,598.8286812530356,2025-09-23 13:30:00+00:00,601.205,4.325527763622359,trail_exit,h_ema21,holdout
2025-09-23 15:15:00+00:00,601.415,600.7549203817364,602.7351592365271,2025-09-23 15:30:00+00:00,600.7399203817364,-1.0227245313822075,stop_hit,h_ema21,holdout
2025-09-24 13:45:00+00:00,598.385,597.5007436131956,600.1535127736088,2025-09-24 14:30:00+00:00,597.4857436131956,-1.0169634058897723,stop_hit,h_ema21,holdout
2025-09-24 16:30:00+00:00,595.0749999999999,594.0266776570585,597.1716446858828,2025-09-25 13:30:00+00:00,594.0116776570585,-1.0143085760796613,stop_hit,h_ema200,holdout
2025-09-25 14:30:00+00:00,593.275,591.752273591036,596.320452817928,2025-09-25 17:30:00+00:00,591.737273591036,-1.0098507518564623,stop_hit,ema21,holdout
2025-09-25 18:30:00+00:00,592.345,590.9645370125135,595.1059259749732,2025-09-26 13:30:00+00:00,595.0909259749732,2.0,target_hit_partial,h_ema21,holdout
2025-09-25 18:30:00+00:00,592.345,590.9645370125135,595.1059259749732,2025-09-26 14:15:00+00:00,592.33,-0.010865919721105396,stop_hit,h_ema21,holdout
2025-09-26 14:45:00+00:00,593.665,592.027218021086,596.9405639578279,2025-09-26 15:00:00+00:00,592.012218021086,-1.0091587282025982,stop_hit,h_ema21,holdout
2025-09-29 18:00:00+00:00,599.005,598.0768312296232,600.8613375407537,2025-09-29 19:00:00+00:00,598.0618312296232,-1.0161608540156943,stop_hit,h_ema21,holdout
2025-09-30 14:30:00+00:00,597.525,596.5072708052895,599.5604583894209,2025-09-30 17:15:00+00:00,596.4922708052895,-1.0147386948099233,stop_hit,h_ema21,holdout
2025-10-01 14:15:00+00:00,598.885,597.5686318252913,601.5177363494174,2025-10-01 16:00:00+00:00,601.5027363494174,2.0,target_hit_partial,h_ema21,holdout
2025-10-01 14:15:00+00:00,598.885,597.5686318252913,601.5177363494174,2025-10-02 13:30:00+00:00,604.265,4.087002484081236,trail_exit,h_ema21,holdout
2025-10-02 16:00:00+00:00,604.985,603.9486749742573,607.0576500514854,2025-10-03 13:30:00+00:00,607.0426500514855,2.0,target_hit_partial,h_ema21,holdout
2025-10-02 16:00:00+00:00,604.985,603.9486749742573,607.0576500514854,2025-10-03 14:00:00+00:00,604.97,-0.014474223460189211,stop_hit,h_ema21,holdout
2025-10-03 16:00:00+00:00,606.775,605.9347203848772,608.4555592302455,2025-10-03 16:45:00+00:00,605.9197203848772,-1.0178512006361058,stop_hit,h_ema21,holdout
2025-10-03 18:30:00+00:00,604.155,603.0368814301992,606.3912371396016,2025-10-03 18:45:00+00:00,603.0218814301992,-1.013415392969154,stop_hit,h_ema21,holdout
2025-10-06 13:45:00+00:00,606.675,605.3458641074566,609.3332717850867,2025-10-06 18:30:00+00:00,609.3182717850867,2.0,target_hit_partial,h_ema21,holdout
2025-10-06 13:45:00+00:00,606.675,605.3458641074566,609.3332717850867,2025-10-07 15:00:00+00:00,606.66,-0.011285527750878058,stop_hit,h_ema21,holdout
2025-10-07 16:30:00+00:00,604.3149999999999,603.1785911056263,606.5878177887472,2025-10-08 13:30:00+00:00,606.5728177887472,2.0,target_hit_partial,h_ema21,holdout
2025-10-07 16:30:00+00:00,604.3149999999999,603.1785911056263,606.5878177887472,2025-10-09 14:15:00+00:00,609.645,4.6902132026499554,trail_exit,h_ema21,holdout
2025-10-09 17:45:00+00:00,608.415,607.4481924795623,610.3486150408753,2025-10-09 19:30:00+00:00,610.3336150408753,2.0,target_hit_partial,h_ema21,holdout
2025-10-09 17:45:00+00:00,608.415,607.4481924795623,610.3486150408753,2025-10-10 14:45:00+00:00,608.4,-0.015514980679086908,stop_hit,h_ema21,holdout
2025-10-28 13:45:00+00:00,630.965,625.9514834127126,640.9920331745749,2025-10-29 18:30:00+00:00,630.775,-0.03789755088909648,trail_exit,ema21,holdout
2025-10-29 19:00:00+00:00,633.595,632.0038093194448,636.7773813611104,2025-10-30 13:30:00+00:00,631.9888093194448,-1.009426902874238,stop_hit,h_ema21,holdout
2025-10-30 14:00:00+00:00,632.235,629.8854467077892,636.9341065844216,2025-10-30 14:15:00+00:00,629.8704467077893,-1.0063841922844288,stop_hit,h_ema21,holdout
2025-10-30 16:15:00+00:00,631.405,629.2458476672558,635.7233046654883,2025-10-30 17:00:00+00:00,629.2308476672558,-1.0069471707820272,stop_hit,h_ema21,holdout
2025-10-30 18:00:00+00:00,630.8149999999999,629.1020667431111,634.2408665137776,2025-10-30 18:15:00+00:00,629.0870667431111,-1.0087569086183956,stop_hit,h_ema21,holdout
2025-10-31 13:45:00+00:00,632.235,630.2108654769276,636.2832690461449,2025-10-31 16:00:00+00:00,630.1958654769276,-1.0074105746574678,stop_hit,h_ema50,holdout
2025-10-31 17:45:00+00:00,628.005,626.3871524323016,631.2406951353968,2025-10-31 19:15:00+00:00,631.2256951353968,2.0,target_hit_partial,h_ema21,holdout
2025-10-31 17:45:00+00:00,628.005,626.3871524323016,631.2406951353968,2025-11-03 15:15:00+00:00,630.525,1.5576251127199987,trail_exit,h_ema21,holdout
2025-11-03 17:45:00+00:00,632.8149999999999,631.217908742067,636.0091825158657,2025-11-03 19:30:00+00:00,631.202908742067,-1.009392074451275,stop_hit,h_ema21,holdout
2025-11-05 15:00:00+00:00,621.995,620.3025553487038,625.3798893025925,2025-11-05 17:45:00+00:00,625.3648893025925,2.0,target_hit_partial,h_ema21,holdout
2025-11-05 15:00:00+00:00,621.995,620.3025553487038,625.3798893025925,2025-11-05 20:45:00+00:00,623.365,0.8094799430815857,trail_exit,h_ema21,holdout
2025-11-06 16:15:00+00:00,613.715,611.8637686607191,617.417462678562,2025-11-06 16:30:00+00:00,611.8487686607191,-1.0081027150317219,stop_hit,ema21,holdout
2025-11-06 17:15:00+00:00,611.6949999999999,609.7511992846416,615.5826014307165,2025-11-06 19:15:00+00:00,615.5676014307165,2.0,target_hit_partial,ema21,holdout
2025-11-06 17:15:00+00:00,611.6949999999999,609.7511992846416,615.5826014307165,2025-11-06 20:45:00+00:00,611.68,-0.007716840456672775,stop_hit,ema21,holdout
2025-11-07 18:30:00+00:00,603.805,601.7501936970018,607.9146126059962,2025-11-07 19:30:00+00:00,607.8996126059963,2.0,target_hit_partial,h_ema21,holdout
2025-11-07 18:30:00+00:00,603.805,601.7501936970018,607.9146126059962,2025-11-11 14:30:00+00:00,620.645,8.19541967309959,trail_exit,h_ema21,holdout
2025-11-11 17:15:00+00:00,619.535,618.1280209402919,622.3489581194161,2025-11-11 18:45:00+00:00,622.3339581194161,2.0,target_hit_partial,ema21,holdout
2025-11-11 17:15:00+00:00,619.535,618.1280209402919,622.3489581194161,2025-11-12 14:30:00+00:00,621.585,1.4570223955041697,trail_exit,ema21,holdout
2025-11-12 16:30:00+00:00,620.025,618.5314886422337,623.0120227155325,2025-11-12 16:45:00+00:00,618.5164886422338,-1.0100434455499696,stop_hit,ema21,holdout
2025-11-12 17:45:00+00:00,620.415,618.9157553166851,623.4134893666296,2025-11-13 14:30:00+00:00,618.9007553166851,-1.0100050379814063,stop_hit,ema21,holdout
2025-11-13 15:15:00+00:00,617.345,615.4039143613627,621.2271712772747,2025-11-13 15:30:00+00:00,615.3889143613627,-1.0077276343204087,stop_hit,ema21,holdout
2025-11-14 15:30:00+00:00,606.515,603.8134670877362,611.9180658245276,2025-11-14 16:15:00+00:00,611.9030658245276,2.0,target_hit_partial,ema21,holdout
2025-11-14 15:30:00+00:00,606.515,603.8134670877362,611.9180658245276,2025-11-17 14:30:00+00:00,606.5,-0.005552403204822237,stop_hit,ema21,holdout
2025-11-17 16:30:00+00:00,608.0749999999999,605.6254400113771,612.9741199772456,2025-11-17 18:00:00+00:00,605.6104400113771,-1.0061235487473894,stop_hit,ema21,holdout
2025-11-17 18:45:00+00:00,606.305,604.3159651356198,610.2830697287603,2025-11-17 19:00:00+00:00,604.3009651356198,-1.0075413459404898,stop_hit,ema21,holdout
2025-11-18 16:30:00+00:00,597.885,594.9780860262933,603.6988279474133,2025-11-18 17:15:00+00:00,594.9630860262934,-1.005160111422513,stop_hit,ema50,holdout
2025-11-18 17:45:00+00:00,599.655,596.7129869807977,605.5390260384045,2025-11-18 20:45:00+00:00,596.6979869807977,-1.0050985498371634,stop_hit,ema50,holdout
2025-11-19 14:45:00+00:00,600.265,597.6604520228202,605.4740959543595,2025-11-19 15:15:00+00:00,605.4590959543596,2.0,target_hit_partial,ema50,holdout
2025-11-19 14:45:00+00:00,600.265,597.6604520228202,605.4740959543595,2025-11-19 16:00:00+00:00,600.25,-0.0057591567256244066,stop_hit,ema50,holdout
2025-11-19 17:00:00+00:00,599.545,597.0906616354108,604.4536767291783,2025-11-19 17:15:00+00:00,597.0756616354108,-1.0061116267489456,stop_hit,ema21,holdout
2025-11-19 18:00:00+00:00,597.585,595.1225187934447,602.5099624131108,2025-11-20 14:30:00+00:00,602.4949624131108,2.0,target_hit_partial,ema50,holdout
2025-11-19 18:00:00+00:00,597.585,595.1225187934447,602.5099624131108,2025-11-20 16:15:00+00:00,604.265,2.712711058349251,trail_exit,ema50,holdout
2025-11-20 18:15:00+00:00,596.785,593.097746467887,604.159507064226,2025-11-20 18:30:00+00:00,593.082746467887,-1.0040680685147763,stop_hit,ema50,holdout
2025-11-21 16:15:00+00:00,583.985,580.5121115365936,590.9307769268129,2025-11-21 16:45:00+00:00,590.9157769268129,2.0,target_hit_partial,ema100,holdout
2025-11-21 16:15:00+00:00,583.985,580.5121115365936,590.9307769268129,2025-11-25 14:30:00+00:00,600.385,4.722293898236454,trail_exit,ema100,holdout
2025-11-25 16:30:00+00:00,603.415,601.319520298152,607.6059594036958,2025-11-25 17:30:00+00:00,607.5909594036958,2.0,target_hit_partial,ema21,holdout
2025-11-25 16:30:00+00:00,603.415,601.319520298152,607.6059594036958,2025-12-01 14:30:00+00:00,613.405,4.767404805300772,trail_exit,ema21,holdout
2025-12-02 19:00:00+00:00,621.515,619.923873257881,624.6972534842379,2025-12-03 14:30:00+00:00,619.908873257881,-1.0094272816884533,stop_hit,h_ema21,holdout
2025-12-03 15:00:00+00:00,619.685,618.211417491776,622.6321650164477,2025-12-03 16:30:00+00:00,622.6171650164478,2.0,target_hit_partial,h_ema21,holdout
2025-12-03 15:00:00+00:00,619.685,618.211417491776,622.6321650164477,2025-12-04 14:30:00+00:00,621.975,1.5540358189784718,trail_exit,h_ema21,holdout
2025-12-04 16:30:00+00:00,621.8249999999999,620.5170775457783,624.4408449084432,2025-12-04 19:15:00+00:00,620.5020775457783,-1.0114685698311627,stop_hit,h_ema21,holdout
2025-12-05 17:00:00+00:00,625.595,624.0819283645504,628.6211432708992,2025-12-05 17:30:00+00:00,624.0669283645504,-1.0099136086147893,stop_hit,h_ema21,holdout
2025-12-08 16:30:00+00:00,624.0649999999999,622.8237852839599,626.5474294320801,2025-12-08 17:00:00+00:00,622.8087852839599,-1.0120849356732102,stop_hit,h_ema21,holdout
2025-12-08 18:00:00+00:00,624.505,623.3321924986726,626.8506150026548,2025-12-08 18:15:00+00:00,623.3171924986726,-1.0127898226972536,stop_hit,h_ema21,holdout
2025-12-09 17:00:00+00:00,625.245,624.2049767992747,627.3250464014505,2025-12-10 14:30:00+00:00,624.1899767992747,-1.014422755174621,stop_hit,h_ema21,holdout
2025-12-10 15:30:00+00:00,623.5649999999999,622.5749054549125,625.5451890901749,2025-12-10 15:45:00+00:00,622.5599054549125,-1.0151500683186385,stop_hit,h_ema21,holdout
2025-12-10 16:15:00+00:00,622.975,621.8089002494326,625.307199501135,2025-12-10 19:00:00+00:00,625.292199501135,2.0,target_hit_partial,h_ema21,holdout
2025-12-10 16:15:00+00:00,622.975,621.8089002494326,625.307199501135,2025-12-11 14:30:00+00:00,622.96,-0.012863393541321646,stop_hit,h_ema21,holdout
2025-12-11 15:15:00+00:00,621.775,619.4778969900939,626.3692060198122,2025-12-11 15:45:00+00:00,619.4628969900939,-1.006529964017852,stop_hit,ema21,holdout
2025-12-11 16:45:00+00:00,621.9449999999999,619.6926258799822,626.4497482400354,2025-12-29 14:30:00+00:00,619.6776258799822,-1.006659639651635,stop_hit,ema21,holdout
2025-12-29 15:30:00+00:00,621.015,619.2361017398144,624.5727965203711,2025-12-29 17:15:00+00:00,619.2211017398145,-1.008432185435058,stop_hit,ema21,holdout
2025-12-29 18:00:00+00:00,619.955,618.6618222410043,622.5413555179915,2025-12-30 19:45:00+00:00,620.285,0.2551853352753297,trail_exit,ema21,holdout
2025-12-31 17:00:00+00:00,617.925,617.136515869289,619.5019682614218,2025-12-31 17:45:00+00:00,617.121515869289,-1.0190238451425295,stop_hit,ema21,holdout
2025-12-31 18:15:00+00:00,617.865,617.1341614201968,619.3266771596063,2025-12-31 19:30:00+00:00,617.1191614201969,-1.0205243680540597,stop_hit,ema21,holdout
2026-01-02 14:45:00+00:00,620.165,618.8839826481358,622.7270347037283,2026-01-02 15:00:00+00:00,618.8689826481358,-1.0117094432625426,stop_hit,ema21,holdout
2026-01-02 17:15:00+00:00,613.245,611.2104783413898,617.3140433172204,2026-01-02 18:15:00+00:00,611.1954783413898,-1.0073727403866681,stop_hit,ema21,holdout
2026-01-02 19:15:00+00:00,613.055,611.2838408391827,616.5973183216344,2026-01-05 14:30:00+00:00,616.5823183216344,2.0,target_hit_partial,ema50,holdout
2026-01-02 19:15:00+00:00,613.055,611.2838408391827,616.5973183216344,2026-01-05 19:15:00+00:00,617.885,2.727027647685541,trail_exit,ema50,holdout
2026-01-06 17:00:00+00:00,620.655,619.5182396978698,622.9285206042603,2026-01-06 18:45:00+00:00,622.9135206042603,2.0,target_hit_partial,ema21,holdout
2026-01-06 17:00:00+00:00,620.655,619.5182396978698,622.9285206042603,2026-01-07 19:15:00+00:00,625.605,4.354479999630867,trail_exit,ema21,holdout
2026-01-08 15:15:00+00:00,620.4449999999999,619.1208226997384,623.0933546005231,2026-01-08 15:30:00+00:00,619.1058226997384,-1.011327788202549,stop_hit,ema21,holdout
2026-01-08 16:45:00+00:00,619.705,618.2993854999169,622.5162290001664,2026-01-09 14:30:00+00:00,622.5012290001664,2.0,target_hit_partial,ema21,holdout
2026-01-08 16:45:00+00:00,619.705,618.2993854999169,622.5162290001664,2026-01-09 15:00:00+00:00,619.69,-0.010671489230581185,stop_hit,ema21,holdout
2026-01-12 17:00:00+00:00,627.415,626.3164345046248,629.6121309907503,2026-01-13 14:45:00+00:00,627.1750000000001,-0.218466719563164,trail_exit,h_ema21,holdout
2026-01-13 16:00:00+00:00,625.955,624.7842588374731,628.296482325054,2026-01-13 16:45:00+00:00,628.281482325054,2.0,target_hit_partial,ema21,holdout
2026-01-13 16:00:00+00:00,625.955,624.7842588374731,628.296482325054,2026-01-13 17:45:00+00:00,625.94,-0.012812396522908661,stop_hit,ema21,holdout
2026-01-14 15:15:00+00:00,620.655,618.9553505215139,624.0542989569722,2026-01-14 15:30:00+00:00,618.9403505215139,-1.0088253491027732,stop_hit,ema21,holdout
2026-01-14 18:15:00+00:00,616.155,614.4818522555457,619.5012954889085,2026-01-14 20:30:00+00:00,619.4862954889085,2.0,target_hit_partial,ema21,holdout
2026-01-14 18:15:00+00:00,616.155,614.4818522555457,619.5012954889085,2026-01-15 19:15:00+00:00,623.715,4.518429424453508,trail_exit,ema21,holdout
2026-01-16 14:45:00+00:00,624.415,622.9457689161676,627.3534621676647,2026-01-16 15:00:00+00:00,622.9307689161676,-1.01020942189765,stop_hit,ema21,holdout
2026-01-16 16:00:00+00:00,621.035,619.434284623205,624.2364307535898,2026-01-20 14:30:00+00:00,619.419284623205,-1.0093708102123817,stop_hit,ema21,holdout
2026-01-20 15:30:00+00:00,613.4449999999999,611.6760334340453,616.9829331319092,2026-01-20 17:45:00+00:00,611.6610334340453,-1.0084795271367333,stop_hit,ema21,holdout
2026-01-21 15:00:00+00:00,612.595,611.0810071480088,615.6229857039825,2026-01-21 15:30:00+00:00,615.6079857039825,2.0,target_hit_partial,ema50,holdout
2026-01-21 15:00:00+00:00,612.595,611.0810071480088,615.6229857039825,2026-01-21 16:30:00+00:00,612.58,-0.00990757649896294,stop_hit,ema50,holdout
2026-01-21 17:30:00+00:00,609.765,608.0160511227821,613.2628977544358,2026-01-21 19:15:00+00:00,613.2478977544358,2.0,target_hit_partial,ema21,holdout
2026-01-21 17:30:00+00:00,609.765,608.0160511227821,613.2628977544358,2026-01-23 17:45:00+00:00,621.735,6.844110857626061,trail_exit,ema21,holdout
2026-01-23 18:15:00+00:00,622.675,621.3763144842376,625.2723710315247,2026-01-26 14:45:00+00:00,625.2573710315247,2.0,target_hit_partial,ema21,holdout
2026-01-23 18:15:00+00:00,622.675,621.3763144842376,625.2723710315247,2026-01-26 20:45:00+00:00,625.465,2.148326108312876,trail_exit,ema21,holdout
2026-01-28 19:00:00+00:00,633.335,632.4134034374707,635.1781931250587,2026-01-28 19:15:00+00:00,632.3984034374707,-1.016276102374795,stop_hit,h_ema21,holdout
2026-01-29 17:15:00+00:00,624.685,622.7523541846782,628.5502916306434,2026-01-29 20:45:00+00:00,628.5352916306434,2.0,target_hit_partial,ema21,holdout
2026-01-29 17:15:00+00:00,624.685,622.7523541846782,628.5502916306434,2026-01-30 15:15:00+00:00,624.67,-0.007761380735708811,stop_hit,ema21,holdout
2026-01-30 17:30:00+00:00,624.435,622.3560993656656,628.5928012686686,2026-01-30 17:45:00+00:00,622.3410993656656,-1.0072153520722693,stop_hit,ema21,holdout
2026-01-30 19:00:00+00:00,623.475,621.2899338283381,627.8451323433238,2026-01-30 20:00:00+00:00,621.2749338283381,-1.0068647806618038,stop_hit,ema21,holdout
2026-02-02 17:00:00+00:00,627.165,625.3059351055155,630.883129788969,2026-02-03 14:30:00+00:00,625.2909351055155,-1.0080685725627376,stop_hit,ema21,holdout
2026-02-03 16:00:00+00:00,620.645,618.6836417767009,624.5677164465981,2026-02-03 16:15:00+00:00,618.668641776701,-1.0076477615469732,stop_hit,ema21,holdout
2026-02-03 19:15:00+00:00,613.505,611.6719352331571,617.1711295336858,2026-02-03 19:45:00+00:00,611.6569352331571,-1.0081830169186117,stop_hit,ema50,holdout
2026-02-05 16:30:00+00:00,600.465,597.0451177976634,607.3047644046734,2026-02-05 20:15:00+00:00,597.0301177976634,-1.0043861159866083,stop_hit,ema100,holdout
2026-02-06 15:30:00+00:00,603.655,600.6957465478448,609.5735069043103,2026-02-06 20:30:00+00:00,609.5585069043103,2.0,target_hit_partial,ema100,holdout
2026-02-06 15:30:00+00:00,603.655,600.6957465478448,609.5735069043103,2026-02-26 14:30:00+00:00,613.715,3.3995060452404156,trail_exit,ema100,holdout
2026-02-26 19:15:00+00:00,608.785,607.301630579702,611.751738840596,2026-02-27 14:30:00+00:00,607.286630579702,-1.0101121135401139,stop_hit,ema100,holdout
2026-02-27 15:15:00+00:00,606.395,604.5018012463809,610.1813975072382,2026-02-27 18:15:00+00:00,604.4868012463809,-1.0079230983917096,stop_hit,ema100,holdout
2026-02-27 19:15:00+00:00,605.3149999999999,603.7482933916671,608.4484132166657,2026-03-02 14:30:00+00:00,603.7332933916671,-1.0095742239933154,stop_hit,ema100,holdout
2026-03-02 15:00:00+00:00,604.185,602.1474214770975,608.2601570458048,2026-03-02 16:45:00+00:00,608.2451570458048,2.0,target_hit_partial,ema100,holdout
2026-03-02 15:00:00+00:00,604.185,602.1474214770975,608.2601570458048,2026-03-03 14:30:00+00:00,604.17,-0.0073616794795321825,stop_hit,ema100,holdout
2026-03-03 16:30:00+00:00,598.335,595.7841488720965,603.4367022558072,2026-03-03 18:30:00+00:00,603.4217022558072,2.0,target_hit_partial,ema100,holdout
2026-03-03 16:30:00+00:00,598.335,595.7841488720965,603.4367022558072,2026-03-05 14:30:00+00:00,609.065,4.206439130306488,trail_exit,ema100,holdout
2026-03-05 18:15:00+00:00,604.755,602.74852915294,608.7679416941199,2026-03-05 18:30:00+00:00,602.73352915294,-1.0074758125800658,stop_hit,ema21,holdout
2026-03-05 19:15:00+00:00,604.205,602.190335176414,608.2343296471721,2026-03-05 20:45:00+00:00,608.2193296471721,2.0,target_hit_partial,ema100,holdout
2026-03-05 19:15:00+00:00,604.205,602.190335176414,608.2343296471721,2026-03-06 14:30:00+00:00,604.19,-0.007445407208374689,stop_hit,ema100,holdout
2026-03-06 15:00:00+00:00,600.495,597.9078069886799,605.6693860226402,2026-03-06 16:45:00+00:00,605.6543860226402,2.0,target_hit_partial,ema21,holdout
2026-03-06 15:00:00+00:00,600.495,597.9078069886799,605.6693860226402,2026-03-06 20:15:00+00:00,600.48,-0.00579778931620286,stop_hit,ema21,holdout
2026-03-09 14:45:00+00:00,596.715,594.0907250146876,601.963549970625,2026-03-09 19:15:00+00:00,601.948549970625,2.0,target_hit_partial,ema100,holdout
2026-03-09 14:45:00+00:00,596.715,594.0907250146876,601.963549970625,2026-03-10 19:15:00+00:00,607.705,4.1878233270174805,trail_exit,ema100,holdout
2026-03-11 17:30:00+00:00,608.305,606.5743565463737,611.7662869072525,2026-03-11 17:45:00+00:00,606.5593565463737,-1.0086672965298291,stop_hit,ema21,holdout
2026-03-12 15:30:00+00:00,598.975,596.9346169027135,603.055766194573,2026-03-12 19:45:00+00:00,597.3050000000001,-0.8184737475138277,trail_exit,ema100,holdout
2026-03-13 13:45:00+00:00,602.745,600.8434208134944,606.5481583730112,2026-03-13 14:00:00+00:00,600.8284208134944,-1.0078881805745628,stop_hit,ema100,holdout
2026-03-13 15:15:00+00:00,597.775,595.6593279570429,602.0063440859141,2026-03-13 15:30:00+00:00,595.644327957043,-1.0070899457455709,stop_hit,ema100,holdout
2026-03-13 16:15:00+00:00,594.655,592.537472427663,598.8900551446739,2026-03-16 13:30:00+00:00,598.8750551446739,2.0,target_hit_partial,ema100,holdout
2026-03-13 16:15:00+00:00,594.655,592.537472427663,598.8900551446739,2026-03-16 19:30:00+00:00,600.015,2.53125393502415,trail_exit,ema100,holdout
2026-03-17 19:00:00+00:00,603.245,602.1490489918191,605.4369020163618,2026-03-18 13:30:00+00:00,602.1340489918191,-1.0136867431920005,stop_hit,ema21,holdout
2026-03-18 15:00:00+00:00,600.415,599.0959107688097,603.0531784623804,2026-03-18 17:00:00+00:00,599.0809107688098,-1.0113714824177982,stop_hit,ema21,holdout
2026-03-18 17:45:00+00:00,599.585,598.385849707025,601.98330058595,2026-03-18 18:30:00+00:00,598.3708497070251,-1.012508857386652,stop_hit,ema100,holdout
2026-03-19 16:00:00+00:00,590.635,588.6436261767093,594.6177476465814,2026-03-19 17:00:00+00:00,588.6286261767093,-1.0075324882875076,stop_hit,donchian_low,holdout
2026-03-19 18:00:00+00:00,590.135,588.3181287829841,593.7687424340318,2026-03-19 19:00:00+00:00,593.7537424340318,2.0,target_hit_partial,donchian_low,holdout
2026-03-19 18:00:00+00:00,590.135,588.3181287829841,593.7687424340318,2026-03-20 13:30:00+00:00,590.12,-0.008255951142548809,stop_hit,donchian_low,holdout
2026-03-20 15:15:00+00:00,586.735,584.6416649905105,590.921670018979,2026-03-20 17:30:00+00:00,584.6266649905106,-1.007165599357957,stop_hit,donchian_low,holdout
2026-03-23 13:45:00+00:00,590.545,588.2670573024121,595.1008853951756,2026-03-23 15:45:00+00:00,588.2520573024121,-1.006584889082535,stop_hit,ema200,holdout
2026-03-24 14:45:00+00:00,584.6949999999999,582.6021685024646,588.8806629950707,2026-03-24 17:30:00+00:00,582.5871685024646,-1.0071673233213716,stop_hit,donchian_low,holdout
2026-03-24 18:00:00+00:00,584.515,582.5613834827248,588.4222330345505,2026-03-25 13:30:00+00:00,588.4072330345505,2.0,target_hit_partial,donchian_low,holdout
2026-03-24 18:00:00+00:00,584.515,582.5613834827248,588.4222330345505,2026-03-25 19:00:00+00:00,587.205,1.3769334852634605,trail_exit,donchian_low,holdout
2026-04-01 15:45:00+00:00,586.285,584.3004002259806,590.2541995480386,2026-04-01 18:15:00+00:00,584.2854002259807,-1.0075581989861904,stop_hit,ema21,holdout
2026-04-01 19:15:00+00:00,584.045,582.6061783966844,586.922643206631,2026-04-02 13:30:00+00:00,582.5911783966844,-1.010425197929626,stop_hit,ema21,holdout
2026-04-02 14:15:00+00:00,578.025,575.6014314993276,582.8721370013446,2026-04-02 14:30:00+00:00,582.8571370013447,2.0,target_hit_partial,ema21,holdout
2026-04-02 14:15:00+00:00,578.025,575.6014314993276,582.8721370013446,2026-04-06 17:00:00+00:00,585.245,2.979078164284236,trail_exit,ema21,holdout
2026-04-07 16:00:00+00:00,582.455,580.6830642924176,585.9988714151649,2026-04-07 17:30:00+00:00,585.9838714151649,2.0,target_hit_partial,ema21,holdout
2026-04-07 16:00:00+00:00,582.455,580.6830642924176,585.9988714151649,2026-04-07 18:45:00+00:00,582.44,-0.008465318428766168,stop_hit,ema21,holdout
2026-04-09 15:45:00+00:00,607.045,605.3801687952126,610.3746624095746,2026-04-09 19:45:00+00:00,610.3596624095746,2.0,target_hit_partial,ema50,holdout
2026-04-09 15:45:00+00:00,607.045,605.3801687952126,610.3746624095746,2026-04-10 16:30:00+00:00,609.6850000000001,1.5857463461812848,trail_exit,ema50,holdout
2026-04-10 17:45:00+00:00,610.365,609.1714387077417,612.7521225845167,2026-04-13 13:30:00+00:00,609.1564387077417,-1.0125674316830475,stop_hit,h_ema21,holdout
2026-04-13 14:00:00+00:00,611.625,610.3933005359551,614.0883989280899,2026-04-13 14:15:00+00:00,610.3783005359551,-1.012178295467245,stop_hit,h_ema21,holdout
2026-04-13 17:00:00+00:00,614.185,612.8710682608418,616.8128634783163,2026-04-13 19:45:00+00:00,616.7978634783163,2.0,target_hit_partial,h_ema21,holdout
2026-04-13 17:00:00+00:00,614.185,612.8710682608418,616.8128634783163,2026-04-16 13:45:00+00:00,636.325,16.850190417186145,trail_exit,h_ema21,holdout
2026-04-16 17:30:00+00:00,640.155,638.8153051365954,642.8343897268091,2026-04-16 18:00:00+00:00,638.8003051365954,-1.0111965794672577,stop_hit,h_ema21,holdout
2026-04-20 15:30:00+00:00,645.8149999999999,644.2519361889418,648.9411276221161,2026-04-20 15:45:00+00:00,644.2369361889419,-1.0095965371943658,stop_hit,h_ema21,holdout
2026-04-20 17:15:00+00:00,645.585,644.2809105065869,648.1931789868263,2026-04-21 13:30:00+00:00,648.1781789868263,2.0,target_hit_partial,h_ema21,holdout
2026-04-20 17:15:00+00:00,645.585,644.2809105065869,648.1931789868263,2026-04-21 14:45:00+00:00,646.605,0.7821549097296884,trail_exit,h_ema21,holdout
2026-04-21 17:45:00+00:00,646.415,644.835391224107,649.574217551786,2026-04-21 18:15:00+00:00,644.820391224107,-1.0094960221979687,stop_hit,h_ema21,holdout
2026-04-23 18:00:00+00:00,650.295,648.3701169941102,654.1447660117796,2026-04-24 13:30:00+00:00,654.1297660117796,2.0,target_hit_partial,h_ema21,holdout
2026-04-23 18:00:00+00:00,650.295,648.3701169941102,654.1447660117796,2026-04-28 13:30:00+00:00,658.765,4.4002674313625025,trail_exit,h_ema21,holdout
2026-04-28 17:45:00+00:00,656.455,655.0457158748045,659.2735682503911,2026-04-29 14:15:00+00:00,659.2585682503911,2.0,target_hit_partial,h_ema21,holdout
2026-04-28 17:45:00+00:00,656.455,655.0457158748045,659.2735682503911,2026-04-30 13:45:00+00:00,659.525,2.1784109712964863,trail_exit,h_ema21,holdout
2026-05-04 14:45:00+00:00,676.415,675.1356715185028,678.9736569629943,2026-05-04 15:00:00+00:00,675.1206715185028,-1.0117249011625478,stop_hit,h_ema21,holdout
2026-05-04 16:30:00+00:00,671.275,669.5271791076235,674.7706417847529,2026-05-05 13:30:00+00:00,674.7556417847529,2.0,target_hit_partial,h_ema21,holdout
2026-05-04 16:30:00+00:00,671.275,669.5271791076235,674.7706417847529,2026-05-07 15:45:00+00:00,697.345,14.915715971648185,trail_exit,h_ema21,holdout
