entry_date,entry_price,stop,target,exit_date,exit_price,R_multiple,exit_reason,zone_triggered,period
2023-02-03 19:00:00+00:00,413.46999999999997,412.02208846015117,416.3658230796976,2023-02-03 19:15:00+00:00,411.5120884601512,-1.3522314630168961,stop_hit,h_ema21,train
2023-02-06 16:00:00+00:00,410.78,409.4102655191472,413.51946896170557,2023-02-06 17:00:00+00:00,408.9002655191472,-1.3723349358062915,stop_hit,ema200,train
2023-02-06 17:45:00+00:00,410.45,409.278602729161,412.792794541678,2023-02-06 18:00:00+00:00,408.768602729161,-1.43537748695172,stop_hit,ema200,train
2023-02-06 19:00:00+00:00,410.46999999999997,409.4402607442553,412.52947851148934,2023-02-06 20:15:00+00:00,408.9302607442553,-1.495271008806175,stop_hit,ema200,train
2023-02-07 15:45:00+00:00,409.64,408.70288204380995,411.51423591238006,2023-02-07 17:30:00+00:00,408.19288204380996,-1.5442217776654885,stop_hit,ema200,train
2023-02-09 18:00:00+00:00,410.64099999999996,409.4607523816284,413.00149523674304,2023-02-09 18:30:00+00:00,408.95075238162843,-1.432112712672676,stop_hit,ema200,train
2023-02-10 15:30:00+00:00,408.0999,406.86697665586246,410.56574668827506,2023-02-10 15:45:00+00:00,406.35697665586247,-1.413651020904914,stop_hit,ema21,train
2023-02-10 18:00:00+00:00,407.405,406.3397534362875,409.53549312742496,2023-02-10 19:30:00+00:00,405.8297534362875,-1.4787623986531244,stop_hit,ema21,train
2023-02-13 15:30:00+00:00,411.43,410.48769339296945,413.3146132140611,2023-02-14 14:30:00+00:00,409.97769339296946,-1.541225113137142,stop_hit,ema21,train
2023-02-14 16:15:00+00:00,411.65999999999997,410.32216673255346,414.335666534893,2023-02-14 16:30:00+00:00,409.81216673255346,-1.3812134235332738,stop_hit,ema200,train
2023-02-14 17:00:00+00:00,410.07,408.6890941368149,412.8318117263702,2023-02-14 18:00:00+00:00,412.3218117263702,2.0,target_hit_partial,ema200,train
2023-02-14 17:00:00+00:00,410.07,408.6890941368149,412.8318117263702,2023-02-15 14:45:00+00:00,409.56,-0.3693227855689337,stop_hit,ema200,train
2023-02-15 18:15:00+00:00,412.48,411.4179275851301,414.6041448297399,2023-02-16 14:30:00+00:00,410.9079275851301,-1.4801932456389513,stop_hit,h_ema21,train
2023-02-16 15:15:00+00:00,410.21,408.98234265999815,412.66531468000363,2023-02-16 17:30:00+00:00,412.15531468000364,2.0,target_hit_partial,ema21,train
2023-02-16 15:15:00+00:00,410.21,408.98234265999815,412.66531468000363,2023-02-16 20:15:00+00:00,409.7,-0.4154253661687325,stop_hit,ema21,train
2023-02-17 16:45:00+00:00,405.7,404.50521501506694,408.0895699698661,2023-02-17 17:45:00+00:00,403.99521501506695,-1.4268550462479812,stop_hit,ema21,train
2023-02-21 15:45:00+00:00,402.46,401.2297024678377,404.9205950643246,2023-02-21 16:00:00+00:00,400.7197024678377,-1.414533872228164,stop_hit,ema21,train
2023-04-03 15:30:00+00:00,409.57,408.75723398357377,411.19553203285244,2023-04-04 13:30:00+00:00,410.68553203285245,2.0,target_hit_partial,ema200,train
2023-04-03 15:30:00+00:00,409.57,408.75723398357377,411.19553203285244,2023-04-04 14:45:00+00:00,409.06,-0.6274868654603554,stop_hit,ema200,train
2023-04-04 16:30:00+00:00,408.8,407.97860829981624,410.44278340036755,2023-04-04 18:15:00+00:00,407.46860829981625,-1.6208974352746568,stop_hit,ema200,train
2023-04-04 18:45:00+00:00,408.75,408.0205648940262,410.20887021194756,2023-04-04 19:00:00+00:00,407.51056489402623,-1.6991711748218554,stop_hit,ema200,train
2023-04-05 15:15:00+00:00,407.36,406.4336511815088,409.2126976369824,2023-04-05 16:15:00+00:00,405.92365118150883,-1.5505485512797035,stop_hit,ema200,train
2023-04-05 17:15:00+00:00,407.07,406.2497940336142,408.7104119327716,2023-04-06 13:30:00+00:00,405.7397940336142,-1.6217950379552624,stop_hit,ema200,train
2023-04-06 14:15:00+00:00,407.645,406.87697314435246,409.181053711295,2023-04-06 14:30:00+00:00,406.36697314435247,-1.6640392796811934,stop_hit,ema200,train
2023-04-10 14:15:00+00:00,407.36,406.54616937831616,408.9876612433677,2023-04-10 14:30:00+00:00,406.0361693783162,-1.626666024122784,stop_hit,ema200,train
2023-04-11 14:30:00+00:00,410.52,409.88001302116226,411.79997395767543,2023-04-11 14:45:00+00:00,409.37001302116226,-1.7968912132028012,stop_hit,h_ema21,train
2023-04-12 14:15:00+00:00,411.985,411.23807297893393,413.4788540421322,2023-04-12 14:30:00+00:00,410.72807297893394,-1.6827976303120893,stop_hit,h_ema21,train
2023-04-12 15:30:00+00:00,410.09,409.17246705198596,411.925065896028,2023-04-12 18:30:00+00:00,408.66246705198597,-1.5558383501147053,stop_hit,h_ema21,train
2023-04-13 13:45:00+00:00,409.71,408.7804174267815,411.5691651464369,2023-04-13 17:00:00+00:00,411.0591651464369,2.0,target_hit_partial,ema200,train
2023-04-13 13:45:00+00:00,409.71,408.7804174267815,411.5691651464369,2023-04-13 19:00:00+00:00,409.2,-0.5486333486591081,stop_hit,ema200,train
2023-04-14 13:45:00+00:00,414.83,413.57276057193934,417.34447885612127,2023-04-14 14:00:00+00:00,413.06276057193935,-1.4056506570007052,stop_hit,ema200,train
2023-04-14 17:15:00+00:00,411.65999999999997,410.69030883231346,413.599382335373,2023-04-14 17:30:00+00:00,410.1803088323135,-1.5259406468729129,stop_hit,h_ema21,train
2023-04-14 18:00:00+00:00,411.53999999999996,410.593902516251,413.43219496749794,2023-04-17 17:45:00+00:00,410.8134,-0.7679969691080379,trail_exit,h_ema21,train
2023-04-18 15:30:00+00:00,414.02,413.26980194282424,415.52039611435146,2023-04-18 15:45:00+00:00,412.75980194282425,-1.6798204755687887,stop_hit,h_ema21,train
2023-04-18 17:45:00+00:00,414.6717,414.00579927578667,416.0035014484266,2023-04-18 18:00:00+00:00,413.4957992757867,-1.765879929928739,stop_hit,h_ema21,train
2023-04-18 19:15:00+00:00,414.75,414.05223258783286,416.1455348243343,2023-04-18 19:30:00+00:00,413.54223258783287,-1.7309025774305278,stop_hit,h_ema21,train
2023-04-19 14:15:00+00:00,413.36,412.614224551997,414.8515508960061,2023-04-19 18:00:00+00:00,414.3415508960061,2.0,target_hit_partial,h_ema21,train
2023-04-19 14:15:00+00:00,413.36,412.614224551997,414.8515508960061,2023-04-20 13:30:00+00:00,412.85,-0.6838519575371146,stop_hit,h_ema21,train
2023-04-20 14:15:00+00:00,412.88,412.13153617566905,414.3769276486619,2023-04-20 15:00:00+00:00,411.62153617566906,-1.6813956579075617,stop_hit,h_ema21,train
2023-04-20 15:45:00+00:00,412.90999999999997,412.2193222804891,414.2913554390217,2023-04-20 16:00:00+00:00,411.7093222804891,-1.7384051716061946,stop_hit,h_ema200,train
2023-04-21 14:15:00+00:00,411.98,411.2099466791034,413.5201066417933,2023-04-21 14:30:00+00:00,410.6999466791034,-1.6622918000095839,stop_hit,h_ema21,train
2023-04-21 15:00:00+00:00,411.34999999999997,410.4885761129701,413.07284777405965,2023-04-24 15:00:00+00:00,410.805,-0.632673423857676,trail_exit,ema21,train
2023-04-24 16:30:00+00:00,411.90999999999997,411.2266033448317,413.27679331033653,2023-04-25 13:30:00+00:00,410.7166033448317,-1.7462723092702404,stop_hit,ema21,train
2023-04-25 15:00:00+00:00,410.34999999999997,409.66977694768906,411.7104461046218,2023-04-25 15:15:00+00:00,409.15977694768907,-1.749754067092226,stop_hit,ema21,train
2023-04-25 19:15:00+00:00,407.56,406.9168574068097,408.8462851863806,2023-04-25 19:30:00+00:00,406.4068574068097,-1.7929812228267124,stop_hit,ema21,train
2023-05-15 14:30:00+00:00,411.525,410.59901015396616,413.3769796920676,2023-05-15 17:00:00+00:00,412.8669796920676,2.0,target_hit_partial,ema21,train
2023-05-15 14:30:00+00:00,411.525,410.59901015396616,413.3769796920676,2023-05-16 13:45:00+00:00,411.015,-0.550761978853672,stop_hit,ema21,train
2023-05-16 14:30:00+00:00,412.32,411.48124665894255,413.9975066821149,2023-05-16 14:45:00+00:00,410.97124665894256,-1.6080452679413701,stop_hit,ema21,train
2023-05-16 15:30:00+00:00,412.4305,411.62422844195277,414.04304311609445,2023-05-16 15:45:00+00:00,411.1142284419528,-1.6325412262280456,stop_hit,ema21,train
2023-05-16 18:00:00+00:00,412.4,411.7295587383022,413.7408825233955,2023-05-16 18:15:00+00:00,411.2195587383022,-1.7606930377592158,stop_hit,h_ema21,train
2023-05-17 13:45:00+00:00,412.46999999999997,411.735605656151,413.9387886876979,2023-05-17 14:00:00+00:00,411.225605656151,-1.6944497929097198,stop_hit,ema21,train
2023-05-18 17:15:00+00:00,416.83,416.09713132375606,418.29573735248783,2023-05-18 17:30:00+00:00,415.58713132375607,-1.695895481048292,stop_hit,h_ema21,train
2023-05-19 16:45:00+00:00,418.95,418.093980401438,420.662039197124,2023-05-19 17:45:00+00:00,417.583980401438,-1.5957807518154068,stop_hit,h_ema21,train
2023-05-22 14:30:00+00:00,419.65999999999997,418.79917471551795,421.381650568964,2023-05-22 14:45:00+00:00,418.28917471551796,-1.5924547166465626,stop_hit,h_ema21,train
2023-05-22 17:00:00+00:00,419.59,418.9032659730104,420.96346805397917,2023-05-22 17:15:00+00:00,418.3932659730104,-1.7426455948828588,stop_hit,h_ema21,train
2023-05-23 15:30:00+00:00,418.4,417.6463340518933,419.90733189621335,2023-05-23 15:45:00+00:00,417.1363340518933,-1.6766923744945381,stop_hit,h_ema21,train
2023-05-23 19:00:00+00:00,415.24,414.38721494319344,416.94557011361314,2023-05-23 19:15:00+00:00,413.87721494319345,-1.5980404979301501,stop_hit,ema21,train
2023-05-24 15:30:00+00:00,411.72499999999997,410.71928520990394,413.736429580192,2023-05-24 15:45:00+00:00,410.20928520990395,-1.507102018407523,stop_hit,ema21,train
2023-05-24 16:15:00+00:00,411.11,410.14067041040784,413.04865917918437,2023-05-24 16:30:00+00:00,409.63067041040784,-1.5261368325860776,stop_hit,ema21,train
2023-05-24 17:45:00+00:00,411.82,410.92855590106615,413.6028881978677,2023-05-24 18:00:00+00:00,410.41855590106616,-1.5721054192965587,stop_hit,ema21,train
2023-05-24 18:45:00+00:00,411.28,410.39710775172716,413.0457844965456,2023-05-24 19:00:00+00:00,409.88710775172717,-1.5776469336973982,stop_hit,ema21,train
2023-05-26 14:15:00+00:00,418.27,417.2514229078874,420.30715418422517,2023-05-26 18:45:00+00:00,419.7971541842252,2.0,target_hit_partial,h_ema21,train
2023-05-26 14:15:00+00:00,418.27,417.2514229078874,420.30715418422517,2023-05-30 16:00:00+00:00,419.8301,1.5316464625807433,trail_exit,h_ema21,train
2023-05-30 17:00:00+00:00,421.03999999999996,420.2106215791872,422.6987568416255,2023-05-30 17:15:00+00:00,419.7006215791872,-1.6149183378803253,stop_hit,h_ema21,train
2023-05-31 17:15:00+00:00,417.74,417.0082901789681,419.20341964206386,2023-06-01 13:45:00+00:00,416.4982901789681,-1.6969976148205037,stop_hit,h_ema21,train
2023-06-01 14:45:00+00:00,419.7,418.79743174097155,421.5051365180569,2023-06-01 16:00:00+00:00,420.9951365180569,2.0,target_hit_partial,h_ema21,train
2023-06-01 14:45:00+00:00,419.7,418.79743174097155,421.5051365180569,2023-06-05 18:00:00+00:00,427.42990000000003,8.564338400644397,trail_exit,h_ema21,train
2023-06-05 19:00:00+00:00,428.17,427.40848969736385,429.69302060527235,2023-06-05 19:15:00+00:00,426.89848969736386,-1.6697217335530352,stop_hit,h_ema21,train
2023-06-06 14:15:00+00:00,427.73,426.93687154314273,429.3162569137146,2023-06-06 15:15:00+00:00,426.42687154314274,-1.643023202093677,stop_hit,h_ema21,train
2023-06-07 18:00:00+00:00,427.21999999999997,426.42717264193254,428.8056547161348,2023-06-07 18:30:00+00:00,425.91717264193255,-1.6432674084849341,stop_hit,h_ema21,train
2023-06-08 15:30:00+00:00,428.76,428.06125893391265,430.15748213217466,2023-06-08 15:45:00+00:00,427.55125893391266,-1.7298841083661818,stop_hit,h_ema21,train
2023-06-12 14:00:00+00:00,431.49,430.7687666670202,432.9324666659596,2023-06-12 14:15:00+00:00,430.2587666670202,-1.7071220597818235,stop_hit,h_ema21,train
2023-06-12 16:30:00+00:00,431.69,431.13028727558554,432.8094254488289,2023-06-12 19:00:00+00:00,432.2994254488289,2.0,target_hit_partial,h_ema21,train
2023-06-12 16:30:00+00:00,431.69,431.13028727558554,432.8094254488289,2023-06-14 17:00:00+00:00,436.9396,9.379097117171828,trail_exit,h_ema21,train
2023-06-14 18:45:00+00:00,437.05,436.0786429017445,438.99271419651103,2023-06-14 19:15:00+00:00,435.5686429017445,-1.5250386298879328,stop_hit,h_ema21,train
2023-06-20 16:30:00+00:00,437.71,436.87166079837874,439.38667840324246,2023-06-21 13:30:00+00:00,436.36166079837875,-1.6083456422098807,stop_hit,h_ema21,train
2023-06-21 16:15:00+00:00,436.17199999999997,435.34709086061116,437.8218182787776,2023-06-21 16:45:00+00:00,434.83709086061117,-1.6182499085630937,stop_hit,h_ema21,train
2023-06-21 17:45:00+00:00,435.81,435.07166992199996,437.2866601560001,2023-06-21 19:30:00+00:00,434.56166992199996,-1.6907479665212266,stop_hit,h_ema21,train
2023-06-22 14:15:00+00:00,436.25,435.4202214315835,437.909557136833,2023-06-22 14:30:00+00:00,434.9102214315835,-1.6146218032278814,stop_hit,h_ema21,train
2023-06-22 15:00:00+00:00,435.03,434.14431723221173,436.80136553557645,2023-06-23 13:30:00+00:00,433.63431723221174,-1.5758269422736793,stop_hit,h_ema21,train
2023-06-23 14:45:00+00:00,434.63,433.779900045703,436.33019990859395,2023-06-23 15:00:00+00:00,433.269900045703,-1.5999294523215846,stop_hit,h_ema21,train
2023-07-13 14:45:00+00:00,448.76,448.04939326353133,450.1812134729373,2023-07-13 15:00:00+00:00,447.53939326353134,-1.7176965455385629,stop_hit,h_ema21,train
2023-07-17 17:45:00+00:00,451.15,450.72801043793646,451.993979124127,2023-07-17 18:00:00+00:00,450.21801043793647,-2.2085606987673034,stop_hit,h_ema21,train
2023-07-20 15:00:00+00:00,454.175,453.49431843496257,455.5363631300749,2023-07-20 15:15:00+00:00,452.9843184349626,-1.7492490265575718,stop_hit,h_ema21,train
2023-07-20 15:45:00+00:00,454.69,454.0325592571475,456.00488148570497,2023-07-20 16:00:00+00:00,453.5225592571475,-1.7757353123373774,stop_hit,h_ema21,train
2023-07-20 17:15:00+00:00,454.08,453.4649210444884,455.31015791102317,2023-07-20 17:30:00+00:00,452.9549210444884,-1.8291618424431353,stop_hit,h_ema21,train
2023-07-21 13:45:00+00:00,453.955,453.24398664166324,455.37702671667347,2023-07-21 14:00:00+00:00,452.73398664166325,-1.717286101618431,stop_hit,h_ema21,train
2023-07-24 15:00:00+00:00,454.76,453.98915200848273,456.3016959830345,2023-07-24 15:15:00+00:00,453.47915200848274,-1.6616090404492845,stop_hit,h_ema21,train
2023-07-25 16:45:00+00:00,455.97499999999997,455.4847034801851,456.9555930396297,2023-07-25 19:45:00+00:00,454.9747034801851,-2.040186865271967,stop_hit,h_ema21,train
2023-07-26 15:45:00+00:00,455.185,454.7031730907351,456.1486538185298,2023-07-26 16:15:00+00:00,454.1931730907351,-2.058471393343467,stop_hit,h_ema50,train
2023-07-26 17:15:00+00:00,454.93,454.49245877079517,455.8050824584097,2023-07-26 17:30:00+00:00,453.9824587707952,-2.165604441270217,stop_hit,h_ema21,train
2023-07-26 18:00:00+00:00,454.68,454.2801701601447,455.47965967971066,2023-07-26 18:15:00+00:00,453.7701701601447,-2.275542616290283,stop_hit,h_ema21,train
2023-07-27 19:15:00+00:00,454.2,453.16518264957523,456.2696347008495,2023-07-27 19:30:00+00:00,452.65518264957524,-1.492840596256578,stop_hit,h_ema50,train
2023-07-28 13:45:00+00:00,456.28499999999997,455.02168605931166,458.8116278813766,2023-07-28 17:30:00+00:00,454.92990000000003,-1.0726549880876177,trail_exit,h_ema21,train
2023-07-28 18:00:00+00:00,456.78,455.8897402130593,458.56051957388127,2023-07-28 19:15:00+00:00,455.37974021305934,-1.5728664907493937,stop_hit,h_ema21,train
2023-08-01 14:45:00+00:00,456.65,455.87189814933737,458.2062037013252,2023-08-01 15:15:00+00:00,455.3618981493374,-1.6554411862222023,stop_hit,h_ema21,train
2023-08-01 17:30:00+00:00,456.84999999999997,456.2506848701305,458.0486302597389,2023-08-01 17:45:00+00:00,455.7406848701305,-1.8509713414227849,stop_hit,h_ema21,train
2023-08-03 15:15:00+00:00,449.40999999999997,448.53743422256747,451.15513155486497,2023-08-03 19:45:00+00:00,448.33,-1.2377290376639054,trail_exit,ema21,train
2023-08-04 13:45:00+00:00,451.72499999999997,450.8599792197509,453.45504156049805,2023-08-04 14:00:00+00:00,450.34997921975094,-1.5895812119717652,stop_hit,ema21,train
2023-08-04 15:30:00+00:00,452.065,451.1704153022025,453.85416939559497,2023-08-04 17:45:00+00:00,450.6604153022025,-1.5700969413579715,stop_hit,ema21,train
2023-08-07 13:45:00+00:00,448.86,447.7868505045527,451.0062989908946,2023-08-08 13:30:00+00:00,447.2768505045527,-1.4752366768689755,stop_hit,ema21,train
2023-08-08 16:15:00+00:00,446.855,445.70891497578793,449.1471700484242,2023-08-08 19:45:00+00:00,448.6371700484242,2.0,target_hit_partial,ema21,train
2023-08-08 16:15:00+00:00,446.855,445.70891497578793,449.1471700484242,2023-08-09 15:00:00+00:00,446.41,-0.38827834811463824,trail_exit,ema21,train
2023-08-09 16:15:00+00:00,446.495,445.6256588953172,448.2336822093656,2023-08-09 18:00:00+00:00,447.7236822093656,2.0,target_hit_partial,ema21,train
2023-08-09 16:15:00+00:00,446.495,445.6256588953172,448.2336822093656,2023-08-09 19:30:00+00:00,446.545,0.057514823273259214,trail_exit,ema21,train
2023-08-10 13:45:00+00:00,450.09999999999997,449.06143382910255,452.1771323417948,2023-08-10 14:45:00+00:00,448.55143382910256,-1.491061633135332,stop_hit,ema21,train
2023-08-10 16:45:00+00:00,448.09999999999997,446.9827138115645,450.3345723768709,2023-08-10 17:00:00+00:00,446.4727138115645,-1.456463174143544,stop_hit,ema21,train
2023-08-10 18:15:00+00:00,447.23,446.00261633918535,449.68476732162935,2023-08-10 18:30:00+00:00,445.49261633918536,-1.4155179967618945,stop_hit,ema21,train
2023-08-10 19:00:00+00:00,447.96999999999997,446.78593407332,450.3381318533599,2023-08-10 19:15:00+00:00,446.27593407332,-1.4307192602273326,stop_hit,ema21,train
2023-08-11 14:15:00+00:00,445.94,444.6846669252234,448.45066614955323,2023-08-11 15:00:00+00:00,444.1746669252234,-1.4062666795350267,stop_hit,ema21,train
2023-08-11 15:45:00+00:00,445.3,444.1585195276403,447.58296094471945,2023-08-14 14:45:00+00:00,447.07296094471945,2.0,target_hit_partial,ema21,train
2023-08-11 15:45:00+00:00,445.3,444.1585195276403,447.58296094471945,2023-08-15 13:30:00+00:00,445.095,-0.1795913333288999,trail_exit,ema21,train
2023-08-15 15:15:00+00:00,445.40999999999997,444.55512181568326,447.1197563686334,2023-08-15 16:00:00+00:00,444.0451218156833,-1.5965762249596174,stop_hit,donchian_low,train
2023-08-15 16:30:00+00:00,445.18,444.37022747982707,446.7995450403459,2023-08-15 16:45:00+00:00,443.8602274798271,-1.6298065040427292,stop_hit,donchian_low,train
2023-08-15 17:15:00+00:00,444.93,444.1629937220044,446.46401255599125,2023-08-15 17:30:00+00:00,443.6529937220044,-1.6649228495661719,stop_hit,donchian_low,train
2023-08-15 18:45:00+00:00,445.01,444.32973213960514,446.3705357207897,2023-08-15 19:00:00+00:00,443.81973213960515,-1.74970468207034,stop_hit,donchian_low,train
2023-08-16 13:45:00+00:00,444.15,443.3541149970377,445.74177000592454,2023-08-16 14:00:00+00:00,442.8441149970377,-1.640796092528159,stop_hit,donchian_low,train
2023-08-16 14:45:00+00:00,444.2595,443.44296015801734,445.8925796839653,2023-08-16 15:00:00+00:00,442.93296015801735,-1.6245867914560637,stop_hit,donchian_low,train
2023-08-16 16:45:00+00:00,442.7808,442.0170438278707,444.30831234425864,2023-08-16 17:00:00+00:00,441.5070438278707,-1.6677523778015864,stop_hit,ema50,train
2023-08-16 18:00:00+00:00,442.8,442.04129853554616,444.3174029289077,2023-08-16 18:15:00+00:00,441.53129853554617,-1.6722011540693593,stop_hit,ema50,train
2023-08-17 13:45:00+00:00,441.12,440.12956808079144,443.1008638384171,2023-08-17 14:00:00+00:00,439.61956808079145,-1.514926861815524,stop_hit,ema50,train
2023-08-17 16:30:00+00:00,440.89,440.0177921816108,442.6344156367784,2023-08-17 16:45:00+00:00,439.5077921816108,-1.5847230318823133,stop_hit,ema50,train
2023-08-18 16:00:00+00:00,436.93,435.93273825014944,438.92452349970114,2023-08-18 16:15:00+00:00,435.42273825014945,-1.511400342063066,stop_hit,donchian_low,train
2023-08-18 18:30:00+00:00,436.45,435.6155498464047,438.1189003071906,2023-08-18 19:00:00+00:00,435.1055498464047,-1.611180904937956,stop_hit,donchian_low,train
2023-08-21 17:30:00+00:00,438.409,437.57991803370874,440.0671639325825,2023-08-21 19:30:00+00:00,439.5571639325825,2.0,target_hit_partial,ema50,train
2023-08-21 17:30:00+00:00,438.409,437.57991803370874,440.0671639325825,2023-08-22 15:30:00+00:00,438.4516,0.05138213316899932,trail_exit,ema50,train
2023-08-22 18:30:00+00:00,439.11,438.31856837985913,440.6928632402818,2023-08-22 18:45:00+00:00,437.80856837985914,-1.6444018497886213,stop_hit,ema50,train
2023-08-23 14:45:00+00:00,441.93,441.051121192181,443.6877576156381,2023-08-24 13:30:00+00:00,443.1777576156381,2.0,target_hit_partial,ema50,train
2023-08-23 14:45:00+00:00,441.93,441.051121192181,443.6877576156381,2023-08-24 14:15:00+00:00,441.6599,-0.3073233733673418,trail_exit,ema50,train
2023-08-24 15:30:00+00:00,441.195,440.3054268257984,442.97414634840317,2023-08-24 15:45:00+00:00,439.7954268257984,-1.5733086549712203,stop_hit,ema21,train
2023-08-24 16:15:00+00:00,440.6912,439.78636991118043,442.5008601776391,2023-08-24 17:00:00+00:00,439.27636991118044,-1.5636417337373705,stop_hit,ema21,train
2023-08-24 18:15:00+00:00,440.295,439.48667165384626,441.91165669230753,2023-08-24 18:30:00+00:00,438.97667165384627,-1.6309317277152375,stop_hit,ema50,train
2023-09-11 13:45:00+00:00,448.17,446.5511654703801,451.4076690592398,2023-09-11 15:00:00+00:00,446.0411654703801,-1.3150414638855876,stop_hit,ema50,train
2023-09-13 14:30:00+00:00,446.625,445.87599362373203,448.12301275253594,2023-09-13 18:45:00+00:00,445.36599362373204,-1.6809020806219797,stop_hit,ema21,train
2023-09-15 15:30:00+00:00,445.505,444.7081258845652,447.09874823086955,2023-09-15 15:45:00+00:00,444.19812588456523,-1.6400007104280634,stop_hit,ema21,train
2023-09-15 16:45:00+00:00,445.735,445.02611915618843,447.1527616876232,2023-09-15 17:00:00+00:00,444.51611915618844,-1.7194439015417167,stop_hit,ema21,train
2023-09-15 18:45:00+00:00,444.17,443.47192238194134,445.56615523611737,2023-09-15 19:00:00+00:00,442.96192238194135,-1.7305777850581705,stop_hit,ema21,train
2023-09-18 15:00:00+00:00,444.18,443.44040310745584,445.65919378508835,2023-09-18 15:15:00+00:00,442.93040310745585,-1.6895648225962934,stop_hit,ema21,train
2023-09-18 16:30:00+00:00,445.15999999999997,444.4981383278725,446.48372334425494,2023-09-18 16:45:00+00:00,443.9881383278725,-1.7705537599127752,stop_hit,ema21,train
2023-09-19 15:15:00+00:00,441.39,440.7361911728945,442.69761765421094,2023-09-19 15:30:00+00:00,440.2261911728945,-1.7800445311481128,stop_hit,ema21,train
2023-09-19 17:45:00+00:00,442.11,441.5421984404275,443.245603119145,2023-09-19 18:30:00+00:00,442.735603119145,2.0,target_hit_partial,ema50,train
2023-09-19 17:45:00+00:00,442.11,441.5421984404275,443.245603119145,2023-09-19 18:45:00+00:00,441.6,-0.8982011257312689,stop_hit,ema50,train
2023-09-20 16:30:00+00:00,444.36,443.7959607202341,445.4880785595318,2023-09-20 16:45:00+00:00,443.28596072023413,-1.90419234669555,stop_hit,ema21,train
2023-09-20 18:30:00+00:00,443.08,442.4343784599892,444.37124308002154,2023-09-20 18:45:00+00:00,441.9243784599892,-1.7899364695785642,stop_hit,ema21,train
2023-09-21 15:45:00+00:00,434.67,433.6658743879417,436.67825122411665,2023-09-21 16:00:00+00:00,433.1558743879417,-1.5079045827290096,stop_hit,ema100,train
2023-09-22 14:00:00+00:00,432.97499999999997,432.17015010679614,434.5846997864076,2023-09-22 14:15:00+00:00,431.66015010679615,-1.6336585297537423,stop_hit,ema100,train
2023-09-22 14:45:00+00:00,433.8,432.96524201334955,435.46951597330093,2023-09-22 15:00:00+00:00,432.45524201334956,-1.6109555202297752,stop_hit,ema100,train
2023-09-22 19:15:00+00:00,433.15,432.3144101501369,434.82117969972614,2023-09-22 19:30:00+00:00,431.8044101501369,-1.6103472895028075,stop_hit,ema100,train
2023-09-25 14:00:00+00:00,431.08,430.0785544302128,433.0828911395743,2023-09-25 14:15:00+00:00,429.5685544302128,-1.5092638236028943,stop_hit,ema100,train
2023-09-25 15:15:00+00:00,430.93,429.8857614016054,433.0184771967892,2023-09-26 13:30:00+00:00,429.3757614016054,-1.4883941282998532,stop_hit,ema100,train
2023-09-26 17:15:00+00:00,428.34999999999997,427.4485359598969,430.1529280802061,2023-09-26 17:30:00+00:00,426.9385359598969,-1.5657463607108304,stop_hit,donchian_low,train
2023-09-27 13:45:00+00:00,427.88,426.94874191638706,429.74251616722586,2023-09-27 14:00:00+00:00,426.4387419163871,-1.547646252928493,stop_hit,ema200,train
2023-09-27 15:15:00+00:00,426.42,425.43276989101247,428.3944602179751,2023-09-27 15:30:00+00:00,424.9227698910125,-1.5165968859306989,stop_hit,ema200,train
2023-09-27 16:45:00+00:00,425.16499999999996,424.28186479295243,426.931270414095,2023-09-27 17:00:00+00:00,423.77186479295244,-1.5774880176105839,stop_hit,ema200,train
2023-09-27 18:30:00+00:00,424.895,423.97778058920113,426.7294388215977,2023-09-27 19:00:00+00:00,426.2194388215977,2.0,target_hit_partial,ema200,train
2023-09-27 18:30:00+00:00,424.895,423.97778058920113,426.7294388215977,2023-09-27 19:30:00+00:00,424.385,-0.5560283548249458,stop_hit,ema200,train
2023-09-28 14:45:00+00:00,427.57,426.376500920909,429.956998158182,2023-09-28 16:15:00+00:00,429.446998158182,2.0,target_hit_partial,ema200,train
2023-09-28 14:45:00+00:00,427.57,426.376500920909,429.956998158182,2023-09-28 18:30:00+00:00,427.06,-0.42731495058079233,stop_hit,ema200,train
2023-09-29 16:30:00+00:00,429.94,428.88614843389945,432.0477031322011,2023-09-29 16:45:00+00:00,428.37614843389946,-1.483939120465597,stop_hit,ema100,train
2023-09-29 17:30:00+00:00,428.005,426.90672580228556,430.20154839542886,2023-09-29 17:45:00+00:00,426.3967258022856,-1.4643649109314676,stop_hit,ema100,train
2023-09-29 18:45:00+00:00,427.65999999999997,426.4990113321607,429.9819773356785,2023-10-02 13:30:00+00:00,425.9890113321607,-1.4392807734714252,stop_hit,ema200,train
2023-10-02 15:15:00+00:00,427.73,426.4745551395849,430.2408897208303,2023-10-02 15:45:00+00:00,425.9645551395849,-1.4062305052818878,stop_hit,ema200,train
2023-10-02 17:30:00+00:00,426.15,424.9960586740822,428.4578826518356,2023-10-02 18:15:00+00:00,424.4860586740822,-1.4419635457585829,stop_hit,ema200,train
2023-10-02 19:00:00+00:00,425.62,424.50778988179195,427.8444202364161,2023-10-03 14:00:00+00:00,423.99778988179196,-1.4585464487786546,stop_hit,ema200,train
2023-10-03 16:30:00+00:00,422.96,421.54714130752325,425.78571738495344,2023-10-03 17:30:00+00:00,421.03714130752326,-1.3609702815403035,stop_hit,ema200,train
2023-10-05 16:00:00+00:00,422.5391,421.52459542466204,424.568109150676,2023-10-05 18:00:00+00:00,424.058109150676,2.0,target_hit_partial,ema200,train
2023-10-05 16:00:00+00:00,422.5391,421.52459542466204,424.568109150676,2023-10-06 13:30:00+00:00,422.0291,-0.5027084277368441,stop_hit,ema200,train
2023-10-06 14:30:00+00:00,423.5,422.327207479906,425.845585040188,2023-10-06 15:15:00+00:00,425.335585040188,2.0,target_hit_partial,ema200,train
2023-10-06 14:30:00+00:00,423.5,422.327207479906,425.845585040188,2023-10-09 14:00:00+00:00,427.73,3.606776072941708,trail_exit,ema200,train
2023-10-10 14:00:00+00:00,434.15,433.17854801126964,436.09290397746065,2023-10-10 15:00:00+00:00,435.58290397746066,2.0,target_hit_partial,ema21,train
2023-10-10 14:00:00+00:00,434.15,433.17854801126964,436.09290397746065,2023-10-10 17:00:00+00:00,434.45,0.3088160850770441,trail_exit,ema21,train
2023-10-11 18:00:00+00:00,434.34,433.56695032204846,435.886099355903,2023-10-11 19:30:00+00:00,435.376099355903,2.0,target_hit_partial,ema21,train
2023-10-11 18:00:00+00:00,434.34,433.56695032204846,435.886099355903,2023-10-12 17:00:00+00:00,433.83,-0.6597247428540742,stop_hit,ema21,train
2023-10-12 19:15:00+00:00,433.99,433.07296781493966,435.8240643701207,2023-10-13 13:30:00+00:00,435.3140643701207,2.0,target_hit_partial,ema21,train
2023-10-12 19:15:00+00:00,433.99,433.07296781493966,435.8240643701207,2023-10-13 14:30:00+00:00,433.48,-0.5561418762705997,stop_hit,ema21,train
2023-10-13 16:30:00+00:00,433.42,432.30588465437677,435.6482306912465,2023-10-13 16:45:00+00:00,431.7958846543768,-1.4577622972374478,stop_hit,ema21,train
2023-10-13 17:45:00+00:00,432.05,430.85669994454975,434.43660011090054,2023-10-13 18:45:00+00:00,430.34669994454975,-1.4273862199793108,stop_hit,ema21,train
2023-10-16 14:00:00+00:00,434.81,433.47957154832415,437.4708569033517,2023-10-17 13:30:00+00:00,432.96957154832415,-1.3833351574506514,stop_hit,ema21,train
2023-10-17 14:15:00+00:00,435.05,433.92933598317603,437.29132803364797,2023-10-17 15:45:00+00:00,436.781328033648,2.0,target_hit_partial,ema21,train
2023-10-17 14:15:00+00:00,435.05,433.92933598317603,437.29132803364797,2023-10-17 17:30:00+00:00,435.3105,0.23245147170714875,trail_exit,ema21,train
2023-10-18 14:00:00+00:00,434.5,433.50142968981095,436.4971406203781,2023-10-18 14:30:00+00:00,432.99142968981096,-1.5107301857426907,stop_hit,ema21,train
2023-10-18 17:15:00+00:00,433.82,432.7319982863049,435.99600342739024,2023-10-18 17:30:00+00:00,432.2219982863049,-1.468749261678923,stop_hit,ema21,train
2023-10-18 18:00:00+00:00,433.0,431.8623506687361,435.2752986625278,2023-10-18 18:15:00+00:00,431.3523506687361,-1.4482927963693286,stop_hit,ema21,train
2023-10-19 14:15:00+00:00,431.5,430.4283275619405,433.64334487611904,2023-10-19 14:30:00+00:00,429.9183275619405,-1.4758916828386928,stop_hit,ema21,train
2023-10-19 15:45:00+00:00,430.87,429.7837855725668,433.04242885486644,2023-10-19 16:00:00+00:00,429.2737855725668,-1.4695205542474217,stop_hit,ema21,train
2023-10-19 17:00:00+00:00,431.57,430.0018493912414,434.70630121751714,2023-10-19 17:30:00+00:00,429.49184939124143,-1.3252238637994938,stop_hit,ema21,train
2023-10-20 15:15:00+00:00,423.36,422.05292963861024,425.97414072277957,2023-10-20 15:30:00+00:00,421.54292963861025,-1.3901855745988458,stop_hit,ema200,train
2023-10-20 17:00:00+00:00,424.78,423.54665382512223,427.24669234975545,2023-10-20 17:15:00+00:00,423.03665382512224,-1.4135092080295684,stop_hit,ema200,train
2023-11-10 14:45:00+00:00,436.65,435.6874106142295,438.5751787715409,2023-11-10 15:00:00+00:00,435.17741061422953,-1.5298209262839386,stop_hit,ema21,train
2023-11-10 16:00:00+00:00,435.89,434.97913888035697,437.711722239286,2023-11-10 17:30:00+00:00,437.201722239286,2.0,target_hit_partial,ema21,train
2023-11-10 16:00:00+00:00,435.89,434.97913888035697,437.711722239286,2023-11-10 17:45:00+00:00,435.38,-0.5599097260841144,stop_hit,ema21,train
2023-11-10 18:30:00+00:00,439.505,438.39356956523113,441.7278608695377,2023-11-13 14:30:00+00:00,438.125,-1.2416431625673316,trail_exit,ema21,train
2023-11-15 15:15:00+00:00,450.84,450.0400707760116,452.43985844797675,2023-11-15 16:30:00+00:00,449.5300707760116,-1.6375564046243616,stop_hit,h_ema21,train
2023-11-16 17:00:00+00:00,449.27,448.54446870167834,450.72106259664326,2023-11-17 18:00:00+00:00,450.2110625966433,2.0,target_hit_partial,h_ema21,train
2023-11-16 17:00:00+00:00,449.27,448.54446870167834,450.72106259664326,2023-11-21 14:30:00+00:00,452.44800000000004,4.38023832652246,trail_exit,h_ema21,train
2023-11-21 15:45:00+00:00,452.84999999999997,452.15698087990376,454.2360382401924,2023-11-22 14:30:00+00:00,453.7260382401924,2.0,target_hit_partial,h_ema21,train
2023-11-21 15:45:00+00:00,452.84999999999997,452.15698087990376,454.2360382401924,2023-11-22 19:30:00+00:00,454.02,1.6882651085262814,trail_exit,h_ema21,train
2023-11-27 16:30:00+00:00,455.37,454.8554055759633,456.39918884807344,2023-11-27 16:45:00+00:00,454.3454055759633,-1.991071757053479,stop_hit,h_ema21,train
2023-11-28 15:30:00+00:00,454.56,454.0634589249193,455.5530821501614,2023-11-28 16:15:00+00:00,455.0430821501614,2.0,target_hit_partial,h_ema21,train
2023-11-28 15:30:00+00:00,454.56,454.0634589249193,455.5530821501614,2023-11-28 18:00:00+00:00,454.05,-1.027105360653404,stop_hit,h_ema21,train
2023-11-28 18:30:00+00:00,455.05,454.444593401579,456.260813196842,2023-11-28 18:45:00+00:00,453.93459340157904,-1.8424090542292868,stop_hit,h_ema21,train
2023-11-30 17:15:00+00:00,454.69,453.95968356479204,456.1506328704159,2023-11-30 17:30:00+00:00,453.44968356479205,-1.6983274309782872,stop_hit,h_ema21,train
2023-11-30 18:45:00+00:00,454.284,453.60427598976753,455.6434480204649,2023-11-30 20:45:00+00:00,455.1334480204649,2.0,target_hit_partial,h_ema21,train
2023-11-30 18:45:00+00:00,454.284,453.60427598976753,455.6434480204649,2023-12-04 14:30:00+00:00,455.95,2.45099477864587,trail_exit,h_ema21,train
2023-12-04 17:00:00+00:00,456.46,455.54837733256653,458.2832453348669,2023-12-04 19:00:00+00:00,455.03837733256654,-1.559441990879656,stop_hit,h_ema21,train
2023-12-05 15:00:00+00:00,455.96999999999997,455.10686094325797,457.69627811348397,2023-12-06 14:30:00+00:00,457.186278113484,2.0,target_hit_partial,h_ema21,train
2023-12-05 15:00:00+00:00,455.96999999999997,455.10686094325797,457.69627811348397,2023-12-06 16:15:00+00:00,456.33,0.41708227334639186,trail_exit,h_ema21,train
2023-12-07 14:45:00+00:00,457.34,456.5995010795003,458.82099784099927,2023-12-07 15:00:00+00:00,456.08950107950034,-1.6887248392690049,stop_hit,h_ema21,train
2023-12-07 16:45:00+00:00,458.37,457.6398683029496,459.8302633941008,2023-12-08 14:30:00+00:00,457.1298683029496,-1.698504122010168,stop_hit,h_ema21,train
2023-12-08 16:00:00+00:00,460.53,459.7634876264932,462.0630247470135,2023-12-08 16:15:00+00:00,459.2534876264932,-1.665351294548262,stop_hit,h_ema21,train
2023-12-15 15:15:00+00:00,470.21,469.27524739511864,472.07950520976266,2023-12-15 15:45:00+00:00,468.76524739511865,-1.545598907493531,stop_hit,h_ema21,train
2023-12-18 16:15:00+00:00,472.155,471.3048962470605,473.85520750587887,2023-12-18 20:15:00+00:00,470.79489624706054,-1.5999267715693974,stop_hit,h_ema21,train
2023-12-19 16:00:00+00:00,474.58,473.9320443506696,475.8759112986607,2023-12-19 16:45:00+00:00,473.42204435066964,-1.7870909074209962,stop_hit,h_ema21,train
2023-12-21 14:45:00+00:00,472.46,470.9545379516351,475.4709240967298,2023-12-21 15:00:00+00:00,470.4445379516351,-1.3387664275920514,stop_hit,h_ema21,train
2023-12-21 18:30:00+00:00,470.61,469.52084758140796,472.7883048371841,2023-12-21 20:45:00+00:00,472.2783048371841,2.0,target_hit_partial,h_ema200,train
2023-12-21 18:30:00+00:00,470.61,469.52084758140796,472.7883048371841,2023-12-22 19:00:00+00:00,473.02,2.2127297877329055,trail_exit,h_ema200,train
2024-01-08 16:45:00+00:00,471.115,470.2753532172407,472.7942935655186,2024-01-08 19:15:00+00:00,472.2842935655186,2.0,target_hit_partial,h_ema200,train
2024-01-08 16:45:00+00:00,471.115,470.2753532172407,472.7942935655186,2024-01-09 14:30:00+00:00,471.31,0.23224051351589925,trail_exit,h_ema200,train
2024-01-09 15:00:00+00:00,472.67,471.8034691485864,474.4030617028273,2024-01-09 17:45:00+00:00,473.8930617028273,2.0,target_hit_partial,h_ema21,train
2024-01-09 15:00:00+00:00,472.67,471.8034691485864,474.4030617028273,2024-01-11 15:00:00+00:00,473.24,0.6577953907470294,trail_exit,h_ema21,train
2024-01-11 15:30:00+00:00,475.5,474.480528716928,477.538942566144,2024-01-11 15:45:00+00:00,473.970528716928,-1.5002593093776977,stop_hit,h_ema21,train
2024-01-11 17:15:00+00:00,473.96,472.90484142581147,476.070317148377,2024-01-11 19:00:00+00:00,475.560317148377,2.0,target_hit_partial,h_ema21,train
2024-01-11 17:15:00+00:00,473.96,472.90484142581147,476.070317148377,2024-01-12 15:45:00+00:00,475.29,1.2604740486735866,trail_exit,h_ema21,train
2024-01-16 15:15:00+00:00,475.59,474.7244574136236,477.3210851727527,2024-01-16 16:00:00+00:00,474.2144574136236,-1.5892257735522068,stop_hit,h_ema21,train
2024-01-16 18:15:00+00:00,474.96,474.08596857747256,476.7080628450548,2024-01-16 18:45:00+00:00,473.57596857747257,-1.5835030490382505,stop_hit,h_ema21,train
2024-01-17 18:00:00+00:00,472.19,471.3919108020487,473.7861783959026,2024-01-17 18:15:00+00:00,470.8819108020487,-1.6390263159922034,stop_hit,h_ema21,train
2024-01-26 15:30:00+00:00,488.6519,487.85016950538176,490.2553609892365,2024-01-26 17:30:00+00:00,487.34016950538177,-1.6361239885765206,stop_hit,h_ema21,train
2024-01-29 17:30:00+00:00,488.75,488.1785859745555,489.89282805088897,2024-01-29 17:45:00+00:00,487.6685859745555,-1.8925227195872203,stop_hit,h_ema21,train
2024-01-29 18:30:00+00:00,488.9316,488.39937874373385,489.9960425125323,2024-01-29 18:45:00+00:00,487.88937874373386,-1.9582480857264908,stop_hit,h_ema21,train
2024-01-30 18:15:00+00:00,491.034,490.514764424557,492.07247115088603,2024-01-30 19:00:00+00:00,490.004764424557,-1.9822131304559616,stop_hit,h_ema21,train
2024-01-31 18:15:00+00:00,488.0,487.3813087151278,489.23738256974445,2024-01-31 18:30:00+00:00,486.8713087151278,-1.8243206466134667,stop_hit,h_ema200,train
2024-02-01 14:45:00+00:00,486.05,484.7644135223971,488.62117295520585,2024-02-01 15:00:00+00:00,484.2544135223971,-1.3967061017559297,stop_hit,h_ema21,train
2024-02-01 16:30:00+00:00,485.06,483.85253835936584,487.47492328126833,2024-02-01 17:45:00+00:00,486.96492328126834,2.0,target_hit_partial,h_ema21,train
2024-02-01 16:30:00+00:00,485.06,483.85253835936584,487.47492328126833,2024-02-05 14:30:00+00:00,492.72,6.343886830207671,trail_exit,h_ema21,train
2024-02-05 16:15:00+00:00,492.13,491.13325205070487,494.12349589859025,2024-02-05 16:45:00+00:00,493.61349589859026,2.0,target_hit_partial,h_ema21,train
2024-02-05 16:15:00+00:00,492.13,491.13325205070487,494.12349589859025,2024-02-05 17:00:00+00:00,491.62,-0.5116639571324416,stop_hit,h_ema21,train
2024-02-05 18:15:00+00:00,493.99,493.05393957693695,495.8621208461261,2024-02-05 18:30:00+00:00,492.54393957693696,-1.5448366231862756,stop_hit,h_ema21,train
2024-02-06 16:30:00+00:00,493.82,492.9363102280878,495.5873795438244,2024-02-06 16:45:00+00:00,492.4263102280878,-1.5771256115100327,stop_hit,h_ema21,train
2024-02-06 17:30:00+00:00,493.39,492.5637540718559,495.04249185628817,2024-02-06 17:45:00+00:00,492.0537540718559,-1.6172496379444203,stop_hit,h_ema21,train
2024-02-08 16:00:00+00:00,498.6721,498.07460351080846,499.8670929783831,2024-02-08 16:15:00+00:00,497.56460351080847,-1.8535615007379533,stop_hit,h_ema21,train
2024-02-09 15:30:00+00:00,500.17,499.6465088714344,501.2169822571313,2024-02-09 16:15:00+00:00,499.1365088714344,-1.9742285440392988,stop_hit,h_ema21,train
2024-02-13 17:45:00+00:00,495.73,494.8429915597764,497.50401688044724,2024-02-13 18:00:00+00:00,494.3329915597764,-1.5749663440309796,stop_hit,h_ema200,train
2024-02-14 15:00:00+00:00,497.40999999999997,496.32600197571105,499.5779960485778,2024-02-14 15:45:00+00:00,495.81600197571106,-1.4704805623004171,stop_hit,ema21,train
2024-02-14 17:30:00+00:00,496.53999999999996,495.52575235357773,498.56849529284443,2024-02-14 18:00:00+00:00,495.01575235357774,-1.5028357736880333,stop_hit,h_ema21,train
2024-03-08 18:15:00+00:00,513.17,512.0162492448083,515.4775015103834,2024-03-08 18:30:00+00:00,511.50624924480826,-1.4420365470662238,stop_hit,h_ema21,train
2024-03-08 19:15:00+00:00,513.0,511.7357198740361,515.5285602519278,2024-03-08 20:45:00+00:00,511.2257198740361,-1.4033916135564917,stop_hit,h_ema21,train
2024-03-11 15:45:00+00:00,510.53,509.3528614740596,512.8842770518808,2024-03-12 13:30:00+00:00,512.3742770518808,2.0,target_hit_partial,h_ema50,train
2024-03-11 15:45:00+00:00,510.53,509.3528614740596,512.8842770518808,2024-03-13 19:15:00+00:00,514.64,3.4915177011274996,trail_exit,h_ema50,train
2024-03-14 14:15:00+00:00,515.7,514.712407978889,517.6751840422221,2024-03-14 14:30:00+00:00,514.202407978889,-1.51640757427976,stop_hit,h_ema21,train
2024-03-14 15:15:00+00:00,515.55,514.575554828328,517.4988903433439,2024-03-14 15:30:00+00:00,514.065554828328,-1.523374751936971,stop_hit,h_ema21,train
2024-03-14 16:30:00+00:00,515.22,514.2251172295665,517.209765540867,2024-03-14 16:45:00+00:00,513.7151172295665,-1.5126232106500075,stop_hit,h_ema21,train
2024-03-14 17:45:00+00:00,514.24,513.3186047136562,516.0827905726876,2024-03-14 19:00:00+00:00,512.8086047136562,-1.5535083666682632,stop_hit,h_ema21,train
2024-03-15 15:00:00+00:00,511.61,510.2515511945642,514.3268976108717,2024-03-15 15:15:00+00:00,509.7415511945642,-1.375428207496096,stop_hit,h_ema200,train
2024-03-15 18:30:00+00:00,510.05,509.08204421700725,511.98591156598553,2024-03-18 13:30:00+00:00,511.47591156598554,2.0,target_hit_partial,h_ema21,train
2024-03-15 18:30:00+00:00,510.05,509.08204421700725,511.98591156598553,2024-03-18 19:45:00+00:00,512.36,2.3864726473949687,trail_exit,h_ema21,train
2024-03-19 14:45:00+00:00,512.8199999999999,511.95639252587944,514.5472149482409,2024-03-19 16:30:00+00:00,514.037214948241,2.0,target_hit_partial,h_ema21,train
2024-03-19 14:45:00+00:00,512.8199999999999,511.95639252587944,514.5472149482409,2024-03-21 18:45:00+00:00,521.8100000000001,10.409821903354377,trail_exit,h_ema21,train
2024-03-22 14:30:00+00:00,522.3,521.6022942204255,523.6954115591489,2024-03-22 14:45:00+00:00,521.0922942204255,-1.7309671424981674,stop_hit,h_ema21,train
2024-03-22 15:15:00+00:00,522.02,521.3544644323159,523.3510711353681,2024-03-22 16:15:00+00:00,520.8444644323159,-1.7663001419664106,stop_hit,h_ema21,train
2024-03-25 14:15:00+00:00,521.16,520.4861411760678,522.5077176478643,2024-03-25 14:30:00+00:00,519.9761411760678,-1.756835084571559,stop_hit,h_ema21,train
2024-03-25 17:00:00+00:00,520.95,520.4501811625211,521.949637674958,2024-03-25 17:15:00+00:00,519.9401811625211,-2.020369705496415,stop_hit,h_ema21,train
2024-03-26 13:45:00+00:00,521.68,521.1498307883958,522.7403384232083,2024-03-26 14:00:00+00:00,520.6398307883958,-1.961957029637469,stop_hit,h_ema21,train
2024-03-26 16:00:00+00:00,521.91,521.4402772164686,522.8494455670626,2024-03-26 16:15:00+00:00,520.9302772164687,-2.0857467806135928,stop_hit,h_ema21,train
2024-03-26 17:15:00+00:00,521.51,521.0903103032484,522.3493793935031,2024-03-26 17:30:00+00:00,520.5803103032484,-2.215183512836841,stop_hit,h_ema21,train
2024-03-26 18:15:00+00:00,521.36,520.966188634191,522.1476227316181,2024-03-26 18:30:00+00:00,520.456188634191,-2.295036264258827,stop_hit,h_ema21,train
2024-03-27 13:45:00+00:00,521.95,521.2737800110239,523.3024399779524,2024-03-27 14:00:00+00:00,520.7637800110239,-1.754192434879282,stop_hit,h_ema21,train
2024-03-27 15:15:00+00:00,520.51,519.8299342603887,521.8701314792227,2024-03-27 15:30:00+00:00,519.3199342603887,-1.749927500084713,stop_hit,h_ema21,train
2024-03-27 17:30:00+00:00,520.84,520.2636260707847,521.9927478584308,2024-03-27 17:45:00+00:00,519.7536260707847,-1.884842242421091,stop_hit,h_ema21,train
2024-03-28 17:45:00+00:00,523.8199999999999,523.3214658604174,524.8170682791649,2024-03-28 18:00:00+00:00,522.8114658604175,-2.0229991479161376,stop_hit,h_ema21,train
2024-03-28 19:00:00+00:00,524.65,524.1214429324687,525.7071141350626,2024-03-28 19:15:00+00:00,523.6114429324687,-1.9648910805071522,stop_hit,h_ema21,train
2024-04-01 16:15:00+00:00,522.31,521.5967711222038,523.7364577555923,2024-04-01 17:00:00+00:00,521.0867711222038,-1.7150579791102514,stop_hit,h_ema50,train
2024-04-01 18:30:00+00:00,522.38,521.7841228199919,523.5717543600161,2024-04-01 18:45:00+00:00,521.2741228199919,-1.8558810726617867,stop_hit,h_ema21,train
2024-04-01 19:15:00+00:00,522.56,521.9893833219833,523.7012333560333,2024-04-01 19:30:00+00:00,521.4793833219833,-1.8937698802857033,stop_hit,h_ema21,train
2024-04-02 18:15:00+00:00,518.37,517.7428254444663,519.6243491110673,2024-04-02 18:30:00+00:00,517.2328254444664,-1.8131707440937828,stop_hit,h_ema21,train
2024-04-05 15:00:00+00:00,518.56,517.2844948816061,521.1110102367877,2024-04-05 15:15:00+00:00,516.7744948816061,-1.39984159424008,stop_hit,ema21,train
2024-04-08 14:30:00+00:00,520.04,518.9623396055016,522.1953207889967,2024-04-08 15:30:00+00:00,518.4523396055016,-1.4732474187634852,stop_hit,h_ema21,train
2024-04-08 18:00:00+00:00,519.8199999999999,519.0112632163487,521.4374735673025,2024-04-08 18:15:00+00:00,518.5012632163487,-1.6306130873600722,stop_hit,h_ema21,train
2024-04-08 19:00:00+00:00,519.77,519.036878611051,521.236242777898,2024-04-08 19:15:00+00:00,518.526878611051,-1.6956556004062358,stop_hit,h_ema21,train
2024-04-09 15:45:00+00:00,517.2,516.1210115327194,519.3579769345613,2024-04-09 19:00:00+00:00,515.6110115327194,-1.4726649222538446,stop_hit,ema21,train
2024-04-10 14:30:00+00:00,515.17,513.7061652690072,518.0976694619854,2024-04-10 15:00:00+00:00,513.1961652690072,-1.3483999861474245,stop_hit,ema21,train
2024-04-10 15:30:00+00:00,515.0,513.5881475491492,517.8237049017016,2024-04-10 15:45:00+00:00,513.0781475491492,-1.361227548737588,stop_hit,ema21,train
2024-04-10 17:00:00+00:00,514.68,513.4742811128815,517.0914377742369,2024-04-10 17:15:00+00:00,512.9642811128815,-1.4229841677431467,stop_hit,ema21,train
2024-04-10 18:00:00+00:00,514.29,512.7888034377605,517.2923931244788,2024-04-10 18:45:00+00:00,512.2788034377605,-1.3397289954082943,stop_hit,ema21,train
2024-04-10 19:15:00+00:00,514.5699999999999,513.078675486435,517.5526490271297,2024-04-11 14:00:00+00:00,512.568675486435,-1.341977882989982,stop_hit,ema21,train
2024-04-11 14:45:00+00:00,513.96,512.5673363262729,516.7453273474543,2024-04-11 17:00:00+00:00,516.2353273474544,2.0,target_hit_partial,ema21,train
2024-04-11 14:45:00+00:00,513.96,512.5673363262729,516.7453273474543,2024-04-12 13:30:00+00:00,514.66,0.5026339188747104,trail_exit,ema21,train
2024-04-15 17:00:00+00:00,510.57,509.27520071203463,513.1595985759307,2024-04-15 17:15:00+00:00,508.76520071203464,-1.3938834418123611,stop_hit,ema21,train
2024-04-15 18:45:00+00:00,506.03999999999996,504.6362185368348,508.8475629263303,2024-04-15 19:00:00+00:00,504.1262185368348,-1.3633044126755132,stop_hit,ema50,train
2024-04-16 15:15:00+00:00,504.03999999999996,502.68889939173494,506.74220121653,2024-04-16 17:30:00+00:00,502.17889939173494,-1.3774700395219943,stop_hit,ema50,train
2024-04-16 18:15:00+00:00,505.26,503.8205740527793,508.13885189444136,2024-04-16 18:30:00+00:00,503.3105740527793,-1.3543079107228297,stop_hit,ema50,train
2024-04-17 17:30:00+00:00,502.31,500.9838811395809,504.96223772083823,2024-04-17 19:00:00+00:00,500.4738811395809,-1.3845809114266028,stop_hit,ema50,train
2024-04-18 19:15:00+00:00,500.15999999999997,499.00745694063426,502.4650861187314,2024-04-19 13:30:00+00:00,498.49745694063427,-1.4424997364355854,stop_hit,donchian_low,train
2024-04-19 17:15:00+00:00,497.71,496.51139697200256,500.1072060559948,2024-04-19 17:30:00+00:00,496.00139697200257,-1.4254953375614934,stop_hit,donchian_low,train
2024-04-19 18:00:00+00:00,497.8,496.5992999808636,500.2014000382729,2024-04-19 18:15:00+00:00,496.0892999808636,-1.4247522210974832,stop_hit,donchian_low,train
2024-05-06 13:45:00+00:00,514.6899999999999,512.1217250809544,519.826549838091,2024-05-07 18:15:00+00:00,516.33,0.6385609219006827,trail_exit,donchian_low,train
2024-05-07 19:15:00+00:00,517.65,517.0569584996925,518.8360830006148,2024-05-07 19:30:00+00:00,516.5469584996926,-1.8599735427210478,stop_hit,h_ema21,train
2024-05-08 14:30:00+00:00,517.42,516.6924760890811,518.8750478218377,2024-05-08 15:15:00+00:00,516.1824760890811,-1.7010078876388428,stop_hit,h_ema21,train
2024-05-08 17:45:00+00:00,517.28,516.6672177462423,518.5055645075154,2024-05-08 19:00:00+00:00,516.1572177462423,-1.832269532729728,stop_hit,h_ema21,train
2024-05-09 14:00:00+00:00,518.09,517.5098654827417,519.2502690345167,2024-05-09 14:45:00+00:00,518.7402690345167,2.0,target_hit_partial,h_ema21,train
2024-05-09 14:00:00+00:00,518.09,517.5098654827417,519.2502690345167,2024-05-10 14:15:00+00:00,520.27,3.757749168765995,trail_exit,h_ema21,train
2024-05-10 15:30:00+00:00,521.06,520.3415012341468,522.4969975317063,2024-05-10 15:45:00+00:00,519.8315012341468,-1.7098133277854832,stop_hit,h_ema21,train
2024-05-10 19:00:00+00:00,521.4399999999999,520.8407284129484,522.6385431741031,2024-05-10 19:15:00+00:00,520.3307284129484,-1.851033172637445,stop_hit,h_ema21,train
2024-05-13 16:00:00+00:00,521.55,520.9806508886727,522.6886982226545,2024-05-13 17:00:00+00:00,520.4706508886727,-1.8957597190431872,stop_hit,h_ema21,train
2024-05-13 18:30:00+00:00,521.3,520.7911745321413,522.3176509357172,2024-05-13 18:45:00+00:00,520.2811745321413,-2.0023083202700245,stop_hit,h_ema21,train
2024-05-13 19:15:00+00:00,521.43,520.9581051192108,522.3737897615782,2024-05-13 19:30:00+00:00,520.4481051192108,-2.0807491684316055,stop_hit,h_ema21,train
2024-05-14 14:15:00+00:00,522.12,521.6089137939381,523.1421724121238,2024-05-14 14:30:00+00:00,521.0989137939381,-1.9978747106671162,stop_hit,h_ema21,train
2024-05-14 17:00:00+00:00,521.49,520.9257574268297,522.6184851463406,2024-05-14 17:15:00+00:00,520.4157574268297,-1.90386657131251,stop_hit,h_ema21,train
2024-05-14 18:15:00+00:00,522.68,522.1109642230169,523.818071553966,2024-05-14 19:45:00+00:00,523.308071553966,2.0,target_hit_partial,h_ema21,train
2024-05-14 18:15:00+00:00,522.68,522.1109642230169,523.818071553966,2024-05-16 17:15:00+00:00,529.28,11.598567729770412,trail_exit,h_ema21,train
2024-05-17 14:00:00+00:00,529.27,528.6220609681055,530.5658780637889,2024-05-17 14:15:00+00:00,528.1120609681055,-1.7871110936299768,stop_hit,h_ema21,train
2024-05-17 16:00:00+00:00,529.34,528.7538735502377,530.5122528995247,2024-05-17 16:15:00+00:00,528.2438735502377,-1.870119408886581,stop_hit,h_ema21,train
2024-05-17 17:00:00+00:00,529.29,528.7203397664603,530.4293204670794,2024-05-17 17:15:00+00:00,528.2103397664603,-1.8952704962938967,stop_hit,h_ema21,train
2024-05-17 17:45:00+00:00,529.37,528.8466277211784,530.4167445576433,2024-05-17 18:00:00+00:00,528.3366277211784,-1.9744497762630029,stop_hit,h_ema21,train
2024-05-17 19:00:00+00:00,529.3199999999999,528.7483510897234,530.463297820553,2024-05-20 13:45:00+00:00,529.953297820553,2.0,target_hit_partial,h_ema21,train
2024-05-17 19:00:00+00:00,529.3199999999999,528.7483510897234,530.463297820553,2024-05-20 18:00:00+00:00,528.81,-0.8921559909093547,stop_hit,h_ema21,train
2024-05-21 17:30:00+00:00,530.65,530.1845314435201,531.5809371129598,2024-05-21 18:30:00+00:00,529.6745314435201,-2.0956701433430203,stop_hit,h_ema21,train
2024-05-21 19:00:00+00:00,530.91,530.4753506806217,531.7792986387566,2024-05-22 15:45:00+00:00,529.9653506806217,-2.1733597115243573,stop_hit,h_ema21,train
2024-05-22 16:15:00+00:00,531.5,531.0696212969116,532.3607574061768,2024-05-22 16:30:00+00:00,530.5596212969116,-2.1850028738415763,stop_hit,h_ema21,train
2024-05-22 17:15:00+00:00,531.66,531.2522926348681,532.4754147302637,2024-05-22 17:30:00+00:00,530.7422926348681,-2.2508971964121147,stop_hit,h_ema21,train
2024-05-22 18:00:00+00:00,530.49,530.0095652036463,531.4508695927075,2024-05-22 18:15:00+00:00,529.4995652036463,-2.061538431168272,stop_hit,h_ema21,train
2024-05-22 19:00:00+00:00,529.0699999999999,528.41438806178,530.3812238764399,2024-05-22 19:15:00+00:00,527.90438806178,-1.7778991965653792,stop_hit,h_ema21,train
2024-05-23 16:30:00+00:00,531.74,530.7271948233171,533.7656103533659,2024-05-23 16:45:00+00:00,530.2171948233171,-1.5035519285854166,stop_hit,h_ema21,train
2024-05-24 13:45:00+00:00,528.42,527.325443737437,530.6091125251259,2024-05-24 14:00:00+00:00,526.815443737437,-1.4659422429376137,stop_hit,h_ema21,train
2024-05-24 15:00:00+00:00,529.53,528.4436799614822,531.7026400770355,2024-05-24 19:00:00+00:00,527.9336799614822,-1.469474907869558,stop_hit,h_ema21,train
2024-05-28 19:00:00+00:00,528.8,528.0608949844986,530.2782100310026,2024-05-28 19:15:00+00:00,527.5508949844987,-1.6900237304628163,stop_hit,h_ema21,train
2024-05-29 14:00:00+00:00,526.7,525.6475218564907,528.8049562870187,2024-05-29 19:45:00+00:00,525.1375218564907,-1.4845706327919213,stop_hit,ema21,train
2024-05-30 14:00:00+00:00,525.12,524.2831905075527,526.7936189848946,2024-05-30 14:15:00+00:00,523.7731905075527,-1.6094577136170778,stop_hit,ema21,train
2024-05-30 16:15:00+00:00,524.78,524.0067916967586,526.3264166064828,2024-05-30 16:30:00+00:00,523.4967916967586,-1.6595893989523849,stop_hit,ema21,train
2024-05-30 17:45:00+00:00,525.5699999999999,524.8918490652065,526.9263018695867,2024-05-30 18:00:00+00:00,524.3818490652066,-1.7520449708668002,stop_hit,ema21,train
2024-05-30 19:00:00+00:00,524.58,523.9290437670461,525.8819124659079,2024-05-30 19:15:00+00:00,523.4190437670461,-1.783462810833971,stop_hit,ema21,train
2024-05-31 13:45:00+00:00,525.14,524.2420819029977,526.9358361940045,2024-05-31 14:00:00+00:00,523.7320819029977,-1.5679805337509514,stop_hit,ema21,train
2024-05-31 17:30:00+00:00,521.33,520.4481832508555,523.093633498289,2024-05-31 19:30:00+00:00,522.583633498289,2.0,target_hit_partial,ema21,train
2024-05-31 17:30:00+00:00,521.33,520.4481832508555,523.093633498289,2024-06-03 14:45:00+00:00,525.51,4.740213886904786,trail_exit,ema21,train
2024-06-04 14:00:00+00:00,527.0,525.7706321194288,529.4587357611424,2024-06-04 15:00:00+00:00,525.2606321194288,-1.4148473439561708,stop_hit,ema21,train
2024-06-04 16:30:00+00:00,526.53,525.4426203314621,528.7047593370758,2024-06-04 18:15:00+00:00,528.1947593370758,2.0,target_hit_partial,ema21,train
2024-06-04 16:30:00+00:00,526.53,525.4426203314621,528.7047593370758,2024-06-06 16:15:00+00:00,533.23,6.161601319076502,trail_exit,ema21,train
2024-06-07 16:00:00+00:00,535.7,534.8715491287809,537.3569017424384,2024-06-07 18:00:00+00:00,534.3615491287809,-1.6156068123260794,stop_hit,h_ema21,train
2024-06-10 14:15:00+00:00,533.73,532.8105353310419,535.5689293379162,2024-06-10 17:45:00+00:00,535.0589293379162,2.0,target_hit_partial,h_ema21,train
2024-06-10 14:15:00+00:00,533.73,532.8105353310419,535.5689293379162,2024-06-11 13:30:00+00:00,533.22,-0.5546705786725993,stop_hit,h_ema21,train
2024-06-11 14:15:00+00:00,533.85,532.9996789319292,535.5506421361416,2024-06-11 18:15:00+00:00,535.0406421361416,2.0,target_hit_partial,h_ema21,train
2024-06-11 14:15:00+00:00,533.85,532.9996789319292,535.5506421361416,2024-06-12 19:15:00+00:00,540.48,7.797054840758079,trail_exit,h_ema21,train
2024-06-14 14:30:00+00:00,541.39,540.475300590579,543.219398818842,2024-06-14 14:45:00+00:00,539.965300590579,-1.5575602156809174,stop_hit,h_ema21,train
2024-06-14 16:45:00+00:00,542.22,541.3301377251352,543.9997245497298,2024-06-14 18:00:00+00:00,540.8201377251352,-1.5731223970332244,stop_hit,h_ema21,train
2024-06-14 18:30:00+00:00,542.39,541.5953884258319,543.9792231483362,2024-06-17 15:15:00+00:00,543.4692231483363,2.0,target_hit_partial,h_ema21,train
2024-06-14 18:30:00+00:00,542.39,541.5953884258319,543.9792231483362,2024-07-08 16:00:00+00:00,554.0600000000001,14.686420861937822,trail_exit,h_ema21,train
2024-07-08 17:30:00+00:00,555.42,554.9314050243336,556.3971899513327,2024-07-08 18:00:00+00:00,554.4214050243336,-2.043809341887745,stop_hit,h_ema21,train
2024-07-08 18:30:00+00:00,555.74,555.2708730450852,556.6782539098297,2024-07-08 18:45:00+00:00,554.7608730450852,-2.0871257655458835,stop_hit,h_ema21,train
2024-07-09 14:45:00+00:00,557.16,556.4869693922593,558.5060612154813,2024-07-09 15:00:00+00:00,555.9769693922593,-1.7577664286503185,stop_hit,h_ema21,train
2024-07-09 16:30:00+00:00,557.1899999999999,556.6014353413265,558.3671293173469,2024-07-09 16:45:00+00:00,556.0914353413265,-1.8665148212423137,stop_hit,h_ema21,train
2024-07-09 18:45:00+00:00,556.59,556.0319922969246,557.7060154061509,2024-07-09 19:00:00+00:00,555.5219922969246,-1.9139658775123776,stop_hit,h_ema21,train
2024-07-10 14:00:00+00:00,557.78,557.212151957186,558.9156960856278,2024-07-10 14:15:00+00:00,556.7021519571861,-1.8981276002515228,stop_hit,h_ema21,train
2024-07-11 16:15:00+00:00,557.63,556.7304314211145,559.4291371577709,2024-07-11 16:45:00+00:00,556.2204314211145,-1.5669384324559934,stop_hit,h_ema21,train
2024-07-11 17:30:00+00:00,557.6,556.6996721857706,559.4006556284588,2024-07-11 17:45:00+00:00,556.1896721857706,-1.5664603402667345,stop_hit,h_ema50,train
2024-07-11 18:45:00+00:00,557.74,556.8777220333628,559.4645559332744,2024-07-11 19:15:00+00:00,556.3677220333628,-1.5914566064919333,stop_hit,h_ema21,train
2024-07-15 18:30:00+00:00,562.3199999999999,561.3964546585535,564.1670906828929,2024-07-15 19:30:00+00:00,560.8864546585535,-1.552219774289827,stop_hit,h_ema21,train
2024-07-16 17:00:00+00:00,564.05,563.0834300570069,565.983139885986,2024-07-16 17:15:00+00:00,562.5734300570069,-1.5276390019130432,stop_hit,h_ema21,train
2024-07-17 14:45:00+00:00,559.33,558.1526558911597,561.6846882176807,2024-07-17 15:00:00+00:00,557.6426558911597,-1.4331783683041832,stop_hit,h_ema200,train
2024-07-17 17:00:00+00:00,558.47,557.4785478092037,560.4529043815926,2024-07-17 17:15:00+00:00,556.9685478092038,-1.51439696712999,stop_hit,h_ema200,train
2024-07-17 18:30:00+00:00,558.55,557.6206345533635,560.4087308932728,2024-07-17 18:45:00+00:00,557.1106345533635,-1.5487615252383053,stop_hit,h_ema200,train
2024-07-18 13:45:00+00:00,558.53,557.5349594782706,560.5200810434587,2024-07-18 14:30:00+00:00,557.0249594782706,-1.512541940617264,stop_hit,h_ema21,train
2024-07-18 15:00:00+00:00,557.35,556.1369699559067,559.7760600881867,2024-07-18 15:15:00+00:00,555.6269699559067,-1.420434763741723,stop_hit,h_ema21,train
2024-07-19 16:00:00+00:00,551.54,550.2041462413565,554.2117075172869,2024-07-19 16:15:00+00:00,549.6941462413565,-1.3817783171998494,stop_hit,ema21,train
2024-07-19 19:00:00+00:00,549.64,548.4515346471245,552.016930705751,2024-07-19 19:30:00+00:00,547.9415346471245,-1.429124836299224,stop_hit,ema21,train
2024-07-22 16:00:00+00:00,552.25,550.8442464516477,555.0615070967046,2024-07-22 18:15:00+00:00,554.5515070967047,2.0,target_hit_partial,ema21,train
2024-07-22 16:00:00+00:00,552.25,550.8442464516477,555.0615070967046,2024-07-23 17:00:00+00:00,553.97,1.2235430613111606,trail_exit,ema21,train
2024-07-23 18:00:00+00:00,555.75,554.8900171853604,557.4699656292792,2024-07-23 18:15:00+00:00,554.3800171853604,-1.5930351064209731,stop_hit,h_ema21,train
2024-07-25 14:30:00+00:00,541.09,539.7731743843243,543.7236512313515,2024-07-25 15:00:00+00:00,543.2136512313515,2.0,target_hit_partial,ema50,train
2024-07-25 14:30:00+00:00,541.09,539.7731743843243,543.7236512313515,2024-07-25 18:00:00+00:00,542.78,1.283389372048874,trail_exit,ema50,train
2024-07-26 13:45:00+00:00,543.51,541.673824659778,547.182350680444,2024-07-26 14:30:00+00:00,541.163824659778,-1.2777512521970447,stop_hit,ema50,train
2024-07-26 15:45:00+00:00,544.51,542.8592940548397,547.8114118903206,2024-07-26 18:45:00+00:00,543.0600000000001,-0.8784120540979211,trail_exit,h_ema21,train
2024-07-29 14:00:00+00:00,547.15,545.665803944071,550.118392111858,2024-07-29 14:15:00+00:00,545.155803944071,-1.3436203714210495,stop_hit,ema21,train
2024-07-29 16:00:00+00:00,546.13,544.6791180522426,549.0317638955147,2024-07-29 18:15:00+00:00,544.1691180522427,-1.3515103353434816,stop_hit,ema21,train
2024-07-30 17:45:00+00:00,541.8199999999999,540.5668803609003,544.3262392781992,2024-07-31 13:30:00+00:00,543.8162392781992,2.0,target_hit_partial,ema50,train
2024-07-30 17:45:00+00:00,541.8199999999999,540.5668803609003,544.3262392781992,2024-07-31 19:15:00+00:00,549.17,5.865361750519735,trail_exit,ema50,train
2024-08-01 16:15:00+00:00,546.37,544.6265196450643,549.8569607098715,2024-08-01 16:30:00+00:00,544.1165196450643,-1.2925183519023866,stop_hit,ema21,train
2024-08-01 18:00:00+00:00,543.05,541.3589976381883,546.4320047236233,2024-08-01 18:15:00+00:00,540.8489976381883,-1.3015962671120067,stop_hit,ema21,train
2024-08-02 15:30:00+00:00,529.9399999999999,527.7229852707876,534.3740294584246,2024-08-05 13:30:00+00:00,527.2129852707876,-1.2300390670752035,stop_hit,donchian_low,train
2024-08-05 15:45:00+00:00,520.58,516.9256181550192,527.8887636899618,2024-08-05 18:30:00+00:00,516.4156181550192,-1.139558486670037,stop_hit,ema100,train
2024-08-06 14:00:00+00:00,522.4,519.7872574574982,527.6254850850036,2024-08-06 16:45:00+00:00,527.1154850850036,2.0,target_hit_partial,ema100,train
2024-08-06 14:00:00+00:00,522.4,519.7872574574982,527.6254850850036,2024-08-06 19:45:00+00:00,521.89,-0.19519718904704947,stop_hit,ema100,train
2024-08-07 19:15:00+00:00,521.34,519.3478738586987,525.3242522826027,2024-08-07 19:45:00+00:00,518.8378738586987,-1.2560078849559364,stop_hit,ema100,train
2024-08-08 13:45:00+00:00,523.52,521.2293517096598,528.1012965806804,2024-08-08 14:30:00+00:00,527.5912965806804,2.0,target_hit_partial,ema100,train
2024-08-08 13:45:00+00:00,523.52,521.2293517096598,528.1012965806804,2024-08-12 19:00:00+00:00,532.09,3.7412989310232825,trail_exit,ema100,train
2024-08-14 17:30:00+00:00,543.67,542.6094667013078,545.7910665973842,2024-08-15 13:30:00+00:00,545.2810665973842,2.0,target_hit_partial,ema21,train
2024-08-14 17:30:00+00:00,543.67,542.6094667013078,545.7910665973842,2024-09-03 14:00:00+00:00,556.03,11.654513833033537,trail_exit,ema21,train
2024-09-03 16:15:00+00:00,556.47,555.2902253224354,558.8295493551293,2024-09-03 16:30:00+00:00,554.7802253224354,-1.4322859353556934,stop_hit,h_ema21,train
2024-09-03 17:30:00+00:00,556.18,555.0845358902595,558.3709282194808,2024-09-03 17:45:00+00:00,554.5745358902595,-1.465556101259073,stop_hit,h_ema21,train
2024-09-04 16:30:00+00:00,552.62,551.2798843548629,555.3002312902742,2024-09-04 17:15:00+00:00,550.7698843548629,-1.38056417134644,stop_hit,h_ema21,train
2024-09-04 18:00:00+00:00,551.47,550.2670718664485,553.875856267103,2024-09-04 18:45:00+00:00,549.7570718664485,-1.4239654770516337,stop_hit,h_ema21,train
2024-09-05 14:30:00+00:00,553.48,552.1208340716645,556.1983318566711,2024-09-05 14:45:00+00:00,551.6108340716645,-1.375230124128075,stop_hit,h_ema21,train
2024-09-05 16:45:00+00:00,549.28,547.9375122839789,551.9649754320421,2024-09-05 17:15:00+00:00,547.4275122839789,-1.379891744195283,stop_hit,h_ema200,train
2024-09-05 17:45:00+00:00,550.26,548.8044140030904,553.1711719938191,2024-09-05 19:15:00+00:00,548.2944140030904,-1.3503743516925801,stop_hit,h_ema21,train
2024-09-09 13:45:00+00:00,545.18,543.5949764818268,548.3500470363462,2024-09-09 14:45:00+00:00,543.0849764818269,-1.3217617872243415,stop_hit,ema21,train
2024-09-09 15:30:00+00:00,544.74,543.2793849194551,547.6612301610899,2024-09-09 16:45:00+00:00,547.1512301610899,2.0,target_hit_partial,ema21,train
2024-09-09 15:30:00+00:00,544.74,543.2793849194551,547.6612301610899,2024-09-09 18:15:00+00:00,544.46,-0.19170006097397704,trail_exit,ema21,train
2024-09-09 18:45:00+00:00,545.78,544.6876130968952,547.9647738062095,2024-09-09 19:00:00+00:00,544.1776130968952,-1.4668675526505206,stop_hit,ema21,train
2024-09-10 16:30:00+00:00,544.78,543.5167562085143,547.3064875829714,2024-09-10 18:00:00+00:00,546.7964875829714,2.0,target_hit_partial,ema21,train
2024-09-10 16:30:00+00:00,544.78,543.5167562085143,547.3064875829714,2024-09-11 13:30:00+00:00,545.65,0.6887031670876401,trail_exit,ema21,train
2024-09-11 15:45:00+00:00,545.24,543.8417654477174,548.0364691045652,2024-09-11 17:00:00+00:00,547.5264691045652,2.0,target_hit_partial,ema21,train
2024-09-11 15:45:00+00:00,545.24,543.8417654477174,548.0364691045652,2024-09-17 16:15:00+00:00,563.23,12.866224747937832,trail_exit,ema21,train
2024-09-17 17:15:00+00:00,562.58,561.5389332861464,564.6621334277073,2024-09-17 17:30:00+00:00,561.0289332861464,-1.4898821499269363,stop_hit,h_ema21,train
2024-09-17 18:00:00+00:00,563.14,561.9632530720348,565.4934938559303,2024-09-17 18:45:00+00:00,561.4532530720348,-1.4333981996297955,stop_hit,h_ema21,train
2024-09-18 16:15:00+00:00,562.8199999999999,561.8845715567838,564.6908568864321,2024-09-18 18:00:00+00:00,561.3745715567838,-1.5452047173662582,stop_hit,h_ema21,train
2024-09-19 13:45:00+00:00,569.68,567.1430545054069,574.7538909891861,2024-09-20 13:30:00+00:00,567.34,-0.9223690477336294,trail_exit,h_ema21,train
2024-09-20 14:30:00+00:00,567.74,566.45001981425,570.3199603715,2024-09-20 14:45:00+00:00,565.94001981425,-1.395354909814744,stop_hit,h_ema21,train
2024-09-20 15:45:00+00:00,567.77,566.4413683786746,570.4272632426507,2024-09-20 18:00:00+00:00,565.9313683786746,-1.383853576728245,stop_hit,h_ema50,train
2024-09-20 19:00:00+00:00,567.99,566.9947998843737,569.9804002312526,2024-09-23 14:15:00+00:00,569.4704002312526,2.0,target_hit_partial,h_ema21,train
2024-09-20 19:00:00+00:00,567.99,566.9947998843737,569.9804002312526,2024-09-24 14:00:00+00:00,567.48,-0.5124597475343365,stop_hit,h_ema21,train
2024-09-24 15:00:00+00:00,570.0,569.1114015899733,571.7771968200534,2024-09-25 13:30:00+00:00,571.2671968200534,2.0,target_hit_partial,h_ema21,train
2024-09-24 15:00:00+00:00,570.0,569.1114015899733,571.7771968200534,2024-09-25 16:30:00+00:00,569.75,-0.28134193937223845,trail_exit,h_ema21,train
2024-09-25 18:00:00+00:00,570.76,570.0557609525384,572.1684780949231,2024-09-25 18:15:00+00:00,569.5457609525384,-1.7241859164701197,stop_hit,h_ema21,train
2024-09-26 15:45:00+00:00,572.24,571.2249387411256,574.2701225177489,2024-09-26 16:15:00+00:00,570.7149387411256,-1.5024327305777747,stop_hit,h_ema21,train
2024-09-26 17:30:00+00:00,571.61,570.689281245897,573.4514375082061,2024-09-27 13:30:00+00:00,572.9414375082061,2.0,target_hit_partial,h_ema21,train
2024-09-26 17:30:00+00:00,571.61,570.689281245897,573.4514375082061,2024-09-27 16:00:00+00:00,571.45,-0.1737772792038274,trail_exit,h_ema21,train
2024-09-27 19:00:00+00:00,572.7,571.9798837191277,574.1402325617448,2024-09-27 19:15:00+00:00,571.4698837191277,-1.708218955113955,stop_hit,h_ema21,train
2024-09-30 14:45:00+00:00,571.83,571.123616943765,573.2427661124701,2024-09-30 15:00:00+00:00,570.613616943765,-1.7219878725832498,stop_hit,h_ema21,train
2024-09-30 18:45:00+00:00,571.25,570.3800139096745,572.989972180651,2024-09-30 19:00:00+00:00,569.8700139096745,-1.5862162690545862,stop_hit,h_ema21,train
2024-10-01 15:30:00+00:00,568.42,566.8688723743489,571.522255251302,2024-10-01 16:45:00+00:00,566.358872374349,-1.328793060974554,stop_hit,h_ema21,train
2024-10-01 17:45:00+00:00,568.61,566.9123566824755,572.005286635049,2024-10-02 13:30:00+00:00,566.4023566824756,-1.3004164624779262,stop_hit,h_ema21,train
2024-10-02 14:00:00+00:00,567.58,566.0279948502806,570.6840102994389,2024-10-03 13:30:00+00:00,566.74,-0.541235317519329,trail_exit,ema21,train
2024-10-03 14:00:00+00:00,568.3199999999999,567.3339017169365,570.2921965661269,2024-10-03 14:15:00+00:00,566.8239017169365,-1.5171898265714328,stop_hit,h_ema21,train
2024-10-03 15:15:00+00:00,567.66,566.3452292017212,570.2895415965576,2024-10-03 16:45:00+00:00,565.8352292017212,-1.3879003098240732,stop_hit,ema21,train
2024-10-03 17:30:00+00:00,566.97,565.743685291108,569.422629417784,2024-10-04 13:30:00+00:00,568.912629417784,2.0,target_hit_partial,ema21,train
2024-10-03 17:30:00+00:00,566.97,565.743685291108,569.422629417784,2024-10-04 14:15:00+00:00,568.32,1.1008593391330757,trail_exit,ema21,train
2024-10-04 16:45:00+00:00,571.86,570.3821053206731,574.8157893586539,2024-10-04 17:30:00+00:00,569.8721053206731,-1.3450854835151413,stop_hit,h_ema21,train
2024-10-07 14:15:00+00:00,572.04,570.8641529995883,574.3916940008232,2024-10-07 15:00:00+00:00,570.3541529995883,-1.433729898380871,stop_hit,h_ema21,train
2024-10-07 18:00:00+00:00,570.93,570.1589310107588,572.4721379784822,2024-10-07 18:15:00+00:00,569.6489310107588,-1.6614194152742585,stop_hit,h_ema21,train
2024-10-08 13:45:00+00:00,570.48,569.3671961427879,572.7056077144243,2024-10-08 18:30:00+00:00,572.1956077144243,2.0,target_hit_partial,ema21,train
2024-10-08 13:45:00+00:00,570.48,569.3671961427879,572.7056077144243,2024-10-10 13:30:00+00:00,574.8,3.882085753029813,trail_exit,ema21,train
2024-10-10 15:15:00+00:00,576.87,575.9396604746505,578.730679050699,2024-10-10 15:30:00+00:00,575.4296604746505,-1.5481869641176451,stop_hit,h_ema21,train
2024-10-10 17:30:00+00:00,576.89,576.00046551653,578.66906896694,2024-10-10 17:45:00+00:00,575.49046551653,-1.573333591307798,stop_hit,h_ema21,train
2024-10-11 17:00:00+00:00,579.38,578.5788934835547,580.9822130328906,2024-10-11 17:15:00+00:00,578.0688934835547,-1.6366194626189936,stop_hit,h_ema21,train
2024-10-11 18:15:00+00:00,580.1,579.374472091594,581.551055816812,2024-10-11 18:30:00+00:00,578.864472091594,-1.7029364330318955,stop_hit,h_ema21,train
2024-10-11 19:00:00+00:00,580.22,579.5274909567173,581.6050180865655,2024-10-11 19:45:00+00:00,579.0174909567173,-1.7364524766094456,stop_hit,h_ema21,train
2024-10-15 15:15:00+00:00,582.8199999999999,582.0634813482865,584.3330373034269,2024-10-15 15:30:00+00:00,581.5534813482865,-1.6741406822487133,stop_hit,h_ema21,train
2024-10-15 16:15:00+00:00,582.47,581.7112752704189,583.9874494591622,2024-10-15 16:45:00+00:00,581.2012752704189,-1.672180542054514,stop_hit,h_ema50,train
2024-10-15 17:45:00+00:00,582.09,581.3418745971512,583.5862508056977,2024-10-15 18:00:00+00:00,580.8318745971512,-1.6817038935691042,stop_hit,h_ema21,train
2024-10-16 14:15:00+00:00,580.79,579.9440580200413,582.4818839599172,2024-10-16 14:30:00+00:00,579.4340580200413,-1.6028782257914742,stop_hit,h_ema21,train
2024-10-17 15:15:00+00:00,584.0699999999999,583.1399926590022,585.9300146819953,2024-10-17 18:00:00+00:00,582.6299926590023,-1.5483827680896312,stop_hit,h_ema21,train
2024-11-04 15:00:00+00:00,571.98,570.4204436930873,575.0991126138254,2024-11-04 16:30:00+00:00,569.9104436930874,-1.327016086395494,stop_hit,ema21,train
2024-11-04 17:30:00+00:00,570.49,569.1383630664619,573.1932738670762,2024-11-05 14:45:00+00:00,572.6832738670762,2.0,target_hit_partial,ema21,train
2024-11-04 17:30:00+00:00,570.49,569.1383630664619,573.1932738670762,2024-11-08 20:30:00+00:00,597.23,19.783419153843717,trail_exit,ema21,train
2024-11-12 17:30:00+00:00,597.0,596.3465462654569,598.3069074690861,2024-11-12 17:45:00+00:00,595.836546265457,-1.7804684142736062,stop_hit,h_ema50,train
2024-11-12 18:45:00+00:00,597.26,596.5085900453314,598.7628199093372,2024-11-13 14:45:00+00:00,595.9985900453314,-1.6787240398284689,stop_hit,h_ema21,train
2024-11-13 17:00:00+00:00,598.58,597.6999229190254,600.3401541619493,2024-11-13 19:30:00+00:00,597.1899229190254,-1.579494695436457,stop_hit,h_ema21,train
2024-11-14 15:00:00+00:00,596.93,595.9444239692218,598.9011520615562,2024-11-14 15:15:00+00:00,595.4344239692218,-1.517463883123593,stop_hit,h_ema21,train
2024-11-14 17:45:00+00:00,595.64,594.7099259488474,597.5001481023052,2024-11-14 18:30:00+00:00,594.1999259488474,-1.5483434349856091,stop_hit,h_ema21,train
2024-11-19 15:30:00+00:00,586.96,585.8728235827498,589.1343528345005,2024-11-19 16:30:00+00:00,588.6243528345005,2.0,target_hit_partial,ema21,train
2024-11-19 15:30:00+00:00,586.96,585.8728235827498,589.1343528345005,2024-11-20 14:30:00+00:00,587.8,0.7726436911908894,trail_exit,ema21,train
2024-11-20 16:00:00+00:00,587.91,586.7723844728696,590.1852310542607,2024-11-20 16:15:00+00:00,586.2623844728696,-1.4483061173456904,stop_hit,ema21,train
2024-11-20 16:45:00+00:00,587.88,586.6723974806466,590.2952050387067,2024-11-20 17:15:00+00:00,586.1623974806466,-1.4223243921957678,stop_hit,ema21,train
2024-11-20 17:45:00+00:00,588.1,586.8614351948341,590.5771296103318,2024-11-20 18:15:00+00:00,586.3514351948342,-1.4117669078540362,stop_hit,ema21,train
2024-11-21 15:15:00+00:00,591.2,589.7064075409335,594.1871849181332,2024-11-21 15:30:00+00:00,589.1964075409335,-1.3414586066661829,stop_hit,ema21,train
2024-11-25 18:00:00+00:00,596.97,595.7942444687994,599.3215110624012,2024-11-26 14:30:00+00:00,598.8115110624012,2.0,target_hit_partial,h_ema21,train
2024-11-25 18:00:00+00:00,596.97,595.7942444687994,599.3215110624012,2024-11-27 15:15:00+00:00,598.84,1.5904666832317607,trail_exit,h_ema21,train
2024-11-27 17:30:00+00:00,598.73,598.0499076543864,600.0901846912273,2024-11-27 17:45:00+00:00,597.5399076543864,-1.7498981620500982,stop_hit,h_ema21,train
2024-11-27 18:45:00+00:00,599.35,598.7041069805737,600.6417860388527,2024-11-27 19:15:00+00:00,598.1941069805737,-1.7896044463415088,stop_hit,h_ema21,train
2024-11-29 15:45:00+00:00,602.15,601.5035943384455,603.4428113231089,2024-12-02 14:30:00+00:00,602.9328113231089,2.0,target_hit_partial,h_ema21,train
2024-11-29 15:45:00+00:00,602.15,601.5035943384455,603.4428113231089,2024-12-03 14:30:00+00:00,602.36,0.32487339219002376,trail_exit,h_ema21,train
2024-12-04 19:00:00+00:00,606.49,605.9751413124317,607.5197173751367,2024-12-04 20:00:00+00:00,607.0097173751367,2.0,target_hit_partial,h_ema21,train
2024-12-04 19:00:00+00:00,606.49,605.9751413124317,607.5197173751367,2024-12-05 15:45:00+00:00,606.44,-0.09711402605655409,trail_exit,h_ema21,train
2024-12-09 16:30:00+00:00,606.29,605.6467495274375,607.576500945125,2024-12-09 16:45:00+00:00,605.1367495274375,-1.7928482321486958,stop_hit,h_ema21,train
2024-12-09 18:30:00+00:00,606.23,605.6314951831592,607.4270096336816,2024-12-09 19:00:00+00:00,605.1214951831593,-1.8521234677642904,stop_hit,h_ema21,train
2024-12-10 14:45:00+00:00,605.42,604.7929827063987,606.6740345872025,2024-12-10 16:00:00+00:00,604.2829827063987,-1.8133746950914185,stop_hit,h_ema21,train
2024-12-10 17:30:00+00:00,605.01,604.4371243597471,606.1557512805057,2024-12-10 17:45:00+00:00,603.9271243597472,-1.8902455684359276,stop_hit,h_ema21,train
2024-12-10 18:30:00+00:00,604.88,604.3375692117539,605.9648615764921,2024-12-10 18:45:00+00:00,603.8275692117539,-1.9402121174741234,stop_hit,h_ema21,train
2024-12-11 14:45:00+00:00,606.52,605.7322806207908,608.0954387584184,2024-12-11 17:00:00+00:00,607.5854387584184,2.0,target_hit_partial,h_ema21,train
2024-12-11 14:45:00+00:00,606.52,605.7322806207908,608.0954387584184,2024-12-12 14:30:00+00:00,606.01,-0.6474386862387338,stop_hit,h_ema21,train
2024-12-12 15:30:00+00:00,607.0699999999999,606.4188064433267,608.3723871133463,2024-12-12 15:45:00+00:00,605.9088064433267,-1.7831772823512875,stop_hit,h_ema21,train
2024-12-12 17:15:00+00:00,607.16,606.5167362683324,608.4465274633352,2024-12-12 17:30:00+00:00,606.0067362683324,-1.792831889772258,stop_hit,h_ema21,train
2024-12-12 18:00:00+00:00,607.29,606.6445115093026,608.5809769813948,2024-12-12 18:15:00+00:00,606.1345115093026,-1.7900992927836301,stop_hit,h_ema21,train
2024-12-13 14:45:00+00:00,607.34,606.5914136796588,608.8371726406825,2024-12-13 15:00:00+00:00,606.0814136796588,-1.6812841567389385,stop_hit,h_ema21,train
2024-12-13 16:45:00+00:00,604.38,603.5172176819065,606.1055646361871,2024-12-13 17:00:00+00:00,603.0072176819065,-1.5911108622704764,stop_hit,h_ema21,train
2024-12-13 18:30:00+00:00,604.48,603.7064325785605,606.0271348428791,2024-12-16 14:30:00+00:00,605.5171348428792,2.0,target_hit_partial,h_ema21,train
2025-01-02 17:15:00+00:00,588.79,586.820295212296,592.729409575408,2025-01-02 17:30:00+00:00,586.310295212296,-1.2589220492246818,stop_hit,ema50,holdout
2025-01-03 14:45:00+00:00,589.79,587.6604606829854,594.049078634029,2025-01-03 15:00:00+00:00,587.1504606829855,-1.2394884170135816,stop_hit,ema50,holdout
2025-01-07 15:30:00+00:00,594.12,592.6659208518726,597.0281582962549,2025-01-07 15:45:00+00:00,592.1559208518726,-1.3507374413949647,stop_hit,ema21,holdout
2025-01-07 18:00:00+00:00,591.42,589.8200829593223,594.6198340813552,2025-01-07 18:30:00+00:00,594.1098340813552,2.0,target_hit_partial,ema50,holdout
2025-01-07 18:00:00+00:00,591.42,589.8200829593223,594.6198340813552,2025-01-07 18:45:00+00:00,590.91,-0.31876652790946675,stop_hit,ema50,holdout
2025-01-08 16:00:00+00:00,588.93,587.3452744988978,592.0994510022043,2025-01-08 17:00:00+00:00,586.8352744988978,-1.3218222964452098,stop_hit,ema50,holdout
2025-01-08 18:00:00+00:00,587.45,585.8956998575201,590.55860028496,2025-01-08 19:15:00+00:00,590.04860028496,2.0,target_hit_partial,ema50,holdout
2025-01-08 18:00:00+00:00,587.45,585.8956998575201,590.55860028496,2025-01-10 14:30:00+00:00,586.94,-0.3281219540945657,stop_hit,ema50,holdout
2025-01-10 17:30:00+00:00,580.49,578.7093865790592,584.0512268418815,2025-01-10 18:45:00+00:00,583.5412268418816,2.0,target_hit_partial,donchian_low,holdout
2025-01-10 17:30:00+00:00,580.49,578.7093865790592,584.0512268418815,2025-01-10 20:15:00+00:00,579.98,-0.2864181489379868,stop_hit,donchian_low,holdout
2025-01-13 15:45:00+00:00,579.18,577.2540251900435,583.0319496199128,2025-01-13 16:00:00+00:00,576.7440251900435,-1.2648009711048778,stop_hit,donchian_low,holdout
2025-01-13 16:45:00+00:00,578.5,576.7366902710547,582.0266194578905,2025-01-13 17:00:00+00:00,576.2266902710547,-1.289228824424991,stop_hit,donchian_low,holdout
2025-01-13 18:00:00+00:00,579.97,578.2740231763751,583.36195364725,2025-01-14 14:30:00+00:00,582.85195364725,2.0,target_hit_partial,donchian_low,holdout
2025-01-13 18:00:00+00:00,579.97,578.2740231763751,583.36195364725,2025-01-14 16:00:00+00:00,580.34,0.21816335862961325,trail_exit,donchian_low,holdout
2025-01-14 17:15:00+00:00,580.0699999999999,578.4696569125829,583.270686174834,2025-01-14 17:30:00+00:00,577.9596569125829,-1.318681665206632,stop_hit,donchian_low,holdout
2025-01-16 15:30:00+00:00,592.78,591.7065026212243,594.9269947575513,2025-01-16 18:30:00+00:00,591.1965026212243,-1.4750826691180767,stop_hit,ema21,holdout
2025-01-16 19:15:00+00:00,592.66,591.6373836697317,594.7052326605366,2025-01-16 20:45:00+00:00,591.1273836697317,-1.4987207664346422,stop_hit,ema21,holdout
2025-01-23 15:45:00+00:00,607.05,606.461067096158,608.2278658076839,2025-01-23 16:00:00+00:00,605.951067096158,-1.8659730109711195,stop_hit,h_ema21,holdout
2025-01-27 15:30:00+00:00,599.5,597.8858726847798,602.7282546304405,2025-01-27 16:00:00+00:00,597.3758726847798,-1.3159602066026663,stop_hit,ema21,holdout
2025-01-27 18:45:00+00:00,597.7,596.3391834199477,600.4216331601046,2025-01-27 19:45:00+00:00,595.8291834199478,-1.3747749751699747,stop_hit,ema21,holdout
2025-01-28 16:00:00+00:00,603.5699999999999,602.0538696787203,606.6022606425593,2025-01-28 16:15:00+00:00,601.5438696787203,-1.3363826927289042,stop_hit,ema21,holdout
2025-01-29 17:15:00+00:00,603.38,602.4005615781931,605.3388768436138,2025-01-29 17:45:00+00:00,601.8905615781931,-1.5207065484108042,stop_hit,h_ema21,holdout
2025-01-29 18:30:00+00:00,602.84,601.7811481638084,604.9577036723832,2025-01-29 18:45:00+00:00,601.2711481638084,-1.48165379004708,stop_hit,ema21,holdout
2025-02-03 15:30:00+00:00,596.87,594.5309132870683,601.5481734258634,2025-02-03 15:45:00+00:00,594.0209132870683,-1.2180338151554804,stop_hit,ema21,holdout
2025-02-03 16:15:00+00:00,598.68,596.022192599012,603.9956148019759,2025-02-03 17:45:00+00:00,595.512192599012,-1.1918874933565213,stop_hit,ema21,holdout
2025-02-04 19:15:00+00:00,602.1899999999999,601.1088326709855,604.3523346580288,2025-02-04 19:45:00+00:00,600.5988326709855,-1.4717123670994583,stop_hit,ema21,holdout
2025-02-05 15:30:00+00:00,601.13,599.9390090379206,603.5119819241587,2025-02-05 19:00:00+00:00,603.0019819241587,2.0,target_hit_partial,ema21,holdout
2025-02-05 15:30:00+00:00,601.13,599.9390090379206,603.5119819241587,2025-02-06 19:30:00+00:00,602.86,1.4525718960785452,trail_exit,ema21,holdout
2025-02-07 17:15:00+00:00,603.03,601.5326853348807,606.0246293302384,2025-02-07 17:30:00+00:00,601.0226853348807,-1.340609767526306,stop_hit,ema21,holdout
2025-02-10 14:45:00+00:00,603.6,602.2901235161559,606.2197529676884,2025-02-11 14:30:00+00:00,602.9300000000001,-0.5114986094213055,trail_exit,ema21,holdout
2025-02-11 15:30:00+00:00,604.67,603.8366542386547,606.3366915226906,2025-02-11 17:00:00+00:00,603.3266542386547,-1.611990873004118,stop_hit,ema21,holdout
2025-02-11 17:30:00+00:00,604.85,604.0499694328371,606.4500611343259,2025-02-11 17:45:00+00:00,603.5399694328371,-1.637475642722691,stop_hit,ema21,holdout
2025-02-12 15:45:00+00:00,603.02,601.6913073988446,605.6773852023107,2025-02-12 16:00:00+00:00,601.1813073988446,-1.383835959917685,stop_hit,ema21,holdout
2025-02-12 16:45:00+00:00,602.6,601.2776754638277,605.2446490723447,2025-02-13 15:00:00+00:00,604.7346490723447,2.0,target_hit_partial,ema21,holdout
2025-02-12 16:45:00+00:00,602.6,601.2776754638277,605.2446490723447,2025-03-03 14:30:00+00:00,602.09,-0.38568444133711505,stop_hit,ema21,holdout
2025-03-03 15:30:00+00:00,594.6,592.7184027777588,598.3631944444825,2025-03-03 15:45:00+00:00,592.2084027777588,-1.2710463185062078,stop_hit,ema50,holdout
2025-03-03 17:00:00+00:00,593.55,591.597205579907,597.4555888401858,2025-03-03 17:45:00+00:00,591.087205579907,-1.2611642038467752,stop_hit,ema50,holdout
2025-03-04 18:15:00+00:00,580.21,577.6942122564577,585.2415754870847,2025-03-04 18:30:00+00:00,577.1842122564577,-1.2027198046850696,stop_hit,ema100,holdout
2025-03-05 14:45:00+00:00,579.01,576.2936776666506,584.4426446666987,2025-03-05 15:00:00+00:00,575.7836776666506,-1.1877538588622274,stop_hit,ema100,holdout
2025-03-05 17:00:00+00:00,576.37,573.6476552414123,581.8146895171755,2025-03-05 19:00:00+00:00,581.3046895171755,2.0,target_hit_partial,donchian_low,holdout
2025-03-05 17:00:00+00:00,576.37,573.6476552414123,581.8146895171755,2025-03-06 14:30:00+00:00,575.86,-0.18733850604012572,stop_hit,donchian_low,holdout
2025-03-06 15:15:00+00:00,577.95,575.0772828561677,583.6954342876647,2025-03-06 16:45:00+00:00,574.5672828561677,-1.177532271527306,stop_hit,ema100,holdout
2025-03-07 16:00:00+00:00,571.4,568.7823968190852,576.6352063618295,2025-03-07 16:15:00+00:00,568.2723968190852,-1.1948347265614794,stop_hit,donchian_low,holdout
2025-03-07 17:45:00+00:00,571.7,569.1357897699057,576.8284204601887,2025-03-07 19:15:00+00:00,576.3184204601887,2.0,target_hit_partial,donchian_low,holdout
2025-03-07 17:45:00+00:00,571.7,569.1357897699057,576.8284204601887,2025-03-10 13:30:00+00:00,571.19,-0.19889164859202355,stop_hit,donchian_low,holdout
2025-03-10 15:15:00+00:00,565.72,563.1236555241752,570.9126889516497,2025-03-10 16:15:00+00:00,562.6136555241752,-1.1964300210348517,stop_hit,donchian_low,holdout
2025-03-11 15:15:00+00:00,558.4399999999999,555.6389754203985,564.0420491592027,2025-03-11 16:00:00+00:00,555.1289754203985,-1.182076231574007,stop_hit,ema200,holdout
2025-03-11 17:45:00+00:00,554.37,551.9284697399908,559.2530605200185,2025-03-11 18:15:00+00:00,558.7430605200185,2.0,target_hit_partial,ema200,holdout
2025-03-11 17:45:00+00:00,554.37,551.9284697399908,559.2530605200185,2025-03-11 19:45:00+00:00,555.58,0.49559082671187327,trail_exit,ema200,holdout
2025-03-13 14:15:00+00:00,558.17,555.991349031228,562.5273019375439,2025-03-13 14:30:00+00:00,555.481349031228,-1.2340898139766994,stop_hit,ema200,holdout
2025-03-13 16:45:00+00:00,553.61,551.5531923684086,557.7236152631828,2025-03-13 17:00:00+00:00,551.0431923684087,-1.2479570729740048,stop_hit,ema200,holdout
2025-03-13 18:15:00+00:00,553.38,551.3920939872744,557.3558120254512,2025-03-13 19:15:00+00:00,550.8820939872744,-1.2565513644685515,stop_hit,ema200,holdout
2025-03-17 14:15:00+00:00,566.71,565.0374157754652,570.0551684490697,2025-03-17 14:30:00+00:00,564.5274157754652,-1.304917380254396,stop_hit,h_ema200,holdout
2025-03-18 15:45:00+00:00,560.76,559.3153512627315,563.649297474537,2025-03-18 17:15:00+00:00,558.8053512627315,-1.3530269932359378,stop_hit,ema200,holdout
2025-03-18 18:30:00+00:00,560.99,559.5102104232336,563.9495791535328,2025-03-19 13:45:00+00:00,563.4395791535328,2.0,target_hit_partial,ema200,holdout
2025-03-18 18:30:00+00:00,560.99,559.5102104232336,563.9495791535328,2025-03-19 17:45:00+00:00,562.67,1.1352965491695466,trail_exit,ema200,holdout
2025-03-19 18:15:00+00:00,565.66,564.3107124053088,568.3585751893823,2025-03-19 18:45:00+00:00,567.8485751893824,2.0,target_hit_partial,h_ema21,holdout
2025-03-19 18:15:00+00:00,565.66,564.3107124053088,568.3585751893823,2025-03-20 13:30:00+00:00,565.15,-0.37797723925321774,stop_hit,h_ema21,holdout
2025-03-20 17:15:00+00:00,567.45,565.8963267624911,570.557346475018,2025-03-20 17:30:00+00:00,565.3863267624911,-1.3282543508425755,stop_hit,h_ema21,holdout
2025-03-20 19:00:00+00:00,564.9399999999999,563.3758805432909,568.068238913418,2025-03-21 13:30:00+00:00,562.8658805432909,-1.3260620522380393,stop_hit,h_ema21,holdout
2025-03-21 14:30:00+00:00,560.38,558.476522343901,564.1869553121979,2025-03-21 19:45:00+00:00,563.676955312198,2.0,target_hit_partial,ema200,holdout
2025-03-21 14:30:00+00:00,560.38,558.476522343901,564.1869553121979,2025-03-25 16:15:00+00:00,574.03,7.171084964545676,trail_exit,ema200,holdout
2025-03-25 18:15:00+00:00,575.14,574.4166936625946,576.5866126748107,2025-03-25 18:30:00+00:00,573.9066936625946,-1.705095439685305,stop_hit,ema21,holdout
2025-03-25 19:15:00+00:00,574.65,573.9452914852501,576.0594170294997,2025-03-25 19:30:00+00:00,573.4352914852501,-1.7237034736000063,stop_hit,ema21,holdout
2025-03-26 18:15:00+00:00,569.73,568.7716145491447,571.6467709017106,2025-03-26 18:30:00+00:00,568.2616145491447,-1.5321449731366912,stop_hit,ema21,holdout
2025-03-27 14:00:00+00:00,568.83,567.5219414999663,571.4461170000676,2025-03-27 16:45:00+00:00,567.0119414999663,-1.3898908190931982,stop_hit,h_ema21,holdout
2025-03-27 17:15:00+00:00,568.54,567.1884640181468,571.2430719637064,2025-03-27 17:30:00+00:00,566.6784640181468,-1.3773484441758534,stop_hit,ema21,holdout
2025-03-27 18:15:00+00:00,569.0,567.6361966582228,571.7276066835543,2025-03-27 18:30:00+00:00,567.1261966582229,-1.3739542090690404,stop_hit,h_ema21,holdout
2025-03-27 19:15:00+00:00,569.58,568.1832872437396,572.3734255125208,2025-03-27 19:45:00+00:00,567.6732872437397,-1.3651430816494297,stop_hit,h_ema21,holdout
2025-03-28 19:00:00+00:00,556.66,555.4349587337274,559.1100825325451,2025-03-28 19:30:00+00:00,554.9249587337274,-1.4163125063956146,stop_hit,ema200,holdout
2025-04-02 14:15:00+00:00,559.6,557.6557585695684,563.4884828608632,2025-04-02 15:15:00+00:00,562.9784828608632,2.0,target_hit_partial,ema200,holdout
2025-04-02 14:15:00+00:00,559.6,557.6557585695684,563.4884828608632,2025-04-02 18:00:00+00:00,562.51,1.49672769772939,trail_exit,ema200,holdout
2025-04-02 18:45:00+00:00,563.87,562.083410938394,567.4431781232121,2025-04-02 19:00:00+00:00,561.573410938394,-1.2854601603468518,stop_hit,ema21,holdout
2025-04-03 16:15:00+00:00,545.5699999999999,542.8854249347991,550.9391501304017,2025-04-03 17:15:00+00:00,542.3754249347991,-1.1899741998690694,stop_hit,donchian_low,holdout
2025-04-03 17:45:00+00:00,543.9399999999999,541.5830611001942,548.6538777996115,2025-04-03 18:00:00+00:00,541.0730611001942,-1.2163823593568854,stop_hit,donchian_low,holdout
2025-05-02 14:15:00+00:00,565.72,563.5221818828006,570.1156362343988,2025-05-05 13:30:00+00:00,563.0121818828006,-1.232048319198435,stop_hit,ema50,holdout
2025-05-05 14:00:00+00:00,563.58,562.0614140207914,566.6171719584173,2025-05-05 18:30:00+00:00,566.1071719584173,2.0,target_hit_partial,ema50,holdout
2025-05-05 14:00:00+00:00,563.58,562.0614140207914,566.6171719584173,2025-05-05 19:45:00+00:00,563.07,-0.33583873878893644,stop_hit,ema50,holdout
2025-05-06 15:30:00+00:00,562.131,560.7951360657715,564.8027278684568,2025-05-06 15:45:00+00:00,560.2851360657716,-1.3817754091059866,stop_hit,ema21,holdout
2025-05-06 16:15:00+00:00,563.36,561.9400808806488,566.1998382387025,2025-05-06 16:30:00+00:00,561.4300808806488,-1.3591753875622272,stop_hit,ema50,holdout
2025-05-06 17:15:00+00:00,560.73,559.2662308681854,563.6575382636292,2025-05-06 17:30:00+00:00,558.7562308681854,-1.3484155997795573,stop_hit,ema50,holdout
2025-05-06 18:15:00+00:00,559.55,558.1523620321283,562.3452759357433,2025-05-07 18:00:00+00:00,557.6423620321283,-1.3649013633885605,stop_hit,ema50,holdout
2025-05-07 18:30:00+00:00,558.47,556.8767057575409,561.6565884849183,2025-05-07 19:30:00+00:00,561.1465884849183,2.0,target_hit_partial,ema21,holdout
2025-05-07 18:30:00+00:00,558.47,556.8767057575409,561.6565884849183,2025-05-08 19:45:00+00:00,564.4,3.7218486340899672,trail_exit,ema21,holdout
2025-05-12 14:15:00+00:00,580.65,578.4206802917902,585.1086394164196,2025-05-12 14:30:00+00:00,577.9106802917902,-1.228769340764288,stop_hit,ema50,holdout
2025-05-14 15:00:00+00:00,588.0699999999999,587.0150741008308,590.1798517983382,2025-05-14 15:15:00+00:00,586.5050741008308,-1.483446278455839,stop_hit,h_ema21,holdout
2025-05-16 16:15:00+00:00,592.4,591.3889530283054,594.4220939433891,2025-05-16 19:45:00+00:00,593.9120939433891,2.0,target_hit_partial,h_ema21,holdout
2025-05-16 16:15:00+00:00,592.4,591.3889530283054,594.4220939433891,2025-05-19 13:30:00+00:00,591.89,-0.50442760255264,stop_hit,h_ema21,holdout
2025-05-19 15:45:00+00:00,593.84,592.6390626664357,596.2418746671286,2025-05-20 13:45:00+00:00,592.1290626664357,-1.4246682868008997,stop_hit,h_ema21,holdout
2025-05-20 14:30:00+00:00,593.4,592.3599650822671,595.4800698354658,2025-05-20 16:00:00+00:00,591.8499650822671,-1.490368151399865,stop_hit,h_ema21,holdout
2025-05-21 15:00:00+00:00,591.17,589.9243900917555,593.6612198164888,2025-05-21 17:00:00+00:00,589.4143900917555,-1.4094379762270732,stop_hit,h_ema21,holdout
2025-05-21 18:45:00+00:00,586.36,584.7678929257415,589.544214148517,2025-05-21 19:00:00+00:00,584.2578929257415,-1.320330214120506,stop_hit,h_ema21,holdout
2025-05-22 15:00:00+00:00,583.42,581.696502568822,586.8669948623559,2025-05-22 19:45:00+00:00,582.53,-0.5163918343595613,trail_exit,h_ema21,holdout
2025-05-23 15:45:00+00:00,579.64,577.9556313847609,583.0087372304782,2025-05-23 16:00:00+00:00,577.4456313847609,-1.3027840790821126,stop_hit,ema21,holdout
2025-05-23 16:30:00+00:00,579.16,577.5578761488046,582.3642477023908,2025-05-27 13:30:00+00:00,581.8542477023908,2.0,target_hit_partial,ema21,holdout
2025-05-23 16:30:00+00:00,579.16,577.5578761488046,582.3642477023908,2025-05-28 14:15:00+00:00,589.71,6.585009012960046,trail_exit,ema21,holdout
2025-05-28 15:30:00+00:00,589.9,588.9719767199645,591.756046560071,2025-05-28 15:45:00+00:00,588.4619767199645,-1.5495551792412705,stop_hit,h_ema21,holdout
2025-05-28 16:15:00+00:00,590.27,589.3793049758608,592.0513900482783,2025-05-28 18:45:00+00:00,588.8693049758608,-1.5725865601336289,stop_hit,h_ema21,holdout
2025-05-29 13:45:00+00:00,591.53,590.2223796302517,594.1452407394966,2025-05-29 14:00:00+00:00,589.7123796302517,-1.3900214556141874,stop_hit,h_ema21,holdout
2025-05-29 15:00:00+00:00,591.43,589.9813949359922,594.3272101280155,2025-05-29 15:15:00+00:00,589.4713949359922,-1.352062831113541,stop_hit,h_ema21,holdout
2025-05-29 16:15:00+00:00,589.0699999999999,587.4099272623931,592.3901454752136,2025-05-30 13:30:00+00:00,586.8999272623931,-1.3072154541464343,stop_hit,h_ema21,holdout
2025-05-30 14:15:00+00:00,589.6899999999999,588.1870178934229,592.6959642131541,2025-05-30 15:15:00+00:00,587.6770178934229,-1.3393253970012189,stop_hit,h_ema21,holdout
2025-05-30 17:15:00+00:00,585.91,584.3451900024105,589.0396199951789,2025-05-30 19:00:00+00:00,588.5296199951789,2.0,target_hit_partial,h_ema21,holdout
2025-05-30 17:15:00+00:00,585.91,584.3451900024105,589.0396199951789,2025-06-02 13:45:00+00:00,586.23,0.20449767095877394,trail_exit,h_ema21,holdout
2025-06-02 17:00:00+00:00,590.52,589.2112876254474,593.1374247491051,2025-06-03 13:30:00+00:00,592.6274247491051,2.0,target_hit_partial,h_ema21,holdout
2025-06-02 17:00:00+00:00,590.52,589.2112876254474,593.1374247491051,2025-06-04 19:45:00+00:00,595.39,3.7212149091698166,trail_exit,h_ema21,holdout
2025-06-05 14:30:00+00:00,596.67,595.6587945243725,598.6924109512548,2025-06-05 15:15:00+00:00,598.1824109512548,2.0,target_hit_partial,h_ema21,holdout
2025-06-05 14:30:00+00:00,596.67,595.6587945243725,598.6924109512548,2025-06-05 16:45:00+00:00,596.16,-0.5043485347857172,stop_hit,h_ema21,holdout
2025-06-05 17:15:00+00:00,596.64,595.3899501752684,599.1400996494632,2025-06-05 18:00:00+00:00,594.8799501752684,-1.4079837378558027,stop_hit,h_ema21,holdout
2025-06-05 18:30:00+00:00,595.83,594.555435924068,598.3791281518642,2025-06-05 19:00:00+00:00,594.045435924068,-1.4001368072664675,stop_hit,h_ema21,holdout
2025-06-06 13:45:00+00:00,600.93,598.960775499729,604.8684490005418,2025-06-06 14:15:00+00:00,598.450775499729,-1.2589851994680286,stop_hit,h_ema21,holdout
2025-06-06 18:45:00+00:00,600.31,599.1185718303425,602.6928563393149,2025-06-06 19:30:00+00:00,598.6085718303425,-1.4280576983055717,stop_hit,h_ema21,holdout
2025-06-09 17:30:00+00:00,601.35,600.5658502262348,602.9182995475304,2025-06-09 18:30:00+00:00,600.0558502262348,-1.6503859556716594,stop_hit,h_ema21,holdout
2025-06-10 16:00:00+00:00,601.77,601.0040128209644,603.3019743580712,2025-06-10 18:00:00+00:00,600.4940128209644,-1.6658074886345786,stop_hit,h_ema21,holdout
2025-06-11 17:00:00+00:00,603.93,602.9969822938236,605.7960354123526,2025-06-11 17:45:00+00:00,602.4869822938236,-1.5466134207571134,stop_hit,h_ema21,holdout
2025-06-11 18:45:00+00:00,602.48,601.2630510130153,604.9138979739694,2025-06-11 19:00:00+00:00,600.7530510130154,-1.4190808369573942,stop_hit,h_ema21,holdout
2025-06-12 15:15:00+00:00,603.6899999999999,602.564370913015,605.9412581739699,2025-06-12 15:30:00+00:00,602.054370913015,-1.4530799762522424,stop_hit,h_ema21,holdout
2025-06-12 16:00:00+00:00,602.98,601.8700083439846,605.1999833120308,2025-06-13 13:30:00+00:00,601.3600083439846,-1.4594629132896146,stop_hit,h_ema21,holdout
2025-06-13 15:00:00+00:00,599.65,598.2381741703954,602.4736516592092,2025-06-13 18:00:00+00:00,598.11,-1.0907861066908415,trail_exit,h_ema200,holdout
2025-07-01 15:30:00+00:00,617.78,616.5600693196177,620.2198613607645,2025-07-01 15:45:00+00:00,616.0500693196177,-1.4180565405898127,stop_hit,h_ema21,holdout
2025-07-01 17:15:00+00:00,618.35,617.2080539025932,620.6338921948137,2025-07-01 19:00:00+00:00,616.6980539025932,-1.4466060185836354,stop_hit,h_ema21,holdout
2025-07-02 14:00:00+00:00,617.8199999999999,616.8993499281024,619.661300143795,2025-07-02 17:15:00+00:00,619.151300143795,2.0,target_hit_partial,h_ema21,holdout
2025-07-02 14:00:00+00:00,617.8199999999999,616.8993499281024,619.661300143795,2025-07-07 13:30:00+00:00,622.95,5.572149676181405,trail_exit,h_ema21,holdout
2025-07-07 16:00:00+00:00,622.26,621.4889788257123,623.8020423485755,2025-07-07 16:15:00+00:00,620.9789788257123,-1.6614604332638767,stop_hit,h_ema50,holdout
2025-07-07 17:15:00+00:00,621.06,620.1205438677619,622.9389122644761,2025-07-07 17:30:00+00:00,619.6105438677619,-1.5428672851227272,stop_hit,h_ema21,holdout
2025-07-07 19:00:00+00:00,620.78,619.7252351647044,622.8895296705912,2025-07-07 19:15:00+00:00,619.2152351647044,-1.483520101290694,stop_hit,h_ema21,holdout
2025-07-09 16:45:00+00:00,622.51,621.5501084378515,624.429783124297,2025-07-10 14:30:00+00:00,623.919783124297,2.0,target_hit_partial,h_ema21,holdout
2025-07-09 16:45:00+00:00,622.51,621.5501084378515,624.429783124297,2025-07-11 13:30:00+00:00,622.0,-0.5313100147046368,stop_hit,h_ema21,holdout
2025-07-11 14:00:00+00:00,623.74,622.8478673897177,625.5242652205645,2025-07-11 15:00:00+00:00,622.3378673897178,-1.5716638918048662,stop_hit,h_ema21,holdout
2025-07-11 15:30:00+00:00,623.91,623.0292007034027,625.6715985931945,2025-07-14 13:30:00+00:00,622.5192007034027,-1.5790195359717423,stop_hit,h_ema50,holdout
2025-07-14 14:00:00+00:00,623.18,622.282415543945,624.9751689121098,2025-07-14 17:30:00+00:00,624.4651689121098,2.0,target_hit_partial,h_ema21,holdout
2025-07-14 14:00:00+00:00,623.18,622.282415543945,624.9751689121098,2025-07-15 13:45:00+00:00,625.14,2.183638527581768,trail_exit,h_ema21,holdout
2025-07-15 17:30:00+00:00,624.36,623.5031904335768,626.0736191328464,2025-07-15 18:45:00+00:00,622.9931904335768,-1.5952314493044544,stop_hit,h_ema21,holdout
2025-07-15 19:15:00+00:00,624.03,623.2420605192626,625.6058789614747,2025-07-15 19:30:00+00:00,622.7320605192626,-1.647257831937467,stop_hit,h_ema21,holdout
2025-07-16 13:45:00+00:00,623.67,622.7559805937801,625.4980388124396,2025-07-16 14:00:00+00:00,622.2459805937801,-1.5579750238665369,stop_hit,h_ema21,holdout
2025-07-16 14:30:00+00:00,623.0,622.0642235293495,624.8715529413009,2025-07-16 14:45:00+00:00,621.5542235293495,-1.545001948644301,stop_hit,h_ema21,holdout
2025-07-16 15:15:00+00:00,623.83,622.8016213899348,625.8867572201306,2025-07-16 15:30:00+00:00,622.2916213899348,-1.4959263008860388,stop_hit,h_ema21,holdout
2025-07-16 16:00:00+00:00,622.4399999999999,620.9712289335592,625.3775421328813,2025-07-17 13:30:00+00:00,624.8675421328813,2.0,target_hit_partial,h_ema21,holdout
2025-07-16 16:00:00+00:00,622.4399999999999,620.9712289335592,625.3775421328813,2025-07-18 14:15:00+00:00,626.86,3.0093185391452155,trail_exit,h_ema21,holdout
2025-07-18 17:15:00+00:00,627.7,626.9868893892507,629.1262212214988,2025-07-18 17:30:00+00:00,626.4768893892507,-1.715176569121669,stop_hit,h_ema21,holdout
2025-07-18 18:30:00+00:00,627.6,626.9366188046704,628.9267623906593,2025-07-21 13:30:00+00:00,628.4167623906593,2.0,target_hit_partial,h_ema21,holdout
2025-07-18 18:30:00+00:00,627.6,626.9366188046704,628.9267623906593,2025-07-21 18:45:00+00:00,629.85,3.3917150739884536,trail_exit,h_ema21,holdout
2025-07-22 14:45:00+00:00,628.2,627.4259773430891,629.7480453138219,2025-07-22 15:15:00+00:00,626.9159773430891,-1.6588954411688344,stop_hit,h_ema50,holdout
2025-07-22 17:00:00+00:00,628.38,627.661246369091,629.8175072618179,2025-07-22 18:15:00+00:00,627.151246369091,-1.7095616328991967,stop_hit,h_ema21,holdout
2025-07-22 18:45:00+00:00,629.62,628.8861508696466,631.0876982607068,2025-07-22 19:45:00+00:00,628.3761508696466,-1.6949657346522795,stop_hit,h_ema21,holdout
2025-07-23 14:30:00+00:00,631.23,630.3934581719802,632.9030836560396,2025-07-23 14:45:00+00:00,629.8834581719802,-1.6096527189886383,stop_hit,h_ema21,holdout
2025-07-24 16:45:00+00:00,635.48,634.8274452235094,636.7851095529813,2025-07-24 17:00:00+00:00,634.3174452235094,-1.781543585877484,stop_hit,h_ema21,holdout
2025-07-24 18:15:00+00:00,636.36,635.7149919426432,637.6500161147136,2025-07-24 18:30:00+00:00,635.2049919426432,-1.7906877971260462,stop_hit,h_ema21,holdout
2025-07-24 19:15:00+00:00,635.9399999999999,635.3273379548581,637.1653240902837,2025-07-24 19:30:00+00:00,634.8173379548581,-1.8324328298840542,stop_hit,h_ema21,holdout
2025-07-28 16:30:00+00:00,637.91,637.4049583955166,638.9200832089667,2025-07-28 16:45:00+00:00,636.8949583955166,-2.009817796143116,stop_hit,h_ema21,holdout
2025-07-28 17:45:00+00:00,637.23,636.7327742115386,638.2244515769228,2025-07-28 18:00:00+00:00,636.2227742115386,-2.0256909674338117,stop_hit,h_ema21,holdout
2025-07-29 16:00:00+00:00,636.39,635.65743986283,637.85512027434,2025-07-29 16:15:00+00:00,635.14743986283,-1.6961885777325894,stop_hit,h_ema21,holdout
2025-07-29 18:00:00+00:00,636.11,635.3899607538561,637.5500784922878,2025-07-29 18:15:00+00:00,634.8799607538562,-1.708294725226809,stop_hit,h_ema21,holdout
2025-07-29 18:45:00+00:00,636.17,635.4847535627631,637.5404928744737,2025-07-29 19:00:00+00:00,634.9747535627631,-1.7442577914837214,stop_hit,h_ema21,holdout
2025-07-30 18:30:00+00:00,637.28,636.6544458191887,638.5311083616225,2025-07-30 18:45:00+00:00,636.1444458191887,-1.81527710251826,stop_hit,h_ema21,holdout
2025-07-31 18:30:00+00:00,634.71,633.1880758951862,637.7538482096277,2025-07-31 19:15:00+00:00,632.6780758951862,-1.3351021239409178,stop_hit,h_ema21,holdout
2025-08-01 15:45:00+00:00,624.13,622.1367713579166,628.1164572841668,2025-08-01 16:45:00+00:00,621.6267713579166,-1.255866281083999,stop_hit,ema21,holdout
2025-08-01 18:30:00+00:00,622.13,620.4814560124757,625.4270879750485,2025-08-04 13:30:00+00:00,624.9170879750485,2.0,target_hit_partial,donchian_low,holdout
2025-08-01 18:30:00+00:00,622.13,620.4814560124757,625.4270879750485,2025-08-05 14:15:00+00:00,629.35,4.3796222937568565,trail_exit,donchian_low,holdout
2025-08-05 15:00:00+00:00,628.42,627.3764912737387,630.5070174525225,2025-08-05 15:30:00+00:00,626.8664912737387,-1.4887357308714007,stop_hit,ema21,holdout
2025-08-05 16:00:00+00:00,628.58,627.5299293853928,630.6801412292144,2025-08-05 19:45:00+00:00,627.5,-1.02850225973045,trail_exit,ema21,holdout
2025-08-06 14:15:00+00:00,629.98,628.9611282663191,632.0177434673619,2025-08-06 14:30:00+00:00,628.4511282663191,-1.5005536841791423,stop_hit,ema21,holdout
2025-08-07 17:00:00+00:00,631.75,630.5229745870228,634.2040508259545,2025-08-07 17:15:00+00:00,630.0129745870228,-1.4156393132580134,stop_hit,h_ema21,holdout
2025-08-07 17:45:00+00:00,630.95,629.7371338074669,633.3757323850664,2025-08-07 18:00:00+00:00,629.2271338074669,-1.4204915621687948,stop_hit,ema21,holdout
2025-08-07 19:00:00+00:00,631.03,629.8584096335898,633.3731807328204,2025-08-08 13:30:00+00:00,632.8631807328204,2.0,target_hit_partial,ema21,holdout
2025-08-07 19:00:00+00:00,631.03,629.8584096335898,633.3731807328204,2025-08-11 17:00:00+00:00,636.62,4.7712922197610315,trail_exit,ema21,holdout
2025-08-11 19:00:00+00:00,637.01,636.2619068412932,638.5061863174135,2025-08-11 19:15:00+00:00,635.7519068412932,-1.6817332762160817,stop_hit,h_ema21,holdout
2025-08-13 17:30:00+00:00,644.16,643.3883051590263,645.7033896819472,2025-08-13 17:45:00+00:00,642.8783051590264,-1.6608829979432542,stop_hit,h_ema21,holdout
2025-08-13 19:00:00+00:00,644.53,643.7726778683752,646.0446442632494,2025-08-29 13:30:00+00:00,645.5346442632494,2.0,target_hit_partial,h_ema21,holdout
2025-08-13 19:00:00+00:00,644.53,643.7726778683752,646.0446442632494,2025-08-29 13:45:00+00:00,644.97,0.5809945089761127,trail_exit,h_ema21,holdout
2025-08-29 15:15:00+00:00,644.88,643.8316474651223,646.9767050697554,2025-08-29 15:45:00+00:00,643.3216474651223,-1.4864775760374123,stop_hit,h_ema21,holdout
2025-08-29 16:15:00+00:00,645.05,644.1020107052102,646.9459785895795,2025-08-29 17:00:00+00:00,643.5920107052102,-1.537980758646754,stop_hit,h_ema21,holdout
2025-09-02 14:00:00+00:00,639.52,638.0547519740749,642.4504960518502,2025-09-02 14:30:00+00:00,637.5447519740749,-1.348063939330674,stop_hit,h_ema21,holdout
2025-09-02 16:15:00+00:00,636.0699999999999,634.7266522427369,638.756695514526,2025-09-02 17:30:00+00:00,638.246695514526,2.0,target_hit_partial,ema21,holdout
2025-09-02 16:15:00+00:00,636.0699999999999,634.7266522427369,638.756695514526,2025-09-03 17:30:00+00:00,640.7,3.446613116348537,trail_exit,ema21,holdout
2025-09-05 15:15:00+00:00,645.38,644.1188486955384,647.9023026089232,2025-09-08 13:30:00+00:00,647.3923026089232,2.0,target_hit_partial,h_ema21,holdout
2025-09-05 15:15:00+00:00,645.38,644.1188486955384,647.9023026089232,2025-09-08 17:45:00+00:00,647.08,1.3479746593338577,trail_exit,h_ema21,holdout
2025-09-11 14:00:00+00:00,656.0699999999999,655.0741266262924,658.0617467474151,2025-09-11 19:30:00+00:00,657.5517467474151,2.0,target_hit_partial,h_ema21,holdout
2025-09-11 14:00:00+00:00,656.0699999999999,655.0741266262924,658.0617467474151,2025-09-12 19:30:00+00:00,657.24,1.174848159303855,trail_exit,h_ema21,holdout
2025-09-15 14:30:00+00:00,661.17,660.417151075147,662.6756978497059,2025-09-15 15:15:00+00:00,659.907151075147,-1.6774267494631718,stop_hit,h_ema21,holdout
2025-09-15 17:45:00+00:00,660.84,660.2373812931152,662.0452374137698,2025-09-15 18:00:00+00:00,659.7273812931152,-1.8463062865013704,stop_hit,h_ema21,holdout
2025-09-16 18:30:00+00:00,660.71,660.2394756537356,661.651048692529,2025-09-16 19:15:00+00:00,659.7294756537356,-2.083897154416997,stop_hit,h_ema21,holdout
2025-09-17 15:15:00+00:00,660.01,659.4572919495763,661.1154161008474,2025-09-17 15:30:00+00:00,658.9472919495763,-1.9227294583624037,stop_hit,h_ema21,holdout
2025-09-17 17:15:00+00:00,659.13,658.5939301619576,660.2021396760848,2025-09-17 18:00:00+00:00,658.0839301619576,-1.951368578882151,stop_hit,h_ema21,holdout
2025-09-17 18:30:00+00:00,660.86,659.8946028470722,662.7907943058557,2025-09-17 18:45:00+00:00,659.3846028470722,-1.528279991766367,stop_hit,h_ema21,holdout
2025-09-18 14:00:00+00:00,662.5699999999999,660.8785690412253,665.9528619175492,2025-09-18 18:30:00+00:00,661.92,-0.3842899981391375,trail_exit,h_ema21,holdout
2025-09-19 15:45:00+00:00,661.59,660.6951235029306,663.3797529941388,2025-09-19 19:00:00+00:00,662.8697529941388,2.0,target_hit_partial,h_ema21,holdout
2025-09-19 15:45:00+00:00,661.59,660.6951235029306,663.3797529941388,2025-09-22 13:30:00+00:00,662.1,0.5699110454573093,trail_exit,h_ema21,holdout
2025-09-23 16:45:00+00:00,665.85,665.2864576155738,666.9770847688525,2025-09-23 17:00:00+00:00,664.7764576155738,-1.9049896052082202,stop_hit,h_ema21,holdout
2025-09-24 14:15:00+00:00,663.76,662.9515973314964,665.3768053370072,2025-09-24 14:30:00+00:00,662.4415973314964,-1.630873721562571,stop_hit,h_ema21,holdout
2025-09-24 16:30:00+00:00,661.42,660.527969834143,663.2040603317138,2025-09-24 16:45:00+00:00,660.0179698341431,-1.5717295440452632,stop_hit,h_ema21,holdout
2025-09-24 17:30:00+00:00,661.88,661.0398541345523,663.5602917308953,2025-09-24 17:45:00+00:00,660.5298541345524,-1.6070374454895984,stop_hit,h_ema200,holdout
2025-09-24 18:45:00+00:00,661.26,660.4824187302544,662.8151625394912,2025-09-25 13:30:00+00:00,659.9724187302544,-1.6558799958836972,stop_hit,h_ema21,holdout
2025-09-25 14:30:00+00:00,658.99,657.7435734645078,661.4828530709844,2025-09-25 15:00:00+00:00,657.2335734645078,-1.409169722785619,stop_hit,ema21,holdout
2025-09-25 15:45:00+00:00,659.6899999999999,658.417540556683,662.2349188866339,2025-09-25 16:15:00+00:00,657.907540556683,-1.4007986287331542,stop_hit,h_ema21,holdout
2025-09-25 18:30:00+00:00,657.47,656.271926169442,659.866147661116,2025-09-26 13:30:00+00:00,659.356147661116,2.0,target_hit_partial,ema21,holdout
2025-09-25 18:30:00+00:00,657.47,656.271926169442,659.866147661116,2025-09-26 14:45:00+00:00,657.94,0.39229635771372817,trail_exit,ema21,holdout
2025-09-26 18:30:00+00:00,662.25,661.1694869447645,664.4110261104711,2025-09-26 19:45:00+00:00,660.6594869447645,-1.4719979990327978,stop_hit,h_ema200,holdout
2025-09-29 16:15:00+00:00,664.24,663.3156285400667,666.0887429198667,2025-09-29 16:30:00+00:00,662.8056285400667,-1.551726250869711,stop_hit,h_ema21,holdout
2025-09-29 18:00:00+00:00,663.45,662.6738923961968,665.0022152076065,2025-09-29 19:00:00+00:00,662.1638923961968,-1.6571253747557737,stop_hit,h_ema21,holdout
2025-09-30 15:00:00+00:00,663.73,662.8256971947067,665.5386056105867,2025-09-30 15:15:00+00:00,662.3156971947067,-1.5639703836090029,stop_hit,h_ema21,holdout
2025-10-01 15:00:00+00:00,666.31,665.2340324223236,668.4619351553526,2025-10-01 18:00:00+00:00,667.9519351553527,2.0,target_hit_partial,h_ema21,holdout
2025-10-01 15:00:00+00:00,666.31,665.2340324223236,668.4619351553526,2025-10-02 14:00:00+00:00,668.11,1.6729128621954665,trail_exit,h_ema21,holdout
2025-10-02 15:30:00+00:00,668.18,667.3765145128707,669.7869709742585,2025-10-02 15:45:00+00:00,666.8665145128707,-1.6347345511144882,stop_hit,h_ema21,holdout
2025-10-02 17:00:00+00:00,668.92,668.1262500185077,670.5074999629845,2025-10-03 13:30:00+00:00,669.9974999629845,2.0,target_hit_partial,h_ema21,holdout
2025-10-02 17:00:00+00:00,668.92,668.1262500185077,670.5074999629845,2025-10-03 17:15:00+00:00,669.84,1.159055145135795,trail_exit,h_ema21,holdout
2025-10-03 18:30:00+00:00,671.04,670.1074144569197,672.9051710861604,2025-10-03 18:45:00+00:00,669.5974144569198,-1.546866723148549,stop_hit,h_ema21,holdout
2025-10-06 13:45:00+00:00,670.81,669.8050125226467,672.8199749547064,2025-10-06 14:00:00+00:00,669.2950125226467,-1.5074690098061265,stop_hit,h_ema21,holdout
2025-10-06 16:30:00+00:00,672.34,671.5700170516625,673.8799658966751,2025-10-06 16:45:00+00:00,671.0600170516625,-1.6623523301407175,stop_hit,h_ema21,holdout
2025-10-06 17:30:00+00:00,672.59,671.8807048368527,674.0085903262947,2025-10-06 17:45:00+00:00,671.3707048368527,-1.7190236540412818,stop_hit,h_ema21,holdout
2025-10-07 16:30:00+00:00,668.9,668.0310519360326,670.6378961279348,2025-10-07 18:00:00+00:00,667.5210519360326,-1.586916550192246,stop_hit,h_ema21,holdout
2025-10-07 18:45:00+00:00,669.33,668.4896920076748,671.0106159846506,2025-10-08 14:00:00+00:00,670.5006159846506,2.0,target_hit_partial,h_ema21,holdout
2025-10-07 18:45:00+00:00,669.33,668.4896920076748,671.0106159846506,2025-10-09 13:45:00+00:00,671.41,2.4752828950777963,trail_exit,h_ema21,holdout
2025-10-09 15:00:00+00:00,671.86,671.1044272166562,673.3711455666877,2025-10-09 15:15:00+00:00,670.5944272166562,-1.674984609348887,stop_hit,h_ema21,holdout
2025-10-09 16:00:00+00:00,671.86,671.0598515132996,673.4602969734009,2025-10-09 16:15:00+00:00,670.5498515132996,-1.6373816966186767,stop_hit,h_ema21,holdout
2025-10-09 17:45:00+00:00,670.52,669.6576765948294,672.2446468103412,2025-10-09 18:00:00+00:00,669.1476765948294,-1.5914254407823678,stop_hit,h_ema21,holdout
2025-10-09 19:00:00+00:00,670.43,669.6456297523428,671.9987404953143,2025-10-10 13:30:00+00:00,671.4887404953143,2.0,target_hit_partial,h_ema21,holdout
2025-10-09 19:00:00+00:00,670.43,669.6456297523428,671.9987404953143,2025-10-10 15:00:00+00:00,669.92,-0.6502031426144619,stop_hit,h_ema21,holdout
2025-10-10 17:30:00+00:00,660.3,658.2956647070864,664.308670585827,2025-10-10 18:30:00+00:00,657.7856647070864,-1.2544484457281824,stop_hit,ema21,holdout
2025-10-28 13:45:00+00:00,686.49,682.193883194718,695.0822336105641,2025-10-29 18:30:00+00:00,682.78,-0.8635705610793939,trail_exit,donchian_low,holdout
2025-10-29 19:00:00+00:00,686.6899999999999,685.2787036050958,689.5125927898083,2025-10-29 19:15:00+00:00,684.7687036050958,-1.3613698737143134,stop_hit,h_ema21,holdout
2025-10-30 14:00:00+00:00,685.51,683.5488724457136,689.4322551085727,2025-10-30 14:15:00+00:00,683.0388724457137,-1.2600544767653212,stop_hit,h_ema21,holdout
2025-10-30 14:45:00+00:00,685.78,683.806083368525,689.7278332629498,2025-10-30 15:30:00+00:00,683.296083368525,-1.2583695744125285,stop_hit,h_ema21,holdout
2025-10-31 13:45:00+00:00,683.78,682.1761106909267,686.9877786181464,2025-10-31 15:45:00+00:00,681.6661106909268,-1.3179770555953667,stop_hit,h_ema21,holdout
2025-10-31 17:45:00+00:00,681.18,679.7964471573152,683.9471056853694,2025-10-31 19:15:00+00:00,683.4371056853694,2.0,target_hit_partial,h_ema21,holdout
2025-10-31 17:45:00+00:00,681.18,679.7964471573152,683.9471056853694,2025-11-03 15:15:00+00:00,680.67,-0.3686162062378219,stop_hit,h_ema21,holdout
2025-11-03 18:45:00+00:00,684.6899999999999,683.5151650707132,687.0396698585733,2025-11-03 19:00:00+00:00,683.0051650707132,-1.4341035385368015,stop_hit,h_ema21,holdout
2025-11-05 15:00:00+00:00,677.61,676.2378011056503,680.3543977886994,2025-11-05 15:15:00+00:00,675.7278011056503,-1.3716662373800284,stop_hit,ema21,holdout
2025-11-06 16:15:00+00:00,671.9,670.4949801029512,674.7100397940975,2025-11-06 16:30:00+00:00,669.9849801029512,-1.3629841834064018,stop_hit,ema21,holdout
2025-11-06 17:15:00+00:00,670.55,669.0551542773945,673.5396914452108,2025-11-06 19:30:00+00:00,673.0296914452108,2.0,target_hit_partial,ema21,holdout
2025-11-06 17:15:00+00:00,670.55,669.0551542773945,673.5396914452108,2025-11-06 20:45:00+00:00,670.04,-0.3411723312229801,stop_hit,ema21,holdout
2025-11-07 18:30:00+00:00,665.81,664.1278674325475,669.1742651349048,2025-11-07 19:30:00+00:00,668.6642651349048,2.0,target_hit_partial,h_ema21,holdout
2025-11-07 18:30:00+00:00,665.81,664.1278674325475,669.1742651349048,2025-11-07 19:45:00+00:00,665.3,-0.30318656797209803,stop_hit,h_ema21,holdout
2025-11-13 15:15:00+00:00,680.93,679.5016780716542,683.7866438566915,2025-11-13 15:30:00+00:00,678.9916780716542,-1.357062360997741,stop_hit,ema21,holdout
2025-11-14 15:30:00+00:00,670.29,668.1801351722952,674.5097296554095,2025-11-14 16:15:00+00:00,673.9997296554095,2.0,target_hit_partial,ema21,holdout
2025-11-14 15:30:00+00:00,670.29,668.1801351722952,674.5097296554095,2025-11-17 14:30:00+00:00,669.78,-0.24172164647855568,stop_hit,ema21,holdout
2025-11-17 16:30:00+00:00,670.99,668.9991829850542,674.9716340298917,2025-11-17 18:00:00+00:00,668.4891829850542,-1.2561762312514027,stop_hit,ema21,holdout
2025-11-18 16:15:00+00:00,659.33,657.0110993631575,663.967801273685,2025-11-18 17:45:00+00:00,663.457801273685,2.0,target_hit_partial,ema50,holdout
2025-11-18 16:15:00+00:00,659.33,657.0110993631575,663.967801273685,2025-11-19 16:15:00+00:00,661.47,0.9228510984903125,trail_exit,ema50,holdout
2025-11-19 17:00:00+00:00,663.01,660.9940938995416,667.0418122009169,2025-11-19 17:15:00+00:00,660.4840938995416,-1.2529879739358951,stop_hit,ema50,holdout
2025-11-19 18:00:00+00:00,661.83,659.7892288594546,665.9115422810909,2025-11-19 19:15:00+00:00,659.2792288594546,-1.2499055331915798,stop_hit,ema50,holdout
2025-11-20 18:15:00+00:00,662.33,659.1635892747896,668.6628214504209,2025-11-20 18:30:00+00:00,658.6535892747896,-1.161065649487433,stop_hit,ema50,holdout
2025-11-21 15:00:00+00:00,655.13,652.1855498025749,661.0189003948502,2025-11-21 15:30:00+00:00,651.6755498025749,-1.1732072087502041,stop_hit,ema50,holdout
2025-11-21 16:15:00+00:00,653.76,650.8606623409283,659.5586753181433,2025-11-21 16:45:00+00:00,659.0486753181433,2.0,target_hit_partial,ema50,holdout
2025-11-21 16:15:00+00:00,653.76,650.8606623409283,659.5586753181433,2025-12-01 14:30:00+00:00,678.71,8.605413695757292,trail_exit,ema50,holdout
2025-12-01 17:30:00+00:00,682.5,681.255878477095,684.9882430458099,2025-12-01 19:15:00+00:00,680.7458784770951,-1.4099278009508043,stop_hit,h_ema21,holdout
2025-12-02 19:00:00+00:00,681.59,680.2475729121564,684.2748541756872,2025-12-03 14:30:00+00:00,679.7375729121565,-1.3799089012865724,stop_hit,h_ema21,holdout
2025-12-04 16:30:00+00:00,683.81,682.8155347974075,685.7989304051848,2025-12-04 19:15:00+00:00,682.3055347974075,-1.5128384569620832,stop_hit,h_ema21,holdout
2025-12-05 17:00:00+00:00,686.53,685.3900779264358,688.8098441471284,2025-12-05 17:15:00+00:00,684.8800779264358,-1.447399003692742,stop_hit,h_ema21,holdout
2025-12-05 18:00:00+00:00,686.74,685.6487347890705,688.9225304218589,2025-12-05 18:15:00+00:00,685.1387347890706,-1.4673474375359297,stop_hit,h_ema21,holdout
2025-12-08 16:30:00+00:00,684.59,683.6282854857324,686.5134290285354,2025-12-08 16:45:00+00:00,683.1182854857324,-1.530302904275442,stop_hit,h_ema21,holdout
2025-12-08 18:00:00+00:00,684.63,683.6756208386682,686.5387583226635,2025-12-08 18:15:00+00:00,683.1656208386682,-1.5343788094538104,stop_hit,h_ema21,holdout
2025-12-09 15:45:00+00:00,685.0,684.1211082218518,686.7577835562963,2025-12-09 17:30:00+00:00,683.6111082218519,-1.580276221350677,stop_hit,h_ema21,holdout
2025-12-10 15:00:00+00:00,683.61,682.8539549826621,685.1220900346758,2025-12-10 15:15:00+00:00,682.3439549826621,-1.6745630065730044,stop_hit,h_ema21,holdout
2025-12-10 16:15:00+00:00,683.64,682.7575479848009,685.4049040303981,2025-12-10 18:15:00+00:00,682.2475479848009,-1.5779351071966634,stop_hit,h_ema21,holdout
2025-12-10 19:00:00+00:00,683.38,682.5725911827102,684.9948176345796,2025-12-10 19:15:00+00:00,684.4848176345796,2.0,target_hit_partial,h_ema21,holdout
2025-12-10 19:00:00+00:00,683.38,682.5725911827102,684.9948176345796,2025-12-10 19:30:00+00:00,682.87,-0.631650273168791,stop_hit,h_ema21,holdout
2025-12-11 18:15:00+00:00,688.54,686.9404165996327,691.7391668007344,2025-12-29 15:00:00+00:00,686.4304165996327,-1.3188330160733748,stop_hit,h_ema21,holdout
2025-12-29 15:30:00+00:00,688.43,687.3061946689851,690.6776106620297,2025-12-29 15:45:00+00:00,686.7961946689851,-1.4538152524507335,stop_hit,h_ema21,holdout
2025-12-29 18:30:00+00:00,687.84,687.0063872384482,689.5072255231038,2025-12-29 19:00:00+00:00,686.4963872384482,-1.6117948567036822,stop_hit,h_ema21,holdout
2025-12-30 17:30:00+00:00,687.89,687.1859561416923,689.2980877166154,2025-12-30 20:00:00+00:00,686.6759561416923,-1.7243866898091413,stop_hit,h_ema21,holdout
2025-12-31 17:00:00+00:00,685.86,685.2076221922683,687.1647556154634,2025-12-31 17:15:00+00:00,684.6976221922683,-1.7817555930868667,stop_hit,h_ema200,holdout
2025-12-31 18:15:00+00:00,685.8199999999999,685.2050300965257,687.0499398069485,2025-12-31 19:15:00+00:00,684.6950300965257,-1.8293088769364867,stop_hit,h_ema200,holdout
2026-01-02 14:45:00+00:00,685.47,684.4231408312751,687.5637183374499,2026-01-02 15:00:00+00:00,683.9131408312751,-1.487171546313301,stop_hit,ema21,holdout
2026-01-02 15:45:00+00:00,684.66,683.2297596127146,687.5204807745707,2026-01-02 16:00:00+00:00,682.7197596127146,-1.356583413902875,stop_hit,ema21,holdout
2026-01-02 17:15:00+00:00,682.81,681.2941133844752,685.8417732310495,2026-01-02 17:45:00+00:00,680.7841133844752,-1.336436772234074,stop_hit,ema21,holdout
2026-01-02 18:45:00+00:00,681.65,680.3465874273269,684.2568251453462,2026-01-05 14:30:00+00:00,683.7468251453462,2.0,target_hit_partial,ema21,holdout
2026-01-02 18:45:00+00:00,681.65,680.3465874273269,684.2568251453462,2026-01-06 16:30:00+00:00,688.24,5.055958595278061,trail_exit,ema21,holdout
2026-01-06 17:00:00+00:00,689.92,689.09300290611,691.5739941877799,2026-01-06 18:45:00+00:00,691.0639941877799,2.0,target_hit_partial,h_ema21,holdout
2026-01-06 17:00:00+00:00,689.92,689.09300290611,691.5739941877799,2026-01-07 18:15:00+00:00,691.62,2.055629956332342,trail_exit,h_ema21,holdout
2026-01-08 15:15:00+00:00,690.1899999999999,689.2341753059543,692.1016493880912,2026-01-08 15:30:00+00:00,688.7241753059543,-1.5335706465600436,stop_hit,h_ema50,holdout
2026-01-08 16:45:00+00:00,690.14,689.1296361720507,692.1607276558985,2026-01-08 18:00:00+00:00,688.6196361720507,-1.5047686644078813,stop_hit,h_ema21,holdout
2026-01-09 15:30:00+00:00,693.64,692.4130613641246,696.0938772717508,2026-01-09 15:45:00+00:00,691.9030613641246,-1.41566870998085,stop_hit,h_ema21,holdout
2026-01-12 16:00:00+00:00,694.42,693.5188885548262,696.2222228903476,2026-01-13 14:45:00+00:00,693.74,-0.7546236413286249,trail_exit,h_ema21,holdout
2026-01-13 16:00:00+00:00,694.27,693.4803328602528,695.8493342794943,2026-01-13 16:15:00+00:00,692.9703328602528,-1.6458417405633485,stop_hit,h_ema21,holdout
2026-01-13 16:45:00+00:00,695.1,694.2030944948891,696.8938110102218,2026-01-13 17:15:00+00:00,693.6930944948891,-1.5686217746393765,stop_hit,h_ema21,holdout
2026-01-13 18:15:00+00:00,693.87,692.9203012902497,695.7693974195007,2026-01-13 18:30:00+00:00,692.4103012902497,-1.537012417479282,stop_hit,h_ema21,holdout
2026-01-14 15:15:00+00:00,691.11,689.7837980818384,693.7624038363232,2026-01-14 15:30:00+00:00,689.2737980818384,-1.3845568257863516,stop_hit,ema21,holdout
2026-01-14 16:30:00+00:00,689.67,688.2800211429762,692.4499577140474,2026-01-14 16:45:00+00:00,687.7700211429762,-1.3669120558366072,stop_hit,ema21,holdout
2026-01-14 18:15:00+00:00,687.84,686.526962040465,690.46607591907,2026-01-14 18:30:00+00:00,686.016962040465,-1.388412228524303,stop_hit,ema21,holdout
2026-01-14 19:00:00+00:00,688.61,687.3049546657804,691.2200906684392,2026-01-15 14:30:00+00:00,690.7100906684392,2.0,target_hit_partial,ema21,holdout
2026-01-14 19:00:00+00:00,688.61,687.3049546657804,691.2200906684392,2026-01-15 19:45:00+00:00,692.26,2.7968377069312087,trail_exit,ema21,holdout
2026-01-16 16:00:00+00:00,692.36,691.195828330075,694.6883433398501,2026-01-16 20:45:00+00:00,691.08,-1.0994942009560975,trail_exit,ema21,holdout
2026-01-20 15:30:00+00:00,684.36,682.7907456437207,687.4985087125586,2026-01-20 16:15:00+00:00,682.2807456437207,-1.3249951150106698,stop_hit,ema50,holdout
2026-01-21 14:45:00+00:00,680.52,679.1995222392671,683.1609555214657,2026-01-21 15:15:00+00:00,682.6509555214657,2.0,target_hit_partial,ema50,holdout
2026-01-21 14:45:00+00:00,680.52,679.1995222392671,683.1609555214657,2026-01-21 16:30:00+00:00,680.73,0.15903334856884677,trail_exit,ema50,holdout
2026-01-21 17:30:00+00:00,680.36,678.7800579103233,683.5198841793534,2026-01-21 18:00:00+00:00,678.2700579103233,-1.3227966413024348,stop_hit,ema21,holdout
2026-01-22 17:15:00+00:00,690.88,689.3427970649735,693.9544058700529,2026-01-22 19:45:00+00:00,688.8327970649735,-1.3317714196214494,stop_hit,ema21,holdout
2026-01-23 15:30:00+00:00,689.83,688.6865770954192,692.1168458091616,2026-01-23 17:45:00+00:00,688.1765770954192,-1.4460291970335903,stop_hit,ema21,holdout
2026-01-23 19:00:00+00:00,689.48,688.4418036854016,691.5563926291968,2026-01-26 14:30:00+00:00,691.0463926291968,2.0,target_hit_partial,ema21,holdout
2026-01-23 19:00:00+00:00,689.48,688.4418036854016,691.5563926291968,2026-01-28 15:00:00+00:00,695.6,5.894838879646191,trail_exit,ema21,holdout
2026-01-28 16:15:00+00:00,696.51,695.7885439635999,697.9529120728002,2026-01-28 16:30:00+00:00,695.2785439635999,-1.7069037810602494,stop_hit,h_ema21,holdout
2026-01-28 17:15:00+00:00,695.96,695.1999516905554,697.4800966188893,2026-01-28 17:30:00+00:00,694.6899516905554,-1.671009978790219,stop_hit,h_ema21,holdout
2026-01-29 17:15:00+00:00,691.1,689.5074902043754,694.2850195912494,2026-01-29 17:45:00+00:00,688.9974902043754,-1.320249207509548,stop_hit,ema21,holdout
2026-01-29 18:15:00+00:00,691.38,689.739424139087,694.6611517218261,2026-01-29 20:45:00+00:00,694.1511517218261,2.0,target_hit_partial,ema21,holdout
2026-01-29 18:15:00+00:00,691.38,689.739424139087,694.6611517218261,2026-01-30 14:30:00+00:00,690.87,-0.3108664537561585,stop_hit,ema21,holdout
2026-01-30 15:15:00+00:00,693.96,692.364932418882,697.1501351622362,2026-01-30 15:30:00+00:00,691.854932418882,-1.3197356689065791,stop_hit,ema21,holdout
2026-01-30 17:30:00+00:00,691.55,689.7786130377285,695.0927739245428,2026-01-30 17:45:00+00:00,689.2686130377285,-1.2879099885357754,stop_hit,ema21,holdout
2026-01-30 19:00:00+00:00,691.88,689.9555219137043,695.7289561725914,2026-01-30 20:15:00+00:00,689.4455219137043,-1.2650069146703824,stop_hit,ema21,holdout
2026-02-03 16:00:00+00:00,693.67,692.2636589908124,696.4826820183752,2026-02-03 16:15:00+00:00,691.7536589908124,-1.3626431972531345,stop_hit,ema21,holdout
2026-02-03 19:15:00+00:00,686.91,685.4577843253323,689.8144313493352,2026-02-03 19:45:00+00:00,684.9477843253323,-1.3511875053385,stop_hit,ema21,holdout
2026-02-04 17:00:00+00:00,687.09,685.0691687748969,691.1316624502064,2026-02-04 17:15:00+00:00,684.5591687748969,-1.252371397306549,stop_hit,ema21,holdout
2026-02-04 18:30:00+00:00,685.3199999999999,683.1734473924012,689.6131052151975,2026-02-04 18:45:00+00:00,682.6634473924012,-1.23759026366025,stop_hit,ema21,holdout
2026-02-05 15:45:00+00:00,678.33,675.7829727107268,683.4240545785466,2026-02-05 20:30:00+00:00,676.62,-0.671370898616457,trail_exit,ema21,holdout
2026-02-06 14:45:00+00:00,686.06,683.6081316910096,690.9637366179807,2026-02-06 15:00:00+00:00,683.0981316910096,-1.2080046461426803,stop_hit,ema21,holdout
2026-02-06 16:15:00+00:00,687.86,685.4912295882975,692.597540823405,2026-02-09 15:15:00+00:00,692.087540823405,2.0,target_hit_partial,ema21,holdout
2026-02-06 16:15:00+00:00,687.86,685.4912295882975,692.597540823405,2026-02-25 14:30:00+00:00,690.41,1.0765078740439078,trail_exit,ema21,holdout
2026-02-25 16:15:00+00:00,691.66,690.600016159442,693.7799676811159,2026-02-26 14:30:00+00:00,690.94,-0.6792556381056947,trail_exit,ema21,holdout
2026-02-26 18:30:00+00:00,686.17,685.0024405058606,688.5051189882787,2026-02-26 19:00:00+00:00,687.9951189882787,2.0,target_hit_partial,ema21,holdout
2026-02-26 18:30:00+00:00,686.17,685.0024405058606,688.5051189882787,2026-02-27 14:30:00+00:00,685.66,-0.4368085759740425,stop_hit,ema21,holdout
2026-02-27 15:45:00+00:00,686.1899999999999,684.5412454192222,689.4875091615555,2026-02-27 17:15:00+00:00,684.0312454192222,-1.3093243869923936,stop_hit,ema21,holdout
2026-03-02 15:00:00+00:00,683.46,681.6855008141662,687.0089983716678,2026-03-02 17:15:00+00:00,686.4989983716678,2.0,target_hit_partial,ema21,holdout
2026-03-02 15:00:00+00:00,683.46,681.6855008141662,687.0089983716678,2026-03-03 14:30:00+00:00,682.95,-0.2874050346550794,stop_hit,ema21,holdout
2026-03-03 16:45:00+00:00,677.1899999999999,674.7907109849523,681.9885780300953,2026-03-03 19:30:00+00:00,681.4785780300953,2.0,target_hit_partial,ema100,holdout
2026-03-03 16:45:00+00:00,677.1899999999999,674.7907109849523,681.9885780300953,2026-03-05 14:30:00+00:00,682.15,2.0672790851341083,trail_exit,ema100,holdout
2026-03-05 15:00:00+00:00,685.6,684.178380156464,688.4432396870722,2026-03-05 15:15:00+00:00,683.668380156464,-1.3587456958475221,stop_hit,ema21,holdout
2026-03-05 16:00:00+00:00,682.62,680.8988196493327,686.0623607013346,2026-03-05 16:15:00+00:00,680.3888196493327,-1.2963082862305915,stop_hit,ema21,holdout
2026-03-05 16:45:00+00:00,680.75,678.9758588810437,684.2982822379126,2026-03-05 17:15:00+00:00,678.4658588810437,-1.2874630403132812,stop_hit,ema21,holdout
2026-03-05 18:15:00+00:00,678.53,676.7583340314399,682.0733319371202,2026-03-05 18:30:00+00:00,676.2483340314399,-1.2878646477668039,stop_hit,ema50,holdout
2026-03-06 15:30:00+00:00,674.66,672.2530607615364,679.4738784769271,2026-03-06 17:30:00+00:00,671.7430607615364,-1.2118873596184099,stop_hit,ema50,holdout
2026-03-06 18:15:00+00:00,676.35,674.1330299748147,680.7839400503707,2026-03-06 18:30:00+00:00,673.6230299748147,-1.23004370569122,stop_hit,ema100,holdout
2026-03-06 19:15:00+00:00,675.64,673.6165506328269,679.6868987343461,2026-03-06 20:00:00+00:00,673.106550632827,-1.2520448538391207,stop_hit,ema100,holdout
2026-03-09 15:15:00+00:00,669.29,666.902294566573,674.0654108668539,2026-03-09 19:15:00+00:00,673.5554108668539,2.0,target_hit_partial,ema100,holdout
2026-03-09 15:15:00+00:00,669.29,666.902294566573,674.0654108668539,2026-03-10 18:45:00+00:00,678.01,3.6520417794939766,trail_exit,ema100,holdout
2026-03-10 19:15:00+00:00,679.4399999999999,677.5803827433471,683.1592345133057,2026-03-10 19:30:00+00:00,677.0703827433471,-1.274249982449581,stop_hit,ema21,holdout
2026-03-11 14:00:00+00:00,678.36,676.5306516070789,682.0186967858423,2026-03-11 14:15:00+00:00,676.0206516070789,-1.2787877924038376,stop_hit,ema50,holdout
2026-03-11 16:30:00+00:00,675.21,673.3859989250134,678.8580021499733,2026-03-11 17:30:00+00:00,672.8759989250134,-1.2796050983707465,stop_hit,ema50,holdout
2026-03-12 15:45:00+00:00,670.34,668.2548000137397,674.5103999725208,2026-03-12 16:00:00+00:00,667.7448000137397,-1.2445808571649928,stop_hit,ema100,holdout
2026-03-12 16:45:00+00:00,670.16,668.0429538003024,674.3940923993952,2026-03-12 17:15:00+00:00,667.5329538003024,-1.2409016865446016,stop_hit,ema100,holdout
2026-03-12 18:15:00+00:00,669.43,667.5678151787685,673.1543696424629,2026-03-12 18:30:00+00:00,667.0578151787685,-1.2738718489084877,stop_hit,ema100,holdout
2026-03-13 13:45:00+00:00,672.43,670.5086763534798,676.2726472930402,2026-03-13 14:00:00+00:00,669.9986763534798,-1.2654420044866947,stop_hit,ema100,holdout
2026-03-13 15:15:00+00:00,667.36,665.2843372859979,671.5113254280042,2026-03-13 15:30:00+00:00,664.774337285998,-1.2457046593165715,stop_hit,ema100,holdout
2026-03-13 16:15:00+00:00,664.51,662.4543460335638,668.6213079328725,2026-03-13 17:45:00+00:00,661.9443460335638,-1.2480962303612542,stop_hit,ema100,holdout
2026-03-13 18:45:00+00:00,664.93,663.211066269238,668.3678674615238,2026-03-13 19:15:00+00:00,662.701066269238,-1.2966955565959655,stop_hit,donchian_low,holdout
2026-03-16 13:45:00+00:00,670.11,668.1094629068717,674.1110741862566,2026-03-16 14:30:00+00:00,667.5994629068717,-1.2549315390111022,stop_hit,ema100,holdout
2026-03-16 15:30:00+00:00,670.55,668.7085403734677,674.2329192530644,2026-03-16 15:45:00+00:00,668.1985403734677,-1.2769542121107489,stop_hit,ema100,holdout
2026-03-17 17:15:00+00:00,672.09,670.7812317416821,674.707536516636,2026-03-17 18:30:00+00:00,670.2712317416821,-1.3896793773524458,stop_hit,ema100,holdout
2026-03-18 15:00:00+00:00,667.64,666.3579458464089,670.2041083071821,2026-03-18 16:30:00+00:00,665.847945846409,-1.397799109009144,stop_hit,ema100,holdout
2026-03-18 18:00:00+00:00,667.2,666.0636766411872,669.4726467176258,2026-03-18 18:15:00+00:00,665.5536766411872,-1.4488159079408398,stop_hit,ema100,holdout
2026-03-19 18:15:00+00:00,658.87,657.162900091654,662.284199816692,2026-03-19 18:30:00+00:00,656.652900091654,-1.2987522859714362,stop_hit,donchian_low,holdout
2026-03-19 19:00:00+00:00,658.95,657.2534662905846,662.343067418831,2026-03-20 13:30:00+00:00,656.7434662905846,-1.3006129481362976,stop_hit,donchian_low,holdout
2026-03-20 15:15:00+00:00,653.61,651.575756664636,657.6784866707281,2026-03-20 17:30:00+00:00,651.065756664636,-1.250707470013029,stop_hit,donchian_low,holdout
2026-03-23 13:45:00+00:00,658.4399999999999,656.0694962486755,663.1810075026489,2026-03-23 15:45:00+00:00,655.5594962486755,-1.2151441438196589,stop_hit,ema200,holdout
2026-03-23 17:45:00+00:00,657.31,655.1109890607327,661.7080218785345,2026-03-24 13:30:00+00:00,654.6009890607327,-1.2319224479028397,stop_hit,h_ema21,holdout
2026-03-24 14:15:00+00:00,653.11,650.9915170799363,657.3469658401274,2026-03-25 13:30:00+00:00,656.8369658401274,2.0,target_hit_partial,ema200,holdout
2026-03-24 14:15:00+00:00,653.11,650.9915170799363,657.3469658401274,2026-03-25 18:45:00+00:00,656.0,1.3641837621769024,trail_exit,ema200,holdout
2026-03-26 14:00:00+00:00,654.97,653.1750676396188,658.5598647207626,2026-03-26 14:30:00+00:00,652.6650676396188,-1.284133269451814,stop_hit,h_ema21,holdout
2026-03-26 18:45:00+00:00,647.65,646.3111839729961,650.3276320540077,2026-03-26 19:00:00+00:00,645.8011839729961,-1.38093359334913,stop_hit,ema200,holdout
2026-04-01 15:45:00+00:00,657.74,655.8843837107555,661.451232578489,2026-04-01 18:00:00+00:00,655.3743837107555,-1.2748413036445347,stop_hit,ema21,holdout
2026-04-01 19:15:00+00:00,655.7,654.3464642809495,658.4070714381012,2026-04-02 13:30:00+00:00,653.8364642809495,-1.376790943025669,stop_hit,ema21,holdout
2026-04-02 14:00:00+00:00,650.14,647.98423776601,654.45152446798,2026-04-02 14:30:00+00:00,653.94152446798,2.0,target_hit_partial,ema21,holdout
2026-04-02 14:00:00+00:00,650.14,647.98423776601,654.45152446798,2026-04-02 17:45:00+00:00,652.73,1.201431196429449,trail_exit,ema21,holdout
2026-04-02 18:45:00+00:00,654.84,653.0536387393297,658.4127225213407,2026-04-06 13:45:00+00:00,657.9027225213407,2.0,target_hit_partial,ema21,holdout
2026-04-02 18:45:00+00:00,654.84,653.0536387393297,658.4127225213407,2026-04-07 13:30:00+00:00,654.47,-0.2071249573902884,trail_exit,ema21,holdout
2026-04-07 14:30:00+00:00,654.96,653.4611144171214,657.9577711657573,2026-04-07 14:45:00+00:00,652.9511144171214,-1.3402527890224447,stop_hit,ema21,holdout
2026-04-07 15:30:00+00:00,653.77,652.1543111950074,657.0013776099852,2026-04-07 17:30:00+00:00,656.4913776099852,2.0,target_hit_partial,ema21,holdout
2026-04-07 15:30:00+00:00,653.77,652.1543111950074,657.0013776099852,2026-04-07 18:45:00+00:00,653.26,-0.31565484542818656,stop_hit,ema21,holdout
2026-04-08 15:45:00+00:00,674.75,672.519249585182,679.211500829636,2026-04-09 16:00:00+00:00,678.701500829636,2.0,target_hit_partial,ema50,holdout
2026-04-08 15:45:00+00:00,674.75,672.519249585182,679.211500829636,2026-04-10 16:30:00+00:00,678.15,1.5241507868451565,trail_exit,ema50,holdout
2026-04-10 17:45:00+00:00,679.68,678.6420227692746,681.7559544614506,2026-04-13 13:30:00+00:00,678.1320227692746,-1.4913402576698134,stop_hit,h_ema21,holdout
2026-04-13 14:00:00+00:00,680.25,679.123580778313,682.502838443374,2026-04-13 14:15:00+00:00,678.613580778313,-1.4527621601096086,stop_hit,h_ema21,holdout
2026-04-13 16:15:00+00:00,680.39,679.347593569602,682.4748128607959,2026-04-13 16:45:00+00:00,681.9648128607959,2.0,target_hit_partial,h_ema21,holdout
2026-04-13 16:15:00+00:00,680.39,679.347593569602,682.4748128607959,2026-04-16 17:00:00+00:00,699.57,18.39973300306505,trail_exit,h_ema21,holdout
2026-04-20 15:30:00+00:00,708.89,707.6259639578041,711.4180720843918,2026-04-20 15:45:00+00:00,707.1159639578041,-1.4034695079690938,stop_hit,h_ema21,holdout
2026-04-20 16:30:00+00:00,708.18,707.0223965691076,710.4952068617846,2026-04-21 13:45:00+00:00,709.9852068617846,2.0,target_hit_partial,h_ema21,holdout
2026-04-20 16:30:00+00:00,708.18,707.0223965691076,710.4952068617846,2026-04-21 14:45:00+00:00,707.67,-0.4405653839561139,stop_hit,h_ema21,holdout
2026-04-21 15:45:00+00:00,707.52,706.3456477009341,709.8687045981317,2026-04-21 16:15:00+00:00,705.8356477009341,-1.4342819445286372,stop_hit,h_ema21,holdout
2026-04-21 17:45:00+00:00,707.02,705.6870802193731,709.6858395612537,2026-04-21 18:00:00+00:00,705.1770802193731,-1.3826186747413562,stop_hit,h_ema21,holdout
2026-04-21 18:45:00+00:00,705.9399999999999,704.6679799600561,708.4840400798877,2026-04-21 19:30:00+00:00,704.1579799600561,-1.4009370795938845,stop_hit,h_ema21,holdout
2026-04-22 14:00:00+00:00,709.9,708.0747651028586,713.5504697942828,2026-04-23 17:00:00+00:00,707.5647651028586,-1.2794160909364214,stop_hit,h_ema21,holdout
2026-04-23 18:00:00+00:00,707.18,705.5614792342238,710.4170415315522,2026-04-24 13:30:00+00:00,709.9070415315522,2.0,target_hit_partial,h_ema21,holdout
2026-04-23 18:00:00+00:00,707.18,705.5614792342238,710.4170415315522,2026-04-28 13:30:00+00:00,711.88,2.903886128236549,trail_exit,h_ema21,holdout
2026-04-28 17:45:00+00:00,711.23,710.2970809525376,713.0958380949248,2026-04-29 13:30:00+00:00,709.7870809525376,-1.5466712266055889,stop_hit,h_ema21,holdout
2026-04-29 14:00:00+00:00,711.27,710.4093068467016,712.9913863065967,2026-04-29 15:00:00+00:00,709.8993068467016,-1.5925456686225,stop_hit,h_ema21,holdout
2026-04-29 17:30:00+00:00,710.43,709.5526541264637,712.1846917470724,2026-04-29 18:00:00+00:00,709.0426541264637,-1.5812986820629658,stop_hit,h_ema21,holdout
2026-04-29 19:00:00+00:00,711.0699999999999,709.991955102081,713.2260897958379,2026-04-30 13:30:00+00:00,712.7160897958379,2.0,target_hit_partial,h_ema21,holdout
2026-04-29 19:00:00+00:00,711.0699999999999,709.991955102081,713.2260897958379,2026-04-30 13:45:00+00:00,710.56,-0.47307862685912344,stop_hit,h_ema21,holdout
2026-04-30 16:00:00+00:00,715.11,713.7538125050017,717.8223749899965,2026-04-30 18:00:00+00:00,717.3123749899966,2.0,target_hit_partial,h_ema21,holdout
2026-04-30 16:00:00+00:00,715.11,713.7538125050017,717.8223749899965,2026-05-01 16:30:00+00:00,721.1800000000001,4.4757823106220345,trail_exit,h_ema21,holdout
2026-05-01 19:15:00+00:00,722.5699999999999,721.5977761185162,724.5144477629674,2026-05-01 19:45:00+00:00,721.0877761185162,-1.5245705333031634,stop_hit,h_ema21,holdout
2026-05-04 14:00:00+00:00,721.31,720.3200572089982,723.2898855820035,2026-05-04 15:00:00+00:00,719.8100572089982,-1.515181285863888,stop_hit,h_ema21,holdout
2026-05-04 17:30:00+00:00,719.0699999999999,717.7240947550656,721.7618104898686,2026-05-04 18:15:00+00:00,717.2140947550656,-1.3789271212958796,stop_hit,h_ema21,holdout
2026-05-04 19:00:00+00:00,717.99,716.8197750247298,720.3304499505405,2026-05-05 13:30:00+00:00,719.8204499505405,2.0,target_hit_partial,h_ema21,holdout
2026-05-04 19:00:00+00:00,717.99,716.8197750247298,720.3304499505405,2026-05-07 16:00:00+00:00,732.19,12.134418851145234,trail_exit,h_ema21,holdout
2026-05-07 18:00:00+00:00,732.29,731.0589253507756,734.7521492984488,2026-05-07 18:30:00+00:00,730.5489253507756,-1.4142721973206873,stop_hit,h_ema21,holdout
2026-05-07 19:00:00+00:00,731.67,730.3966789083585,734.2166421832829,2026-05-07 19:15:00+00:00,729.8866789083585,-1.4005274108375354,stop_hit,h_ema21,holdout
