entry_date,entry_price,stop,target,exit_date,exit_price,R_multiple,exit_reason,zone_triggered,period
2023-02-06 16:00:00+00:00,304.695,303.18559101021214,307.7138179795757,2023-02-06 16:15:00+00:00,305.475,0.516758549390683,trail_exit,ema200,train
2023-02-08 17:00:00+00:00,305.36499999999995,303.88112263526074,308.3327547294784,2023-02-08 17:15:00+00:00,305.51500000000004,0.10108652073579737,trail_exit,ema200,train
2023-02-15 15:30:00+00:00,305.585,304.31217110628216,308.1306577874356,2023-02-15 15:45:00+00:00,305.105,-0.3771127465514441,trail_exit,ema200,train
2023-02-15 16:15:00+00:00,306.075,304.83238153079515,308.5602369384097,2023-02-15 19:00:00+00:00,308.5352369384097,2.0,target_hit_partial,ema200,train
2023-02-15 16:15:00+00:00,306.075,304.83238153079515,308.5602369384097,2023-02-16 14:30:00+00:00,306.05,-0.02011880606923128,stop_hit,ema200,train
2023-02-16 17:15:00+00:00,307.41499999999996,306.31149486079704,309.6220102784058,2023-02-16 18:15:00+00:00,306.875,-0.4893497826299323,trail_exit,ema200,train
2023-02-16 18:45:00+00:00,307.73499999999996,306.67936051073383,309.8462789785322,2023-02-16 20:00:00+00:00,306.65436051073385,-1.0236823273988709,stop_hit,ema200,train
2023-03-17 13:45:00+00:00,307.10499999999996,305.98896812075725,309.3370637584854,2023-03-17 14:15:00+00:00,305.9639681207573,-1.0224007937989559,stop_hit,ema200,train
2023-03-17 17:15:00+00:00,306.04499999999996,304.7855176813436,308.56396463731267,2023-03-17 18:00:00+00:00,305.07500000000005,-0.7701576954527902,trail_exit,ema200,train
2023-03-20 15:00:00+00:00,304.79499999999996,303.52660031150435,307.33179937699117,2023-03-20 15:45:00+00:00,304.065,-0.5755283658779378,trail_exit,ema200,train
2023-03-20 17:45:00+00:00,305.455,304.4099539853503,307.5450920292994,2023-03-21 13:30:00+00:00,307.5200920292994,2.0,target_hit_partial,ema200,train
2023-03-20 17:45:00+00:00,305.455,304.4099539853503,307.5450920292994,2023-03-22 19:00:00+00:00,310.665,4.9854264089475855,trail_exit,ema200,train
2023-03-22 19:30:00+00:00,312.16499999999996,310.68855439788274,315.1178912042344,2023-03-22 19:45:00+00:00,310.66355439788276,-1.016932557463768,stop_hit,h_ema21,train
2023-03-23 13:45:00+00:00,310.455,308.51043331346517,314.3441333730696,2023-03-23 17:00:00+00:00,311.63500000000005,0.606818993748579,trail_exit,ema200,train
2023-03-23 19:00:00+00:00,308.745,307.3267752214411,311.5814495571178,2023-03-23 19:15:00+00:00,307.3017752214411,-1.0176276711406638,stop_hit,ema200,train
2023-03-23 19:45:00+00:00,309.375,307.8297577119191,312.46548457616177,2023-03-24 13:30:00+00:00,307.80475771191914,-1.016178692618506,stop_hit,ema200,train
2023-03-24 14:30:00+00:00,309.28499999999997,307.6056941399632,312.6436117200735,2023-03-24 14:45:00+00:00,308.71500000000003,-0.3394259578105999,trail_exit,ema200,train
2023-03-24 19:30:00+00:00,310.695,309.59072593467295,312.9035481306541,2023-03-27 14:45:00+00:00,310.14500000000004,-0.4980647624256791,trail_exit,h_ema21,train
2023-03-27 17:30:00+00:00,308.85499999999996,307.89306869759133,310.7788626048172,2023-03-27 17:45:00+00:00,308.875,0.02079150553678794,trail_exit,ema200,train
2023-03-28 14:15:00+00:00,306.815,305.7937802918372,308.8574394163256,2023-03-28 14:30:00+00:00,305.76878029183723,-1.024480530291521,stop_hit,ema21,train
2023-03-28 15:15:00+00:00,306.34499999999997,305.34001468958667,308.3549706208266,2023-03-28 15:30:00+00:00,306.435,0.08955354776580668,trail_exit,ema21,train
2023-03-28 17:30:00+00:00,306.015,305.23516933132504,307.5746613373499,2023-03-28 17:45:00+00:00,305.21016933132506,-1.0320582416211665,stop_hit,ema21,train
2023-03-28 18:15:00+00:00,305.36499999999995,304.59763484727443,306.899730305451,2023-03-28 18:30:00+00:00,305.68,0.41049557551739446,trail_exit,ema21,train
2023-03-28 19:45:00+00:00,306.41499999999996,305.7288438564259,307.7873122871481,2023-03-29 13:30:00+00:00,307.7623122871481,2.0,target_hit_partial,ema21,train
2023-03-28 19:45:00+00:00,306.41499999999996,305.7288438564259,307.7873122871481,2023-03-30 17:30:00+00:00,314.225,11.38224888480797,trail_exit,ema21,train
2023-03-30 19:00:00+00:00,315.265,314.42066627684596,316.95366744630803,2023-03-31 13:30:00+00:00,316.92866744630805,2.0,target_hit_partial,h_ema21,train
2023-03-30 19:00:00+00:00,315.265,314.42066627684596,316.95366744630803,2023-04-03 14:45:00+00:00,318.0,3.239240510000448,trail_exit,h_ema21,train
2023-04-03 15:30:00+00:00,318.195,317.18656333429016,320.21187333141967,2023-04-03 15:45:00+00:00,318.19500000000005,5.636786205189794e-14,trail_exit,h_ema21,train
2023-04-03 18:30:00+00:00,318.15999999999997,317.4340220630919,319.6119558738161,2023-04-03 19:15:00+00:00,319.5869558738161,2.0,target_hit_partial,h_ema21,train
2023-04-03 18:30:00+00:00,318.15999999999997,317.4340220630919,319.6119558738161,2023-04-04 15:15:00+00:00,319.45700000000005,1.7865556707191328,trail_exit,h_ema21,train
2023-04-04 17:30:00+00:00,319.48499999999996,318.6915071113457,321.0719857773085,2023-04-04 17:45:00+00:00,319.26500000000004,-0.27725516276903756,trail_exit,h_ema21,train
2023-04-04 18:15:00+00:00,319.375,318.65342395175895,320.8181520964821,2023-04-04 18:30:00+00:00,318.628423951759,-1.0346463828184411,stop_hit,h_ema21,train
2023-04-05 17:45:00+00:00,315.075,314.1923497584783,316.84030048304334,2023-04-05 18:00:00+00:00,315.39500000000004,0.36254451077742367,trail_exit,h_ema200,train
2023-04-05 18:45:00+00:00,315.67499999999995,314.86091020543256,317.30317958913474,2023-04-05 19:00:00+00:00,315.005,-0.8230050351583094,trail_exit,h_ema21,train
2023-04-06 14:15:00+00:00,315.11499999999995,314.1578994394499,317.0292011211,2023-04-06 14:30:00+00:00,314.365,-0.7836167179433361,trail_exit,h_ema21,train
2023-04-10 14:45:00+00:00,314.98499999999996,314.07977043145775,316.7954591370844,2023-04-10 15:00:00+00:00,315.60490000000004,0.6847986649379765,trail_exit,h_ema200,train
2023-04-10 19:00:00+00:00,317.775,317.0415392084491,319.24192158310177,2023-04-11 13:30:00+00:00,317.0165392084491,-1.034084984893487,stop_hit,h_ema50,train
2023-04-11 15:15:00+00:00,316.075,315.30819282918844,317.6086143416231,2023-04-11 15:30:00+00:00,315.475,-0.7824652961512594,trail_exit,h_ema21,train
2023-04-11 16:00:00+00:00,315.875,315.1421397761396,317.34072044772086,2023-04-11 16:15:00+00:00,316.095,0.30019366973029504,trail_exit,h_ema21,train
2023-04-11 17:30:00+00:00,316.47499999999997,315.7925383780791,317.8399232438417,2023-04-11 19:30:00+00:00,316.07000000000005,-0.5934399634956605,trail_exit,h_ema21,train
2023-04-12 14:15:00+00:00,316.62669999999997,315.77834346870384,318.32341306259224,2023-04-12 14:30:00+00:00,315.75334346870386,-1.0294687423008129,stop_hit,h_ema21,train
2023-04-12 15:30:00+00:00,314.72499999999997,313.7222811548489,316.73043769030215,2023-04-12 15:45:00+00:00,315.755,1.0272071827320897,trail_exit,ema21,train
2023-04-12 17:00:00+00:00,316.135,315.25381341633204,317.8973731673359,2023-04-12 17:30:00+00:00,315.665,-0.5333717157194874,trail_exit,h_ema21,train
2023-04-12 19:45:00+00:00,313.335,312.44449999654415,315.11600000691163,2023-04-13 13:30:00+00:00,315.09100000691166,2.0,target_hit_partial,ema21,train
2023-04-12 19:45:00+00:00,313.335,312.44449999654415,315.11600000691163,2023-04-14 14:15:00+00:00,317.58500000000004,4.772599644589307,trail_exit,ema21,train
2023-04-14 17:15:00+00:00,316.655,315.8427299333504,318.27954013329907,2023-04-14 17:30:00+00:00,315.81772993335045,-1.0307779407692534,stop_hit,h_ema50,train
2023-04-14 18:00:00+00:00,316.86499999999995,316.04618245756956,318.50263508486074,2023-04-14 19:30:00+00:00,318.47763508486076,2.0,target_hit_partial,h_ema21,train
2023-04-14 18:00:00+00:00,316.86499999999995,316.04618245756956,318.50263508486074,2023-04-17 14:30:00+00:00,317.17490000000004,0.3784725948594681,trail_exit,h_ema21,train
2023-04-18 17:45:00+00:00,318.905,318.21685071366693,320.28129857266606,2023-04-18 18:00:00+00:00,318.19185071366695,-1.0363293263489313,stop_hit,h_ema21,train
2023-04-18 19:45:00+00:00,318.755,318.1092692531804,320.0464614936392,2023-04-19 13:30:00+00:00,318.0842692531804,-1.0387158271820094,stop_hit,h_ema21,train
2023-04-19 14:15:00+00:00,317.125,316.29999724437954,318.7750055112409,2023-04-19 14:30:00+00:00,317.82500000000005,0.8484820144310867,trail_exit,ema21,train
2023-04-19 15:45:00+00:00,318.245,317.4787787747009,319.7774424505982,2023-04-19 18:00:00+00:00,319.7524424505982,2.0,target_hit_partial,h_ema21,train
2023-04-19 15:45:00+00:00,318.245,317.4787787747009,319.7774424505982,2023-04-19 19:45:00+00:00,318.71500000000003,0.613399870013474,trail_exit,h_ema21,train
2023-04-20 14:15:00+00:00,317.98499999999996,317.2292560247747,319.49648795045044,2023-04-20 14:30:00+00:00,317.63500000000005,-0.4631198017762488,trail_exit,ema21,train
2023-04-20 16:30:00+00:00,317.9949,317.28274478517585,319.4192104296482,2023-04-20 18:00:00+00:00,318.02500000000003,0.042266066966166874,trail_exit,ema21,train
2023-04-20 19:00:00+00:00,316.645,315.94664983542367,318.0417003291526,2023-04-20 19:15:00+00:00,315.9216498354237,-1.0357986598530333,stop_hit,ema21,train
2023-04-21 13:30:00+00:00,315.935,315.17045181563765,317.4640963687247,2023-04-21 13:45:00+00:00,315.14545181563767,-1.032699050905245,stop_hit,ema21,train
2023-04-21 14:15:00+00:00,315.22499999999997,314.3522367488906,316.97052650221866,2023-04-21 14:30:00+00:00,314.935,-0.33227796843113167,trail_exit,ema21,train
2023-04-21 17:00:00+00:00,316.275,315.4746211807536,317.8757576384927,2023-04-21 17:15:00+00:00,316.225,-0.062470418753752914,trail_exit,ema21,train
2023-04-24 13:30:00+00:00,316.405,315.7520876583193,317.71082468336135,2023-04-24 14:00:00+00:00,316.40500000000003,8.706133309486068e-14,trail_exit,ema21,train
2023-04-24 16:30:00+00:00,314.585,313.80094709424657,316.1531058115068,2023-04-24 16:45:00+00:00,314.815,0.2933475513096995,trail_exit,ema21,train
2023-04-25 15:00:00+00:00,313.445,312.72243468061754,314.8901306387649,2023-04-25 15:15:00+00:00,313.365,-0.11071663399006844,trail_exit,ema21,train
2023-04-26 13:45:00+00:00,312.525,311.6388092557247,314.2973814885505,2023-04-26 15:15:00+00:00,314.27238148855054,2.0,target_hit_partial,ema21,train
2023-04-26 13:45:00+00:00,312.525,311.6388092557247,314.2973814885505,2023-04-26 17:30:00+00:00,313.21500000000003,0.7786134130348433,trail_exit,ema21,train
2023-05-15 15:15:00+00:00,325.55499999999995,324.72982976595574,327.20534046808837,2023-05-16 13:30:00+00:00,327.1803404680884,2.0,target_hit_partial,h_ema21,train
2023-05-15 15:15:00+00:00,325.55499999999995,324.72982976595574,327.20534046808837,2023-05-16 19:45:00+00:00,327.115,1.8905189930984387,trail_exit,h_ema21,train
2023-05-19 16:00:00+00:00,336.60499999999996,335.83017406980383,338.1546518603922,2023-05-19 16:30:00+00:00,335.80517406980385,-1.0322653115050617,stop_hit,h_ema21,train
2023-05-22 13:45:00+00:00,337.815,337.09168089800045,339.2616382039991,2023-05-22 14:00:00+00:00,337.06668089800047,-1.0345628919945111,stop_hit,h_ema21,train
2023-05-22 15:00:00+00:00,337.79499999999996,336.9877363610796,339.40952727784065,2023-05-22 16:15:00+00:00,337.115,-0.8423518256184533,trail_exit,h_ema21,train
2023-05-22 17:30:00+00:00,337.67499999999995,336.9913284400584,339.04234311988307,2023-05-22 19:30:00+00:00,337.425,-0.36567266308593216,trail_exit,h_ema21,train
2023-05-23 14:45:00+00:00,336.655,335.9714965499458,338.0220069001083,2023-05-23 15:00:00+00:00,336.44390000000004,-0.3088499406743348,trail_exit,h_ema21,train
2023-05-23 17:15:00+00:00,335.47499999999997,334.79513441495357,336.83473117009277,2023-05-23 17:30:00+00:00,334.7701344149536,-1.0367719745635764,stop_hit,h_ema21,train
2023-05-24 17:45:00+00:00,331.10499999999996,330.30203747843785,332.7109250431242,2023-05-24 18:00:00+00:00,330.855,-0.31134703462072605,trail_exit,h_ema21,train
2023-05-24 18:45:00+00:00,330.80499999999995,330.0243200078525,332.36635998429483,2023-05-24 19:00:00+00:00,330.865,0.07685607496487165,trail_exit,h_ema21,train
2023-05-25 14:30:00+00:00,337.54499999999996,336.1586271139764,340.31774577204703,2023-05-25 16:15:00+00:00,340.29274577204706,2.0,target_hit_partial,h_ema21,train
2023-05-25 14:30:00+00:00,337.54499999999996,336.1586271139764,340.31774577204703,2023-05-30 17:15:00+00:00,349.71500000000003,8.778302087908447,trail_exit,h_ema21,train
2023-05-31 15:00:00+00:00,347.945,346.898235219042,350.03852956191594,2023-05-31 15:15:00+00:00,346.87323521904204,-1.0238831115210982,stop_hit,h_ema21,train
2023-05-31 16:00:00+00:00,347.48499999999996,346.5159510592216,349.42309788155666,2023-05-31 16:15:00+00:00,346.7846,-0.7227705129499202,trail_exit,h_ema50,train
2023-06-01 14:45:00+00:00,349.315,348.2641998260629,351.4166003478742,2023-06-01 16:15:00+00:00,351.3916003478742,2.0,target_hit_partial,h_ema21,train
2023-06-01 14:45:00+00:00,349.315,348.2641998260629,351.4166003478742,2023-06-05 17:30:00+00:00,356.00140000000005,6.363150830997434,trail_exit,h_ema21,train
2023-06-06 14:00:00+00:00,353.955,353.02607033321897,355.812859333562,2023-06-06 14:15:00+00:00,354.4739,0.558599879577702,trail_exit,h_ema21,train
2023-06-06 18:15:00+00:00,354.565,353.73139517572986,356.2322096485403,2023-06-06 18:30:00+00:00,354.475,-0.10796482623379039,trail_exit,h_ema21,train
2023-06-06 19:00:00+00:00,354.92499999999995,354.1589468662822,356.4571062674355,2023-06-07 13:30:00+00:00,356.43210626743553,2.0,target_hit_partial,h_ema21,train
2023-06-06 19:00:00+00:00,354.92499999999995,354.1589468662822,356.4571062674355,2023-06-07 14:15:00+00:00,354.9,-0.0326348119988079,stop_hit,h_ema21,train
2023-06-07 15:15:00+00:00,352.455,351.4463829658959,354.47223406820814,2023-06-07 15:30:00+00:00,351.77500000000003,-0.6741904776612986,trail_exit,h_ema21,train
2023-06-07 16:45:00+00:00,351.10499999999996,350.0417798994829,353.2314402010341,2023-06-07 17:00:00+00:00,350.0167798994829,-1.023513475702556,stop_hit,h_ema200,train
2023-06-07 18:15:00+00:00,350.28499999999997,349.3056745827954,352.2436508344091,2023-06-07 18:30:00+00:00,349.2806745827954,-1.0255277761209738,stop_hit,h_ema200,train
2023-06-07 19:00:00+00:00,349.85499999999996,348.8907405460647,351.7835189078705,2023-06-07 19:15:00+00:00,349.365,-0.5081619869011446,trail_exit,h_ema200,train
2023-06-08 13:45:00+00:00,350.22499999999997,349.18665528048206,352.3016894390358,2023-06-08 15:00:00+00:00,352.2766894390358,2.0,target_hit_partial,h_ema21,train
2023-06-08 13:45:00+00:00,350.22499999999997,349.18665528048206,352.3016894390358,2023-06-08 17:30:00+00:00,351.45000000000005,1.1797623438281968,trail_exit,h_ema21,train
2023-06-08 19:15:00+00:00,352.907,352.1861230133286,354.34875397334275,2023-06-09 13:30:00+00:00,354.3237539733428,2.0,target_hit_partial,h_ema21,train
2023-06-08 19:15:00+00:00,352.907,352.1861230133286,354.34875397334275,2023-06-09 15:45:00+00:00,353.875,1.3428088535184224,trail_exit,h_ema21,train
2023-06-12 14:30:00+00:00,356.275,355.3440292157337,358.1369415685325,2023-06-12 17:45:00+00:00,358.11194156853253,2.0,target_hit_partial,h_ema21,train
2023-06-12 14:30:00+00:00,356.275,355.3440292157337,358.1369415685325,2023-06-13 18:15:00+00:00,361.57500000000005,5.692982088774365,trail_exit,h_ema21,train
2023-06-14 18:45:00+00:00,364.42499999999995,363.29473463784166,366.68553072431655,2023-06-15 14:00:00+00:00,366.6605307243166,2.0,target_hit_partial,h_ema21,train
2023-06-14 18:45:00+00:00,364.42499999999995,363.29473463784166,366.68553072431655,2023-06-16 15:15:00+00:00,369.555,4.538757155402926,trail_exit,h_ema21,train
2023-06-20 19:30:00+00:00,366.92499999999995,366.12920474711945,368.516590505761,2023-06-21 13:30:00+00:00,366.10420474711947,-1.0314151157719096,stop_hit,h_ema21,train
2023-06-21 16:15:00+00:00,362.4751,361.45205491007954,364.5211901798409,2023-06-21 16:30:00+00:00,362.617,0.13870356389771024,trail_exit,h_ema200,train
2023-06-21 17:45:00+00:00,362.465,361.5638449327775,364.2673101344449,2023-06-21 18:30:00+00:00,364.24231013444495,2.0,target_hit_partial,h_ema200,train
2023-06-21 17:45:00+00:00,362.465,361.5638449327775,364.2673101344449,2023-06-21 19:15:00+00:00,363.21500000000003,0.8322651975000191,trail_exit,h_ema200,train
2023-06-23 15:45:00+00:00,362.51,361.3875420951078,364.7549158097844,2023-06-23 16:00:00+00:00,363.01000000000005,0.4454510033924845,trail_exit,h_ema21,train
2023-07-11 18:00:00+00:00,366.86499999999995,365.98326338261774,368.6284732347644,2023-07-11 18:15:00+00:00,365.95826338261776,-1.028353138008717,stop_hit,h_ema21,train
2023-07-11 19:30:00+00:00,367.215,366.436004308126,368.772991383748,2023-07-12 13:30:00+00:00,368.747991383748,2.0,target_hit_partial,h_ema21,train
2023-07-11 19:30:00+00:00,367.215,366.436004308126,368.772991383748,2023-07-14 17:00:00+00:00,380.2649,16.75221074535902,trail_exit,h_ema21,train
2023-07-17 15:00:00+00:00,380.495,379.68461538579277,382.1157692284145,2023-07-17 18:15:00+00:00,382.0907692284145,2.0,target_hit_partial,h_ema21,train
2023-07-17 15:00:00+00:00,380.495,379.68461538579277,382.1157692284145,2023-07-18 13:30:00+00:00,380.47,-0.0308495491667665,stop_hit,h_ema21,train
2023-07-18 14:45:00+00:00,381.215,380.35943905308716,382.9261218938256,2023-07-18 15:15:00+00:00,381.125,-0.10519414230479844,trail_exit,h_ema21,train
2023-07-19 16:15:00+00:00,387.387,386.49341300119977,389.17417399760046,2023-07-19 16:30:00+00:00,386.4684130011998,-1.0279771304120846,stop_hit,h_ema21,train
2023-07-19 18:45:00+00:00,385.255,384.4036825614005,386.957634877199,2023-07-19 19:45:00+00:00,385.365,0.129211496220464,trail_exit,h_ema21,train
2023-07-20 19:45:00+00:00,377.0,376.0865479764552,378.82690404708956,2023-07-21 13:30:00+00:00,378.8019040470896,2.0,target_hit_partial,h_ema200,train
2023-07-20 19:45:00+00:00,377.0,376.0865479764552,378.82690404708956,2023-07-21 13:45:00+00:00,377.52500000000003,0.5747428288162287,trail_exit,h_ema200,train
2023-07-21 14:45:00+00:00,376.375,375.1346666798706,378.85566664025885,2023-07-21 15:00:00+00:00,377.44500000000005,0.8626713340962254,trail_exit,h_ema21,train
2023-07-21 17:00:00+00:00,376.53499999999997,375.41478762880536,378.7754247423892,2023-07-21 18:00:00+00:00,376.70500000000004,0.1517569385694091,trail_exit,h_ema21,train
2023-07-25 15:15:00+00:00,378.255,377.4225556461175,379.91988870776504,2023-07-25 18:15:00+00:00,379.89488870776506,2.0,target_hit_partial,h_ema21,train
2023-07-25 15:15:00+00:00,378.255,377.4225556461175,379.91988870776504,2023-07-25 19:45:00+00:00,378.77500000000003,0.6246663786891672,trail_exit,h_ema21,train
2023-07-26 15:45:00+00:00,376.72499999999997,375.92363390552936,378.3277321889412,2023-07-26 16:00:00+00:00,376.96500000000003,0.2994885878702075,trail_exit,h_ema50,train
2023-07-27 19:15:00+00:00,377.495,376.09244586959016,380.3001082608197,2023-07-27 19:30:00+00:00,376.0674458695902,-1.0178246239898576,stop_hit,h_ema21,train
2023-07-28 13:30:00+00:00,380.765,379.34010618640286,383.61478762719423,2023-07-28 15:15:00+00:00,383.58978762719426,2.0,target_hit_partial,h_ema200,train
2023-07-28 13:30:00+00:00,380.765,379.34010618640286,383.61478762719423,2023-07-28 17:30:00+00:00,382.035,0.8912944865652429,trail_exit,h_ema200,train
2023-07-28 18:00:00+00:00,383.08,381.9271307197797,385.38573856044053,2023-07-31 13:45:00+00:00,383.005,-0.06505507717723104,trail_exit,h_ema21,train
2023-07-31 15:00:00+00:00,383.8273,382.78180668765833,385.9182866246833,2023-07-31 15:45:00+00:00,383.39500000000004,-0.4134890150867587,trail_exit,h_ema21,train
2023-07-31 16:30:00+00:00,383.765,382.8538918978473,385.5872162043054,2023-07-31 16:45:00+00:00,382.96000000000004,-0.8835395032685566,trail_exit,h_ema21,train
2023-07-31 17:45:00+00:00,383.585,382.74146900589676,385.2720619882064,2023-07-31 18:00:00+00:00,383.1845,-0.47478990434222057,trail_exit,h_ema21,train
2023-08-01 15:30:00+00:00,382.965,382.03635539585383,384.82228920829226,2023-08-01 16:15:00+00:00,382.2638,-0.7550789579450591,trail_exit,h_ema21,train
2023-08-01 18:00:00+00:00,383.10999999999996,382.3705321181782,384.5889357636435,2023-08-01 19:30:00+00:00,382.845,-0.35836580129358075,trail_exit,h_ema21,train
2023-08-02 16:45:00+00:00,374.625,373.59893730827116,376.6771253834577,2023-08-02 17:00:00+00:00,374.87530000000004,0.2439422093968757,trail_exit,ema21,train
2023-08-02 18:15:00+00:00,375.185,374.28369458038304,376.9876108392339,2023-08-02 18:30:00+00:00,374.665,-0.5769409444147945,trail_exit,ema21,train
2023-08-02 19:00:00+00:00,375.04999999999995,374.2071672715384,376.735665456923,2023-08-02 19:15:00+00:00,374.18216727153845,-1.0296618761419138,stop_hit,ema21,train
2023-08-02 19:45:00+00:00,374.4,373.52932816893946,376.141343662121,2023-08-03 13:30:00+00:00,373.5043281689395,-1.0287134590877094,stop_hit,ema21,train
2023-08-03 14:00:00+00:00,373.835,372.749797371414,376.00540525717196,2023-08-03 14:15:00+00:00,372.724797371414,-1.023037172359739,stop_hit,ema21,train
2023-08-03 14:45:00+00:00,373.42499999999995,372.20911801202493,375.85676397595,2023-08-03 15:00:00+00:00,374.10490000000004,0.5591825577845922,trail_exit,ema21,train
2023-08-03 18:30:00+00:00,374.635,373.76550876154994,376.3739824769001,2023-08-03 19:00:00+00:00,373.74050876154996,-1.028752446136826,stop_hit,ema21,train
2023-08-04 19:15:00+00:00,373.11499999999995,372.0244641589468,375.2960716821063,2023-08-04 19:30:00+00:00,371.9994641589468,-1.0229245101892606,stop_hit,ema21,train
2023-08-07 13:45:00+00:00,372.85499999999996,371.66389188472715,375.2372162305456,2023-08-07 14:00:00+00:00,373.14500000000004,0.24347076162238696,trail_exit,ema21,train
2023-08-07 17:00:00+00:00,373.695,372.6384945245267,375.80801095094654,2023-08-08 13:30:00+00:00,372.61349452452674,-1.023662915697411,stop_hit,ema21,train
2023-08-08 17:00:00+00:00,370.155,369.23217844001294,372.00064311997403,2023-08-08 17:15:00+00:00,370.39000000000004,0.25465378160797825,trail_exit,h_ema21,train
2023-08-08 19:00:00+00:00,371.61499999999995,370.7830415071958,373.2789169856083,2023-08-09 13:30:00+00:00,370.7580415071958,-1.0300495760500177,stop_hit,ema21,train
2023-08-09 16:15:00+00:00,368.265,367.32854752239524,370.1379049552095,2023-08-09 16:30:00+00:00,368.44750000000005,0.19488442218323676,trail_exit,donchian_low,train
2023-08-09 17:15:00+00:00,369.48499999999996,368.5421708607645,371.3706582784709,2023-08-09 19:00:00+00:00,369.425,-0.06363825374404394,trail_exit,donchian_low,train
2023-08-10 18:15:00+00:00,368.98499999999996,367.6887377703179,371.57752445936404,2023-08-10 18:30:00+00:00,368.625,-0.27772158422625676,trail_exit,donchian_low,train
2023-08-10 19:00:00+00:00,369.685,368.4431293299521,372.1687413400958,2023-08-10 19:15:00+00:00,368.665,-0.8213415652699564,trail_exit,donchian_low,train
2023-08-11 14:15:00+00:00,366.98499999999996,365.6728362349599,369.60932753008007,2023-08-11 14:30:00+00:00,367.07500000000005,0.06858899963400635,trail_exit,donchian_low,train
2023-08-14 19:45:00+00:00,369.95889999999997,369.22262720702366,371.4314455859526,2023-08-15 13:30:00+00:00,369.1976272070237,-1.0339548062056148,stop_hit,ema21,train
2023-08-15 15:15:00+00:00,368.23499999999996,367.33833455399326,370.02833089201334,2023-08-15 15:30:00+00:00,368.115,-0.1338291784682555,trail_exit,donchian_low,train
2023-08-15 17:15:00+00:00,368.145,367.3326793987048,369.7696412025904,2023-08-15 17:30:00+00:00,367.3076793987048,-1.0307760260666985,stop_hit,h_ema21,train
2023-08-16 13:30:00+00:00,365.895,365.1359341932413,367.4131316135173,2023-08-16 13:45:00+00:00,366.38500000000005,0.6455303290401814,trail_exit,donchian_low,train
2023-08-16 14:45:00+00:00,367.135,366.240229539424,368.924540921152,2023-08-16 15:00:00+00:00,366.562,-0.6403877030440945,trail_exit,donchian_low,train
2023-08-16 16:45:00+00:00,364.825,363.9653926724831,366.5442146550337,2023-08-16 17:00:00+00:00,363.94039267248314,-1.0290830466419991,stop_hit,ema50,train
2023-08-16 17:45:00+00:00,364.98999999999995,364.1507054253121,366.6685891493757,2023-08-16 18:00:00+00:00,364.1257054253121,-1.0297869195797849,stop_hit,ema50,train
2023-08-16 18:30:00+00:00,365.61499999999995,364.677069905033,367.4908601899338,2023-08-16 18:45:00+00:00,364.65206990503304,-1.0266544384641574,stop_hit,ema50,train
2023-08-16 19:45:00+00:00,363.28499999999997,362.3064262086657,365.2421475826685,2023-08-17 13:30:00+00:00,362.73,-0.5671519152819494,trail_exit,ema50,train
2023-08-17 16:00:00+00:00,361.84499999999997,360.83191434220976,363.8711713155804,2023-08-17 16:30:00+00:00,362.235,0.38496251230199835,trail_exit,ema50,train
2023-08-18 14:45:00+00:00,356.79499999999996,355.5866807135064,359.2116385729871,2023-08-18 15:00:00+00:00,356.82500000000005,0.024827874830288803,trail_exit,ema50,train
2023-08-18 16:00:00+00:00,357.825,356.64960650205256,360.17578699589484,2023-08-18 16:15:00+00:00,357.095,-0.621068604918056,trail_exit,donchian_low,train
2023-08-18 19:30:00+00:00,358.275,357.33604621361616,360.1529075727676,2023-08-21 13:30:00+00:00,360.12790757276764,2.0,target_hit_partial,donchian_low,train
2023-08-18 19:30:00+00:00,358.275,357.33604621361616,360.1529075727676,2023-08-21 15:30:00+00:00,359.27500000000003,1.0650151418541516,trail_exit,donchian_low,train
2023-08-21 17:30:00+00:00,362.635,361.6453959801507,364.6142080396986,2023-08-22 19:30:00+00:00,362.735,0.1010505191917572,trail_exit,ema50,train
2023-08-23 16:00:00+00:00,369.22499999999997,368.33725491493794,371.000490170124,2023-08-24 13:30:00+00:00,370.97549017012403,2.0,target_hit_partial,ema21,train
2023-08-23 16:00:00+00:00,369.22499999999997,368.33725491493794,371.000490170124,2023-08-24 13:45:00+00:00,369.2,-0.02816123729733817,stop_hit,ema21,train
2023-08-24 16:45:00+00:00,365.22499999999997,364.1764488184233,367.3221023631533,2023-08-24 17:00:00+00:00,364.1514488184233,-1.0238424222291045,stop_hit,ema21,train
2023-08-24 18:00:00+00:00,363.97499999999997,363.0150791629582,365.89484167408347,2023-08-24 18:15:00+00:00,363.7749,-0.2084546894685864,trail_exit,ema21,train
2023-08-24 19:00:00+00:00,363.6049,362.661389508883,365.4919209822339,2023-08-24 19:15:00+00:00,362.63638950888304,-1.0264967906932134,stop_hit,ema50,train
2023-09-11 13:45:00+00:00,374.645,372.66613569201394,378.60272861597207,2023-09-12 14:15:00+00:00,374.82500000000005,0.09096126463731902,trail_exit,ema50,train
2023-09-12 15:30:00+00:00,373.9858,373.0637249113768,375.8299501772463,2023-09-12 15:45:00+00:00,374.14300000000003,0.17048503092603487,trail_exit,h_ema21,train
2023-09-14 16:00:00+00:00,377.445,376.45025977410637,379.43448045178724,2023-09-15 13:30:00+00:00,376.4252597741064,-1.0251321896402839,stop_hit,h_ema21,train
2023-09-15 15:45:00+00:00,371.885,370.9381256304088,373.77874873918233,2023-09-15 16:00:00+00:00,371.785,-0.10561063136933631,trail_exit,ema21,train
2023-09-15 16:45:00+00:00,372.245,371.37180139343263,373.99139721313475,2023-09-15 17:00:00+00:00,371.34680139343266,-1.0286303709281612,stop_hit,ema21,train
2023-09-15 18:45:00+00:00,370.385,369.5914429760122,371.97211404797554,2023-09-15 19:00:00+00:00,370.46500000000003,0.10081191090468315,trail_exit,ema21,train
2023-09-15 19:30:00+00:00,370.895,370.1397009541905,372.4055980916189,2023-09-15 19:45:00+00:00,370.63500000000005,-0.34423451405434796,trail_exit,ema21,train
2023-09-18 14:00:00+00:00,370.55499999999995,369.6584894458724,372.348021108255,2023-09-18 14:15:00+00:00,370.44500000000005,-0.122697942030309,trail_exit,ema21,train
2023-09-18 15:00:00+00:00,370.34499999999997,369.4029480597554,372.22910388048916,2023-09-18 15:15:00+00:00,370.845,0.5307562976519489,trail_exit,ema21,train
2023-09-18 16:30:00+00:00,371.59,370.7652623537174,373.23947529256515,2023-09-18 18:15:00+00:00,371.0385,-0.6686974973020835,trail_exit,ema21,train
2023-09-19 13:30:00+00:00,369.34499999999997,368.694567846479,370.6458643070419,2023-09-19 13:45:00+00:00,368.669567846479,-1.0384359842370114,stop_hit,ema21,train
2023-09-19 15:15:00+00:00,367.465,366.6479855687431,369.09902886251376,2023-09-19 15:30:00+00:00,367.54,0.09179764411831208,trail_exit,ema21,train
2023-09-19 16:00:00+00:00,367.8717,367.1039435475687,369.40721290486255,2023-09-19 16:15:00+00:00,367.63500000000005,-0.3083008931417775,trail_exit,ema21,train
2023-09-19 17:00:00+00:00,368.145,367.4083998324164,369.6182003351671,2023-09-19 17:45:00+00:00,369.5932003351671,2.0,target_hit_partial,ema21,train
2023-09-19 17:00:00+00:00,368.145,367.4083998324164,369.6182003351671,2023-09-20 14:45:00+00:00,369.555,1.9141999446260967,trail_exit,ema21,train
2023-09-20 16:30:00+00:00,369.945,369.2470316750057,371.3409366499886,2023-09-20 17:30:00+00:00,369.2220316750057,-1.035818244331047,stop_hit,ema21,train
2023-09-20 18:00:00+00:00,369.755,369.1262264169801,371.0125471660398,2023-09-20 18:15:00+00:00,369.1012264169801,-1.039759940104205,stop_hit,ema21,train
2023-09-22 13:45:00+00:00,358.8289,357.86106955739996,360.7645608852,2023-09-22 14:00:00+00:00,359.305,0.4919250098405841,trail_exit,h_ema21,train
2023-09-22 14:30:00+00:00,360.03,359.03154705452175,362.0269058909564,2023-09-22 17:00:00+00:00,360.675,0.6459993962871314,trail_exit,h_ema21,train
2023-09-22 18:30:00+00:00,358.48499999999996,357.6424970783643,360.1700058432713,2023-09-22 18:45:00+00:00,358.475,-0.011869395040814188,trail_exit,h_ema21,train
2023-09-25 14:45:00+00:00,357.435,356.3544365486695,359.59612690266096,2023-09-25 15:00:00+00:00,358.267,0.7699686667872843,trail_exit,donchian_low,train
2023-09-25 19:30:00+00:00,358.55499999999995,357.6791526685944,360.3066946628111,2023-09-26 13:30:00+00:00,357.6541526685944,-1.028543787374287,stop_hit,donchian_low,train
2023-09-26 14:30:00+00:00,355.645,354.5478736310638,357.83925273787236,2023-09-26 14:45:00+00:00,355.665,0.018229440624448173,trail_exit,donchian_low,train
2023-09-26 15:45:00+00:00,355.4049,354.37427707223657,357.46614585552686,2023-09-26 16:00:00+00:00,355.345,-0.05812018963129446,trail_exit,donchian_low,train
2023-09-26 19:45:00+00:00,353.945,353.1377055834582,355.5595888330835,2023-09-27 13:30:00+00:00,355.53458883308355,2.0,target_hit_partial,ema100,train
2023-09-26 19:45:00+00:00,353.945,353.1377055834582,355.5595888330835,2023-09-27 14:00:00+00:00,354.26500000000004,0.3963857465667172,trail_exit,ema100,train
2023-09-27 18:00:00+00:00,352.17499999999995,351.2602034755802,354.0045930488394,2023-09-27 18:30:00+00:00,353.97959304883943,2.0,target_hit_partial,ema100,train
2023-09-27 18:00:00+00:00,352.17499999999995,351.2602034755802,354.0045930488394,2023-09-28 13:30:00+00:00,353.475,1.421081044032914,trail_exit,ema100,train
2023-09-28 14:00:00+00:00,355.335,354.120790555448,357.7634188891039,2023-09-28 14:30:00+00:00,354.09579055544805,-1.020589528529983,stop_hit,ema100,train
2023-09-28 15:30:00+00:00,357.34499999999997,356.1418445770565,359.75131084588696,2023-09-28 16:15:00+00:00,359.726310845887,2.0,target_hit_partial,ema100,train
2023-09-28 15:30:00+00:00,357.34499999999997,356.1418445770565,359.75131084588696,2023-09-28 18:30:00+00:00,357.32,-0.020778695356594292,stop_hit,ema100,train
2023-09-29 16:30:00+00:00,360.30499999999995,359.1537474891461,362.60750502170765,2023-09-29 16:45:00+00:00,359.1287474891461,-1.0217154792404626,stop_hit,ema21,train
2023-10-02 18:15:00+00:00,360.515,359.38764432317305,362.76971135365386,2023-10-02 18:30:00+00:00,359.3626443231731,-1.0221757875654136,stop_hit,ema50,train
2023-10-02 19:00:00+00:00,359.025,357.89878628936265,361.27742742127464,2023-10-02 19:45:00+00:00,361.25242742127466,2.0,target_hit_partial,ema50,train
2023-10-02 19:00:00+00:00,359.025,357.89878628936265,361.27742742127464,2023-10-03 13:30:00+00:00,359.0,-0.022198273528236157,stop_hit,ema50,train
2023-10-03 16:15:00+00:00,355.755,354.56653395332484,358.1319320933503,2023-10-03 16:30:00+00:00,355.71500000000003,-0.03365683025768149,trail_exit,ema100,train
2023-10-03 18:45:00+00:00,354.68399999999997,353.7515392353491,356.54892152930165,2023-10-03 19:00:00+00:00,353.72653923534915,-1.0268107795498918,stop_hit,ema100,train
2023-10-03 19:45:00+00:00,354.04999999999995,353.1432889447315,355.8634221105368,2023-10-04 13:30:00+00:00,355.83842211053684,2.0,target_hit_partial,ema100,train
2023-10-03 19:45:00+00:00,354.04999999999995,353.1432889447315,355.8634221105368,2023-10-04 14:15:00+00:00,355.39500000000004,1.4833832588507458,trail_exit,ema100,train
2023-10-04 14:45:00+00:00,357.635,356.38193849900324,360.1411230019935,2023-10-04 15:00:00+00:00,356.35693849900326,-1.0199511356626079,stop_hit,ema100,train
2023-10-05 15:15:00+00:00,355.775,354.67013455975865,357.98473088048263,2023-10-05 15:30:00+00:00,355.915,0.12671226277967768,trail_exit,h_ema21,train
2023-10-05 16:00:00+00:00,356.395,355.32155635123536,358.54188729752923,2023-10-05 16:30:00+00:00,357.165,0.7173175796290713,trail_exit,h_ema21,train
2023-10-05 17:30:00+00:00,357.54499999999996,356.5748210877735,359.4853578244529,2023-10-05 18:30:00+00:00,359.4603578244529,2.0,target_hit_partial,h_ema21,train
2023-10-05 17:30:00+00:00,357.54499999999996,356.5748210877735,359.4853578244529,2023-10-06 13:30:00+00:00,357.52,-0.02576844300048214,stop_hit,h_ema21,train
2023-10-06 14:00:00+00:00,356.325,355.2090659326253,358.5568681347493,2023-10-06 14:30:00+00:00,358.53186813474935,2.0,target_hit_partial,ema21,train
2023-10-06 14:00:00+00:00,356.325,355.2090659326253,358.5568681347493,2023-10-09 13:30:00+00:00,362.83500000000004,5.833677983606501,trail_exit,ema21,train
2023-10-09 15:30:00+00:00,362.78499999999997,361.6536505753026,365.0476988493947,2023-10-09 17:30:00+00:00,365.0226988493947,2.0,target_hit_partial,ema21,train
2023-10-09 15:30:00+00:00,362.78499999999997,361.6536505753026,365.0476988493947,2023-10-10 17:00:00+00:00,368.4839,5.037258936622966,trail_exit,ema21,train
2023-10-12 18:30:00+00:00,368.72499999999997,367.7098457698991,370.75530846020166,2023-10-12 18:45:00+00:00,368.995,0.2659694379377371,trail_exit,h_ema21,train
2023-10-12 19:15:00+00:00,369.55499999999995,368.60487104827564,371.45525790344857,2023-10-12 19:30:00+00:00,369.87280000000004,0.3344809137994817,trail_exit,h_ema50,train
2023-10-13 14:00:00+00:00,370.59499999999997,369.63413179985906,372.5167364002818,2023-10-13 14:15:00+00:00,369.6091317998591,-1.0260181365106174,stop_hit,h_ema21,train
2023-10-13 16:30:00+00:00,366.78499999999997,365.710781057491,368.93343788501795,2023-10-13 16:45:00+00:00,366.28880000000004,-0.461917008129632,trail_exit,ema21,train
2023-10-13 17:45:00+00:00,365.245,364.1310524803263,367.47289503934746,2023-10-13 18:00:00+00:00,365.045,-0.17954167181822694,trail_exit,ema21,train
2023-10-13 19:00:00+00:00,365.54499999999996,364.5333637293571,367.56827254128564,2023-10-13 19:15:00+00:00,364.95500000000004,-0.5832135690676706,trail_exit,ema21,train
2023-10-16 17:00:00+00:00,369.205,368.2620824177161,371.09083516456775,2023-10-16 17:15:00+00:00,368.2370824177161,-1.0265134519386345,stop_hit,h_ema21,train
2023-10-16 19:30:00+00:00,370.42499999999995,369.53667276296625,372.20165447406737,2023-10-16 19:45:00+00:00,369.51167276296627,-1.0281427822515687,stop_hit,h_ema21,train
2023-10-17 14:15:00+00:00,366.325,365.0919321874443,368.7911356251114,2023-10-17 14:30:00+00:00,367.45500000000004,0.916413508238425,trail_exit,ema21,train
2023-10-17 15:15:00+00:00,367.755,366.57452602055383,370.1159479588923,2023-10-17 17:30:00+00:00,368.355,0.5082704154830435,trail_exit,ema21,train
2023-10-18 15:15:00+00:00,365.29499999999996,364.17639305465707,367.53221389068574,2023-10-18 15:30:00+00:00,365.545,0.22349226512573064,trail_exit,ema21,train
2023-10-18 17:15:00+00:00,366.255,365.1131607737984,368.53867845240313,2023-10-18 17:30:00+00:00,365.08816077379845,-1.021894500929997,stop_hit,ema21,train
2023-10-19 13:45:00+00:00,363.54499999999996,362.39077100708687,365.85345798582614,2023-10-19 14:15:00+00:00,362.76500000000004,-0.6757757817461508,trail_exit,ema21,train
2023-10-19 19:15:00+00:00,360.28529999999995,358.79595968355824,363.2639806328834,2023-10-19 19:30:00+00:00,359.27500000000003,-0.6783540261729397,trail_exit,ema21,train
2023-10-20 13:30:00+00:00,359.48499999999996,358.0405773778343,362.3738452443312,2023-10-20 13:45:00+00:00,358.865,-0.4292372540319105,trail_exit,ema21,train
2023-10-20 16:45:00+00:00,356.09499999999997,354.80672412006817,358.6715517598636,2023-10-20 17:00:00+00:00,356.64500000000004,0.4269271889412255,trail_exit,ema100,train
2023-10-20 17:30:00+00:00,357.455,356.1520983570663,360.0608032858674,2023-10-20 17:45:00+00:00,357.415,-0.0307007057799826,trail_exit,ema100,train
2023-10-20 19:00:00+00:00,355.775,354.59240024189705,358.1401995162058,2023-10-20 19:15:00+00:00,355.44500000000005,-0.27904622653508665,trail_exit,ema100,train
2023-10-23 14:00:00+00:00,354.085,352.51359777667454,357.22780444665085,2023-10-23 14:15:00+00:00,354.76500000000004,0.43273452837621224,trail_exit,ema100,train
2023-10-23 17:00:00+00:00,359.245,358.0025671415884,361.72986571682327,2023-10-23 17:15:00+00:00,357.9775671415884,-1.0201218116783695,stop_hit,ema100,train
2023-11-09 18:00:00+00:00,373.935,373.1116378599972,375.58172428000563,2023-11-09 18:15:00+00:00,373.0866378599972,-1.030363310122435,stop_hit,h_ema21,train
2023-11-10 14:30:00+00:00,371.84499999999997,370.90573682294325,373.7235263541134,2023-11-10 16:00:00+00:00,373.6985263541134,2.0,target_hit_partial,h_ema50,train
2023-11-10 14:30:00+00:00,371.84499999999997,370.90573682294325,373.7235263541134,2023-11-13 14:30:00+00:00,375.70500000000004,4.1096043093010435,trail_exit,h_ema50,train
2023-11-13 19:15:00+00:00,377.875,377.1956293025112,379.23374139497764,2023-11-13 20:45:00+00:00,377.1706293025112,-1.0367987611069855,stop_hit,h_ema21,train
2023-11-14 19:30:00+00:00,384.755,384.0365652200846,386.1918695598308,2023-11-14 20:15:00+00:00,386.16686955983084,2.0,target_hit_partial,h_ema21,train
2023-11-14 19:30:00+00:00,384.755,384.0365652200846,386.1918695598308,2023-11-15 16:45:00+00:00,385.805,1.4615105356169378,trail_exit,h_ema21,train
2023-11-16 19:15:00+00:00,385.125,384.34993904695,386.6751219061,2023-11-17 14:30:00+00:00,384.63500000000005,-0.6322083419010026,trail_exit,h_ema21,train
2023-11-21 16:00:00+00:00,387.36499999999995,386.64177467641883,388.8114506471622,2023-11-21 16:15:00+00:00,387.435,0.09678864624573487,trail_exit,h_ema50,train
2023-11-21 17:00:00+00:00,387.80499999999995,387.13618151637854,389.14263696724277,2023-11-21 17:15:00+00:00,388.01500000000004,0.31398653766717083,trail_exit,h_ema50,train
2023-11-21 18:00:00+00:00,388.41499999999996,387.8207982999086,389.60340340018274,2023-11-21 18:15:00+00:00,387.7957982999086,-1.0420732555900332,stop_hit,h_ema21,train
2023-11-22 17:30:00+00:00,391.015,390.14454287543475,392.75591424913046,2023-11-22 19:30:00+00:00,390.1195428754348,-1.0287205415343852,stop_hit,h_ema21,train
2023-11-28 15:15:00+00:00,388.695,388.0749941282656,389.9350117434688,2023-11-28 15:30:00+00:00,389.91001174346883,2.0,target_hit_partial,h_ema21,train
2023-11-28 15:15:00+00:00,388.695,388.0749941282656,389.9350117434688,2023-11-28 15:45:00+00:00,389.3247,1.0156355426739576,trail_exit,h_ema21,train
2023-11-28 20:45:00+00:00,389.55499999999995,388.9636428705682,390.73771425886343,2023-11-29 14:30:00+00:00,390.71271425886346,2.0,target_hit_partial,h_ema21,train
2023-11-28 20:45:00+00:00,389.55499999999995,388.9636428705682,390.73771425886343,2023-11-29 16:15:00+00:00,390.19500000000005,1.0822563357189938,trail_exit,h_ema21,train
2023-11-30 19:45:00+00:00,387.245,386.531773782302,388.67145243539596,2023-11-30 20:00:00+00:00,386.69500000000005,-0.7711438339649705,trail_exit,h_ema21,train
2023-11-30 20:45:00+00:00,387.575,386.8433301488007,389.03833970239856,2023-12-01 14:30:00+00:00,386.8183301488007,-1.0341684162043845,stop_hit,h_ema21,train
2023-12-01 20:00:00+00:00,390.125,389.31702856028784,391.7409428794243,2023-12-04 14:30:00+00:00,389.29202856028786,-1.0309416877518387,stop_hit,h_ema21,train
2023-12-04 16:15:00+00:00,383.325,382.30815593548454,385.3586881290309,2023-12-04 16:30:00+00:00,384.02500000000003,0.6884044706831324,trail_exit,ema21,train
2023-12-04 17:00:00+00:00,385.22499999999997,384.2447097632141,387.18558047357175,2023-12-04 17:15:00+00:00,385.45500000000004,0.2346243911947787,trail_exit,ema21,train
2023-12-06 19:45:00+00:00,386.655,385.8424221577464,388.2801556845071,2023-12-06 20:00:00+00:00,385.8174221577464,-1.0307662831792743,stop_hit,h_ema21,train
2023-12-07 15:15:00+00:00,388.72499999999997,387.63572629043057,390.90354741913876,2023-12-07 17:15:00+00:00,390.8785474191388,2.0,target_hit_partial,ema21,train
2023-12-07 15:15:00+00:00,388.72499999999997,387.63572629043057,390.90354741913876,2023-12-08 14:30:00+00:00,388.7,-0.0229510726095281,stop_hit,ema21,train
2023-12-08 16:00:00+00:00,392.36499999999995,391.33682675504707,394.4213464899057,2023-12-08 16:15:00+00:00,391.3118267550471,-1.0243149684381478,stop_hit,h_ema21,train
2023-12-11 14:45:00+00:00,393.09499999999997,392.34485231775875,394.5952953644824,2023-12-11 15:45:00+00:00,394.57029536448243,2.0,target_hit_partial,h_ema21,train
2023-12-11 14:45:00+00:00,393.09499999999997,392.34485231775875,394.5952953644824,2023-12-11 16:15:00+00:00,393.07,-0.033326770970330315,stop_hit,h_ema21,train
2023-12-12 17:30:00+00:00,396.7328,396.12102080799025,397.9563583840195,2023-12-12 19:45:00+00:00,397.9313583840195,2.0,target_hit_partial,h_ema21,train
2023-12-12 17:30:00+00:00,396.7328,396.12102080799025,397.9563583840195,2023-12-13 18:00:00+00:00,399.01500000000004,3.730430896975781,trail_exit,h_ema21,train
2023-12-18 14:45:00+00:00,405.255,404.4407967530125,406.88340649397503,2023-12-18 17:15:00+00:00,406.85840649397505,2.0,target_hit_partial,h_ema21,train
2023-12-18 14:45:00+00:00,405.255,404.4407967530125,406.88340649397503,2023-12-20 19:00:00+00:00,409.535,5.2566727237156865,trail_exit,h_ema21,train
2023-12-21 14:45:00+00:00,407.275,406.031369632604,409.7622607347919,2023-12-21 15:00:00+00:00,406.00636963260405,-1.0201024361059348,stop_hit,h_ema21,train
2023-12-22 20:30:00+00:00,408.73999999999995,407.9811054331115,410.25778913377684,2023-12-22 20:45:00+00:00,408.415,-0.42825448248031317,trail_exit,h_ema21,train
2024-01-09 15:45:00+00:00,403.745,402.8542323051029,405.52653538979416,2024-01-09 16:45:00+00:00,405.5015353897942,2.0,target_hit_partial,h_ema21,train
2024-01-09 15:45:00+00:00,403.745,402.8542323051029,405.52653538979416,2024-01-09 20:30:00+00:00,405.13500000000005,1.560451740631037,trail_exit,h_ema21,train
2024-01-10 14:30:00+00:00,406.09499999999997,405.3077318921964,407.66953621560714,2024-01-10 15:00:00+00:00,405.2827318921964,-1.0317553826354344,stop_hit,h_ema21,train
2024-01-10 17:45:00+00:00,407.51,406.79003698751967,408.94992602496063,2024-01-10 18:30:00+00:00,406.7650369875197,-1.034724006048381,stop_hit,h_ema21,train
2024-01-11 14:30:00+00:00,409.815,408.93616833368463,411.5726633326307,2024-01-11 14:45:00+00:00,408.91116833368466,-1.028446858435124,stop_hit,h_ema21,train
2024-01-12 14:30:00+00:00,410.42499999999995,409.4331338346974,412.40873233060506,2024-01-12 15:00:00+00:00,409.4081338346974,-1.0252050134126225,stop_hit,h_ema21,train
2024-01-12 20:30:00+00:00,409.155,408.3977907537985,410.6694184924029,2024-01-16 14:30:00+00:00,408.37279075379854,-1.0330159729630746,stop_hit,h_ema21,train
2024-01-16 20:30:00+00:00,408.625,407.78414711677397,410.30670576645207,2024-01-17 14:30:00+00:00,407.759147116774,-1.02973171704432,stop_hit,h_ema21,train
2024-01-17 15:15:00+00:00,404.405,403.22914237822846,406.756715243543,2024-01-17 15:30:00+00:00,404.69500000000005,0.24662849874899964,trail_exit,ema21,train
2024-01-17 18:00:00+00:00,405.79499999999996,404.78125031210124,407.8224993757974,2024-01-17 18:15:00+00:00,404.75625031210126,-1.0246609200460488,stop_hit,h_ema21,train
2024-01-18 15:30:00+00:00,411.375,410.23508906993476,413.6548218601305,2024-01-18 18:00:00+00:00,410.2100890699348,-1.0219315381058294,stop_hit,h_ema21,train
2024-01-18 18:45:00+00:00,410.92019999999997,409.8483330957449,413.06393380851006,2024-01-18 19:30:00+00:00,413.0389338085101,2.0,target_hit_partial,h_ema21,train
2024-01-18 18:45:00+00:00,410.92019999999997,409.8483330957449,413.06393380851006,2024-01-22 18:15:00+00:00,421.20500000000004,9.595221159615964,trail_exit,h_ema21,train
2024-01-23 19:00:00+00:00,422.34,421.708019613517,423.6039607729659,2024-01-23 20:45:00+00:00,423.5789607729659,2.0,target_hit_partial,h_ema21,train
2024-01-23 19:00:00+00:00,422.34,421.708019613517,423.6039607729659,2024-01-24 19:00:00+00:00,427.08500000000004,7.508144400503587,trail_exit,h_ema21,train
2024-01-25 15:15:00+00:00,427.9865,426.85572045166845,430.24805909666304,2024-01-25 17:00:00+00:00,427.495,-0.43465589798222226,trail_exit,h_ema21,train
2024-01-25 19:45:00+00:00,424.815,423.8100749821108,426.8248500357784,2024-01-25 20:00:00+00:00,425.29,0.4726720815426964,trail_exit,h_ema21,train
2024-01-29 16:15:00+00:00,424.22499999999997,423.2454259695584,426.18414806088305,2024-01-29 16:30:00+00:00,424.685,0.46959186922574153,trail_exit,h_ema21,train
2024-01-29 18:00:00+00:00,425.495,424.70967728162117,427.0656454367577,2024-01-29 20:00:00+00:00,427.0406454367577,2.0,target_hit_partial,h_ema21,train
2024-01-29 18:00:00+00:00,425.495,424.70967728162117,427.0656454367577,2024-01-30 16:00:00+00:00,426.46500000000003,1.2351610074421704,trail_exit,h_ema21,train
2024-01-30 16:30:00+00:00,426.695,425.9778075724409,428.1293848551182,2024-01-30 17:00:00+00:00,426.35,-0.4810424465497326,trail_exit,h_ema21,train
2024-01-30 18:15:00+00:00,425.125,424.4561477464542,426.46270450709164,2024-01-30 18:30:00+00:00,425.185,0.08970590991047887,trail_exit,h_ema21,train
2024-01-30 20:30:00+00:00,425.645,425.04159242572445,426.85181514855105,2024-01-30 20:45:00+00:00,425.185,-0.7623371326623886,trail_exit,h_ema21,train
2024-01-31 19:45:00+00:00,422.28999999999996,421.2104695335638,424.44906093287227,2024-01-31 20:00:00+00:00,421.18546953356383,-1.0231582162590644,stop_hit,h_ema21,train
2024-02-01 14:45:00+00:00,419.375,417.93294428906796,422.2591114218641,2024-02-01 15:00:00+00:00,417.907944289068,-1.0173363621186446,stop_hit,ema21,train
2024-02-02 14:30:00+00:00,423.825,422.8548301709151,425.7653396581698,2024-02-02 14:45:00+00:00,425.74033965816983,2.0,target_hit_partial,h_ema21,train
2024-02-02 14:30:00+00:00,423.825,422.8548301709151,425.7653396581698,2024-02-05 15:00:00+00:00,427.50690000000003,3.795108742428024,trail_exit,h_ema21,train
2024-02-05 16:00:00+00:00,425.965,424.8408384264685,428.2133231470629,2024-02-05 16:15:00+00:00,426.37,0.3602684965718525,trail_exit,h_ema21,train
2024-02-05 16:45:00+00:00,426.80499999999995,425.75755019057993,428.89989961884,2024-02-05 17:30:00+00:00,428.87489961884,2.0,target_hit_partial,h_ema21,train
2024-02-05 16:45:00+00:00,426.80499999999995,425.75755019057993,428.89989961884,2024-02-05 20:00:00+00:00,428.115,1.2506565834647678,trail_exit,h_ema21,train
2024-02-06 15:45:00+00:00,426.995,425.97652815514016,429.0319436897197,2024-02-06 16:00:00+00:00,426.82500000000005,-0.16691673987645003,trail_exit,h_ema21,train
2024-02-06 16:30:00+00:00,427.53499999999997,426.5510161650302,429.5029676699395,2024-02-06 16:45:00+00:00,426.5260161650302,-1.0254069214467791,stop_hit,h_ema21,train
2024-02-06 17:30:00+00:00,426.275,425.2972113673841,428.2305772652318,2024-02-06 17:45:00+00:00,425.915,-0.3681777308423411,trail_exit,h_ema21,train
2024-02-07 18:00:00+00:00,431.515,430.542320309848,433.460359380304,2024-02-08 16:15:00+00:00,433.435359380304,2.0,target_hit_partial,h_ema21,train
2024-02-07 18:00:00+00:00,431.515,430.542320309848,433.460359380304,2024-02-08 19:00:00+00:00,432.415,0.9252789064192202,trail_exit,h_ema21,train
2024-02-09 15:30:00+00:00,435.455,434.76785462868094,436.8292907426381,2024-02-09 18:00:00+00:00,436.8042907426381,2.0,target_hit_partial,h_ema21,train
2024-02-09 15:30:00+00:00,435.455,434.76785462868094,436.8292907426381,2024-02-12 18:15:00+00:00,437.5251,3.012608519833657,trail_exit,h_ema21,train
2024-02-12 20:15:00+00:00,435.625,434.8507100166156,437.1735799667688,2024-02-12 20:30:00+00:00,435.41,-0.27767374577185944,trail_exit,h_ema50,train
2024-02-13 15:45:00+00:00,431.05499999999995,429.67071616902984,433.82356766194016,2024-02-13 16:00:00+00:00,430.40000000000003,-0.47316885839870887,trail_exit,ema21,train
2024-02-13 16:45:00+00:00,430.59,429.2885608263136,433.19287834737275,2024-02-13 17:00:00+00:00,429.2635608263136,-1.019209503221855,stop_hit,h_ema200,train
2024-02-13 17:45:00+00:00,429.56,428.3519464743946,431.9761070512108,2024-02-13 18:00:00+00:00,428.3269464743946,-1.0206944472824155,stop_hit,h_ema200,train
2024-02-13 20:45:00+00:00,427.205,426.13044237360464,429.3541152527907,2024-02-14 14:30:00+00:00,429.3291152527907,2.0,target_hit_partial,ema21,train
2024-02-13 20:45:00+00:00,427.205,426.13044237360464,429.3541152527907,2024-02-14 16:00:00+00:00,429.605,2.233477238490173,trail_exit,ema21,train
2024-02-15 15:15:00+00:00,433.195,432.12687705463424,435.3312458907315,2024-02-15 15:30:00+00:00,432.10187705463426,-1.0234055453152133,stop_hit,h_ema21,train
2024-02-15 18:15:00+00:00,433.945,432.99167265248326,435.85165469503346,2024-02-16 14:45:00+00:00,432.9666726524833,-1.0262239408793825,stop_hit,h_ema21,train
2024-02-16 15:30:00+00:00,431.09499999999997,430.0445262265285,433.19594754694293,2024-02-16 15:45:00+00:00,432.01500000000004,0.87579530611199,trail_exit,h_ema21,train
2024-02-16 17:30:00+00:00,433.80499999999995,432.8030505272754,435.8088989454491,2024-02-16 18:00:00+00:00,432.7780505272754,-1.0249513580080998,stop_hit,h_ema21,train
2024-02-20 15:45:00+00:00,425.28499999999997,424.063917474945,427.7271650501099,2024-02-20 16:00:00+00:00,426.19500000000005,0.7452403759190055,trail_exit,ema21,train
2024-02-20 18:45:00+00:00,424.98499999999996,423.91507659608465,427.1248468078306,2024-02-20 19:00:00+00:00,425.285,0.2803939038086641,trail_exit,ema21,train
2024-02-20 19:30:00+00:00,425.655,424.6466462396494,427.67170752070115,2024-03-07 14:30:00+00:00,427.64670752070117,2.0,target_hit_partial,ema21,train
2024-02-20 19:30:00+00:00,425.655,424.6466462396494,427.67170752070115,2024-03-08 16:00:00+00:00,445.045,19.229362513864647,trail_exit,ema21,train
2024-03-08 17:30:00+00:00,442.695,441.24294930548916,445.59910138902165,2024-03-08 17:45:00+00:00,441.2179493054892,-1.0172170297459204,stop_hit,h_ema21,train
2024-03-08 19:15:00+00:00,439.955,438.53439619254686,442.7962076149062,2024-03-08 19:45:00+00:00,441.505,1.0910853482639016,trail_exit,h_ema50,train
2024-03-11 14:45:00+00:00,437.22499999999997,435.71264020035585,440.2497195992882,2024-03-11 15:00:00+00:00,437.19500000000005,-0.019836549481793538,trail_exit,h_ema200,train
2024-03-11 17:30:00+00:00,437.905,436.60468270201795,440.505634595964,2024-03-11 17:45:00+00:00,437.435,-0.36145024043698415,trail_exit,h_ema21,train
2024-03-11 19:45:00+00:00,437.645,436.59140174277667,439.7521965144466,2024-03-12 13:30:00+00:00,439.72719651444663,2.0,target_hit_partial,h_ema21,train
2024-03-11 19:45:00+00:00,437.645,436.59140174277667,439.7521965144466,2024-03-12 13:30:00+00:00,437.105,-0.5125293215870503,trail_exit,h_ema21,train
2024-03-13 14:30:00+00:00,440.61499999999995,439.51173184074145,442.82153631851696,2024-03-13 14:45:00+00:00,440.345,-0.2447274470255619,trail_exit,h_ema21,train
2024-03-13 18:00:00+00:00,441.61499999999995,440.66738985908313,443.5102202818336,2024-03-13 19:00:00+00:00,441.125,-0.5170902872840432,trail_exit,h_ema21,train
2024-03-14 17:45:00+00:00,438.59499999999997,437.48268322160783,440.81963355678425,2024-03-14 18:45:00+00:00,438.52500000000003,-0.06293171276362622,trail_exit,h_ema21,train
2024-03-15 14:30:00+00:00,435.16499999999996,433.68952359555743,438.115952808885,2024-03-15 14:45:00+00:00,435.52500000000003,0.243988991566481,trail_exit,ema21,train
2024-03-15 17:15:00+00:00,433.565,432.3593076806288,435.97638463874245,2024-03-15 17:30:00+00:00,434.08500000000004,0.431287478277395,trail_exit,ema21,train
2024-03-15 18:45:00+00:00,434.835,433.4430448784132,437.6189102431735,2024-03-15 19:00:00+00:00,434.505,-0.23707660892385674,trail_exit,ema21,train
2024-03-19 14:45:00+00:00,435.215,434.00389299562323,437.63721400875346,2024-03-19 15:00:00+00:00,435.065,-0.12385363098215252,trail_exit,ema21,train
2024-03-19 17:30:00+00:00,438.11499999999995,437.0831518195351,440.1786963609297,2024-03-19 17:45:00+00:00,437.0581518195351,-1.02422837048442,stop_hit,ema21,train
2024-03-19 18:30:00+00:00,438.525,437.42283200014947,440.729335999701,2024-03-19 19:15:00+00:00,437.3978320001495,-1.0226825674519384,stop_hit,ema21,train
2024-03-19 19:45:00+00:00,438.085,437.0945497724748,440.0659004550503,2024-03-20 13:30:00+00:00,440.04090045505035,2.0,target_hit_partial,h_ema21,train
2024-03-19 19:45:00+00:00,438.085,437.0945497724748,440.0659004550503,2024-03-20 13:45:00+00:00,438.06,-0.02524104624867873,stop_hit,h_ema21,train
2024-03-20 18:00:00+00:00,438.765,438.0000867387775,440.29482652244496,2024-03-20 18:15:00+00:00,440.269826522445,2.0,target_hit_partial,h_ema21,train
2024-03-20 18:00:00+00:00,438.765,438.0000867387775,440.29482652244496,2024-03-21 18:00:00+00:00,446.71500000000003,10.393335300912822,trail_exit,h_ema21,train
2024-03-21 18:30:00+00:00,447.215,446.15007434546476,449.3448513090704,2024-03-21 18:45:00+00:00,446.1250743454648,-1.0234758172023646,stop_hit,h_ema21,train
2024-03-21 19:15:00+00:00,446.515,445.44496659511157,448.6550668097768,2024-03-21 19:30:00+00:00,446.535,0.018691005260835006,trail_exit,h_ema21,train
2024-03-22 14:30:00+00:00,445.315,444.3072109232114,447.33057815357716,2024-03-22 14:45:00+00:00,444.755,-0.5556718294511547,trail_exit,h_ema21,train
2024-03-22 17:45:00+00:00,446.965,446.20667567040084,448.48164865919824,2024-03-22 19:00:00+00:00,446.18167567040086,-1.0329674243910818,stop_hit,h_ema21,train
2024-03-25 14:00:00+00:00,444.075,443.0879684446213,446.04906311075734,2024-03-25 14:15:00+00:00,444.845,0.7801169028528429,trail_exit,h_ema21,train
2024-03-25 17:00:00+00:00,445.30499999999995,444.5556159127858,446.8037681744282,2024-03-25 19:00:00+00:00,445.44500000000005,0.18682008650671356,trail_exit,h_ema21,train
2024-03-25 19:45:00+00:00,445.695,445.0828086257503,446.91938274849934,2024-03-26 14:00:00+00:00,446.89438274849937,2.0,target_hit_partial,h_ema21,train
2024-03-25 19:45:00+00:00,445.695,445.0828086257503,446.91938274849934,2024-03-26 14:30:00+00:00,445.67,-0.04083690337946721,stop_hit,h_ema21,train
2024-03-26 15:00:00+00:00,446.17499999999995,445.3893379911329,447.7463240177341,2024-03-26 16:30:00+00:00,445.755,-0.5345810224495967,trail_exit,h_ema21,train
2024-03-26 17:15:00+00:00,445.885,445.22575953148225,447.20348093703547,2024-03-26 17:30:00+00:00,445.57500000000005,-0.47023812220897476,trail_exit,h_ema21,train
2024-03-26 18:15:00+00:00,445.78499999999997,445.19503730161034,446.9649253967792,2024-03-26 18:30:00+00:00,445.615,-0.28815381118839245,trail_exit,h_ema21,train
2024-03-27 13:45:00+00:00,444.66499999999996,443.8159633070348,446.3630733859303,2024-03-27 14:00:00+00:00,443.7909633070348,-1.0294451349477811,stop_hit,h_ema21,train
2024-03-27 15:15:00+00:00,442.945,442.0305952078674,444.77380958426517,2024-03-27 15:30:00+00:00,442.935,-0.010936075670238755,trail_exit,h_ema21,train
2024-03-27 16:15:00+00:00,442.715,441.843279746249,444.45844050750196,2024-03-27 16:30:00+00:00,443.20500000000004,0.5621069349847116,trail_exit,h_ema200,train
2024-03-27 19:30:00+00:00,443.23499999999996,442.488004758071,444.7289904838579,2024-03-27 19:45:00+00:00,444.7039904838579,2.0,target_hit_partial,h_ema21,train
2024-03-27 19:30:00+00:00,443.23499999999996,442.488004758071,444.7289904838579,2024-03-28 16:30:00+00:00,444.15500000000003,1.2316008835937833,trail_exit,h_ema21,train
2024-03-28 17:45:00+00:00,444.205,443.5580637787526,445.4988724424947,2024-03-28 18:30:00+00:00,443.795,-0.6337564454335959,trail_exit,h_ema21,train
2024-03-28 19:30:00+00:00,444.91499999999996,444.25086563760505,446.2432687247898,2024-03-28 19:45:00+00:00,444.22586563760507,-1.037642985238447,stop_hit,h_ema21,train
2024-04-01 17:45:00+00:00,444.215,443.340833020272,445.96333395945595,2024-04-01 18:00:00+00:00,443.94500000000005,-0.3088654756599706,trail_exit,h_ema21,train
2024-04-01 18:30:00+00:00,444.36499999999995,443.5587336536216,445.9775326927567,2024-04-01 18:45:00+00:00,444.285,-0.09922279450119005,trail_exit,h_ema21,train
2024-04-01 19:15:00+00:00,444.525,443.77032537791786,446.0343492441642,2024-04-02 13:30:00+00:00,443.7453253779179,-1.0331268592694998,stop_hit,h_ema21,train
2024-04-02 15:15:00+00:00,439.405,438.3052350005027,441.6045299989945,2024-04-02 15:30:00+00:00,439.285,-0.10911421990589168,trail_exit,ema21,train
2024-04-02 16:30:00+00:00,439.29499999999996,438.35603410045223,441.1729317990954,2024-04-02 16:45:00+00:00,440.105,0.8626511360957995,trail_exit,ema21,train
2024-04-03 16:30:00+00:00,443.435,442.63083152655537,445.04333694688927,2024-04-03 18:45:00+00:00,442.6058315265554,-1.0310880130538946,stop_hit,ema21,train
2024-04-05 14:00:00+00:00,438.495,437.17696788521073,441.13106422957856,2024-04-05 14:15:00+00:00,438.33500000000004,-0.1213930967270465,trail_exit,ema21,train
2024-04-09 15:00:00+00:00,438.80499999999995,437.6224493100193,441.17010137996124,2024-04-09 15:15:00+00:00,438.96500000000003,0.13530075400209754,trail_exit,ema21,train
2024-04-09 19:30:00+00:00,441.42499999999995,440.4400165439607,443.3949669120784,2024-04-10 13:30:00+00:00,440.41501654396075,-1.0253811369588948,stop_hit,ema21,train
2024-04-10 19:15:00+00:00,438.015,436.5997161819424,440.8455676361151,2024-04-11 15:45:00+00:00,440.82056763611513,2.0,target_hit_partial,ema21,train
2024-04-10 19:15:00+00:00,438.015,436.5997161819424,440.8455676361151,2024-04-12 13:30:00+00:00,441.57500000000005,2.5153965265327956,trail_exit,ema21,train
2024-04-12 15:15:00+00:00,439.315,438.0585283907937,441.8279432184126,2024-04-12 15:30:00+00:00,440.435,0.8913850434770239,trail_exit,ema21,train
2024-04-12 17:15:00+00:00,438.04499999999996,436.9294494568308,440.27610108633826,2024-04-12 17:30:00+00:00,437.76500000000004,-0.25099714371028714,trail_exit,ema21,train
2024-04-12 19:30:00+00:00,437.35499999999996,436.304670114366,439.4556597712679,2024-04-12 19:45:00+00:00,438.26500000000004,0.8663944656309697,trail_exit,ema21,train
2024-04-15 16:00:00+00:00,439.10499999999996,437.850092568692,441.6148148626159,2024-04-15 16:15:00+00:00,437.825092568692,-1.0199217881544618,stop_hit,ema21,train
2024-04-16 14:00:00+00:00,431.625,430.32074827007074,434.2335034598585,2024-04-16 14:15:00+00:00,430.615,-0.7743903855544583,trail_exit,ema50,train
2024-04-16 15:15:00+00:00,431.215,429.9594991343625,433.72600173127495,2024-04-16 15:30:00+00:00,431.69500000000005,0.382317538073821,trail_exit,ema50,train
2024-04-16 16:15:00+00:00,431.875,430.6778691112174,434.26926177756525,2024-04-16 16:30:00+00:00,431.545,-0.275659080466602,trail_exit,ema50,train
2024-04-17 17:30:00+00:00,427.28499999999997,425.97439062768194,429.906218744636,2024-04-17 17:45:00+00:00,427.88500000000005,0.45780231140792293,trail_exit,donchian_low,train
2024-04-17 19:45:00+00:00,426.635,425.27911967254784,429.3467606549043,2024-04-18 13:30:00+00:00,425.25411967254786,-1.0184382054181396,stop_hit,ema50,train
2024-04-18 14:00:00+00:00,424.98499999999996,423.50180062703623,427.9513987459274,2024-04-18 14:15:00+00:00,425.96500000000003,0.6607338284143431,trail_exit,donchian_low,train
2024-04-18 18:30:00+00:00,423.84499999999997,422.67281583005433,426.18936833989125,2024-04-18 18:45:00+00:00,423.07500000000005,-0.6568933617621157,trail_exit,donchian_low,train
2024-04-18 19:15:00+00:00,423.895,422.7452519601419,426.19449607971615,2024-04-18 19:30:00+00:00,424.125,0.2000438287578277,trail_exit,donchian_low,train
2024-04-19 18:00:00+00:00,417.29499999999996,416.02874218205903,419.8275156358818,2024-04-19 18:15:00+00:00,416.00374218205906,-1.0197432147274952,stop_hit,ema100,train
2024-05-06 13:45:00+00:00,437.60499999999996,434.6328748944252,443.5492502111495,2024-05-07 17:45:00+00:00,440.20500000000004,0.8747949388547925,trail_exit,ema21,train
2024-05-08 17:45:00+00:00,439.66499999999996,438.9518583510729,441.09128329785415,2024-05-08 18:45:00+00:00,439.77500000000003,0.1542470561992325,trail_exit,ema21,train
2024-05-08 19:30:00+00:00,440.09499999999997,439.4854734373396,441.31405312532075,2024-05-09 13:30:00+00:00,439.4604734373396,-1.0410154397387705,stop_hit,h_ema21,train
2024-05-09 18:30:00+00:00,441.09499999999997,440.42522068679943,442.43455862640104,2024-05-09 19:30:00+00:00,440.64500000000004,-0.6718630915153379,trail_exit,h_ema21,train
2024-05-10 13:30:00+00:00,442.565,441.9668814616239,443.76123707675214,2024-05-10 13:45:00+00:00,443.73623707675216,2.0,target_hit_partial,h_ema21,train
2024-05-10 13:30:00+00:00,442.565,441.9668814616239,443.76123707675214,2024-05-10 14:00:00+00:00,442.54,-0.0417977347230431,stop_hit,h_ema21,train
2024-05-10 19:30:00+00:00,442.245,441.5965877177026,443.5418245645948,2024-05-13 13:30:00+00:00,443.5168245645948,2.0,target_hit_partial,h_ema21,train
2024-05-10 19:30:00+00:00,442.245,441.5965877177026,443.5418245645948,2024-05-13 13:45:00+00:00,442.22,-0.03855571629735313,stop_hit,h_ema21,train
2024-05-14 13:45:00+00:00,443.585,443.0185744668365,444.7178510663269,2024-05-14 14:00:00+00:00,442.99357446683655,-1.0441364284204382,stop_hit,h_ema21,train
2024-05-14 17:00:00+00:00,443.715,443.001398319443,445.1422033611139,2024-05-14 18:00:00+00:00,445.1172033611139,2.0,target_hit_partial,h_ema21,train
2024-05-14 17:00:00+00:00,443.715,443.001398319443,445.1422033611139,2024-05-16 17:15:00+00:00,452.95500000000004,12.948399999266107,trail_exit,h_ema21,train
2024-05-17 17:00:00+00:00,451.85499999999996,451.20383610104153,453.1573277979168,2024-05-17 17:15:00+00:00,451.17883610104155,-1.0383927917993705,stop_hit,h_ema21,train
2024-05-17 19:00:00+00:00,451.325,450.6514136253179,452.67217274936417,2024-05-20 13:30:00+00:00,452.6471727493642,2.0,target_hit_partial,h_ema21,train
2024-05-17 19:00:00+00:00,451.325,450.6514136253179,452.67217274936417,2024-05-21 13:30:00+00:00,453.475,3.191869789549658,trail_exit,h_ema21,train
2024-05-21 16:15:00+00:00,454.92499999999995,454.29392760869666,456.18714478260654,2024-05-21 17:00:00+00:00,454.2689276086967,-1.0396151065147172,stop_hit,h_ema21,train
2024-05-21 17:30:00+00:00,454.79499999999996,454.21803229051847,455.94893541896295,2024-05-21 19:45:00+00:00,455.92393541896297,2.0,target_hit_partial,h_ema21,train
2024-05-21 17:30:00+00:00,454.79499999999996,454.21803229051847,455.94893541896295,2024-05-22 16:45:00+00:00,455.95500000000004,2.0105111272908918,trail_exit,h_ema21,train
2024-05-22 19:00:00+00:00,454.185,453.4607088922694,455.6335822154612,2024-05-22 19:15:00+00:00,453.4357088922694,-1.0345165082563401,stop_hit,h_ema21,train
2024-05-23 13:30:00+00:00,460.575,459.7358366740969,462.25332665180616,2024-05-23 13:45:00+00:00,459.7108366740969,-1.029791578383234,stop_hit,h_ema21,train
2024-05-23 16:30:00+00:00,459.17499999999995,458.01430276641565,461.49639446716856,2024-05-23 16:45:00+00:00,457.9893027664157,-1.021538777966047,stop_hit,h_ema21,train
2024-05-23 19:45:00+00:00,453.565,452.41524270228194,455.8645145954361,2024-05-24 13:45:00+00:00,455.8395145954361,2.0,target_hit_partial,h_ema200,train
2024-05-23 19:45:00+00:00,453.565,452.41524270228194,455.8645145954361,2024-05-24 19:00:00+00:00,457.615,3.5224825343906288,trail_exit,h_ema200,train
2024-05-28 14:15:00+00:00,458.205,457.2307589136106,460.15348217277875,2024-05-28 17:45:00+00:00,458.675,0.48242679000727146,trail_exit,h_ema21,train
2024-05-29 16:00:00+00:00,457.53499999999997,456.50728073582627,459.59043852834736,2024-05-29 16:15:00+00:00,457.565,0.029190851087286016,trail_exit,h_ema21,train
2024-05-30 17:45:00+00:00,454.435,453.63024827916996,456.0445034416601,2024-05-30 18:00:00+00:00,453.60524827917,-1.0310654818783012,stop_hit,h_ema21,train
2024-05-31 16:45:00+00:00,444.275,443.1459078275426,446.53318434491473,2024-05-31 17:00:00+00:00,445.035,0.6731071373437744,trail_exit,ema50,train
2024-05-31 17:30:00+00:00,445.905,444.83476840273727,448.0454631945254,2024-05-31 17:45:00+00:00,445.44500000000005,-0.42981351062372775,trail_exit,ema50,train
2024-05-31 19:15:00+00:00,446.745,445.73018143202245,448.7746371359551,2024-05-31 19:30:00+00:00,448.74963713595514,2.0,target_hit_partial,ema21,train
2024-05-31 19:15:00+00:00,446.745,445.73018143202245,448.7746371359551,2024-06-03 16:00:00+00:00,449.925,3.1335650532463797,trail_exit,ema21,train
2024-06-03 19:15:00+00:00,451.195,449.91671455846955,453.7515708830609,2024-06-04 16:00:00+00:00,451.44500000000005,0.1955744717711416,trail_exit,ema21,train
2024-06-04 16:30:00+00:00,452.10499999999996,450.9536572056693,454.4076855886613,2024-06-04 18:15:00+00:00,454.38268558866133,2.0,target_hit_partial,ema21,train
2024-06-04 16:30:00+00:00,452.10499999999996,450.9536572056693,454.4076855886613,2024-06-06 16:30:00+00:00,462.665,9.171899152883526,trail_exit,ema21,train
2024-06-07 13:30:00+00:00,463.025,462.3162051394376,464.4425897211247,2024-06-07 13:45:00+00:00,462.785,-0.3386029066428815,trail_exit,h_ema21,train
2024-06-07 16:00:00+00:00,464.065,463.0737640415588,466.04747191688244,2024-06-07 18:00:00+00:00,463.0487640415588,-1.0252210382271556,stop_hit,h_ema21,train
2024-06-10 15:00:00+00:00,463.715,462.73932917302193,465.66634165395607,2024-06-10 17:15:00+00:00,463.565,-0.1537403762133317,trail_exit,h_ema21,train
2024-06-10 18:45:00+00:00,463.995,463.1526556667375,465.67968866652507,2024-06-11 13:30:00+00:00,463.485,-0.6054531144344276,trail_exit,h_ema21,train
2024-06-11 14:15:00+00:00,463.575,462.65299973428415,465.41900053143166,2024-06-11 14:45:00+00:00,465.3940005314317,2.0,target_hit_partial,h_ema21,train
2024-06-11 14:15:00+00:00,463.575,462.65299973428415,465.41900053143166,2024-06-11 15:30:00+00:00,464.20500000000004,0.6832969831206315,trail_exit,h_ema21,train
2024-06-11 16:45:00+00:00,464.815,463.9818993009188,466.48120139816234,2024-06-11 18:00:00+00:00,466.45620139816236,2.0,target_hit_partial,h_ema21,train
2024-06-11 16:45:00+00:00,464.815,463.9818993009188,466.48120139816234,2024-06-12 19:15:00+00:00,473.485,10.406905203131117,trail_exit,h_ema21,train
2024-06-13 13:30:00+00:00,477.745,476.5128659977665,480.20926800446705,2024-06-13 14:00:00+00:00,476.4878659977665,-1.0202900008884255,stop_hit,h_ema21,train
2024-06-13 17:15:00+00:00,476.185,475.0169916387436,478.5210167225128,2024-06-14 15:30:00+00:00,476.82500000000005,0.54794128298158,trail_exit,h_ema21,train
2024-06-14 18:30:00+00:00,478.48499999999996,477.6489033397414,480.157193320517,2024-06-17 15:00:00+00:00,480.13219332051705,2.0,target_hit_partial,h_ema21,train
2024-06-14 18:30:00+00:00,478.48499999999996,477.6489033397414,480.157193320517,2024-06-18 14:45:00+00:00,484.235,6.877195273357594,trail_exit,h_ema21,train
2024-06-18 17:30:00+00:00,485.59499999999997,484.86592356513535,487.0531528697292,2024-06-18 18:00:00+00:00,484.84092356513537,-1.034289957546933,stop_hit,h_ema21,train
2024-07-05 14:30:00+00:00,493.72499999999997,492.4723327951689,496.23033440966213,2024-07-05 17:30:00+00:00,496.20533440966216,2.0,target_hit_partial,h_ema21,train
2024-07-05 14:30:00+00:00,493.72499999999997,492.4723327951689,496.23033440966213,2024-07-08 18:30:00+00:00,496.19500000000005,1.9717926600729927,trail_exit,h_ema21,train
2024-07-08 19:45:00+00:00,496.755,496.1103103642356,498.0443792715288,2024-07-09 13:30:00+00:00,498.0193792715288,2.0,target_hit_partial,h_ema21,train
2024-07-08 19:45:00+00:00,496.755,496.1103103642356,498.0443792715288,2024-07-09 16:30:00+00:00,497.64500000000004,1.380509241388363,trail_exit,h_ema21,train
2024-07-10 14:00:00+00:00,499.905,499.0936970096784,501.5276059806431,2024-07-10 14:45:00+00:00,499.06869700967843,-1.030814628194663,stop_hit,h_ema21,train
2024-07-10 15:30:00+00:00,499.635,498.79138692538146,501.32222614923705,2024-07-10 16:30:00+00:00,501.2972261492371,2.0,target_hit_partial,h_ema21,train
2024-07-10 15:30:00+00:00,499.635,498.79138692538146,501.32222614923705,2024-07-11 14:00:00+00:00,499.745,0.13039153056008992,trail_exit,h_ema21,train
2024-07-11 18:45:00+00:00,492.85499999999996,491.616990429859,495.33101914028185,2024-07-11 19:00:00+00:00,492.915,0.04846489190970324,trail_exit,h_ema200,train
2024-07-11 19:45:00+00:00,492.41499999999996,491.2245545779676,494.79589084406473,2024-07-12 13:30:00+00:00,492.435,0.016800434215533996,trail_exit,h_ema21,train
2024-07-12 15:15:00+00:00,497.60499999999996,496.2976694243248,500.2196611513503,2024-07-12 15:45:00+00:00,496.2726694243248,-1.0191229368188426,stop_hit,h_ema21,train
2024-07-15 18:30:00+00:00,496.395,495.18537377394324,498.81425245211346,2024-07-15 18:45:00+00:00,496.685,0.23974347922778674,trail_exit,h_ema21,train
2024-07-16 15:15:00+00:00,495.775,494.30345817205824,498.71808365588345,2024-07-16 15:30:00+00:00,495.045,-0.49607832148476677,trail_exit,h_ema21,train
2024-07-16 18:00:00+00:00,494.60499999999996,493.38786720424315,497.0392655915136,2024-07-16 18:15:00+00:00,494.77500000000003,0.13967251609087328,trail_exit,h_ema21,train
2024-07-16 19:45:00+00:00,495.91499999999996,494.8402467691824,498.0645064616351,2024-07-17 13:30:00+00:00,494.8152467691824,-1.023261153614732,stop_hit,h_ema21,train
2024-07-17 17:00:00+00:00,483.515,482.0903557495589,486.36428850088214,2024-07-17 17:15:00+00:00,483.105,-0.2877911449634042,trail_exit,ema21,train
2024-07-17 19:30:00+00:00,483.35499999999996,482.1171980473929,485.8306039052141,2024-07-17 19:45:00+00:00,482.0921980473929,-1.0201970920689873,stop_hit,ema21,train
2024-07-18 13:45:00+00:00,483.065,481.5813262063128,486.03234758737443,2024-07-18 14:15:00+00:00,483.21500000000003,0.10110039055637361,trail_exit,ema21,train
2024-07-18 15:00:00+00:00,481.825,480.09472518169605,485.28554963660787,2024-07-18 15:15:00+00:00,480.06972518169607,-1.0144485718311977,stop_hit,ema21,train
2024-07-18 16:45:00+00:00,479.53499999999997,477.7840218279717,483.03695634405653,2024-07-18 17:00:00+00:00,479.995,0.2627102995048679,trail_exit,ema21,train
2024-07-18 19:30:00+00:00,477.835,476.27266547440166,480.9596690511966,2024-07-18 19:45:00+00:00,480.93466905119664,2.0,target_hit_partial,ema21,train
2024-07-18 19:30:00+00:00,477.835,476.27266547440166,480.9596690511966,2024-07-19 14:00:00+00:00,478.875,0.6656704969134178,trail_exit,ema21,train
2024-07-19 16:00:00+00:00,477.85499999999996,476.0186383885916,481.52772322281663,2024-07-19 16:15:00+00:00,475.99363838859165,-1.0136138763981264,stop_hit,ema21,train
2024-07-19 19:00:00+00:00,475.575,474.127700261315,478.46959947736997,2024-07-19 19:30:00+00:00,474.985,-0.4076557082336285,trail_exit,h_ema21,train
2024-07-22 19:45:00+00:00,482.835,481.4648765925287,485.57524681494255,2024-07-23 13:30:00+00:00,481.4398765925287,-1.0182465315632536,stop_hit,ema21,train
2024-07-23 14:30:00+00:00,482.905,481.4823957831368,485.75020843372636,2024-07-23 14:45:00+00:00,481.4573957831368,-1.0175734049594636,stop_hit,ema21,train
2024-07-23 15:15:00+00:00,483.705,482.2618398453176,486.5913203093648,2024-07-23 16:15:00+00:00,482.2368398453176,-1.0173230946813931,stop_hit,ema21,train
2024-07-23 18:00:00+00:00,481.98499999999996,480.7867799820205,484.38144003595886,2024-07-23 18:15:00+00:00,481.475,-0.42563134678716413,trail_exit,ema21,train
2024-07-25 14:30:00+00:00,460.395,458.46499080506624,464.2550183898675,2024-07-25 14:45:00+00:00,463.675,1.6994737686276293,trail_exit,ema50,train
2024-07-26 13:45:00+00:00,462.135,459.9660366731182,466.4729266537636,2024-07-26 14:00:00+00:00,459.9410366731182,-1.0115262437543924,stop_hit,ema50,train
2024-07-26 15:45:00+00:00,462.685,460.6103453092216,466.8343093815568,2024-07-26 17:30:00+00:00,463.26500000000004,0.279564595774937,trail_exit,ema50,train
2024-07-29 16:45:00+00:00,466.455,464.6906419475633,469.9837161048734,2024-07-29 17:45:00+00:00,464.90500000000003,-0.8785064901420055,trail_exit,ema50,train
2024-07-30 17:45:00+00:00,457.48499999999996,455.9105136295315,460.6339727409368,2024-07-30 18:00:00+00:00,457.845,0.22864599322823273,trail_exit,donchian_low,train
2024-08-01 16:15:00+00:00,464.48499999999996,462.4106452278906,468.6337095442187,2024-08-01 16:30:00+00:00,462.3856452278906,-1.0120519403604984,stop_hit,ema50,train
2024-08-01 18:00:00+00:00,459.625,457.5586179845446,463.75776403091083,2024-08-01 18:15:00+00:00,457.5336179845446,-1.0120984405656799,stop_hit,ema50,train
2024-08-01 19:15:00+00:00,457.525,455.58674007172516,461.4015198565496,2024-08-01 19:30:00+00:00,458.315,0.4075820732171737,trail_exit,donchian_low,train
2024-08-02 13:30:00+00:00,450.91499999999996,448.99647701806856,454.75204596386277,2024-08-02 13:45:00+00:00,448.9714770180686,-1.0130308577147247,stop_hit,donchian_low,train
2024-08-02 15:15:00+00:00,446.34499999999997,443.4638927130568,452.1072145738863,2024-08-02 15:30:00+00:00,449.985,1.2634031424293273,trail_exit,ema100,train
2024-08-02 18:00:00+00:00,447.085,444.6794579810016,451.8960840379968,2024-08-02 18:15:00+00:00,448.535,0.6027747545244637,trail_exit,ema100,train
2024-08-05 13:30:00+00:00,424.73499999999996,422.5697330974018,429.06553380519625,2024-08-05 13:45:00+00:00,429.0405338051963,2.0,target_hit_partial,ema100,train
2024-08-05 13:30:00+00:00,424.73499999999996,422.5697330974018,429.06553380519625,2024-08-05 13:45:00+00:00,432.505,3.588472160488232,trail_exit,ema100,train
2024-08-06 13:30:00+00:00,437.255,434.2968649778839,443.1712700442322,2024-08-06 14:45:00+00:00,443.1462700442322,2.0,target_hit_partial,h_ema21,train
2024-08-06 13:30:00+00:00,437.255,434.2968649778839,443.1712700442322,2024-08-06 19:00:00+00:00,442.90500000000003,1.909987190496233,trail_exit,h_ema21,train
2024-08-07 19:15:00+00:00,437.655,434.79727565495364,443.37044869009264,2024-08-07 19:30:00+00:00,437.245,-0.14347080071269797,trail_exit,ema100,train
2024-08-08 13:45:00+00:00,438.895,435.8780165811415,444.928966837717,2024-08-08 14:15:00+00:00,444.903966837717,2.0,target_hit_partial,h_ema21,train
2024-08-08 13:45:00+00:00,438.895,435.8780165811415,444.928966837717,2024-08-09 16:00:00+00:00,447.035,2.698059243255594,trail_exit,h_ema21,train
2024-08-09 16:30:00+00:00,447.455,445.7403760448326,450.88424791033475,2024-08-09 17:15:00+00:00,450.8592479103348,2.0,target_hit_partial,ema100,train
2024-08-09 16:30:00+00:00,447.455,445.7403760448326,450.88424791033475,2024-08-12 13:30:00+00:00,449.435,1.1547721551614092,trail_exit,ema100,train
2024-08-12 18:45:00+00:00,451.125,449.74896242404594,453.8770751519081,2024-08-12 19:00:00+00:00,450.805,-0.2325517889859405,trail_exit,ema100,train
2024-08-13 13:30:00+00:00,455.84499999999997,454.5779285236644,458.3791429526711,2024-08-13 14:45:00+00:00,458.3541429526711,2.0,target_hit_partial,ema100,train
2024-08-13 13:30:00+00:00,455.84499999999997,454.5779285236644,458.3791429526711,2024-08-14 14:00:00+00:00,459.845,3.1568858384913523,trail_exit,ema100,train
2024-08-15 14:30:00+00:00,471.765,470.0597187551681,475.1755624896638,2024-08-16 13:30:00+00:00,472.485,0.4222177439540211,trail_exit,ema21,train
2024-08-16 14:15:00+00:00,473.945,472.83295221978676,476.16909556042646,2024-08-16 14:45:00+00:00,472.8079522197868,-1.0224810484268794,stop_hit,h_ema21,train
2024-09-03 13:30:00+00:00,473.22499999999997,472.40291708280444,474.869165834391,2024-09-03 13:45:00+00:00,472.37791708280446,-1.030410557715106,stop_hit,h_ema21,train
2024-09-03 17:30:00+00:00,465.775,464.54660250920534,468.23179498158925,2024-09-03 17:45:00+00:00,464.52160250920537,-1.020351718549836,stop_hit,ema21,train
2024-09-04 14:45:00+00:00,463.155,461.4940730835662,466.4768538328675,2024-09-04 15:00:00+00:00,462.985,-0.1023524866253429,trail_exit,ema21,train
2024-09-04 16:30:00+00:00,462.745,461.1983636088826,465.83827278223487,2024-09-04 17:00:00+00:00,462.545,-0.12931287608944103,trail_exit,ema21,train
2024-09-04 19:30:00+00:00,460.815,459.4959939713172,463.4530120573656,2024-09-04 19:45:00+00:00,460.595,-0.16679226267045222,trail_exit,ema21,train
2024-09-05 13:45:00+00:00,461.655,460.16839786989203,464.62820426021585,2024-09-05 14:00:00+00:00,464.6032042602159,2.0,target_hit_partial,ema21,train
2024-09-05 13:45:00+00:00,461.655,460.16839786989203,464.62820426021585,2024-09-05 14:45:00+00:00,461.63,-0.01681687352228,stop_hit,ema21,train
2024-09-05 16:15:00+00:00,459.135,457.40238927810867,462.60022144378263,2024-09-05 16:30:00+00:00,460.615,0.8542022632668744,trail_exit,ema21,train
2024-09-05 17:45:00+00:00,461.265,459.6769819659642,464.4410360680715,2024-09-05 19:00:00+00:00,460.82500000000005,-0.2770749390557803,trail_exit,ema21,train
2024-09-06 15:15:00+00:00,451.10499999999996,449.0919272854228,455.1311454291543,2024-09-06 15:30:00+00:00,449.565,-0.7649996887089267,trail_exit,ema21,train
2024-09-06 17:15:00+00:00,450.265,448.5405595760242,453.7138808479516,2024-09-06 17:30:00+00:00,448.875,-0.8060585803221042,trail_exit,ema100,train
2024-09-06 19:15:00+00:00,449.955,448.5285749596917,452.80785008061656,2024-09-06 19:30:00+00:00,449.33500000000004,-0.434653053949438,trail_exit,ema100,train
2024-09-09 13:45:00+00:00,453.61499999999995,451.9097452734213,457.0255094531572,2024-09-09 14:30:00+00:00,451.88474527342134,-1.014660566313243,stop_hit,ema100,train
2024-09-09 15:30:00+00:00,451.625,449.93185623655916,455.0112875268817,2024-09-09 16:45:00+00:00,454.9862875268817,2.0,target_hit_partial,ema100,train
2024-09-09 15:30:00+00:00,451.625,449.93185623655916,455.0112875268817,2024-09-09 18:00:00+00:00,452.45500000000004,0.4902123599435506,trail_exit,ema100,train
2024-09-09 18:45:00+00:00,452.565,451.31156479741435,455.0718704051713,2024-09-09 19:00:00+00:00,452.285,-0.22338609879663074,trail_exit,ema100,train
2024-09-09 19:30:00+00:00,453.465,452.26943252912514,455.85613494174964,2024-09-10 13:30:00+00:00,455.83113494174967,2.0,target_hit_partial,ema100,train
2024-09-09 19:30:00+00:00,453.465,452.26943252912514,455.85613494174964,2024-09-10 15:45:00+00:00,453.44,-0.02091057226714605,stop_hit,ema100,train
2024-09-10 16:30:00+00:00,453.435,451.87827855359853,456.54844289280294,2024-09-10 17:15:00+00:00,456.52344289280296,2.0,target_hit_partial,ema21,train
2024-09-10 16:30:00+00:00,453.435,451.87827855359853,456.54844289280294,2024-09-11 14:00:00+00:00,454.82500000000005,0.8929021972512681,trail_exit,ema21,train
2024-09-11 15:00:00+00:00,452.67499999999995,451.254278468692,455.51644306261585,2024-09-11 15:15:00+00:00,454.675,1.4077354048113941,trail_exit,ema21,train
2024-09-11 19:15:00+00:00,466.16499999999996,464.60756363691894,469.279872726162,2024-09-11 19:45:00+00:00,469.25487272616203,2.0,target_hit_partial,ema21,train
2024-09-11 19:15:00+00:00,466.16499999999996,464.60756363691894,469.279872726162,2024-09-16 13:30:00+00:00,471.845,3.647018995218213,trail_exit,ema21,train
2024-09-16 14:00:00+00:00,473.04499999999996,471.7290458824939,475.6769082350121,2024-09-16 14:15:00+00:00,471.7040458824939,-1.0189976228406474,stop_hit,h_ema21,train
2024-09-16 15:15:00+00:00,471.745,470.29350130869733,474.64799738260535,2024-09-16 15:30:00+00:00,471.01500000000004,-0.5029284589604481,trail_exit,h_ema21,train
2024-09-16 17:00:00+00:00,472.015,470.6961197646301,474.65276047073974,2024-09-16 17:15:00+00:00,471.935,-0.06065751677410527,trail_exit,h_ema21,train
2024-09-17 16:00:00+00:00,475.79499999999996,474.54123614462907,478.30252771074174,2024-09-17 16:15:00+00:00,474.5162361446291,-1.019939959102252,stop_hit,h_ema21,train
2024-09-17 18:30:00+00:00,473.065,471.70063414082875,475.7937317183425,2024-09-17 18:45:00+00:00,472.45500000000004,-0.4470941543278493,trail_exit,h_ema21,train
2024-09-18 16:15:00+00:00,472.495,471.299098863007,474.88680227398606,2024-09-18 18:00:00+00:00,474.8618022739861,2.0,target_hit_partial,h_ema21,train
2024-09-18 16:15:00+00:00,472.495,471.299098863007,474.88680227398606,2024-09-18 19:00:00+00:00,472.47,-0.020904738047860038,stop_hit,h_ema21,train
2024-09-18 19:30:00+00:00,475.185,473.2011749169108,479.1526501661784,2024-09-18 19:45:00+00:00,473.17617491691084,-1.0126019174840997,stop_hit,h_ema21,train
2024-09-19 14:15:00+00:00,482.84499999999997,480.209063621974,488.1168727560519,2024-09-19 19:45:00+00:00,483.38500000000005,0.20486078666453922,trail_exit,h_ema21,train
2024-09-20 14:30:00+00:00,481.705,480.3424161651264,484.43016766974716,2024-09-20 14:45:00+00:00,480.3174161651264,-1.0183474949284839,stop_hit,h_ema21,train
2024-09-20 15:45:00+00:00,481.11499999999995,479.70352942635185,483.93794114729616,2024-09-20 16:00:00+00:00,481.39500000000004,0.19837466343800228,trail_exit,h_ema50,train
2024-09-20 19:00:00+00:00,481.655,480.60239190080745,483.760216198385,2024-09-23 14:15:00+00:00,483.73521619838505,2.0,target_hit_partial,h_ema21,train
2024-09-20 19:00:00+00:00,481.655,480.60239190080745,483.760216198385,2024-09-23 16:00:00+00:00,482.69500000000005,0.9880220385895566,trail_exit,h_ema21,train
2024-09-24 13:30:00+00:00,484.48499999999996,483.67066416206256,486.11367167587474,2024-09-24 13:45:00+00:00,483.6456641620626,-1.0306998646446643,stop_hit,h_ema21,train
2024-09-24 19:15:00+00:00,484.84499999999997,483.98449287568945,486.566014248621,2024-09-25 13:45:00+00:00,486.541014248621,2.0,target_hit_partial,h_ema21,train
2024-09-24 19:15:00+00:00,484.84499999999997,483.98449287568945,486.566014248621,2024-09-25 16:45:00+00:00,485.555,0.8250948538850579,trail_exit,h_ema21,train
2024-09-25 17:30:00+00:00,485.67499999999995,484.80929852382627,487.4064029523473,2024-09-25 17:45:00+00:00,484.7842985238263,-1.0288783150867142,stop_hit,h_ema21,train
2024-09-26 13:30:00+00:00,493.395,492.6006883169965,494.9836233660069,2024-09-26 13:45:00+00:00,492.57568831699655,-1.0314737911262328,stop_hit,h_ema21,train
2024-09-26 15:45:00+00:00,487.895,486.3867583399792,490.9114833200415,2024-09-26 16:15:00+00:00,487.375,-0.34477233574944816,trail_exit,h_ema21,train
2024-09-27 16:30:00+00:00,487.495,486.3764979777115,489.732004044577,2024-09-27 16:45:00+00:00,487.685,0.16987005496087382,trail_exit,h_ema21,train
2024-09-30 18:45:00+00:00,485.315,484.1352663828917,487.6744672342166,2024-09-30 19:00:00+00:00,484.815,-0.423824491180962,trail_exit,h_ema21,train
2024-10-01 14:45:00+00:00,480.465,478.67225931366016,484.0504813726796,2024-10-01 15:00:00+00:00,478.6472593136602,-1.0139451289249306,stop_hit,ema21,train
2024-10-01 15:45:00+00:00,480.685,478.86878262331965,484.3174347533607,2024-10-01 16:00:00+00:00,480.58500000000004,-0.05505948862946339,trail_exit,ema21,train
2024-10-01 17:45:00+00:00,480.11499999999995,478.3845822765796,483.5758354468407,2024-10-01 19:30:00+00:00,481.40500000000003,0.7454847361654624,trail_exit,ema21,train
2024-10-02 18:00:00+00:00,482.835,481.55731776651896,485.390364466962,2024-10-02 18:15:00+00:00,481.532317766519,-1.0195666804662888,stop_hit,h_ema21,train
2024-10-02 19:15:00+00:00,482.60499999999996,481.4951541963247,484.82469160735053,2024-10-02 19:45:00+00:00,481.915,-0.6217079865644283,trail_exit,h_ema21,train
2024-10-03 15:15:00+00:00,481.155,479.5599223314062,484.3451553371875,2024-10-03 16:30:00+00:00,481.225,0.043885010352983166,trail_exit,ema21,train
2024-10-03 17:30:00+00:00,480.54499999999996,479.080283392001,483.4744332159979,2024-10-03 17:45:00+00:00,480.95500000000004,0.2799176289536326,trail_exit,ema21,train
2024-10-03 19:45:00+00:00,480.325,479.1868758820575,482.60124823588495,2024-10-04 13:30:00+00:00,482.576248235885,2.0,target_hit_partial,ema21,train
2024-10-03 19:45:00+00:00,480.325,479.1868758820575,482.60124823588495,2024-10-07 13:30:00+00:00,484.90500000000003,4.0241656668165815,trail_exit,ema21,train
2024-10-07 14:15:00+00:00,485.73499999999996,484.4054429386209,488.394114122758,2024-10-07 16:00:00+00:00,485.435,-0.2256390558287062,trail_exit,h_ema21,train
2024-10-07 16:30:00+00:00,485.815,484.73292415212404,487.9791516957519,2024-10-07 16:45:00+00:00,485.33500000000004,-0.4435918248634511,trail_exit,h_ema21,train
2024-10-08 13:30:00+00:00,484.685,483.553963935431,486.947072129138,2024-10-08 14:00:00+00:00,486.92207212913803,2.0,target_hit_partial,ema21,train
2024-10-08 13:30:00+00:00,484.685,483.553963935431,486.947072129138,2024-10-10 13:30:00+00:00,491.355,5.897247849954028,trail_exit,ema21,train
2024-10-10 19:00:00+00:00,492.34499999999997,491.3396414310905,494.3557171378189,2024-10-10 19:15:00+00:00,492.26500000000004,-0.07957359938425315,trail_exit,h_ema21,train
2024-10-11 13:30:00+00:00,490.765,489.8530714783782,492.5888570432436,2024-10-11 13:45:00+00:00,491.165,0.43863086910436927,trail_exit,h_ema21,train
2024-10-11 18:15:00+00:00,493.61499999999995,492.773768774403,495.2974624511939,2024-10-11 18:30:00+00:00,492.748768774403,-1.0297183452530976,stop_hit,h_ema21,train
2024-10-15 17:45:00+00:00,491.745,490.59018483058804,494.0546303388239,2024-10-15 18:00:00+00:00,491.055,-0.597498212940301,trail_exit,h_ema200,train
2024-10-15 18:30:00+00:00,491.325,490.22049237347005,493.53401525305986,2024-10-15 18:45:00+00:00,490.485,-0.7605198731302805,trail_exit,h_ema200,train
2024-10-16 13:30:00+00:00,491.205,490.0516831273131,493.5116337453738,2024-10-16 13:45:00+00:00,490.0266831273131,-1.021676609951725,stop_hit,h_ema200,train
2024-10-16 14:15:00+00:00,489.935,488.5923589033188,492.62028219336236,2024-10-16 14:30:00+00:00,488.56735890331885,-1.018620016966391,stop_hit,ema21,train
2024-10-16 17:45:00+00:00,490.525,489.4715770859557,492.63184582808856,2024-10-17 13:30:00+00:00,492.6068458280886,2.0,target_hit_partial,h_ema21,train
2024-10-16 17:45:00+00:00,490.525,489.4715770859557,492.63184582808856,2024-10-17 18:00:00+00:00,492.82500000000005,2.183358620110068,trail_exit,h_ema21,train
2024-11-04 15:30:00+00:00,488.35499999999996,486.92738187518864,491.2102362496226,2024-11-04 15:45:00+00:00,488.375,0.014009348615325245,trail_exit,ema21,train
2024-11-04 17:30:00+00:00,486.705,485.3254884369294,489.46402312614117,2024-11-04 17:45:00+00:00,486.985,0.20297039002470554,trail_exit,ema21,train
2024-11-06 14:30:00+00:00,500.585,499.62357565928625,502.50784868142745,2024-11-06 14:45:00+00:00,499.59857565928627,-1.0260030861933638,stop_hit,h_ema21,train
2024-11-08 16:00:00+00:00,513.3249999999999,512.3752747969476,515.2244504061047,2024-11-08 20:15:00+00:00,513.785,0.4843506295522332,trail_exit,h_ema21,train
2024-11-11 14:30:00+00:00,515.395,514.751496204743,516.6820075905139,2024-11-11 14:45:00+00:00,514.7264962047431,-1.0388498097202286,stop_hit,h_ema21,train
2024-11-11 18:30:00+00:00,511.945,511.127489719637,513.5800205607259,2024-11-11 18:45:00+00:00,512.855,1.1131358490024046,trail_exit,h_ema21,train
2024-11-11 20:45:00+00:00,513.3149999999999,512.6189723820568,514.7070552358863,2024-11-12 15:45:00+00:00,512.955,-0.517220855493829,trail_exit,h_ema21,train
2024-11-12 18:15:00+00:00,511.05499999999995,510.1015728503193,512.9618542993612,2024-11-12 18:45:00+00:00,512.9368542993612,2.0,target_hit_partial,h_ema21,train
2024-11-12 18:15:00+00:00,511.05499999999995,510.1015728503193,512.9618542993612,2024-11-13 14:45:00+00:00,511.935,0.9229860931638262,trail_exit,h_ema21,train
2024-11-13 17:00:00+00:00,512.545,511.4945677145294,514.6458645709411,2024-11-13 18:45:00+00:00,514.6208645709411,2.0,target_hit_partial,h_ema21,train
2024-11-13 17:00:00+00:00,512.545,511.4945677145294,514.6458645709411,2024-11-13 19:30:00+00:00,512.575,0.028559670542349782,trail_exit,h_ema21,train
2024-11-13 20:45:00+00:00,513.475,512.5229959955589,515.3790080088824,2024-11-14 14:30:00+00:00,512.4979959955589,-1.0262603937413608,stop_hit,h_ema21,train
2024-11-14 15:45:00+00:00,511.635,510.45088655971995,514.0032268805601,2024-11-14 16:00:00+00:00,510.89500000000004,-0.6249401238321742,trail_exit,h_ema21,train
2024-11-14 19:15:00+00:00,509.78499999999997,508.6674998178901,512.0200003642198,2024-11-14 19:30:00+00:00,510.19500000000005,0.3668903205241385,trail_exit,h_ema21,train
2024-11-14 20:30:00+00:00,509.085,507.9953655003939,511.2642689992121,2024-11-14 20:45:00+00:00,507.97036550039394,-1.0229434732554958,stop_hit,h_ema21,train
2024-11-15 19:45:00+00:00,496.245,495.07107695188733,498.59284609622534,2024-11-15 20:00:00+00:00,496.13500000000005,-0.09370290512381126,trail_exit,ema21,train
2024-11-18 14:30:00+00:00,498.155,497.01369096525457,500.4376180694908,2024-11-18 14:45:00+00:00,496.9886909652546,-1.0219046719502698,stop_hit,ema21,train
2024-11-18 16:45:00+00:00,502.09499999999997,501.0052706494928,504.27445870101434,2024-11-18 17:00:00+00:00,500.9802706494928,-1.0229414762375095,stop_hit,ema21,train
2024-11-18 18:00:00+00:00,500.685,499.612013131177,502.83097373764605,2024-11-18 18:30:00+00:00,499.587013131177,-1.0232994463645209,stop_hit,ema21,train
2024-11-18 19:00:00+00:00,500.695,499.65213848499445,502.7807230300111,2024-11-18 19:15:00+00:00,499.6271384849945,-1.0239725022356823,stop_hit,ema21,train
2024-11-20 15:45:00+00:00,499.155,497.9396472694471,501.5857054611057,2024-11-20 16:00:00+00:00,499.225,0.05759644771457166,trail_exit,ema21,train
2024-11-20 19:45:00+00:00,500.015,498.83241933568263,502.3801613286347,2024-11-20 20:00:00+00:00,499.805,-0.1775777385310133,trail_exit,ema21,train
2024-11-21 20:15:00+00:00,506.125,504.7011921490092,508.97261570198157,2024-11-22 14:30:00+00:00,504.67619214900924,-1.017558549057431,stop_hit,h_ema21,train
2024-11-22 17:00:00+00:00,504.98499999999996,503.48193454038227,507.99113091923533,2024-11-22 19:00:00+00:00,505.125,0.09314298263207575,trail_exit,ema21,train
2024-11-25 18:00:00+00:00,505.995,504.5692065875446,508.8465868249108,2024-11-25 18:30:00+00:00,506.185,0.13325913722156593,trail_exit,h_ema21,train
2024-11-26 15:45:00+00:00,509.315,508.1125243111011,511.7199513777978,2024-11-26 16:15:00+00:00,508.0875243111011,-1.0207904411130917,stop_hit,h_ema21,train
2024-11-26 17:00:00+00:00,508.72499999999997,507.6138824486108,510.9472351027783,2024-11-26 19:15:00+00:00,507.58888244861083,-1.022499869585105,stop_hit,h_ema21,train
2024-11-27 18:00:00+00:00,503.60499999999996,502.62066583587784,505.5736683282442,2024-11-27 18:15:00+00:00,504.185,0.5892307928957403,trail_exit,ema21,train
2024-11-27 18:45:00+00:00,504.85499999999996,503.8921785136383,506.78064297272323,2024-11-27 20:15:00+00:00,504.865,0.010386141295866107,trail_exit,ema21,train
2024-11-29 14:30:00+00:00,505.955,505.14511885019635,507.57476229960724,2024-11-29 14:45:00+00:00,507.54976229960727,2.0,target_hit_partial,ema21,train
2024-11-29 14:30:00+00:00,505.955,505.14511885019635,507.57476229960724,2024-12-03 15:15:00+00:00,514.395,10.421282186955983,trail_exit,ema21,train
2024-12-03 19:00:00+00:00,515.765,515.0366362146058,517.2217275707884,2024-12-04 14:30:00+00:00,517.1967275707884,2.0,target_hit_partial,h_ema21,train
2024-12-03 19:00:00+00:00,515.765,515.0366362146058,517.2217275707884,2024-12-05 18:15:00+00:00,522.405,9.116323646440298,trail_exit,h_ema21,train
2024-12-05 20:00:00+00:00,522.295,521.6619550469821,523.5610899060356,2024-12-05 20:15:00+00:00,521.735,-0.8846133237937455,trail_exit,h_ema21,train
2024-12-09 16:30:00+00:00,522.935,521.9352871197045,524.9344257605908,2024-12-09 16:45:00+00:00,523.015,0.08002297617331948,trail_exit,h_ema21,train
2024-12-10 14:30:00+00:00,523.645,522.8439797418006,525.2470405163988,2024-12-10 15:00:00+00:00,525.2220405163988,2.0,target_hit_partial,h_ema21,train
2024-12-10 14:30:00+00:00,523.645,522.8439797418006,525.2470405163988,2024-12-10 15:45:00+00:00,523.62,-0.031210196925823473,stop_hit,h_ema21,train
2024-12-10 20:45:00+00:00,520.1949999999999,519.3825354737149,521.8199290525699,2024-12-11 14:30:00+00:00,521.79492905257,2.0,target_hit_partial,h_ema200,train
2024-12-10 20:45:00+00:00,520.1949999999999,519.3825354737149,521.8199290525699,2024-12-12 14:30:00+00:00,527.5450000000001,9.046548818085736,trail_exit,h_ema200,train
2024-12-12 15:30:00+00:00,528.045,527.0988715011861,529.9372569976277,2024-12-12 15:45:00+00:00,528.345,0.31708166530884707,trail_exit,h_ema21,train
2024-12-12 17:15:00+00:00,528.385,527.4975083111552,530.1599833776895,2024-12-12 17:30:00+00:00,527.945,-0.49577929070263654,trail_exit,h_ema21,train
2024-12-12 20:45:00+00:00,527.035,526.3228668468338,528.4592663063323,2024-12-13 14:30:00+00:00,528.4342663063323,2.0,target_hit_partial,h_ema21,train
2024-12-12 20:45:00+00:00,527.035,526.3228668468338,528.4592663063323,2024-12-13 15:45:00+00:00,527.765,1.025089194000312,trail_exit,h_ema21,train
2024-12-13 17:15:00+00:00,528.555,527.240200931601,531.184598136798,2024-12-13 17:30:00+00:00,527.905,-0.4943721178563568,trail_exit,h_ema21,train
2024-12-13 18:15:00+00:00,528.5749999999999,527.3641829916559,530.9966340166881,2024-12-13 20:30:00+00:00,530.9716340166881,2.0,target_hit_partial,h_ema21,train
2025-01-02 15:00:00+00:00,515.465,512.6499039531861,521.0951920936278,2025-01-02 15:15:00+00:00,512.6249039531862,-1.0088806916653064,stop_hit,ema21,holdout
2025-01-02 16:30:00+00:00,513.0749999999999,510.38615224568605,518.4526955086277,2025-01-02 16:45:00+00:00,513.615,0.20082951856746897,trail_exit,ema21,holdout
2025-01-02 19:15:00+00:00,507.67499999999995,505.0534158486238,512.9181683027523,2025-01-02 19:30:00+00:00,508.255,0.221240275539344,trail_exit,ema50,holdout
2025-01-02 20:15:00+00:00,510.05499999999995,507.6170154376443,514.9309691247113,2025-01-02 20:30:00+00:00,509.38500000000005,-0.2748171626454126,trail_exit,ema50,holdout
2025-01-03 16:30:00+00:00,516.465,514.1375246485386,521.1199507029229,2025-01-06 14:30:00+00:00,521.0949507029229,2.0,target_hit_partial,ema21,holdout
2025-01-03 16:30:00+00:00,516.465,514.1375246485386,521.1199507029229,2025-01-06 18:45:00+00:00,523.355,2.9602891371862348,trail_exit,ema21,holdout
2025-01-07 16:00:00+00:00,519.785,517.8695118606084,523.615976278783,2025-01-07 16:15:00+00:00,519.945,0.0835296218805653,trail_exit,ema21,holdout
2025-01-07 17:15:00+00:00,517.795,515.9244717272953,521.5360565454092,2025-01-07 17:30:00+00:00,516.575,-0.6522221651511807,trail_exit,ema21,holdout
2025-01-07 18:00:00+00:00,517.295,515.5113773268469,520.8622453463062,2025-01-07 18:15:00+00:00,518.785,0.8353784813499672,trail_exit,ema21,holdout
2025-01-07 19:15:00+00:00,517.675,516.1090134445784,520.806973110843,2025-01-07 19:30:00+00:00,517.075,-0.38314505186693376,trail_exit,ema21,holdout
2025-01-08 14:30:00+00:00,515.105,513.6292997111201,518.0564005777599,2025-01-08 14:45:00+00:00,513.6042997111201,-1.0169411093759104,stop_hit,ema21,holdout
2025-01-08 15:45:00+00:00,513.935,512.1082352454351,517.5885295091296,2025-01-08 16:00:00+00:00,514.595,0.36129446791155934,trail_exit,ema21,holdout
2025-01-08 17:45:00+00:00,512.435,510.5469990606106,516.2110018787787,2025-01-08 18:00:00+00:00,514.605,1.1493638349046091,trail_exit,ema21,holdout
2025-01-10 14:30:00+00:00,511.505,509.81159858476923,514.8918028304615,2025-01-10 14:45:00+00:00,509.78659858476925,-1.01476318596118,stop_hit,ema21,holdout
2025-01-10 15:30:00+00:00,507.66499999999996,505.3165397797687,512.3619204404625,2025-01-10 15:45:00+00:00,506.65500000000003,-0.4300690262066538,trail_exit,ema21,holdout
2025-01-10 16:45:00+00:00,506.185,503.94906573423583,510.65686853152835,2025-01-10 17:00:00+00:00,504.815,-0.6127192650414442,trail_exit,ema50,holdout
2025-01-10 17:30:00+00:00,505.86499999999995,503.80010292205395,509.99479415589195,2025-01-10 17:45:00+00:00,507.70500000000004,0.8910855749916496,trail_exit,ema50,holdout
2025-01-13 15:45:00+00:00,503.41499999999996,501.1579841983467,507.9290316033065,2025-01-13 16:00:00+00:00,501.1329841983467,-1.0110765728718711,stop_hit,ema50,holdout
2025-01-13 16:45:00+00:00,502.525,500.4537065724953,506.6675868550093,2025-01-13 17:00:00+00:00,500.42870657249534,-1.012069752970778,stop_hit,ema50,holdout
2025-01-13 18:00:00+00:00,504.205,502.23476334157925,508.14547331684145,2025-01-13 18:30:00+00:00,503.65500000000003,-0.27915428212609456,trail_exit,ema50,holdout
2025-01-13 19:00:00+00:00,504.255,502.5439936692744,507.67701266145116,2025-01-13 20:15:00+00:00,504.01500000000004,-0.14026832963158947,trail_exit,ema50,holdout
2025-01-14 17:15:00+00:00,503.505,501.67290762924114,507.1691847415177,2025-01-14 17:30:00+00:00,503.855,0.19103840264072044,trail_exit,ema50,holdout
2025-01-14 18:15:00+00:00,504.10499999999996,502.4237486932204,507.46750261355913,2025-01-14 19:45:00+00:00,503.625,-0.2855016368251304,trail_exit,ema50,holdout
2025-01-15 14:30:00+00:00,513.055,511.3627079402041,516.4395841195917,2025-01-15 15:15:00+00:00,516.4145841195917,2.0,target_hit_partial,ema50,holdout
2025-01-15 14:30:00+00:00,513.055,511.3627079402041,516.4395841195917,2025-01-15 16:45:00+00:00,513.03,-0.014772863735467016,stop_hit,ema50,holdout
2025-01-15 19:15:00+00:00,516.615,515.31179240996,519.2214151800799,2025-01-16 15:00:00+00:00,515.2867924099601,-1.0191834364617312,stop_hit,ema21,holdout
2025-01-16 15:30:00+00:00,516.2049999999999,514.9599554503634,518.695089099273,2025-01-16 16:30:00+00:00,514.9349554503634,-1.020079602779897,stop_hit,ema21,holdout
2025-01-16 19:15:00+00:00,515.3249999999999,514.0648749297372,517.8452501405253,2025-01-16 19:30:00+00:00,515.475,0.11903580330230365,trail_exit,ema21,holdout
2025-01-17 16:30:00+00:00,522.4449999999999,520.5717730511988,526.1914538976023,2025-01-17 18:15:00+00:00,520.5467730511988,-1.0133459536315004,stop_hit,ema21,holdout
2025-01-21 16:15:00+00:00,523.175,521.5169738394205,526.4910523211588,2025-01-22 14:30:00+00:00,526.4660523211588,2.0,target_hit_partial,h_ema21,holdout
2025-01-21 16:15:00+00:00,523.175,521.5169738394205,526.4910523211588,2025-01-22 20:45:00+00:00,531.485,5.011983645116909,trail_exit,h_ema21,holdout
2025-01-23 18:00:00+00:00,530.215,529.3772757400451,531.8904485199099,2025-01-23 19:00:00+00:00,529.945,-0.32230175596741706,trail_exit,h_ema21,holdout
2025-01-23 20:15:00+00:00,530.935,530.2251791005538,532.3546417988923,2025-01-23 20:45:00+00:00,532.3296417988923,2.0,target_hit_partial,h_ema21,holdout
2025-01-23 20:15:00+00:00,530.935,530.2251791005538,532.3546417988923,2025-01-24 16:45:00+00:00,531.465,0.7466672232581506,trail_exit,h_ema21,holdout
2025-01-24 19:30:00+00:00,528.725,527.8158714403047,530.5432571193907,2025-01-24 19:45:00+00:00,528.6850000000001,-0.043998177786174764,trail_exit,h_ema50,holdout
2025-01-27 18:45:00+00:00,512.665,510.78576821762533,516.4234635647492,2025-01-27 19:00:00+00:00,511.915,-0.3990992527022023,trail_exit,ema50,holdout
2025-01-27 19:30:00+00:00,513.925,512.10153344538,517.5719331092398,2025-01-27 19:45:00+00:00,512.07653344538,-1.0137101500088594,stop_hit,ema50,holdout
2025-01-27 20:30:00+00:00,512.095,510.2935350305472,515.6979299389056,2025-01-27 20:45:00+00:00,514.025,1.0713502803144617,trail_exit,ema50,holdout
2025-01-28 19:30:00+00:00,521.435,520.0570611041879,524.190877791624,2025-01-29 14:30:00+00:00,520.225,-0.8781231182873894,trail_exit,ema21,holdout
2025-01-29 16:45:00+00:00,520.145,518.8418507656633,522.7512984686734,2025-01-29 17:45:00+00:00,519.725,-0.3222961645016265,trail_exit,ema21,holdout
2025-01-29 19:45:00+00:00,521.285,519.7334984062561,524.3880031874877,2025-01-29 20:00:00+00:00,519.7084984062561,-1.0161134220556298,stop_hit,ema21,holdout
2025-01-30 15:00:00+00:00,524.405,522.4990892831855,528.2168214336289,2025-01-30 15:15:00+00:00,522.4740892831855,-1.0131170887384287,stop_hit,ema21,holdout
2025-01-30 18:45:00+00:00,522.3249999999999,520.6581522945822,525.6586954108353,2025-01-30 20:30:00+00:00,521.105,-0.7319204964164343,trail_exit,ema21,holdout
2025-01-31 15:45:00+00:00,530.175,528.4971610577185,533.5306778845629,2025-01-31 18:15:00+00:00,528.4721610577185,-1.0149001190579012,stop_hit,ema21,holdout
2025-01-31 20:00:00+00:00,524.235,522.5290620511875,527.6468758976251,2025-01-31 20:15:00+00:00,522.5040620511875,-1.0146546948072634,stop_hit,ema21,holdout
2025-02-03 14:30:00+00:00,513.495,511.764143227925,516.95671354415,2025-02-03 14:45:00+00:00,513.495,0.0,trail_exit,ema21,holdout
2025-02-03 15:30:00+00:00,516.8249999999999,514.2690860509362,521.9368278981275,2025-02-03 15:45:00+00:00,518.445,0.6338241553842286,trail_exit,ema21,holdout
2025-02-03 18:00:00+00:00,518.025,515.839813953613,522.395372092774,2025-02-03 18:15:00+00:00,518.265,0.10983046518937199,trail_exit,ema21,holdout
2025-02-04 18:30:00+00:00,523.675,522.3118496756321,526.4013006487357,2025-02-05 14:30:00+00:00,522.2868496756321,-1.0183398701911839,stop_hit,ema21,holdout
2025-02-05 15:30:00+00:00,522.525,521.1355020866362,525.3039958267276,2025-02-05 15:45:00+00:00,522.735,0.1511337282196063,trail_exit,ema21,holdout
2025-02-05 16:15:00+00:00,523.055,521.7112839228644,525.7424321542711,2025-02-05 16:45:00+00:00,525.7174321542711,2.0,target_hit_partial,ema21,holdout
2025-02-05 16:15:00+00:00,523.055,521.7112839228644,525.7424321542711,2025-02-06 19:30:00+00:00,526.405,2.493086193581358,trail_exit,ema21,holdout
2025-02-11 15:15:00+00:00,528.245,527.2945658127495,530.145868374501,2025-02-11 16:15:00+00:00,528.705,0.4839893242169329,trail_exit,ema21,holdout
2025-02-11 17:30:00+00:00,527.985,526.9491923084904,530.0566153830192,2025-02-11 17:45:00+00:00,527.3050000000001,-0.6564925184219347,trail_exit,ema21,holdout
2025-02-12 15:30:00+00:00,525.8149999999999,524.3723262574706,528.7003474850586,2025-02-12 15:45:00+00:00,526.5450000000001,0.5060049119077159,trail_exit,ema21,holdout
2025-02-12 16:45:00+00:00,526.645,525.1915130937166,529.5519738125668,2025-02-12 19:00:00+00:00,527.445,0.5504005550663637,trail_exit,ema21,holdout
2025-02-14 18:45:00+00:00,538.0749999999999,537.1713843045571,539.8822313908855,2025-03-03 14:30:00+00:00,537.1463843045572,-1.0276666287737803,stop_hit,h_ema21,holdout
2025-03-03 15:30:00+00:00,509.16499999999996,506.1794817429453,515.1360365141093,2025-03-03 15:45:00+00:00,506.64500000000004,-0.8440745569199833,trail_exit,ema100,holdout
2025-03-03 19:45:00+00:00,505.23499999999996,502.92389841588397,509.85720316823193,2025-03-03 20:00:00+00:00,502.898898415884,-1.0108173522842094,stop_hit,ema100,holdout
2025-03-04 15:45:00+00:00,491.54499999999996,488.59610521421297,497.44278957157394,2025-03-04 16:00:00+00:00,490.815,-0.24755037158951795,trail_exit,donchian_low,holdout
2025-03-04 16:45:00+00:00,491.935,489.0270269164707,497.75094616705866,2025-03-04 17:00:00+00:00,493.105,0.4023421009729632,trail_exit,donchian_low,holdout
2025-03-04 18:15:00+00:00,497.565,494.7167466267062,503.2615067465876,2025-03-04 18:30:00+00:00,494.6917466267062,-1.008777309011335,stop_hit,donchian_low,holdout
2025-03-06 17:45:00+00:00,490.005,487.22408308179826,495.5668338364035,2025-03-06 18:00:00+00:00,490.08500000000004,0.028767490131194697,trail_exit,donchian_low,holdout
2025-03-06 19:00:00+00:00,489.05499999999995,486.46636181109454,494.23227637781076,2025-03-06 19:15:00+00:00,486.44136181109457,-1.0096575875713818,stop_hit,donchian_low,holdout
2025-03-06 20:15:00+00:00,489.195,486.6279684635247,494.32906307295053,2025-03-06 20:30:00+00:00,487.415,-0.6934079206693536,trail_exit,donchian_low,holdout
2025-03-07 16:00:00+00:00,486.745,483.9615343410733,492.31193131785346,2025-03-07 16:15:00+00:00,483.9365343410733,-1.0089816089233221,stop_hit,donchian_low,holdout
2025-03-07 17:30:00+00:00,483.22499999999997,480.5573939000094,488.5602121999811,2025-03-07 17:45:00+00:00,484.935,0.6410241751981617,trail_exit,ema200,holdout
2025-03-10 16:15:00+00:00,476.84499999999997,474.163202849426,482.2085943011479,2025-03-10 16:30:00+00:00,475.02500000000003,-0.678649389872911,trail_exit,ema200,holdout
2025-03-11 13:30:00+00:00,472.375,469.9087060342146,477.30758793157077,2025-03-11 13:45:00+00:00,474.795,0.9812293398809722,trail_exit,ema200,holdout
2025-03-13 14:15:00+00:00,473.97499999999997,471.4755808158641,478.97383836827174,2025-03-13 14:30:00+00:00,472.725,-0.5001161901668364,trail_exit,ema200,holdout
2025-03-13 16:15:00+00:00,469.765,467.39200633396865,474.51098733206265,2025-03-13 16:30:00+00:00,470.165,0.16856345034793377,trail_exit,ema200,holdout
2025-03-13 18:15:00+00:00,469.965,467.79044267910587,474.3141146417882,2025-03-13 19:00:00+00:00,469.96500000000003,2.6140225559763948e-14,trail_exit,donchian_low,holdout
2025-03-17 18:15:00+00:00,483.91499999999996,482.29467538366174,487.1556492326764,2025-03-18 13:30:00+00:00,482.26967538366176,-1.0154290070939458,stop_hit,ema200,holdout
2025-03-18 16:15:00+00:00,475.275,473.5679624680239,478.68907506395215,2025-03-18 16:30:00+00:00,474.365,-0.5330872830584708,trail_exit,ema200,holdout
2025-03-21 14:30:00+00:00,476.205,474.19959393321943,480.2158121335611,2025-03-21 14:45:00+00:00,477.305,0.5485173393166931,trail_exit,ema200,holdout
2025-03-24 14:30:00+00:00,489.78499999999997,487.9598779510813,493.4352440978373,2025-03-25 14:45:00+00:00,493.41024409783734,2.0,target_hit_partial,ema21,holdout
2025-03-24 14:30:00+00:00,489.78499999999997,487.9598779510813,493.4352440978373,2025-03-25 17:15:00+00:00,491.51500000000004,0.9478818148216697,trail_exit,ema21,holdout
2025-03-25 18:15:00+00:00,492.28499999999997,491.4441573090214,493.96668538195706,2025-03-26 13:45:00+00:00,491.41915730902144,-1.029732077436367,stop_hit,ema21,holdout
2025-03-26 15:00:00+00:00,488.895,487.7625884497747,491.1598231004506,2025-03-26 15:15:00+00:00,488.32500000000005,-0.5033505706353241,trail_exit,ema21,holdout
2025-03-26 16:30:00+00:00,486.72499999999997,485.55012337648276,489.0747532470344,2025-03-26 16:45:00+00:00,485.5251233764828,-1.0212788300486695,stop_hit,ema21,holdout
2025-03-27 13:30:00+00:00,482.435,481.30682560355694,484.6913487928861,2025-03-27 13:45:00+00:00,481.28182560355697,-1.0221596945284328,stop_hit,h_ema21,holdout
2025-03-27 16:15:00+00:00,484.195,482.7476854011472,487.0896291977056,2025-03-27 16:30:00+00:00,483.865,-0.2280084787796326,trail_exit,ema21,holdout
2025-03-27 18:45:00+00:00,483.775,482.33363344699177,486.6577331060164,2025-03-27 19:30:00+00:00,483.32500000000005,-0.312203720185374,trail_exit,ema200,holdout
2025-03-28 19:00:00+00:00,469.495,468.1704291576653,472.1441416846694,2025-03-28 19:15:00+00:00,468.96500000000003,-0.4001295990071674,trail_exit,donchian_low,holdout
2025-03-31 13:30:00+00:00,461.945,460.6948670390483,464.4452659219034,2025-03-31 13:45:00+00:00,460.6698670390483,-1.0199978728510168,stop_hit,donchian_low,holdout
2025-05-02 14:15:00+00:00,487.965,485.83175981068774,492.23148037862444,2025-05-05 13:30:00+00:00,485.80675981068777,-1.011719261677719,stop_hit,ema50,holdout
2025-05-05 18:45:00+00:00,489.03499999999997,488.09088061775657,490.92323876448677,2025-05-05 19:00:00+00:00,488.0658806177566,-1.026479702112007,stop_hit,ema50,holdout
2025-05-06 14:30:00+00:00,482.03499999999997,480.4252276430101,485.2545447139797,2025-05-06 14:45:00+00:00,482.125,0.0559085262020049,trail_exit,ema50,holdout
2025-05-06 16:15:00+00:00,484.655,483.1060722240225,487.7528555519549,2025-05-06 16:30:00+00:00,483.08107222402253,-1.0161401973595579,stop_hit,ema50,holdout
2025-05-06 19:00:00+00:00,483.29499999999996,481.910392512898,486.0642149742039,2025-05-06 19:45:00+00:00,481.885392512898,-1.0180556585406766,stop_hit,ema50,holdout
2025-05-07 18:30:00+00:00,478.98499999999996,477.3619600068916,482.2310799862167,2025-05-07 19:00:00+00:00,481.01500000000004,1.2507393586231559,trail_exit,ema21,holdout
2025-05-07 19:45:00+00:00,484.155,481.91590576441143,488.63318847117705,2025-05-08 13:30:00+00:00,488.6081884711771,2.0,target_hit_partial,ema21,holdout
2025-05-07 19:45:00+00:00,484.155,481.91590576441143,488.63318847117705,2025-05-08 19:45:00+00:00,488.21500000000003,1.813233197366033,trail_exit,ema21,holdout
2025-05-09 17:30:00+00:00,487.34499999999997,485.84446116071945,490.346077678561,2025-05-09 18:00:00+00:00,488.13500000000005,0.5264775421467036,trail_exit,ema50,holdout
2025-05-14 16:15:00+00:00,518.505,517.3899446394938,520.7351107210123,2025-05-14 17:00:00+00:00,517.3649446394938,-1.0224204114750217,stop_hit,h_ema21,holdout
2025-05-15 13:30:00+00:00,516.545,515.4884822603708,518.6580354792583,2025-05-15 13:45:00+00:00,515.4634822603708,-1.0236626410160916,stop_hit,h_ema21,holdout
2025-05-15 18:45:00+00:00,519.495,518.4428578787564,521.5992842424872,2025-05-15 19:00:00+00:00,518.4178578787564,-1.0237610485268167,stop_hit,h_ema21,holdout
2025-05-16 16:15:00+00:00,519.8349999999999,518.6445340373698,522.2159319252602,2025-05-19 13:30:00+00:00,518.6195340373698,-1.0210001804207356,stop_hit,h_ema21,holdout
2025-05-19 15:45:00+00:00,520.245,518.8228341892498,523.0893316215005,2025-05-19 18:15:00+00:00,520.465,0.1546936358173098,trail_exit,h_ema21,holdout
2025-05-20 14:30:00+00:00,519.025,517.786640764291,521.501718471418,2025-05-20 14:45:00+00:00,519.3050000000001,0.22610563391144858,trail_exit,h_ema21,holdout
2025-05-20 16:00:00+00:00,520.005,518.8364472054914,522.3421055890173,2025-05-20 16:15:00+00:00,519.835,-0.1454790924285483,trail_exit,h_ema21,holdout
2025-05-21 16:15:00+00:00,522.465,521.2662609468539,524.8624781062923,2025-05-21 17:00:00+00:00,521.2412609468539,-1.02085524779923,stop_hit,h_ema21,holdout
2025-05-21 17:45:00+00:00,516.045,514.3273066347809,519.480386730438,2025-05-21 18:00:00+00:00,515.1850000000001,-0.5006714338040439,trail_exit,h_ema21,holdout
2025-05-21 18:45:00+00:00,515.9549999999999,514.2823073666175,519.3003852667648,2025-05-21 19:00:00+00:00,514.2573073666175,-1.0149459616794172,stop_hit,h_ema21,holdout
2025-05-21 19:45:00+00:00,514.305,512.4314508459486,518.0520983081027,2025-05-22 13:30:00+00:00,512.4064508459486,-1.013343658449482,stop_hit,h_ema200,holdout
2025-05-22 14:00:00+00:00,516.535,514.5061707392672,520.5926585214655,2025-05-22 14:15:00+00:00,515.1850000000001,-0.6654083841004504,trail_exit,h_ema21,holdout
2025-05-22 15:45:00+00:00,515.895,514.0664726490148,519.5520547019703,2025-05-22 16:30:00+00:00,515.565,-0.18047310029140842,trail_exit,h_ema21,holdout
2025-05-23 19:15:00+00:00,511.245,509.8328951479072,514.0692097041856,2025-05-23 19:45:00+00:00,509.80789514790723,-1.017704067770128,stop_hit,h_ema21,holdout
2025-05-28 17:15:00+00:00,521.495,520.6579905057818,523.1690189884365,2025-05-28 18:45:00+00:00,520.6329905057818,-1.0298682394556669,stop_hit,h_ema21,holdout
2025-05-29 13:45:00+00:00,522.795,521.3375600847517,525.7098798304966,2025-05-29 14:00:00+00:00,521.3125600847517,-1.017153365801511,stop_hit,h_ema21,holdout
2025-05-30 17:15:00+00:00,514.165,512.4061828206272,517.6826343587454,2025-05-30 17:30:00+00:00,514.455,0.16488353843774958,trail_exit,h_ema21,holdout
2025-06-02 15:00:00+00:00,519.905,518.0799240913576,523.5551518172847,2025-06-03 13:30:00+00:00,523.5301518172847,2.0,target_hit_partial,h_ema21,holdout
2025-06-02 15:00:00+00:00,519.905,518.0799240913576,523.5551518172847,2025-06-03 18:00:00+00:00,526.135,3.413556647424268,trail_exit,h_ema21,holdout
2025-06-04 15:00:00+00:00,528.935,527.8026468188663,531.1997063622673,2025-06-04 16:00:00+00:00,527.7776468188663,-1.0220779173993646,stop_hit,h_ema21,holdout
2025-06-04 18:00:00+00:00,529.485,528.635099181664,531.184801636672,2025-06-04 19:45:00+00:00,528.610099181664,-1.0294151969978387,stop_hit,h_ema21,holdout
2025-06-05 19:45:00+00:00,525.725,524.0968156862491,528.9813686275019,2025-06-06 13:30:00+00:00,528.9563686275019,2.0,target_hit_partial,h_ema50,holdout
2025-06-05 19:45:00+00:00,525.725,524.0968156862491,528.9813686275019,2025-06-06 16:30:00+00:00,529.125,2.088215671459974,trail_exit,h_ema50,holdout
2025-06-06 17:15:00+00:00,529.225,527.7369758346605,532.2010483306791,2025-06-06 19:45:00+00:00,529.825,0.4032192581113857,trail_exit,h_ema21,holdout
2025-06-09 17:45:00+00:00,531.995,531.1189157503928,533.7471684992144,2025-06-09 19:30:00+00:00,531.0939157503929,-1.0285360683189853,stop_hit,h_ema21,holdout
2025-06-10 18:30:00+00:00,532.0749999999999,531.2651779908261,533.6946440183475,2025-06-10 18:45:00+00:00,533.6696440183475,2.0,target_hit_partial,h_ema21,holdout
2025-06-10 18:30:00+00:00,532.0749999999999,531.2651779908261,533.6946440183475,2025-06-11 16:00:00+00:00,534.095,2.494375278909725,trail_exit,h_ema21,holdout
2025-06-11 17:00:00+00:00,534.665,533.5911341268708,536.8127317462584,2025-06-11 17:45:00+00:00,533.5661341268708,-1.0232803747893846,stop_hit,h_ema21,holdout
2025-06-11 18:30:00+00:00,531.5749999999999,530.3133106593536,534.0983786812925,2025-06-11 18:45:00+00:00,531.775,0.15851762676983377,trail_exit,h_ema21,holdout
2025-06-11 19:45:00+00:00,531.865,530.5729147632746,534.4491704734507,2025-06-12 13:30:00+00:00,532.275,0.31731652707298347,trail_exit,h_ema21,holdout
2025-06-12 14:15:00+00:00,533.155,531.8287297884706,535.8075404230588,2025-06-12 16:45:00+00:00,533.325,0.12817900795949944,trail_exit,h_ema21,holdout
2025-06-12 19:00:00+00:00,533.675,532.7032566786305,535.6184866427388,2025-06-12 19:30:00+00:00,533.025,-0.6689009182836002,trail_exit,h_ema21,holdout
2025-06-13 13:30:00+00:00,527.715,526.8180474020817,529.5089051958367,2025-06-13 13:45:00+00:00,529.4839051958368,2.0,target_hit_partial,h_ema21,holdout
2025-06-13 13:30:00+00:00,527.715,526.8180474020817,529.5089051958367,2025-06-13 13:45:00+00:00,528.635,1.0256952286387153,trail_exit,h_ema21,holdout
2025-06-13 15:00:00+00:00,529.1949999999999,527.6076180202597,532.3697639594805,2025-06-13 15:15:00+00:00,530.485,0.8126588410756429,trail_exit,h_ema200,holdout
2025-06-13 17:00:00+00:00,531.255,529.9560440791167,533.8529118417665,2025-06-13 17:15:00+00:00,529.9310440791168,-1.0192462266024993,stop_hit,h_ema21,holdout
2025-06-13 19:00:00+00:00,527.375,525.9976310286453,530.1297379427094,2025-06-13 19:15:00+00:00,526.455,-0.6679401228961126,trail_exit,h_ema21,holdout
2025-07-01 16:45:00+00:00,547.375,545.9375725005822,550.2498549988356,2025-07-01 18:15:00+00:00,547.745,0.25740428658131254,trail_exit,h_ema21,holdout
2025-07-01 19:30:00+00:00,547.805,546.7143160736996,549.9863678526007,2025-07-01 19:45:00+00:00,546.9350000000001,-0.7976646386923155,trail_exit,h_ema21,holdout
2025-07-02 18:45:00+00:00,550.4449999999999,549.7301532568941,551.8746934862115,2025-07-03 13:30:00+00:00,551.8496934862115,2.0,target_hit_partial,h_ema21,holdout
2025-07-02 18:45:00+00:00,550.4449999999999,549.7301532568941,551.8746934862115,2025-07-07 13:30:00+00:00,553.625,4.448505963927198,trail_exit,h_ema21,holdout
2025-07-07 17:15:00+00:00,552.305,551.2611926515278,554.3926146969442,2025-07-07 17:30:00+00:00,551.2361926515279,-1.023950779841291,stop_hit,h_ema21,holdout
2025-07-07 18:45:00+00:00,551.165,550.0326912410178,553.4296175179643,2025-07-07 19:00:00+00:00,551.365,0.17663026839059903,trail_exit,h_ema21,holdout
2025-07-08 14:45:00+00:00,553.175,552.089442380711,555.3461152385778,2025-07-08 15:15:00+00:00,552.0644423807111,-1.0230296389208278,stop_hit,h_ema21,holdout
2025-07-09 13:30:00+00:00,554.485,553.6942925024058,556.0664149951884,2025-07-09 13:45:00+00:00,556.0414149951885,2.0,target_hit_partial,h_ema21,holdout
2025-07-09 13:30:00+00:00,554.485,553.6942925024058,556.0664149951884,2025-07-09 14:30:00+00:00,554.46,-0.03161725426411367,stop_hit,h_ema21,holdout
2025-07-09 15:30:00+00:00,554.555,553.3876839880139,556.889632023972,2025-07-09 15:45:00+00:00,553.755,-0.6853328419943988,trail_exit,h_ema21,holdout
2025-07-09 19:00:00+00:00,555.795,554.9270638566805,557.5308722866388,2025-07-10 13:45:00+00:00,554.9020638566806,-1.0288039623564529,stop_hit,h_ema21,holdout
2025-07-10 19:00:00+00:00,556.015,555.3051438129237,557.4347123741526,2025-07-10 19:45:00+00:00,555.2801438129237,-1.0352184012129912,stop_hit,h_ema21,holdout
2025-07-11 14:00:00+00:00,554.4449999999999,553.4767715298146,556.3814569403705,2025-07-11 14:15:00+00:00,555.0550000000001,0.6300165909017201,trail_exit,h_ema21,holdout
2025-07-11 17:00:00+00:00,555.385,554.4249267990363,557.3051464019275,2025-07-11 17:30:00+00:00,554.3999267990363,-1.026039681114817,stop_hit,h_ema21,holdout
2025-07-11 18:45:00+00:00,555.5749999999999,554.7538714393563,557.2172571212872,2025-07-11 19:00:00+00:00,554.7288714393563,-1.0304459023814514,stop_hit,h_ema21,holdout
2025-07-11 19:30:00+00:00,554.8249999999999,553.9779921837703,556.5190156324592,2025-07-11 19:45:00+00:00,554.1750000000001,-0.7674073220401678,trail_exit,h_ema21,holdout
2025-07-14 14:00:00+00:00,553.3149999999999,552.2675088442488,555.4099823115022,2025-07-14 14:15:00+00:00,553.9150000000001,0.5727971990082324,trail_exit,h_ema21,holdout
2025-07-14 14:45:00+00:00,554.385,553.3336668844078,556.4876662311844,2025-07-14 17:00:00+00:00,556.4626662311845,2.0,target_hit_partial,h_ema21,holdout
2025-07-14 14:45:00+00:00,554.385,553.3336668844078,556.4876662311844,2025-07-15 16:45:00+00:00,557.815,3.262524455027656,trail_exit,h_ema21,holdout
2025-07-16 14:30:00+00:00,555.7049999999999,554.6341935665007,557.8466128669984,2025-07-16 14:45:00+00:00,554.6091935665007,-1.0233468899867189,stop_hit,h_ema21,holdout
2025-07-16 16:00:00+00:00,555.285,553.744196522804,558.3666069543918,2025-07-16 16:15:00+00:00,555.085,-0.12980240696490766,trail_exit,h_ema21,holdout
2025-07-22 14:45:00+00:00,561.145,560.1497453808123,563.1355092383753,2025-07-22 15:00:00+00:00,560.945,-0.2009536013640119,trail_exit,h_ema21,holdout
2025-07-22 18:45:00+00:00,561.775,560.9316572010814,563.4616855978371,2025-07-22 19:00:00+00:00,561.5550000000001,-0.2608666372464703,trail_exit,h_ema21,holdout
2025-07-23 14:30:00+00:00,560.685,559.8130256365613,562.4289487268773,2025-07-23 14:45:00+00:00,560.815,0.1490869519230483,trail_exit,h_ema21,holdout
2025-07-23 17:30:00+00:00,561.685,560.8591550183277,563.3366899633445,2025-07-23 18:15:00+00:00,563.3116899633445,2.0,target_hit_partial,h_ema21,holdout
2025-07-23 17:30:00+00:00,561.685,560.8591550183277,563.3366899633445,2025-07-24 19:45:00+00:00,565.0550000000001,4.080668981212568,trail_exit,h_ema21,holdout
2025-07-25 14:45:00+00:00,566.155,565.4543128050558,567.5563743898883,2025-07-25 16:15:00+00:00,567.5313743898884,2.0,target_hit_partial,h_ema21,holdout
2025-07-25 14:45:00+00:00,566.155,565.4543128050558,567.5563743898883,2025-07-25 19:45:00+00:00,566.13,-0.03567925913355512,stop_hit,h_ema21,holdout
2025-07-28 19:00:00+00:00,567.485,566.9310979180609,568.5928041638782,2025-07-28 19:15:00+00:00,567.4250000000001,-0.10832239479927118,trail_exit,h_ema21,holdout
2025-07-30 14:30:00+00:00,568.655,567.786925505333,570.3911489893339,2025-07-30 15:00:00+00:00,568.035,-0.7142244171542584,trail_exit,h_ema21,holdout
2025-07-30 17:45:00+00:00,569.665,568.9958218831059,571.003356233788,2025-07-30 18:00:00+00:00,568.9708218831059,-1.0373592611127416,stop_hit,h_ema21,holdout
2025-07-30 19:15:00+00:00,567.125,566.0187796608946,569.3374406782109,2025-07-30 19:30:00+00:00,565.9937796608946,-1.0225994759960693,stop_hit,h_ema21,holdout
2025-07-31 13:30:00+00:00,574.5649999999999,573.3336420972978,577.0277158054042,2025-07-31 13:45:00+00:00,573.3086420972978,-1.020302789258197,stop_hit,h_ema21,holdout
2025-07-31 18:30:00+00:00,566.5849999999999,564.9799398084087,569.7951203831823,2025-07-31 18:45:00+00:00,566.495,-0.056072663487278025,trail_exit,h_ema21,holdout
2025-08-01 15:45:00+00:00,556.595,554.5340180137413,560.7169639725175,2025-08-01 16:00:00+00:00,557.285,0.3347918635875513,trail_exit,ema21,holdout
2025-08-01 18:30:00+00:00,554.145,552.4412691110714,557.5524617778572,2025-08-01 18:45:00+00:00,553.595,-0.32282093584969174,trail_exit,donchian_low,holdout
2025-08-04 16:00:00+00:00,562.995,561.430933100896,566.123133798208,2025-08-05 13:45:00+00:00,566.098133798208,2.0,target_hit_partial,h_ema200,holdout
2025-08-04 16:00:00+00:00,562.995,561.430933100896,566.123133798208,2025-08-05 14:30:00+00:00,562.97,-0.015983971027261852,stop_hit,h_ema200,holdout
2025-08-05 15:15:00+00:00,562.1949999999999,561.0113983274714,564.562203345057,2025-08-05 15:30:00+00:00,560.9863983274714,-1.0211219708287245,stop_hit,ema21,holdout
2025-08-06 14:45:00+00:00,563.185,561.8819650324937,565.7910699350125,2025-08-06 15:45:00+00:00,565.7660699350125,2.0,target_hit_partial,ema21,holdout
2025-08-06 14:45:00+00:00,563.185,561.8819650324937,565.7910699350125,2025-08-07 16:30:00+00:00,567.065,2.97766375941973,trail_exit,ema21,holdout
2025-08-08 14:30:00+00:00,573.635,572.2998088203079,576.3053823593841,2025-08-08 15:30:00+00:00,572.274808820308,-1.0187239103884307,stop_hit,h_ema21,holdout
2025-08-11 13:30:00+00:00,574.755,573.9907431363275,576.2835137273449,2025-08-11 16:00:00+00:00,576.258513727345,2.0,target_hit_partial,h_ema21,holdout
2025-08-11 13:30:00+00:00,574.755,573.9907431363275,576.2835137273449,2025-08-11 17:15:00+00:00,574.965,0.27477672754017096,trail_exit,h_ema21,holdout
2025-08-11 19:00:00+00:00,573.995,573.2395517741946,575.5058964516107,2025-08-11 19:15:00+00:00,573.2145517741947,-1.0330929362807428,stop_hit,h_ema21,holdout
2025-08-29 18:00:00+00:00,569.985,568.8662648980685,572.222470203863,2025-08-29 18:15:00+00:00,569.525,-0.4111786599042405,trail_exit,ema21,holdout
2025-08-29 18:45:00+00:00,569.635,568.6224923400351,571.6600153199297,2025-08-29 19:00:00+00:00,570.155,0.5135763615042993,trail_exit,ema21,holdout
2025-08-29 19:45:00+00:00,570.475,569.5504328593228,572.3241342813545,2025-09-02 13:30:00+00:00,569.5254328593228,-1.0270396804083526,stop_hit,h_ema21,holdout
2025-09-02 14:30:00+00:00,565.235,563.4479686340449,568.8090627319103,2025-09-02 14:45:00+00:00,563.4229686340449,-1.013989681701314,stop_hit,ema21,holdout
2025-09-02 16:15:00+00:00,560.425,558.8824507555865,563.5100984888268,2025-09-02 16:30:00+00:00,561.085,0.4278631637792951,trail_exit,ema21,holdout
2025-09-02 17:30:00+00:00,562.865,561.470960803895,565.6530783922101,2025-09-02 17:45:00+00:00,563.455,0.42323056743920656,trail_exit,ema21,holdout
2025-09-03 17:15:00+00:00,569.8349999999999,568.6198992573524,572.265201485295,2025-09-03 17:30:00+00:00,568.5948992573524,-1.020574425743091,stop_hit,ema21,holdout
2025-09-03 19:30:00+00:00,567.615,566.5657247903777,569.7135504192447,2025-09-03 19:45:00+00:00,569.6885504192447,2.0,target_hit_partial,ema21,holdout
2025-09-03 19:30:00+00:00,567.615,566.5657247903777,569.7135504192447,2025-09-05 14:30:00+00:00,573.975,6.06132684892943,trail_exit,ema21,holdout
2025-09-08 13:30:00+00:00,578.395,577.3107140171209,580.5635719657582,2025-09-08 14:30:00+00:00,580.5385719657583,2.0,target_hit_partial,h_ema21,holdout
2025-09-08 13:30:00+00:00,578.395,577.3107140171209,580.5635719657582,2025-09-08 17:00:00+00:00,578.37,-0.023056647779946697,stop_hit,h_ema21,holdout
2025-09-09 16:00:00+00:00,578.465,577.4477909544695,580.4994180910611,2025-09-09 19:45:00+00:00,580.4744180910611,2.0,target_hit_partial,h_ema21,holdout
2025-09-09 16:00:00+00:00,578.465,577.4477909544695,580.4994180910611,2025-09-10 16:30:00+00:00,581.345,2.8312764349218935,trail_exit,h_ema21,holdout
2025-09-10 17:00:00+00:00,581.915,581.1100422163735,583.524915567253,2025-09-10 17:15:00+00:00,581.0850422163735,-1.0310575293617852,stop_hit,h_ema21,holdout
2025-09-10 19:45:00+00:00,580.4449999999999,579.5779869709247,582.1790260581504,2025-09-11 13:30:00+00:00,582.1540260581504,2.0,target_hit_partial,h_ema21,holdout
2025-09-10 19:45:00+00:00,580.4449999999999,579.5779869709247,582.1790260581504,2025-09-16 15:30:00+00:00,590.745,11.879867608202249,trail_exit,h_ema21,holdout
2025-09-16 16:15:00+00:00,590.985,590.3451517615638,592.2646964768725,2025-09-16 19:45:00+00:00,591.125,0.2188018839313245,trail_exit,h_ema21,holdout
2025-09-17 15:15:00+00:00,588.905,588.2159126856636,590.2831746286727,2025-09-17 15:30:00+00:00,588.1909126856636,-1.0362798726371192,stop_hit,h_ema21,holdout
2025-09-17 18:30:00+00:00,589.215,587.9907781954826,591.663443609035,2025-09-17 18:45:00+00:00,587.9657781954826,-1.0204211360292108,stop_hit,h_ema21,holdout
2025-09-18 14:00:00+00:00,595.345,593.2733798805099,599.4882402389803,2025-09-18 19:30:00+00:00,595.6850000000001,0.1641227543608285,trail_exit,h_ema21,holdout
2025-09-19 14:00:00+00:00,597.865,596.7895780450748,600.0158439098504,2025-09-19 14:45:00+00:00,596.7645780450748,-1.0232466892511187,stop_hit,h_ema21,holdout
2025-09-19 15:45:00+00:00,596.795,595.7731593734821,598.8386812530356,2025-09-19 19:15:00+00:00,598.8136812530356,2.0,target_hit_partial,h_ema21,holdout
2025-09-19 15:45:00+00:00,596.795,595.7731593734821,598.8386812530356,2025-09-23 13:30:00+00:00,601.195,4.3059552398050815,trail_exit,h_ema21,holdout
2025-09-23 15:15:00+00:00,601.425,600.7649203817364,602.7451592365271,2025-09-23 15:30:00+00:00,600.7399203817364,-1.037874218970346,stop_hit,h_ema21,holdout
2025-09-24 15:30:00+00:00,597.365,596.5025543179007,599.0898913641986,2025-09-24 15:45:00+00:00,596.4775543179007,-1.0289873327896133,stop_hit,h_ema21,holdout
2025-09-24 16:30:00+00:00,595.0849999999999,594.0366776570585,597.1816446858828,2025-09-24 16:45:00+00:00,594.705,-0.3624839273516337,trail_exit,h_ema200,holdout
2025-09-24 17:15:00+00:00,595.595,594.5899365206114,597.6051269587772,2025-09-24 17:30:00+00:00,595.6750000000001,0.0795969624214263,trail_exit,h_ema200,holdout
2025-09-25 14:15:00+00:00,592.245,590.7266792518849,595.2816414962302,2025-09-25 14:30:00+00:00,593.465,0.8035192837314303,trail_exit,ema21,holdout
2025-09-25 15:45:00+00:00,594.885,593.3554877681853,597.9440244636294,2025-09-25 16:15:00+00:00,593.5450000000001,-0.8760962953595166,trail_exit,h_ema21,holdout
2025-09-25 17:15:00+00:00,593.465,592.1599953654338,596.0750092691325,2025-09-25 17:30:00+00:00,592.1349953654338,-1.0191570200885052,stop_hit,h_ema21,holdout
2025-09-25 18:15:00+00:00,591.1949999999999,589.8114244750144,593.962151049971,2025-09-25 19:00:00+00:00,593.135,1.4021641500346302,trail_exit,h_ema21,holdout
2025-09-26 14:45:00+00:00,593.675,592.037218021086,596.9505639578279,2025-09-26 15:00:00+00:00,592.012218021086,-1.0152645470043304,stop_hit,h_ema21,holdout
2025-09-26 19:30:00+00:00,596.055,594.9982304219484,598.1685391561031,2025-09-29 13:30:00+00:00,598.1435391561031,2.0,target_hit_partial,h_ema21,holdout
2025-09-26 19:30:00+00:00,596.055,594.9982304219484,598.1685391561031,2025-09-29 17:00:00+00:00,598.375,2.1953697837116026,trail_exit,h_ema21,holdout
2025-09-29 18:00:00+00:00,599.015,598.0868312296232,600.8713375407536,2025-09-29 19:00:00+00:00,598.0618312296232,-1.0269347566928237,stop_hit,h_ema21,holdout
2025-09-29 19:45:00+00:00,598.465,597.6452407359795,600.104518528041,2025-09-30 13:30:00+00:00,597.6202407359796,-1.0304967581303874,stop_hit,h_ema21,holdout
2025-10-01 13:30:00+00:00,597.215,596.2218710644512,599.2012578710977,2025-10-01 13:45:00+00:00,597.6650000000001,0.4531133711770861,trail_exit,h_ema21,holdout
2025-10-01 14:15:00+00:00,598.895,597.5786318252913,601.5277363494174,2025-10-01 16:00:00+00:00,601.5027363494174,2.0,target_hit_partial,h_ema21,holdout
2025-10-01 14:15:00+00:00,598.895,597.5786318252913,601.5277363494174,2025-10-03 14:00:00+00:00,605.095,4.709928513253507,trail_exit,h_ema21,holdout
2025-10-03 16:00:00+00:00,606.785,605.9447203848772,608.4655592302455,2025-10-03 16:45:00+00:00,605.9197203848772,-1.0297520010601764,stop_hit,h_ema21,holdout
2025-10-03 18:30:00+00:00,604.165,603.0468814301992,606.4012371396016,2025-10-03 18:45:00+00:00,603.0218814301992,-1.0223589882819235,stop_hit,h_ema21,holdout
2025-10-03 19:45:00+00:00,603.525,602.5159429885296,605.5431140229408,2025-10-06 13:30:00+00:00,605.5181140229408,2.0,target_hit_partial,h_ema50,holdout
2025-10-03 19:45:00+00:00,603.525,602.5159429885296,605.5431140229408,2025-10-06 19:45:00+00:00,607.6850000000001,4.12266101192642,trail_exit,h_ema50,holdout
2025-10-07 16:30:00+00:00,604.3249999999999,603.1885911056263,606.5978177887472,2025-10-07 16:45:00+00:00,603.985,-0.29918808422149884,trail_exit,h_ema21,holdout
2025-10-07 17:15:00+00:00,604.665,603.4932542489289,607.0084915021421,2025-10-07 17:30:00+00:00,604.475,-0.16215121738335098,trail_exit,h_ema200,holdout
2025-10-07 18:15:00+00:00,604.305,603.1875960434105,606.5398079131788,2025-10-07 18:30:00+00:00,604.315,0.008949315009253011,trail_exit,h_ema200,holdout
2025-10-07 19:45:00+00:00,605.035,604.1159907736278,606.8730184527443,2025-10-08 13:30:00+00:00,606.8480184527443,2.0,target_hit_partial,h_ema21,holdout
2025-10-07 19:45:00+00:00,605.035,604.1159907736278,606.8730184527443,2025-10-09 14:15:00+00:00,609.635,5.005390444401454,trail_exit,h_ema21,holdout
2025-10-28 13:45:00+00:00,630.975,625.9614834127126,641.0020331745749,2025-10-29 18:30:00+00:00,630.765,-0.04188676677215449,trail_exit,ema21,holdout
2025-10-30 14:00:00+00:00,632.245,629.8954467077892,636.9441065844215,2025-10-30 14:15:00+00:00,629.8704467077893,-1.010640320474048,stop_hit,h_ema21,holdout
2025-10-30 16:15:00+00:00,631.415,629.2558476672558,635.7333046654883,2025-10-30 16:30:00+00:00,630.655,-0.3519899862897007,trail_exit,h_ema21,holdout
2025-10-30 18:00:00+00:00,630.8249999999999,629.1120667431111,634.2508665137776,2025-10-30 18:15:00+00:00,629.0870667431111,-1.0145948476973259,stop_hit,h_ema21,holdout
2025-10-31 13:45:00+00:00,632.245,630.2208654769275,636.2932690461449,2025-10-31 15:45:00+00:00,630.575,-0.8250439785321397,trail_exit,h_ema50,holdout
2025-10-31 17:45:00+00:00,628.015,626.3971524323016,631.2506951353968,2025-10-31 18:00:00+00:00,629.205,0.7355451921178162,trail_exit,h_ema21,holdout
2025-11-03 17:45:00+00:00,632.8249999999999,631.227908742067,636.0191825158657,2025-11-03 19:15:00+00:00,631.725,-0.6887521264274071,trail_exit,h_ema21,holdout
2025-11-04 15:00:00+00:00,626.525,624.6269564195813,630.3210871608372,2025-11-04 15:15:00+00:00,626.215,-0.1633260706962125,trail_exit,h_ema21,holdout
2025-11-05 15:00:00+00:00,622.005,620.3125553487038,625.3898893025925,2025-11-05 16:00:00+00:00,621.785,-0.12998947991092727,trail_exit,h_ema21,holdout
2025-11-05 17:30:00+00:00,624.475,622.9657950996148,627.4934098007706,2025-11-05 20:45:00+00:00,623.355,-0.7421126181833164,trail_exit,h_ema21,holdout
2025-11-06 16:15:00+00:00,613.725,611.8737686607191,617.4274626785619,2025-11-06 16:30:00+00:00,611.8487686607191,-1.0135045250528698,stop_hit,ema21,holdout
2025-11-06 17:15:00+00:00,611.7049999999999,609.7611992846416,615.5926014307165,2025-11-06 17:30:00+00:00,612.505,0.41156482435629077,trail_exit,ema21,holdout
2025-11-06 18:00:00+00:00,613.715,611.8150837566902,617.5148324866196,2025-11-06 18:15:00+00:00,611.7900837566903,-1.0131584747948812,stop_hit,ema21,holdout
2025-11-06 19:15:00+00:00,615.125,613.20048536003,618.9740292799399,2025-11-06 19:30:00+00:00,615.265,0.0727456144486232,trail_exit,ema21,holdout
2025-11-07 19:15:00+00:00,604.535,602.5758711925339,608.4532576149321,2025-11-07 19:45:00+00:00,608.4282576149321,2.0,target_hit_partial,h_ema21,holdout
2025-11-07 19:15:00+00:00,604.535,602.5758711925339,608.4532576149321,2025-11-11 15:00:00+00:00,619.695,7.738133369396957,trail_exit,h_ema21,holdout
2025-11-11 17:15:00+00:00,619.545,618.1380209402919,622.3589581194161,2025-11-11 18:45:00+00:00,622.3339581194161,2.0,target_hit_partial,ema21,holdout
2025-11-11 17:15:00+00:00,619.545,618.1380209402919,622.3589581194161,2025-11-12 14:45:00+00:00,620.325,0.5543792529235807,trail_exit,ema21,holdout
2025-11-12 16:30:00+00:00,620.035,618.5414886422337,623.0220227155324,2025-11-12 16:45:00+00:00,618.5164886422338,-1.016739075916616,stop_hit,ema21,holdout
2025-11-12 17:45:00+00:00,620.425,618.9257553166851,623.4234893666296,2025-11-12 19:00:00+00:00,620.255,-0.11339043045601424,trail_exit,ema21,holdout
2025-11-12 20:30:00+00:00,620.5649999999999,619.3581590886051,622.9786818227896,2025-11-13 14:30:00+00:00,619.3331590886052,-1.0207152407280289,stop_hit,h_ema21,holdout
2025-11-13 15:15:00+00:00,617.355,615.4139143613627,621.2371712772747,2025-11-13 15:30:00+00:00,615.3889143613627,-1.0128793905340145,stop_hit,ema21,holdout
2025-11-13 17:30:00+00:00,611.645,609.628506971151,615.677986057698,2025-11-13 17:45:00+00:00,609.603506971151,-1.0123977616794673,stop_hit,ema21,holdout
2025-11-13 19:30:00+00:00,608.9549999999999,607.079225585608,612.7065488287838,2025-11-13 19:45:00+00:00,607.054225585608,-1.01332782866008,stop_hit,ema21,holdout
2025-11-14 15:00:00+00:00,605.135,602.5047014745343,610.3955970509314,2025-11-14 15:15:00+00:00,606.465,0.5056460272943931,trail_exit,ema21,holdout
2025-11-14 17:00:00+00:00,612.265,609.6477659267833,617.4994681464333,2025-11-14 18:00:00+00:00,609.6227659267834,-1.0095520688255641,stop_hit,ema21,holdout
2025-11-14 19:00:00+00:00,610.4549999999999,608.039700280166,615.2855994396677,2025-11-14 20:15:00+00:00,609.6650000000001,-0.32708155990436444,trail_exit,ema21,holdout
2025-11-17 14:45:00+00:00,610.175,607.9132616529578,614.6984766940843,2025-11-17 15:00:00+00:00,607.8882616529578,-1.0110534448127793,stop_hit,ema21,holdout
2025-11-17 18:45:00+00:00,606.3149999999999,604.3259651356198,610.2930697287603,2025-11-17 19:00:00+00:00,604.3009651356198,-1.0125689099008164,stop_hit,ema21,holdout
2025-11-18 14:30:00+00:00,599.645,597.6786743203279,603.5776513593441,2025-11-18 14:45:00+00:00,597.6536743203279,-1.0127140688129275,stop_hit,ema50,holdout
2025-11-18 16:30:00+00:00,597.895,594.9880860262933,603.7088279474133,2025-11-18 16:45:00+00:00,598.005,0.037840817098467816,trail_exit,ema50,holdout
2025-11-18 17:45:00+00:00,599.665,596.7229869807977,605.5490260384045,2025-11-18 18:45:00+00:00,599.325,-0.11556712964244864,trail_exit,ema50,holdout
2025-11-19 17:00:00+00:00,599.555,597.1006616354108,604.4636767291782,2025-11-19 17:15:00+00:00,597.0756616354108,-1.010186044581576,stop_hit,ema21,holdout
2025-11-19 18:00:00+00:00,597.595,595.1325187934447,602.5199624131108,2025-11-19 18:15:00+00:00,596.755,-0.3411193546427357,trail_exit,ema50,holdout
2025-11-20 18:15:00+00:00,596.795,593.107746467887,604.169507064226,2025-11-20 18:30:00+00:00,593.082746467887,-1.0067801141912938,stop_hit,ema50,holdout
2025-11-20 19:30:00+00:00,590.775,587.2636382985905,597.7977234028189,2025-11-20 19:45:00+00:00,591.945,0.33320406710890565,trail_exit,ema50,holdout
2025-11-21 14:45:00+00:00,587.175,583.8601720631159,593.8046558737681,2025-11-21 15:00:00+00:00,585.0550000000001,-0.6395505408925368,trail_exit,donchian_low,holdout
2025-11-21 16:15:00+00:00,583.995,580.5221115365936,590.9407769268129,2025-11-21 16:30:00+00:00,587.895,1.122984524580615,trail_exit,ema100,holdout
2025-11-24 16:15:00+00:00,603.625,600.7295425422776,609.4159149154448,2025-11-25 14:30:00+00:00,600.7045425422776,-1.008634214235578,stop_hit,ema21,holdout
2025-11-25 16:30:00+00:00,603.425,601.329520298152,607.6159594036958,2025-11-25 17:30:00+00:00,607.5909594036958,2.0,target_hit_partial,ema21,holdout
2025-11-25 16:30:00+00:00,603.425,601.329520298152,607.6159594036958,2025-12-01 14:30:00+00:00,613.395,4.757860451336215,trail_exit,ema21,holdout
2025-12-01 20:15:00+00:00,617.405,616.1795505509144,619.8558988981711,2025-12-01 20:45:00+00:00,617.1750000000001,-0.18768624048224522,trail_exit,h_ema21,holdout
2025-12-02 19:00:00+00:00,621.525,619.933873257881,624.7072534842379,2025-12-03 14:30:00+00:00,619.908873257881,-1.0157121361474222,stop_hit,h_ema21,holdout
2025-12-03 15:00:00+00:00,619.6949999999999,618.221417491776,622.6421650164477,2025-12-03 15:15:00+00:00,620.4250000000001,0.4953913309408083,trail_exit,h_ema21,holdout
2025-12-03 19:45:00+00:00,623.595,622.5299168237126,625.7251663525749,2025-12-04 14:30:00+00:00,622.5049168237126,-1.023472345218258,stop_hit,h_ema21,holdout
2025-12-04 16:30:00+00:00,621.8349999999999,620.5270775457783,624.4508449084432,2025-12-04 17:15:00+00:00,622.235,0.305828528831352,trail_exit,h_ema21,holdout
2025-12-05 17:00:00+00:00,625.605,624.0919283645504,628.6311432708992,2025-12-05 17:30:00+00:00,624.0669283645504,-1.0165226810246488,stop_hit,h_ema21,holdout
2025-12-05 20:00:00+00:00,625.795,624.7088664294806,627.9672671410386,2025-12-05 20:45:00+00:00,624.6838664294806,-1.0230174268419154,stop_hit,h_ema21,holdout
2025-12-08 16:30:00+00:00,624.0749999999999,622.8337852839599,626.5574294320801,2025-12-08 16:45:00+00:00,623.475,-0.48339742692877985,trail_exit,h_ema21,holdout
2025-12-08 19:30:00+00:00,622.505,621.3734056597013,624.7681886805973,2025-12-08 19:45:00+00:00,622.315,-0.16790469272742786,trail_exit,h_ema21,holdout
2025-12-09 14:30:00+00:00,624.305,623.276593644535,626.3618127109299,2025-12-09 14:45:00+00:00,623.251593644535,-1.0243094569253937,stop_hit,h_ema21,holdout
2025-12-09 17:00:00+00:00,625.255,624.2149767992747,627.3350464014505,2025-12-09 19:30:00+00:00,624.7950000000001,-0.44229782535537304,trail_exit,h_ema21,holdout
2025-12-09 20:45:00+00:00,625.215,624.4897334352731,626.6655331294538,2025-12-10 14:30:00+00:00,624.4647334352732,-1.034470084815493,stop_hit,h_ema21,holdout
2025-12-10 15:30:00+00:00,623.5749999999999,622.5849054549125,625.5551890901748,2025-12-10 15:45:00+00:00,622.5599054549125,-1.0252501138643977,stop_hit,h_ema21,holdout
2025-12-10 16:15:00+00:00,622.985,621.8189002494325,625.317199501135,2025-12-10 16:30:00+00:00,623.2950000000001,0.2658434665209398,trail_exit,h_ema21,holdout
2025-12-10 17:00:00+00:00,623.905,622.7711584723044,626.1726830553912,2025-12-10 17:15:00+00:00,623.265,-0.5644527778945498,trail_exit,h_ema21,holdout
2025-12-10 17:45:00+00:00,623.475,622.4270044328181,625.5709911343639,2025-12-10 18:15:00+00:00,622.855,-0.5916055558013313,trail_exit,h_ema21,holdout
2025-12-10 20:00:00+00:00,628.155,626.486893875625,631.4912122487499,2025-12-11 14:30:00+00:00,626.461893875625,-1.0149870560599643,stop_hit,h_ema21,holdout
2025-12-11 15:15:00+00:00,621.785,619.4878969900939,626.3792060198122,2025-12-11 15:30:00+00:00,621.365,-0.18283899250000482,trail_exit,ema21,holdout
2025-12-11 16:45:00+00:00,621.9549999999999,619.7026258799822,626.4597482400354,2025-12-11 17:00:00+00:00,622.0450000000001,0.039957837909910074,trail_exit,ema21,holdout
2025-12-11 18:45:00+00:00,624.745,622.7824126760947,628.6701746478105,2025-12-29 14:30:00+00:00,622.7574126760948,-1.0127382866970887,stop_hit,h_ema21,holdout
2025-12-29 18:30:00+00:00,620.045,618.8515457078046,622.4319085843907,2025-12-29 18:45:00+00:00,619.815,-0.19271789586245053,trail_exit,ema21,holdout
2025-12-29 19:30:00+00:00,620.245,619.2256401489121,622.2837197021757,2025-12-30 14:30:00+00:00,619.745,-0.4905039172048963,trail_exit,ema21,holdout
2025-12-30 15:00:00+00:00,621.3249999999999,620.3203091808831,623.3343816382336,2025-12-30 15:15:00+00:00,620.2953091808831,-1.0248832770483096,stop_hit,ema21,holdout
2025-12-30 17:30:00+00:00,620.5649999999999,619.657190765059,622.3806184698818,2025-12-30 18:30:00+00:00,620.635,0.0771087110659366,trail_exit,ema21,holdout
2025-12-31 16:30:00+00:00,617.755,616.9562846768087,619.3524306463827,2025-12-31 16:45:00+00:00,617.885,0.16276136969623636,trail_exit,ema21,holdout
2025-12-31 18:15:00+00:00,617.875,617.1441614201968,619.3366771596063,2025-12-31 18:30:00+00:00,618.1650000000001,0.3968044490456202,trail_exit,ema21,holdout
2025-12-31 19:15:00+00:00,618.285,617.6109334475802,619.6331331048394,2025-12-31 19:30:00+00:00,617.5859334475803,-1.0370883259378967,stop_hit,ema21,holdout
2025-12-31 20:45:00+00:00,615.5849999999999,614.7933467398497,617.1683065203005,2026-01-02 14:30:00+00:00,617.1433065203005,2.0,target_hit_partial,ema21,holdout
2025-12-31 20:45:00+00:00,615.5849999999999,614.7933467398497,617.1683065203005,2026-01-02 15:15:00+00:00,615.56,-0.031579482152617966,stop_hit,ema21,holdout
2026-01-02 17:15:00+00:00,613.255,611.2204783413898,617.3240433172203,2026-01-02 17:30:00+00:00,612.645,-0.2998247757247853,trail_exit,ema21,holdout
2026-01-02 18:30:00+00:00,611.775,610.0060647531714,615.3128704936572,2026-01-02 18:45:00+00:00,610.835,-0.5313931087557846,trail_exit,ema21,holdout
2026-01-06 17:00:00+00:00,620.665,619.5282396978698,622.9385206042602,2026-01-06 18:45:00+00:00,622.9135206042603,2.0,target_hit_partial,ema21,holdout
2026-01-06 17:00:00+00:00,620.665,619.5282396978698,622.9385206042602,2026-01-07 19:15:00+00:00,625.595,4.3368861410465165,trail_exit,ema21,holdout
2026-01-08 15:15:00+00:00,620.4549999999999,619.1308226997384,623.1033546005231,2026-01-08 15:30:00+00:00,619.1058226997384,-1.0188796470042485,stop_hit,ema21,holdout
2026-01-08 16:45:00+00:00,619.715,618.3093854999169,622.5262290001664,2026-01-08 17:00:00+00:00,619.695,-0.014228652307441582,trail_exit,ema21,holdout
2026-01-08 17:45:00+00:00,620.295,618.964939719469,622.9551205610618,2026-01-08 18:00:00+00:00,619.105,-0.8946962911522572,trail_exit,ema21,holdout
2026-01-12 17:00:00+00:00,627.425,626.3264345046248,629.6221309907503,2026-01-12 20:45:00+00:00,627.155,-0.24577505950865006,trail_exit,h_ema21,holdout
2026-01-13 16:00:00+00:00,625.965,624.7942588374731,628.3064823250539,2026-01-13 16:15:00+00:00,626.155,0.16229035595694016,trail_exit,ema21,holdout
2026-01-13 20:45:00+00:00,624.715,623.6456276262903,626.8537447474195,2026-01-14 14:30:00+00:00,623.6206276262903,-1.0233781988525203,stop_hit,ema21,holdout
2026-01-14 15:15:00+00:00,620.665,618.9653505215139,624.0642989569722,2026-01-14 15:30:00+00:00,618.9403505215139,-1.014708915171289,stop_hit,ema21,holdout
2026-01-14 16:30:00+00:00,618.285,616.502262982285,621.85047403543,2026-01-14 16:45:00+00:00,616.477262982285,-1.0140233807631482,stop_hit,ema21,holdout
2026-01-14 18:15:00+00:00,616.165,614.4918522555457,619.5112954889084,2026-01-14 18:30:00+00:00,615.525,-0.38251254386906886,trail_exit,ema21,holdout
2026-01-14 19:00:00+00:00,616.8249999999999,615.1761532089773,620.1226935820451,2026-01-14 19:15:00+00:00,616.725,-0.060648448688121935,trail_exit,ema21,holdout
2026-01-14 20:15:00+00:00,617.715,616.1593088787798,620.8263822424404,2026-01-15 14:30:00+00:00,620.8013822424405,2.0,target_hit_partial,ema21,holdout
2026-01-14 20:15:00+00:00,617.715,616.1593088787798,620.8263822424404,2026-01-15 19:15:00+00:00,623.705,3.850378727688406,trail_exit,ema21,holdout
2026-01-16 16:00:00+00:00,621.045,619.444284623205,624.2464307535898,2026-01-16 16:15:00+00:00,621.825,0.4872821310443435,trail_exit,ema21,holdout
2026-01-16 19:45:00+00:00,621.655,620.5527461365219,623.859507726956,2026-01-16 20:15:00+00:00,621.6750000000001,0.01814464041612674,trail_exit,ema21,holdout
2026-01-20 15:30:00+00:00,613.4549999999999,611.6860334340453,616.9929331319092,2026-01-20 15:45:00+00:00,613.455,6.426737503671404e-14,trail_exit,ema21,holdout
2026-01-20 16:30:00+00:00,614.475,612.7347187606666,617.9555624786668,2026-01-20 16:45:00+00:00,614.2950000000001,-0.10343155803305538,trail_exit,ema50,holdout
2026-01-20 20:00:00+00:00,608.775,607.4072719393266,611.5104561213467,2026-01-20 20:15:00+00:00,607.745,-0.7530736771554463,trail_exit,ema50,holdout
2026-01-21 14:45:00+00:00,609.655,608.2860846209325,612.392830758135,2026-01-21 15:00:00+00:00,612.367830758135,2.0,target_hit_partial,ema50,holdout
2026-01-21 14:45:00+00:00,609.655,608.2860846209325,612.392830758135,2026-01-21 16:30:00+00:00,611.785,1.5559763828870985,trail_exit,ema50,holdout
2026-01-21 18:00:00+00:00,610.675,608.9382532640315,614.148493471937,2026-01-21 18:15:00+00:00,610.385,-0.16697886571138157,trail_exit,ema21,holdout
2026-01-22 16:15:00+00:00,620.5849999999999,618.509817436996,624.7353651260079,2026-01-22 20:15:00+00:00,619.485,-0.5300738448802206,trail_exit,ema21,holdout
2026-01-23 18:15:00+00:00,622.685,621.3863144842376,625.2823710315247,2026-01-23 18:45:00+00:00,622.535,-0.11550140367271455,trail_exit,ema21,holdout
2026-01-23 20:45:00+00:00,622.765,621.686341022979,624.9223179540419,2026-01-26 14:30:00+00:00,624.8973179540419,2.0,target_hit_partial,ema21,holdout
2026-01-23 20:45:00+00:00,622.765,621.686341022979,624.9223179540419,2026-01-26 20:45:00+00:00,625.455,2.4938373084599177,trail_exit,ema21,holdout
2026-01-27 19:30:00+00:00,631.555,630.8675152639692,632.9299694720615,2026-01-28 14:30:00+00:00,632.9049694720616,2.0,target_hit_partial,h_ema21,holdout
2026-01-27 19:30:00+00:00,631.555,630.8675152639692,632.9299694720615,2026-01-28 16:30:00+00:00,632.315,1.1054790894529176,trail_exit,h_ema21,holdout
2026-01-28 19:00:00+00:00,633.345,632.4234034374707,635.1881931250587,2026-01-28 19:15:00+00:00,632.3984034374707,-1.0271268372913251,stop_hit,h_ema21,holdout
2026-01-28 19:45:00+00:00,632.9449999999999,631.893517621036,635.0479647579277,2026-01-28 20:45:00+00:00,632.945,1.0812053534709737e-13,trail_exit,h_ema21,holdout
2026-01-29 17:15:00+00:00,624.6949999999999,622.7623541846782,628.5602916306434,2026-01-29 17:30:00+00:00,625.5450000000001,0.43981157502396984,trail_exit,ema21,holdout
2026-01-29 18:15:00+00:00,625.9449999999999,624.0136183587201,629.8077632825596,2026-01-29 18:45:00+00:00,625.5450000000001,-0.20710562400024007,trail_exit,ema21,holdout
2026-01-29 19:15:00+00:00,626.545,624.7723453494223,630.0903093011553,2026-01-29 19:30:00+00:00,626.025,-0.29334535061892536,trail_exit,ema21,holdout
2026-01-29 20:45:00+00:00,627.625,626.1081534026399,630.6586931947202,2026-01-30 14:30:00+00:00,626.0831534026399,-1.0164815611832385,stop_hit,ema21,holdout
2026-01-30 15:15:00+00:00,627.225,625.2949569016243,631.0850861967514,2026-01-30 15:30:00+00:00,625.2699569016244,-1.0129530786234864,stop_hit,ema21,holdout
2026-01-30 19:00:00+00:00,623.485,621.2999338283381,627.8551323433238,2026-01-30 19:15:00+00:00,622.7950000000001,-0.3157799104432365,trail_exit,ema21,holdout
2026-02-02 17:00:00+00:00,627.175,625.3159351055155,630.893129788969,2026-02-02 19:45:00+00:00,625.995,-0.6347277082692422,trail_exit,ema21,holdout
2026-02-03 16:00:00+00:00,620.655,618.6936417767009,624.5777164465981,2026-02-03 16:15:00+00:00,618.668641776701,-1.0127462692449556,stop_hit,ema21,holdout
2026-02-03 19:15:00+00:00,613.515,611.6819352331571,617.1811295336857,2026-02-03 19:30:00+00:00,612.1750000000001,-0.7310161780632679,trail_exit,ema50,holdout
2026-02-03 20:30:00+00:00,613.715,611.9240910103019,617.2968179793962,2026-02-04 14:30:00+00:00,611.899091010302,-1.013959391651829,stop_hit,ema50,holdout
2026-02-04 15:15:00+00:00,611.095,608.7583710256292,615.7682579487416,2026-02-04 15:30:00+00:00,608.7333710256293,-1.010699174012729,stop_hit,ema50,holdout
2026-02-04 19:00:00+00:00,603.875,601.222249017104,609.180501965792,2026-02-04 19:15:00+00:00,604.7950000000001,0.34680978574012566,trail_exit,ema100,holdout
2026-02-05 16:30:00+00:00,600.475,597.0551177976633,607.3147644046734,2026-02-05 16:45:00+00:00,601.565,0.3187244283605075,trail_exit,ema100,holdout
2026-02-05 17:30:00+00:00,601.905,598.6904124432284,608.3341751135431,2026-02-05 17:45:00+00:00,600.515,-0.43240383889122475,trail_exit,ema100,holdout
2026-02-05 19:15:00+00:00,600.995,598.1923698104745,606.6002603790511,2026-02-05 19:30:00+00:00,598.1673698104745,-1.0089201922156592,stop_hit,ema100,holdout
2026-02-06 14:30:00+00:00,600.215,597.6914874963064,605.2620250073873,2026-02-06 14:45:00+00:00,605.2370250073873,2.0,target_hit_partial,ema100,holdout
2026-02-06 14:30:00+00:00,600.215,597.6914874963064,605.2620250073873,2026-02-06 15:00:00+00:00,600.19,-0.009906826284151678,stop_hit,ema100,holdout
2026-02-06 15:30:00+00:00,603.665,600.7057465478448,609.5835069043103,2026-02-06 20:30:00+00:00,609.5585069043103,2.0,target_hit_partial,ema100,holdout
2026-02-06 15:30:00+00:00,603.665,600.7057465478448,609.5835069043103,2026-02-09 20:45:00+00:00,614.3050000000001,3.5955014235942495,trail_exit,ema100,holdout
2026-02-25 16:15:00+00:00,614.4549999999999,613.1909764049458,616.9830471901082,2026-02-26 14:30:00+00:00,613.1659764049458,-1.0197781118151568,stop_hit,ema21,holdout
2026-02-26 18:45:00+00:00,607.3149999999999,605.8587845776424,610.2274308447151,2026-02-26 19:15:00+00:00,608.4250000000001,0.7622498587489743,trail_exit,ema100,holdout
2026-02-26 19:45:00+00:00,608.855,607.4359212651511,611.6931574696978,2026-02-26 20:00:00+00:00,608.135,-0.5073714250793143,trail_exit,ema100,holdout
2026-02-27 15:00:00+00:00,604.5649999999999,602.7638628807177,608.1672742385643,2026-02-27 15:15:00+00:00,606.755,1.2158985435116807,trail_exit,ema100,holdout
2026-02-27 17:00:00+00:00,606.745,604.8796314318909,610.4757371362183,2026-02-27 17:15:00+00:00,606.2950000000001,-0.24123918870150124,trail_exit,ema100,holdout
2026-02-27 19:15:00+00:00,605.3249999999999,603.758293391667,608.4584132166657,2026-02-27 19:30:00+00:00,604.625,-0.44679711968841224,trail_exit,ema100,holdout
2026-03-02 14:30:00+00:00,598.9549999999999,597.4906485769889,601.8837028460221,2026-03-02 14:45:00+00:00,601.8587028460221,2.0,target_hit_partial,ema100,holdout
2026-03-02 14:30:00+00:00,598.9549999999999,597.4906485769889,601.8837028460221,2026-03-02 14:45:00+00:00,604.095,3.5100863899397834,trail_exit,ema100,holdout
2026-03-02 15:45:00+00:00,606.055,603.8961042220055,610.3727915559888,2026-03-02 16:15:00+00:00,604.2950000000001,-0.8152315725193979,trail_exit,ema100,holdout
2026-03-02 16:45:00+00:00,607.865,605.5395355498933,612.5159289002133,2026-03-02 18:45:00+00:00,606.825,-0.44722248923317687,trail_exit,ema100,holdout
2026-03-03 16:15:00+00:00,597.265,594.6502372468731,602.4945255062538,2026-03-03 16:30:00+00:00,598.985,0.6578034653213315,trail_exit,ema100,holdout
2026-03-03 17:30:00+00:00,600.415,598.0281833334013,605.1886333331972,2026-03-03 17:45:00+00:00,598.855,-0.6535902073379792,trail_exit,ema100,holdout
2026-03-04 15:00:00+00:00,605.775,603.5880232986707,610.1489534026585,2026-03-04 15:15:00+00:00,610.1239534026586,2.0,target_hit_partial,ema100,holdout
2026-03-04 15:00:00+00:00,605.775,603.5880232986707,610.1489534026585,2026-03-05 14:30:00+00:00,609.0550000000001,1.4997873539331446,trail_exit,ema100,holdout
2026-03-05 18:15:00+00:00,604.765,602.75852915294,608.7779416941199,2026-03-05 18:30:00+00:00,602.73352915294,-1.012459687633443,stop_hit,ema21,holdout
2026-03-06 15:00:00+00:00,600.505,597.9178069886799,605.6793860226402,2026-03-06 15:15:00+00:00,603.615,1.2020749848938248,trail_exit,ema21,holdout
2026-03-09 14:45:00+00:00,596.725,594.1007250146876,601.973549970625,2026-03-09 15:00:00+00:00,598.245,0.5792075939095986,trail_exit,ema100,holdout
2026-03-10 14:30:00+00:00,608.125,605.7713160068502,612.8323679862997,2026-03-10 17:15:00+00:00,612.8073679862997,2.0,target_hit_partial,ema21,holdout
2026-03-10 14:30:00+00:00,608.125,605.7713160068502,612.8323679862997,2026-03-10 18:00:00+00:00,608.9350000000001,0.3441413555759742,trail_exit,ema21,holdout
2026-03-10 19:15:00+00:00,609.1949999999999,607.3163317726361,612.9523364547276,2026-03-10 19:30:00+00:00,607.2913317726361,-1.0133072990940275,stop_hit,ema21,holdout
2026-03-11 17:30:00+00:00,608.3149999999999,606.5843565463737,611.7762869072525,2026-03-11 17:45:00+00:00,606.5593565463737,-1.0144454942163819,stop_hit,ema21,holdout
2026-03-12 14:15:00+00:00,601.8349999999999,599.8744207568819,605.7561584862359,2026-03-12 14:30:00+00:00,599.849420756882,-1.0127513336110907,stop_hit,ema21,holdout
2026-03-12 15:30:00+00:00,598.985,596.9446169027135,603.065766194573,2026-03-12 15:45:00+00:00,600.0550000000001,0.5244113232574,trail_exit,ema100,holdout
2026-03-12 16:45:00+00:00,600.625,598.46492549358,604.9451490128399,2026-03-12 17:00:00+00:00,599.9150000000001,-0.3286923658835521,trail_exit,ema100,holdout
2026-03-12 18:15:00+00:00,599.865,597.9657978090206,603.6634043819588,2026-03-12 18:30:00+00:00,598.6650000000001,-0.6318442584468096,trail_exit,ema100,holdout
2026-03-13 13:45:00+00:00,602.755,600.8534208134944,606.5581583730112,2026-03-13 14:00:00+00:00,600.8284208134944,-1.0131469676242713,stop_hit,ema100,holdout
2026-03-13 16:15:00+00:00,594.665,592.547472427663,598.9000551446738,2026-03-13 16:30:00+00:00,594.4350000000001,-0.10861723974912524,trail_exit,ema100,holdout
2026-03-13 17:15:00+00:00,595.245,593.2413849699731,599.2522300600539,2026-03-13 17:30:00+00:00,594.385,-0.4292241708670214,trail_exit,donchian_low,holdout
2026-03-16 13:30:00+00:00,600.0649999999999,598.5001542862684,603.194691427463,2026-03-16 19:00:00+00:00,603.169691427463,2.0,target_hit_partial,donchian_low,holdout
2026-03-16 13:30:00+00:00,600.0649999999999,598.5001542862684,603.194691427463,2026-03-16 19:30:00+00:00,600.04,-0.01597601589767102,stop_hit,donchian_low,holdout
2026-03-17 19:00:00+00:00,603.255,602.1590489918191,605.4469020163618,2026-03-17 19:30:00+00:00,603.095,-0.14599192738144326,trail_exit,ema21,holdout
2026-03-18 13:30:00+00:00,601.535,600.5477973567093,603.5094052865812,2026-03-18 13:45:00+00:00,602.475,0.9521854569460683,trail_exit,ema21,holdout
2026-03-18 15:00:00+00:00,600.425,599.1059107688097,603.0631784623804,2026-03-18 15:15:00+00:00,600.515,0.06822889450687465,trail_exit,ema21,holdout
2026-03-18 17:30:00+00:00,599.185,597.9982227614115,601.5585544771768,2026-03-18 17:45:00+00:00,600.205,0.8594704775542334,trail_exit,ema100,holdout
2026-03-19 15:15:00+00:00,592.555,590.5800843099181,596.5048313801636,2026-03-19 15:30:00+00:00,590.5550843099181,-1.0126587682327548,stop_hit,donchian_low,holdout
2026-03-19 16:00:00+00:00,590.645,588.6536261767093,594.6277476465814,2026-03-19 16:15:00+00:00,590.495,-0.07532488287513271,trail_exit,donchian_low,holdout
2026-03-19 17:30:00+00:00,590.0649999999999,588.1915872276028,593.8118255447943,2026-03-19 17:45:00+00:00,590.105,0.021351407756708404,trail_exit,donchian_low,holdout
2026-03-20 14:45:00+00:00,586.285,584.154919160592,590.5451616788158,2026-03-20 15:00:00+00:00,586.705,0.19717561523008476,trail_exit,donchian_low,holdout
2026-03-20 18:00:00+00:00,584.525,582.8312536764333,587.9124926471333,2026-03-20 18:15:00+00:00,582.8062536764334,-1.0147601796397308,stop_hit,donchian_low,holdout
2026-03-23 13:30:00+00:00,590.545,588.8702924795208,593.8944150409583,2026-03-23 14:15:00+00:00,593.8694150409583,2.0,target_hit_partial,ema200,holdout
2026-03-23 13:30:00+00:00,590.545,588.8702924795208,593.8944150409583,2026-03-23 15:45:00+00:00,590.52,-0.01492797977811933,stop_hit,ema200,holdout
2026-03-23 19:45:00+00:00,590.505,588.7460287950846,594.0229424098308,2026-03-24 13:30:00+00:00,588.7210287950846,-1.0142128534737327,stop_hit,h_ema21,holdout
2026-03-24 14:00:00+00:00,583.915,581.7695336234697,588.2059327530606,2026-03-24 14:15:00+00:00,583.605,-0.14449072863182585,trail_exit,donchian_low,holdout
2026-03-24 14:45:00+00:00,584.7049999999999,582.6121685024646,588.8906629950707,2026-03-24 15:00:00+00:00,586.145,0.6880630388523272,trail_exit,donchian_low,holdout
2026-03-24 16:30:00+00:00,586.655,584.655257694676,590.6544846106478,2026-03-24 16:45:00+00:00,585.405,-0.6250805399636304,trail_exit,h_ema21,holdout
2026-03-24 19:15:00+00:00,586.285,584.4833686902246,589.8882626195508,2026-03-24 19:30:00+00:00,584.4583686902246,-1.01387631301939,stop_hit,donchian_low,holdout
2026-03-25 16:30:00+00:00,588.675,586.6170318700869,592.7909362598261,2026-03-25 18:30:00+00:00,588.285,-0.18950730787869682,trail_exit,h_ema21,holdout
2026-03-26 14:00:00+00:00,584.025,582.0697373176673,587.9355253646653,2026-03-26 14:15:00+00:00,582.945,-0.552355450630025,trail_exit,donchian_low,holdout
2026-04-01 15:45:00+00:00,586.295,584.3104002259806,590.2641995480386,2026-04-01 18:15:00+00:00,584.2854002259807,-1.0125969983103171,stop_hit,ema21,holdout
2026-04-01 19:15:00+00:00,584.055,582.6161783966844,586.932643206631,2026-04-02 13:30:00+00:00,582.5911783966844,-1.01737532988271,stop_hit,ema21,holdout
2026-04-02 14:00:00+00:00,577.235,574.8196185377376,582.0657629245248,2026-04-02 14:15:00+00:00,582.0407629245249,2.0,target_hit_partial,ema21,holdout
2026-04-02 14:00:00+00:00,577.235,574.8196185377376,582.0657629245248,2026-04-02 14:15:00+00:00,578.255,0.4222935449063925,trail_exit,ema21,holdout
2026-04-02 16:45:00+00:00,583.155,580.5280067257502,588.4089865484996,2026-04-02 17:45:00+00:00,581.8050000000001,-0.5138954915617111,trail_exit,ema21,holdout
2026-04-06 19:45:00+00:00,588.035,586.768513228612,590.5679735427758,2026-04-07 13:30:00+00:00,586.7435132286121,-1.0197396455808063,stop_hit,ema21,holdout
2026-04-07 14:30:00+00:00,582.555,580.8749672703171,585.9150654593656,2026-04-07 14:45:00+00:00,580.8499672703172,-1.0148806624765563,stop_hit,ema21,holdout
2026-04-07 15:30:00+00:00,581.395,579.5904473450523,585.0041053098953,2026-04-07 15:45:00+00:00,582.345,0.5264462621222885,trail_exit,ema21,holdout
2026-04-07 17:45:00+00:00,585.385,583.6583574510515,588.8382850978969,2026-04-07 18:30:00+00:00,583.6333574510516,-1.0144789667179246,stop_hit,ema21,holdout
2026-04-09 15:45:00+00:00,607.055,605.3901687952126,610.3846624095746,2026-04-09 19:45:00+00:00,610.3596624095746,2.0,target_hit_partial,ema50,holdout
2026-04-09 15:45:00+00:00,607.055,605.3901687952126,610.3846624095746,2026-04-10 16:30:00+00:00,609.6750000000001,1.5737331162859833,trail_exit,ema50,holdout
2026-04-10 17:45:00+00:00,610.375,609.1814387077417,612.7621225845166,2026-04-10 18:00:00+00:00,610.355,-0.016756575577396654,trail_exit,h_ema21,holdout
2026-04-13 14:00:00+00:00,611.635,610.403300535955,614.0983989280899,2026-04-13 14:15:00+00:00,610.3783005359551,-1.0202971591120746,stop_hit,h_ema21,holdout
2026-04-13 17:00:00+00:00,614.1949999999999,612.8810682608417,616.8228634783163,2026-04-13 19:45:00+00:00,616.7978634783163,2.0,target_hit_partial,h_ema21,holdout
2026-04-13 17:00:00+00:00,614.1949999999999,612.8810682608417,616.8228634783163,2026-04-16 18:00:00+00:00,638.695,18.64632634241466,trail_exit,h_ema21,holdout
2026-04-20 17:15:00+00:00,645.595,644.2909105065869,648.2031789868263,2026-04-21 13:30:00+00:00,648.1781789868263,2.0,target_hit_partial,h_ema21,holdout
2026-04-20 17:15:00+00:00,645.595,644.2909105065869,648.2031789868263,2026-04-21 14:45:00+00:00,646.595,0.7668185389506885,trail_exit,h_ema21,holdout
2026-04-21 17:45:00+00:00,646.425,644.845391224107,649.584217551786,2026-04-21 18:15:00+00:00,644.820391224107,-1.0158267036632813,stop_hit,h_ema21,holdout
2026-04-23 18:00:00+00:00,650.305,648.3801169941102,654.1547660117795,2026-04-23 18:15:00+00:00,651.655,0.7013413261321675,trail_exit,h_ema21,holdout
2026-04-24 13:30:00+00:00,658.475,656.6509799995392,662.1230400009216,2026-04-24 13:45:00+00:00,656.6259799995393,-1.0137059900624235,stop_hit,h_ema21,holdout
2026-04-24 14:15:00+00:00,659.095,656.7427398174153,663.7995203651694,2026-04-24 17:45:00+00:00,663.7745203651695,2.0,target_hit_partial,h_ema21,holdout
2026-04-24 14:15:00+00:00,659.095,656.7427398174153,663.7995203651694,2026-04-27 14:15:00+00:00,662.145,1.2966252724001672,trail_exit,h_ema21,holdout
2026-04-27 17:45:00+00:00,663.935,662.8785461958875,666.0479076082249,2026-04-28 13:30:00+00:00,662.8535461958875,-1.0236640730552145,stop_hit,h_ema21,holdout
2026-04-28 17:45:00+00:00,656.465,655.0557158748045,659.2835682503911,2026-04-28 18:00:00+00:00,656.965,0.35479006047174777,trail_exit,h_ema21,holdout
2026-04-28 18:30:00+00:00,657.8349999999999,656.5476650061754,660.409669987649,2026-04-28 19:45:00+00:00,657.505,-0.2563435326336756,trail_exit,h_ema21,holdout
2026-04-29 14:00:00+00:00,658.985,657.7644945184422,661.4260109631156,2026-04-29 16:15:00+00:00,658.4350000000001,-0.4506329617610301,trail_exit,h_ema21,holdout
2026-04-29 19:00:00+00:00,660.715,659.27566271748,663.59367456504,2026-04-30 13:30:00+00:00,663.56867456504,2.0,target_hit_partial,h_ema21,holdout
2026-04-29 19:00:00+00:00,660.715,659.27566271748,663.59367456504,2026-04-30 13:45:00+00:00,660.69,-0.017369104728675627,stop_hit,h_ema21,holdout
2026-05-04 14:45:00+00:00,676.425,675.1456715185028,678.9836569629942,2026-05-04 15:00:00+00:00,675.1206715185028,-1.0195415019375795,stop_hit,h_ema21,holdout
2026-05-04 16:30:00+00:00,671.285,669.5371791076235,674.7806417847529,2026-05-04 16:45:00+00:00,671.095,-0.10870679074078511,trail_exit,h_ema21,holdout
2026-05-04 17:15:00+00:00,672.025,670.4003270770586,675.2743458458827,2026-05-04 17:30:00+00:00,672.775,0.46163137786660713,trail_exit,h_ema21,holdout
2026-05-05 13:30:00+00:00,678.005,676.70771766038,680.59956467924,2026-05-05 13:45:00+00:00,680.57456467924,2.0,target_hit_partial,h_ema21,holdout
2026-05-05 13:30:00+00:00,678.005,676.70771766038,680.59956467924,2026-05-07 16:00:00+00:00,695.285,13.320153579722561,trail_exit,h_ema21,holdout
