entry_date,entry_price,stop,target,exit_date,exit_price,R_multiple,exit_reason,zone_triggered,period
2023-02-03 15:45:00+00:00,58.35,58.17655898405169,58.69688203189663,2023-02-03 16:45:00+00:00,58.16155898405169,-1.086484733256352,stop_hit,h_ema21,train
2023-02-03 17:45:00+00:00,58.225,58.076491090182955,58.522017819634094,2023-02-03 18:00:00+00:00,58.061491090182955,-1.1010040408920896,stop_hit,h_ema200,train
2023-02-06 16:30:00+00:00,57.475,57.32463030288367,57.775739394232666,2023-02-06 17:00:00+00:00,57.30963030288367,-1.0997541412110177,stop_hit,ema21,train
2023-02-06 17:45:00+00:00,57.3643,57.24050932507397,57.611881349852055,2023-02-07 15:45:00+00:00,57.596881349852055,2.0,scaleout_tier_1,ema21,train
2023-02-06 17:45:00+00:00,57.3643,57.24050932507397,57.73567202477808,2023-02-07 16:30:00+00:00,57.72067202477808,3.0,scaleout_tier_2,ema21,train
2023-02-06 17:45:00+00:00,57.3643,57.24050932507397,57.85946269970411,2023-02-07 17:30:00+00:00,57.84446269970411,4.0,scaleout_tier_3,ema21,train
2023-02-06 17:45:00+00:00,57.3643,57.24050932507397,57.98325337463014,2023-02-07 17:45:00+00:00,57.96825337463014,5.0,scaleout_tier_4,ema21,train
2023-02-06 17:45:00+00:00,57.3643,57.24050932507397,58.107044049556166,2023-02-07 17:45:00+00:00,58.092044049556165,6.0,scaleout_tier_5,ema21,train
2023-02-06 17:45:00+00:00,57.3643,57.24050932507397,58.23083472448219,2023-02-07 17:45:00+00:00,58.21583472448219,7.0,scaleout_tier_6,ema21,train
2023-02-08 17:00:00+00:00,57.8,57.66448443132748,58.07103113734503,2023-02-08 17:15:00+00:00,57.81,0.07379225942792472,trail_exit,ema21,train
2023-02-10 14:45:00+00:00,58.165,58.03959117489684,58.415817650206314,2023-02-10 15:00:00+00:00,58.02459117489684,-1.1196088073360229,stop_hit,ema21,train
2023-02-10 17:30:00+00:00,58.015,57.90854046320278,58.227919073594435,2023-02-13 14:30:00+00:00,57.89354046320278,-1.1408986028989807,stop_hit,ema21,train
2023-02-13 15:30:00+00:00,57.81,57.699016123406196,58.031967753187615,2023-02-13 20:30:00+00:00,58.016967753187615,2.0,scaleout_tier_1,ema21,train
2023-02-13 15:30:00+00:00,57.81,57.699016123406196,58.031967753187615,2023-02-14 14:30:00+00:00,57.795,-0.13515476716405897,stop_hit,ema21,train
2023-02-14 15:00:00+00:00,57.855000000000004,57.73318442039378,58.098631159212445,2023-02-14 15:30:00+00:00,57.71818442039378,-1.1231369587411508,stop_hit,ema21,train
2023-02-14 18:00:00+00:00,57.595,57.466006122287354,57.85298775542529,2023-02-15 14:30:00+00:00,57.45100612228735,-1.1162845885865647,stop_hit,ema21,train
2023-02-15 16:15:00+00:00,57.035000000000004,56.900778695850285,57.30344260829944,2023-02-16 14:30:00+00:00,56.885778695850284,-1.1117557312903816,stop_hit,ema200,train
2023-02-16 15:15:00+00:00,56.915,56.80959342706596,57.12581314586807,2023-02-16 16:30:00+00:00,57.11081314586807,2.0,scaleout_tier_1,ema50,train
2023-02-16 15:15:00+00:00,56.915,56.80959342706596,57.23121971880211,2023-02-16 17:30:00+00:00,57.21621971880211,3.0,scaleout_tier_2,ema50,train
2023-02-16 15:15:00+00:00,56.915,56.80959342706596,57.12581314586807,2023-02-16 20:15:00+00:00,57.055,1.3281904164326885,trail_exit,ema50,train
2023-02-17 15:45:00+00:00,56.9,56.78331688655704,57.13336622688592,2023-02-17 16:15:00+00:00,56.76831688655704,-1.1285533061074278,stop_hit,ema50,train
2023-02-17 16:45:00+00:00,56.895,56.78327789454799,57.11844421090402,2023-02-21 14:30:00+00:00,56.76827789454799,-1.1342617017403398,stop_hit,ema50,train
2023-02-21 15:30:00+00:00,56.585,56.47202747613231,56.81094504773538,2023-02-21 16:15:00+00:00,56.45702747613231,-1.1327756474447552,stop_hit,ema50,train
2023-03-24 15:00:00+00:00,56.955,56.8179598224655,57.229080355069,2023-03-24 15:15:00+00:00,56.802959822465496,-1.1094569510187926,stop_hit,ema21,train
2023-03-27 15:45:00+00:00,57.25,57.16331336591216,57.42337326817568,2023-03-28 13:30:00+00:00,57.40837326817568,2.0,scaleout_tier_1,ema200,train
2023-03-27 15:45:00+00:00,57.25,57.16331336591216,57.51005990226352,2023-03-29 13:30:00+00:00,57.49505990226352,3.0,scaleout_tier_2,ema200,train
2023-03-27 15:45:00+00:00,57.25,57.16331336591216,57.59674653635136,2023-03-29 13:30:00+00:00,57.58174653635136,4.0,scaleout_tier_3,ema200,train
2023-03-27 15:45:00+00:00,57.25,57.16331336591216,57.6834331704392,2023-03-29 13:30:00+00:00,57.6684331704392,5.0,scaleout_tier_4,ema200,train
2023-03-29 17:15:00+00:00,57.725,57.655642511577554,57.863714976844896,2023-03-29 17:30:00+00:00,57.64064251157755,-1.216270807106473,stop_hit,h_ema21,train
2023-03-29 18:45:00+00:00,57.7,57.63819320516764,57.82361358966473,2023-03-30 13:30:00+00:00,57.80861358966473,2.0,scaleout_tier_1,h_ema21,train
2023-03-29 18:45:00+00:00,57.7,57.63819320516764,57.885420384497095,2023-03-30 13:30:00+00:00,57.870420384497095,3.0,scaleout_tier_2,h_ema21,train
2023-03-29 18:45:00+00:00,57.7,57.63819320516764,57.94722717932946,2023-03-30 13:30:00+00:00,57.93222717932946,4.0,scaleout_tier_3,h_ema21,train
2023-03-29 18:45:00+00:00,57.7,57.63819320516764,58.009033974161824,2023-03-30 13:45:00+00:00,57.99403397416182,5.0,scaleout_tier_4,h_ema21,train
2023-03-29 18:45:00+00:00,57.7,57.63819320516764,58.07084076899419,2023-03-30 13:45:00+00:00,58.05584076899419,6.0,scaleout_tier_5,h_ema21,train
2023-04-03 15:30:00+00:00,58.69,58.597274262379216,58.87545147524156,2023-04-04 16:00:00+00:00,58.815,1.3480615329393146,trail_exit,h_ema21,train
2023-04-04 17:00:00+00:00,58.865,58.781225625589364,59.03254874882128,2023-04-05 13:30:00+00:00,58.766225625589364,-1.1790523666160124,stop_hit,h_ema21,train
2023-04-05 15:45:00+00:00,58.04,57.92633887952412,58.26732224095176,2023-04-05 16:45:00+00:00,57.911338879524116,-1.1319712487189797,stop_hit,h_ema200,train
2023-04-05 18:45:00+00:00,58.11,58.03001734179261,58.26996531641478,2023-04-06 13:30:00+00:00,58.01501734179261,-1.1875406536390194,stop_hit,h_ema21,train
2023-04-06 14:15:00+00:00,57.825,57.73199838074486,58.011003238510284,2023-04-06 14:30:00+00:00,57.71699838074486,-1.1612875143479984,stop_hit,ema21,train
2023-04-06 16:15:00+00:00,57.895,57.81408831365724,58.056823372685535,2023-04-06 19:15:00+00:00,57.799088313657236,-1.1853873114998008,stop_hit,ema21,train
2023-04-10 15:15:00+00:00,57.45,57.37008542257998,57.60982915484004,2023-04-10 19:30:00+00:00,57.59482915484004,2.0,scaleout_tier_1,ema21,train
2023-04-10 15:15:00+00:00,57.45,57.37008542257998,57.68974373226006,2023-04-10 19:45:00+00:00,57.67474373226006,3.0,scaleout_tier_2,ema21,train
2023-04-10 15:15:00+00:00,57.45,57.37008542257998,57.76965830968008,2023-04-11 13:30:00+00:00,57.75465830968008,4.0,scaleout_tier_3,ema21,train
2023-04-10 15:15:00+00:00,57.45,57.37008542257998,57.8495728871001,2023-04-11 14:15:00+00:00,57.8345728871001,5.0,scaleout_tier_4,ema21,train
2023-04-10 15:15:00+00:00,57.45,57.37008542257998,57.92948746452012,2023-04-11 17:30:00+00:00,57.91448746452012,6.0,scaleout_tier_5,ema21,train
2023-04-10 15:15:00+00:00,57.45,57.37008542257998,58.00940204194014,2023-04-12 13:30:00+00:00,57.99440204194014,7.0,scaleout_tier_6,ema21,train
2023-04-10 15:15:00+00:00,57.45,57.37008542257998,58.08931661936016,2023-04-12 13:30:00+00:00,58.07431661936016,8.0,scaleout_tier_7,ema21,train
2023-04-10 15:15:00+00:00,57.45,57.37008542257998,58.16923119678018,2023-04-12 13:30:00+00:00,58.15423119678018,9.0,scaleout_tier_8,ema21,train
2023-04-12 15:30:00+00:00,58.135,58.03338575804668,58.33822848390664,2023-04-12 17:45:00+00:00,58.165,0.2952342055927787,trail_exit,h_ema21,train
2023-04-12 18:15:00+00:00,58.295,58.21338507611517,58.45822984776966,2023-04-12 18:30:00+00:00,58.19838507611517,-1.1837899159370409,stop_hit,h_ema21,train
2023-04-14 18:30:00+00:00,58.405,58.326874593442334,58.561250813115336,2023-04-14 19:00:00+00:00,58.31187459344233,-1.191999000849083,stop_hit,h_ema200,train
2023-04-17 16:00:00+00:00,58.415,58.34807210182319,58.548855796353614,2023-04-17 19:15:00+00:00,58.53385579635361,2.0,scaleout_tier_1,h_ema21,train
2023-04-17 16:00:00+00:00,58.415,58.34807210182319,58.61578369453042,2023-04-17 19:45:00+00:00,58.60078369453042,3.0,scaleout_tier_2,h_ema21,train
2023-04-17 16:00:00+00:00,58.415,58.34807210182319,58.68271159270723,2023-04-18 13:30:00+00:00,58.66771159270723,4.0,scaleout_tier_3,h_ema21,train
2023-04-17 16:00:00+00:00,58.415,58.34807210182319,58.749639490884036,2023-04-18 13:30:00+00:00,58.734639490884035,5.0,scaleout_tier_4,h_ema21,train
2023-04-17 16:00:00+00:00,58.415,58.34807210182319,58.81656738906084,2023-04-18 13:30:00+00:00,58.80156738906084,6.0,scaleout_tier_5,h_ema21,train
2023-04-17 16:00:00+00:00,58.415,58.34807210182319,58.88349528723765,2023-04-18 13:30:00+00:00,58.86849528723765,7.0,scaleout_tier_6,h_ema21,train
2023-04-17 16:00:00+00:00,58.415,58.34807210182319,58.95042318541446,2023-04-18 13:30:00+00:00,58.93542318541446,8.0,scaleout_tier_7,h_ema21,train
2023-04-17 16:00:00+00:00,58.415,58.34807210182319,59.017351083591265,2023-04-18 13:30:00+00:00,59.002351083591265,9.0,scaleout_tier_8,h_ema21,train
2023-04-19 14:15:00+00:00,58.495,58.405481965511065,58.67403606897786,2023-04-19 14:30:00+00:00,58.464999999999996,-0.3351280015392891,trail_exit,h_ema21,train
2023-04-19 17:00:00+00:00,58.515,58.450924173028696,58.64315165394261,2023-04-19 19:30:00+00:00,58.435924173028695,-1.2340976419503424,stop_hit,h_ema200,train
2023-04-20 14:15:00+00:00,58.77,58.69960441285488,58.910791174290246,2023-04-20 16:00:00+00:00,58.68460441285488,-1.2130815383225355,stop_hit,h_ema21,train
2023-04-20 19:00:00+00:00,58.605000000000004,58.54972416050839,58.71555167898323,2023-04-20 19:15:00+00:00,58.53472416050839,-1.2713662992359664,stop_hit,h_ema21,train
2023-04-21 15:15:00+00:00,58.76,58.660844942375185,58.958310115249624,2023-04-21 17:45:00+00:00,58.94331011524962,2.0,scaleout_tier_1,h_ema21,train
2023-04-21 15:15:00+00:00,58.76,58.660844942375185,58.958310115249624,2023-04-24 13:30:00+00:00,58.745,-0.15127821373225542,stop_hit,h_ema21,train
2023-04-24 16:15:00+00:00,58.83,58.76630775326737,58.957384493465256,2023-04-24 19:45:00+00:00,58.942384493465255,2.0,scaleout_tier_1,h_ema21,train
2023-04-24 16:15:00+00:00,58.83,58.76630775326737,58.957384493465256,2023-04-25 13:45:00+00:00,58.815,-0.23550747178017636,stop_hit,h_ema21,train
2023-04-25 16:30:00+00:00,58.825,58.77063595815923,58.933728083681544,2023-04-25 17:00:00+00:00,58.75563595815923,-1.2759176744792966,stop_hit,h_ema21,train
2023-04-26 13:45:00+00:00,58.67,58.60099241536657,58.80801516926687,2023-04-26 14:00:00+00:00,58.58599241536657,-1.2173674108386843,stop_hit,h_ema21,train
2023-04-26 15:15:00+00:00,58.625,58.55563726051952,58.763725478960964,2023-04-26 15:45:00+00:00,58.54063726051952,-1.2162544344751753,stop_hit,ema21,train
2023-04-26 17:00:00+00:00,58.54,58.47722243243467,58.66555513513065,2023-04-26 17:15:00+00:00,58.46222243243467,-1.2389388531881464,stop_hit,ema21,train
2023-05-12 13:45:00+00:00,60.475,60.26666725509034,60.891665489819324,2023-05-12 14:30:00+00:00,60.25166725509034,-1.0720002033597982,stop_hit,ema21,train
2023-05-16 15:30:00+00:00,60.55,60.481817617169185,60.68636476566162,2023-05-16 15:45:00+00:00,60.466817617169184,-1.219998178081008,stop_hit,h_ema21,train
2023-05-18 17:15:00+00:00,60.68,60.614224272017886,60.81155145596423,2023-05-18 17:45:00+00:00,60.599224272017885,-1.228047647060317,stop_hit,h_ema21,train
2023-05-18 18:30:00+00:00,60.7,60.63725495632463,60.825490087350744,2023-05-18 19:45:00+00:00,60.81049008735074,2.0,scaleout_tier_1,h_ema21,train
2023-05-18 18:30:00+00:00,60.7,60.63725495632463,60.825490087350744,2023-05-19 13:30:00+00:00,60.685,-0.23906270712962413,stop_hit,h_ema21,train
2023-05-19 14:30:00+00:00,60.9,60.82755726049442,61.04488547901115,2023-05-19 14:45:00+00:00,60.81255726049442,-1.207060087765539,stop_hit,h_ema21,train
2023-05-19 16:00:00+00:00,60.885,60.80185858174658,61.051282836506836,2023-05-19 16:30:00+00:00,60.78685858174658,-1.1804154934461168,stop_hit,h_ema21,train
2023-05-19 19:00:00+00:00,60.875,60.81099651173631,61.003006976527374,2023-05-19 19:15:00+00:00,60.79599651173631,-1.2343622262930785,stop_hit,h_ema21,train
2023-05-23 15:45:00+00:00,60.615,60.51238985716947,60.82022028566107,2023-05-23 16:15:00+00:00,60.497389857169466,-1.1461843789144088,stop_hit,h_ema200,train
2023-05-23 19:15:00+00:00,60.5,60.41369568730189,60.67260862539622,2023-05-23 19:45:00+00:00,60.39869568730189,-1.173803597190675,stop_hit,h_ema200,train
2023-05-25 13:45:00+00:00,59.975,59.8739617037719,60.17707659245621,2023-05-25 15:30:00+00:00,59.8589617037719,-1.148458560367413,stop_hit,ema21,train
2023-05-25 16:30:00+00:00,59.9249,59.83671102900781,60.101277941984385,2023-05-26 13:30:00+00:00,60.086277941984385,2.0,scaleout_tier_1,ema21,train
2023-05-25 16:30:00+00:00,59.9249,59.83671102900781,60.18946691297658,2023-05-26 14:00:00+00:00,60.17446691297658,3.0,scaleout_tier_2,ema21,train
2023-05-25 16:30:00+00:00,59.9249,59.83671102900781,60.27765588396877,2023-05-26 14:00:00+00:00,60.26265588396877,4.0,scaleout_tier_3,ema21,train
2023-05-25 16:30:00+00:00,59.9249,59.83671102900781,60.36584485496096,2023-05-26 14:15:00+00:00,60.35084485496096,5.0,scaleout_tier_4,ema21,train
2023-05-25 16:30:00+00:00,59.9249,59.83671102900781,60.101277941984385,2023-05-26 17:15:00+00:00,60.185,2.9493483944044367,trail_exit,ema21,train
2023-05-30 14:45:00+00:00,59.93,59.839153046407944,60.11169390718411,2023-05-30 15:15:00+00:00,59.82415304640794,-1.1651128563689364,stop_hit,ema21,train
2023-05-30 16:00:00+00:00,59.83,59.74696064671704,59.99607870656591,2023-05-30 16:30:00+00:00,59.73196064671704,-1.1806372449564746,stop_hit,ema21,train
2023-05-30 18:30:00+00:00,59.84,59.762245677236386,59.99550864552724,2023-05-31 13:30:00+00:00,59.747245677236386,-1.1929153192627298,stop_hit,ema21,train
2023-05-31 14:45:00+00:00,59.085,58.9657995096886,59.3234009806228,2023-05-31 15:30:00+00:00,58.9507995096886,-1.1258384085569995,stop_hit,ema21,train
2023-05-31 17:45:00+00:00,59.245,59.146817473523775,59.44136505295244,2023-06-01 13:30:00+00:00,59.42636505295244,2.0,scaleout_tier_1,ema50,train
2023-05-31 17:45:00+00:00,59.245,59.146817473523775,59.539547579428664,2023-06-01 13:30:00+00:00,59.52454757942866,3.0,scaleout_tier_2,ema50,train
2023-05-31 17:45:00+00:00,59.245,59.146817473523775,59.637730105904886,2023-06-01 13:30:00+00:00,59.622730105904886,4.0,scaleout_tier_3,ema50,train
2023-05-31 17:45:00+00:00,59.245,59.146817473523775,59.73591263238111,2023-06-01 13:30:00+00:00,59.72091263238111,5.0,scaleout_tier_4,ema50,train
2023-05-31 17:45:00+00:00,59.245,59.146817473523775,59.83409515885733,2023-06-01 13:30:00+00:00,59.81909515885733,6.0,scaleout_tier_5,ema50,train
2023-05-31 17:45:00+00:00,59.245,59.146817473523775,59.93227768533355,2023-06-01 13:30:00+00:00,59.91727768533355,7.0,scaleout_tier_6,ema50,train
2023-05-31 17:45:00+00:00,59.245,59.146817473523775,60.030460211809775,2023-06-01 13:30:00+00:00,60.015460211809774,8.0,scaleout_tier_7,ema50,train
2023-05-31 17:45:00+00:00,59.245,59.146817473523775,60.128642738286,2023-06-01 13:30:00+00:00,60.113642738285996,9.0,scaleout_tier_8,ema50,train
2023-05-31 17:45:00+00:00,59.245,59.146817473523775,60.22682526476222,2023-06-01 13:30:00+00:00,60.21182526476222,10.0,scaleout_tier_9,ema50,train
2023-05-31 17:45:00+00:00,59.245,59.146817473523775,60.32500779123844,2023-06-01 13:30:00+00:00,60.31000779123844,11.0,scaleout_tier_10,ema50,train
2023-06-01 14:45:00+00:00,60.495,60.34348937382241,60.79802125235518,2023-06-05 13:45:00+00:00,61.975,9.768291751796042,trail_exit,h_ema21,train
2023-06-05 15:30:00+00:00,61.885,61.774167543939896,62.1066649121202,2023-06-05 18:30:00+00:00,61.759167543939895,-1.1353394171096092,stop_hit,h_ema21,train
2023-06-06 13:45:00+00:00,62.58,62.435364723766654,62.86927055246669,2023-06-06 14:45:00+00:00,62.85427055246669,2.0,scaleout_tier_1,h_ema21,train
2023-06-06 13:45:00+00:00,62.58,62.435364723766654,63.01390582870003,2023-06-06 15:45:00+00:00,62.99890582870003,3.0,scaleout_tier_2,h_ema21,train
2023-06-06 13:45:00+00:00,62.58,62.435364723766654,62.86927055246669,2023-06-07 13:30:00+00:00,62.565,-0.10370913922686875,stop_hit,h_ema21,train
2023-06-07 16:45:00+00:00,61.18,61.0205507843307,61.498898431338596,2023-06-07 17:30:00+00:00,61.0055507843307,-1.094073839981195,stop_hit,h_ema200,train
2023-06-08 15:00:00+00:00,61.13,61.02681449604612,61.336371007907765,2023-06-08 16:45:00+00:00,61.321371007907764,2.0,scaleout_tier_1,ema21,train
2023-06-08 15:00:00+00:00,61.13,61.02681449604612,61.439556511861646,2023-06-08 18:15:00+00:00,61.424556511861645,3.0,scaleout_tier_2,ema21,train
2023-06-08 15:00:00+00:00,61.13,61.02681449604612,61.54274201581553,2023-06-08 18:45:00+00:00,61.52774201581553,4.0,scaleout_tier_3,ema21,train
2023-06-08 15:00:00+00:00,61.13,61.02681449604612,61.64592751976941,2023-06-09 13:30:00+00:00,61.63092751976941,5.0,scaleout_tier_4,ema21,train
2023-06-08 15:00:00+00:00,61.13,61.02681449604612,61.74911302372329,2023-06-09 13:30:00+00:00,61.73411302372329,6.0,scaleout_tier_5,ema21,train
2023-06-08 15:00:00+00:00,61.13,61.02681449604612,61.85229852767717,2023-06-09 13:30:00+00:00,61.83729852767717,7.0,scaleout_tier_6,ema21,train
2023-06-08 15:00:00+00:00,61.13,61.02681449604612,61.95548403163105,2023-06-09 13:30:00+00:00,61.94048403163105,8.0,scaleout_tier_7,ema21,train
2023-06-08 15:00:00+00:00,61.13,61.02681449604612,62.05866953558493,2023-06-09 13:30:00+00:00,62.04366953558493,9.0,scaleout_tier_8,ema21,train
2023-06-08 15:00:00+00:00,61.13,61.02681449604612,62.161855039538814,2023-06-09 13:30:00+00:00,62.14685503953881,10.0,scaleout_tier_9,ema21,train
2023-06-13 19:00:00+00:00,63.5,63.405227936645474,63.68954412670905,2023-06-14 17:45:00+00:00,63.855,3.745829598243558,trail_exit,h_ema21,train
2023-06-14 18:45:00+00:00,63.845,63.702340926468096,64.1303181470638,2023-06-14 19:15:00+00:00,63.687340926468096,-1.1051457830801499,stop_hit,h_ema21,train
2023-06-15 14:30:00+00:00,63.595,63.41204242479727,63.960915150405455,2023-06-15 15:00:00+00:00,63.39704242479727,-1.0819862199385821,stop_hit,h_ema21,train
2023-06-15 15:30:00+00:00,63.515,63.350291506003614,63.84441698799277,2023-06-16 14:30:00+00:00,63.515,0.0,trail_exit,h_ema21,train
2023-06-21 13:45:00+00:00,62.791000000000004,62.66886307599172,63.035273848016566,2023-06-21 18:00:00+00:00,63.020273848016565,2.0,scaleout_tier_1,h_ema50,train
2023-06-21 13:45:00+00:00,62.791000000000004,62.66886307599172,63.035273848016566,2023-06-22 13:30:00+00:00,62.776,-0.12281298323006382,stop_hit,h_ema50,train
2023-06-22 14:15:00+00:00,62.695,62.58801523953409,62.90896952093183,2023-06-22 14:30:00+00:00,62.57301523953409,-1.1402068849308662,stop_hit,h_ema21,train
2023-06-23 19:15:00+00:00,60.89,60.7918561363492,61.086287727301595,2023-07-11 13:30:00+00:00,61.071287727301595,2.0,scaleout_tier_1,ema50,train
2023-06-23 19:15:00+00:00,60.89,60.7918561363492,61.18443159095239,2023-07-11 13:30:00+00:00,61.16943159095239,3.0,scaleout_tier_2,ema50,train
2023-06-23 19:15:00+00:00,60.89,60.7918561363492,61.28257545460319,2023-07-11 13:30:00+00:00,61.26757545460319,4.0,scaleout_tier_3,ema50,train
2023-06-23 19:15:00+00:00,60.89,60.7918561363492,61.38071931825399,2023-07-11 13:30:00+00:00,61.36571931825399,5.0,scaleout_tier_4,ema50,train
2023-07-11 14:00:00+00:00,61.525,61.390294899323024,62.333230604061846,2023-07-12 14:30:00+00:00,62.318230604061846,6.0,scaleout_tier_5,ema21,train
2023-07-11 14:00:00+00:00,61.525,61.390294899323024,62.46793570473882,2023-07-12 14:45:00+00:00,62.45293570473882,7.0,scaleout_tier_6,ema21,train
2023-07-11 14:00:00+00:00,61.525,61.390294899323024,61.79441020135395,2023-07-12 15:45:00+00:00,62.315,5.864662852629717,trail_exit,ema21,train
2023-07-12 16:45:00+00:00,62.325,62.22277126621176,62.52945746757649,2023-07-12 19:15:00+00:00,62.20777126621176,-1.1467297837325403,stop_hit,ema21,train
2023-07-14 18:15:00+00:00,62.53,62.455709024853356,62.67858195029329,2023-07-14 18:30:00+00:00,62.440709024853355,-1.2019087778884519,stop_hit,ema21,train
2023-07-17 14:15:00+00:00,62.3848,62.29316925688139,62.56806148623721,2023-07-17 15:00:00+00:00,62.27816925688139,-1.1637005167641667,stop_hit,ema21,train
2023-07-17 15:30:00+00:00,62.365,62.278700737221214,62.53759852555758,2023-07-18 13:30:00+00:00,62.52259852555758,2.0,scaleout_tier_1,ema21,train
2023-07-17 15:30:00+00:00,62.365,62.278700737221214,62.623897788336365,2023-07-18 13:30:00+00:00,62.608897788336364,3.0,scaleout_tier_2,ema21,train
2023-07-17 15:30:00+00:00,62.365,62.278700737221214,62.71019705111515,2023-07-18 13:30:00+00:00,62.69519705111515,4.0,scaleout_tier_3,ema21,train
2023-07-17 15:30:00+00:00,62.365,62.278700737221214,62.79649631389394,2023-07-18 13:30:00+00:00,62.78149631389394,5.0,scaleout_tier_4,ema21,train
2023-07-17 15:30:00+00:00,62.365,62.278700737221214,62.88279557667273,2023-07-18 13:30:00+00:00,62.86779557667273,6.0,scaleout_tier_5,ema21,train
2023-07-17 15:30:00+00:00,62.365,62.278700737221214,62.969094839451515,2023-07-18 13:30:00+00:00,62.954094839451514,7.0,scaleout_tier_6,ema21,train
2023-07-17 15:30:00+00:00,62.365,62.278700737221214,63.0553941022303,2023-07-18 13:30:00+00:00,63.0403941022303,8.0,scaleout_tier_7,ema21,train
2023-07-18 14:00:00+00:00,63.225,63.110604623365155,63.45379075326969,2023-07-19 14:15:00+00:00,63.21,-0.13112418037558535,trail_exit,ema21,train
2023-07-19 15:00:00+00:00,63.285000000000004,63.202704755026325,63.44959048994736,2023-07-19 16:30:00+00:00,63.187704755026324,-1.1822705553011978,stop_hit,h_ema21,train
2023-07-20 15:00:00+00:00,62.525,62.41701965259243,62.740960694815136,2023-07-20 16:15:00+00:00,62.40201965259243,-1.138914166884308,stop_hit,ema21,train
2023-07-20 19:00:00+00:00,62.45,62.37627693909506,62.597446121809895,2023-07-20 19:15:00+00:00,62.361276939095056,-1.203464151052282,stop_hit,ema21,train
2023-07-21 14:45:00+00:00,62.46,62.37345454454264,62.633090910914724,2023-07-21 16:00:00+00:00,62.35845454454264,-1.173319325904878,stop_hit,ema21,train
2023-07-21 17:00:00+00:00,62.445,62.365952927185994,62.60309414562801,2023-07-24 13:45:00+00:00,62.35095292718599,-1.1897603474235505,stop_hit,ema21,train
2023-07-24 14:45:00+00:00,62.485,62.40351325698489,62.647973486030224,2023-07-24 19:00:00+00:00,62.46,-0.3067983708142819,trail_exit,ema21,train
2023-07-25 14:15:00+00:00,62.56,62.48790058738432,62.70419882523137,2023-07-25 14:30:00+00:00,62.472900587384316,-1.2080460777115583,stop_hit,ema21,train
2023-07-25 16:15:00+00:00,62.6254,62.55872418032346,62.75875163935308,2023-07-25 16:30:00+00:00,62.54372418032346,-1.2249691128323443,stop_hit,ema21,train
2023-07-25 17:00:00+00:00,62.5951,62.53299709335665,62.71930581328671,2023-07-26 14:00:00+00:00,62.70430581328671,2.0,scaleout_tier_1,ema21,train
2023-07-25 17:00:00+00:00,62.5951,62.53299709335665,62.78140871993006,2023-07-26 18:30:00+00:00,62.76640871993006,3.0,scaleout_tier_2,ema21,train
2023-07-25 17:00:00+00:00,62.5951,62.53299709335665,62.84351162657342,2023-07-26 18:30:00+00:00,62.828511626573416,4.0,scaleout_tier_3,ema21,train
2023-07-25 17:00:00+00:00,62.5951,62.53299709335665,62.90561453321677,2023-07-26 18:30:00+00:00,62.89061453321677,5.0,scaleout_tier_4,ema21,train
2023-07-25 17:00:00+00:00,62.5951,62.53299709335665,62.967717439860124,2023-07-26 18:30:00+00:00,62.95271743986012,6.0,scaleout_tier_5,ema21,train
2023-07-27 17:45:00+00:00,63.645,63.511947793841166,63.91110441231768,2023-07-27 18:00:00+00:00,63.496947793841166,-1.112737702237674,stop_hit,h_ema21,train
2023-07-27 19:15:00+00:00,63.385,63.25603536112221,63.64292927775558,2023-07-28 13:30:00+00:00,63.62792927775558,2.0,scaleout_tier_1,h_ema21,train
2023-07-27 19:15:00+00:00,63.385,63.25603536112221,63.77189391663337,2023-07-28 13:30:00+00:00,63.756893916633366,3.0,scaleout_tier_2,h_ema21,train
2023-07-27 19:15:00+00:00,63.385,63.25603536112221,63.90085855551116,2023-07-28 13:45:00+00:00,63.885858555511156,4.0,scaleout_tier_3,h_ema21,train
2023-07-27 19:15:00+00:00,63.385,63.25603536112221,64.02982319438894,2023-07-28 14:00:00+00:00,64.01482319438894,5.0,scaleout_tier_4,h_ema21,train
2023-07-27 19:15:00+00:00,63.385,63.25603536112221,63.64292927775558,2023-07-28 17:15:00+00:00,63.75,2.830233180010575,trail_exit,h_ema21,train
2023-07-28 18:00:00+00:00,63.81,63.70543224693585,64.01913550612831,2023-07-28 19:45:00+00:00,63.69043224693585,-1.1434476648914702,stop_hit,h_ema21,train
2023-07-31 15:00:00+00:00,63.605000000000004,63.50617469460305,63.80265061079392,2023-07-31 16:30:00+00:00,63.491174694603046,-1.1517829865513616,stop_hit,h_ema21,train
2023-07-31 17:45:00+00:00,63.56,63.48607683317404,63.70784633365193,2023-07-31 18:30:00+00:00,63.47107683317404,-1.2029133848569409,stop_hit,h_ema21,train
2023-08-02 15:45:00+00:00,61.57,61.457535000127685,61.79492999974463,2023-08-02 16:00:00+00:00,61.442535000127684,-1.1333748278756097,stop_hit,ema50,train
2023-08-02 17:15:00+00:00,61.615,61.51444861641293,61.81610276717415,2023-08-02 18:30:00+00:00,61.49944861641293,-1.149177459970116,stop_hit,ema50,train
2023-08-02 19:00:00+00:00,61.58,61.49758007439552,61.74483985120895,2023-08-02 19:15:00+00:00,61.48258007439552,-1.181994825765602,stop_hit,ema50,train
2023-08-03 14:45:00+00:00,61.015,60.8977263372734,61.24954732545321,2023-08-03 16:30:00+00:00,61.23454732545321,2.0,scaleout_tier_1,ema50,train
2023-08-03 14:45:00+00:00,61.015,60.8977263372734,61.36682098817981,2023-08-04 13:30:00+00:00,61.35182098817981,3.0,scaleout_tier_2,ema50,train
2023-08-03 14:45:00+00:00,61.015,60.8977263372734,61.484094650906414,2023-08-04 13:30:00+00:00,61.46909465090641,4.0,scaleout_tier_3,ema50,train
2023-08-03 14:45:00+00:00,61.015,60.8977263372734,61.60136831363302,2023-08-04 13:30:00+00:00,61.58636831363302,5.0,scaleout_tier_4,ema50,train
2023-08-03 14:45:00+00:00,61.015,60.8977263372734,61.71864197635962,2023-08-04 13:30:00+00:00,61.70364197635962,6.0,scaleout_tier_5,ema50,train
2023-08-03 14:45:00+00:00,61.015,60.8977263372734,61.835915639086224,2023-08-04 13:30:00+00:00,61.82091563908622,7.0,scaleout_tier_6,ema50,train
2023-08-03 14:45:00+00:00,61.015,60.8977263372734,61.95318930181283,2023-08-04 13:30:00+00:00,61.93818930181283,8.0,scaleout_tier_7,ema50,train
2023-08-04 14:30:00+00:00,62.045,61.90390898477446,62.327182030451084,2023-08-04 18:00:00+00:00,61.97,-0.5315717650773973,trail_exit,ema21,train
2023-08-08 14:30:00+00:00,61.585,61.47979265363236,61.795414692735285,2023-08-09 13:30:00+00:00,61.46479265363236,-1.1425755949359635,stop_hit,ema21,train
2023-08-09 14:15:00+00:00,61.535000000000004,61.45782688707992,61.689346225840175,2023-08-09 14:30:00+00:00,61.44282688707992,-1.194368212353094,stop_hit,ema50,train
2023-08-09 16:15:00+00:00,61.265,61.175884387605926,61.44323122478815,2023-08-09 19:45:00+00:00,61.195,-0.7854964816990323,trail_exit,ema50,train
2023-08-10 13:45:00+00:00,62.005,61.87998454298095,62.25503091403811,2023-08-10 15:00:00+00:00,61.86498454298095,-1.119985163096388,stop_hit,ema21,train
2023-08-10 15:30:00+00:00,61.955,61.83593783459259,62.19312433081481,2023-08-10 15:45:00+00:00,61.82093783459259,-1.1259846060137881,stop_hit,ema21,train
2023-08-10 16:45:00+00:00,61.845,61.73985954144736,62.05528091710528,2023-08-10 17:00:00+00:00,61.72485954144736,-1.1426662980786852,stop_hit,ema21,train
2023-08-11 16:00:00+00:00,61.405,61.311128934968494,61.592742130063016,2023-08-14 13:30:00+00:00,61.29612893496849,-1.1597936488199627,stop_hit,ema50,train
2023-08-14 14:00:00+00:00,60.595,60.47166696270055,60.84166607459889,2023-08-14 18:45:00+00:00,60.68,0.6891908434365845,trail_exit,ema50,train
2023-08-15 18:00:00+00:00,60.230000000000004,60.1615834480655,60.36683310386901,2023-08-15 19:00:00+00:00,60.1465834480655,-1.219245191052016,stop_hit,ema100,train
2023-08-16 14:45:00+00:00,59.875,59.775829137234176,60.07334172553165,2023-08-16 15:45:00+00:00,59.760829137234175,-1.1512541040952788,stop_hit,ema100,train
2023-08-16 16:45:00+00:00,59.745,59.66297816321768,59.90904367356463,2023-08-16 17:00:00+00:00,59.64797816321768,-1.1828781284160945,stop_hit,ema100,train
2023-08-16 18:30:00+00:00,59.7,59.61256036188963,59.87487927622075,2023-08-16 18:45:00+00:00,59.59756036188963,-1.1715469130952494,stop_hit,donchian_low,train
2023-08-17 13:45:00+00:00,59.665,59.56078746235357,59.873425075292865,2023-08-17 14:00:00+00:00,59.545787462353566,-1.1439366158695017,stop_hit,ema200,train
2023-08-17 15:00:00+00:00,59.52,59.412876041715585,59.73424791656884,2023-08-17 15:15:00+00:00,59.397876041715584,-1.1400246988649816,stop_hit,ema200,train
2023-08-17 16:30:00+00:00,59.45,59.349988025907194,59.65002394818562,2023-08-17 17:15:00+00:00,59.334988025907194,-1.149982041011219,stop_hit,ema200,train
2023-08-18 14:45:00+00:00,59.2145,59.12125252734,59.40099494532001,2023-08-18 15:45:00+00:00,59.38599494532001,2.0,scaleout_tier_1,ema200,train
2023-08-18 14:45:00+00:00,59.2145,59.12125252734,59.40099494532001,2023-08-21 14:15:00+00:00,59.1995,-0.16086226867180825,stop_hit,ema200,train
2023-08-21 16:15:00+00:00,59.215,59.14162690007864,59.36174619984273,2023-08-21 17:30:00+00:00,59.34674619984273,2.0,scaleout_tier_1,ema200,train
2023-08-21 16:15:00+00:00,59.215,59.14162690007864,59.43511929976409,2023-08-22 13:30:00+00:00,59.42011929976409,3.0,scaleout_tier_2,ema200,train
2023-08-21 16:15:00+00:00,59.215,59.14162690007864,59.50849239968545,2023-08-22 13:30:00+00:00,59.49349239968545,4.0,scaleout_tier_3,ema200,train
2023-08-21 16:15:00+00:00,59.215,59.14162690007864,59.58186549960681,2023-08-22 13:30:00+00:00,59.56686549960681,5.0,scaleout_tier_4,ema200,train
2023-08-21 16:15:00+00:00,59.215,59.14162690007864,59.655238599528175,2023-08-22 13:30:00+00:00,59.640238599528175,6.0,scaleout_tier_5,ema200,train
2023-08-21 16:15:00+00:00,59.215,59.14162690007864,59.72861169944954,2023-08-22 13:30:00+00:00,59.71361169944954,7.0,scaleout_tier_6,ema200,train
2023-08-21 16:15:00+00:00,59.215,59.14162690007864,59.8019847993709,2023-08-22 13:30:00+00:00,59.7869847993709,8.0,scaleout_tier_7,ema200,train
2023-08-21 16:15:00+00:00,59.215,59.14162690007864,59.87535789929226,2023-08-22 13:30:00+00:00,59.86035789929226,9.0,scaleout_tier_8,ema200,train
2023-08-22 15:00:00+00:00,59.84,59.74128678047515,60.03742643904971,2023-08-22 15:45:00+00:00,59.753,-0.8813409229155871,trail_exit,ema100,train
2023-08-23 17:15:00+00:00,60.545,60.47004518856387,60.69490962287226,2023-08-23 19:15:00+00:00,60.45504518856387,-1.2001205754854374,stop_hit,ema100,train
2023-08-24 14:00:00+00:00,60.265,60.17116906753001,60.452661864939984,2023-08-24 14:15:00+00:00,60.15616906753001,-1.1598619943886606,stop_hit,ema100,train
2023-08-24 18:15:00+00:00,59.915,59.838104153865416,60.068791692269166,2023-08-24 18:30:00+00:00,59.823104153865415,-1.1950690544941471,stop_hit,ema100,train
2023-09-11 13:45:00+00:00,62.165,61.91048355869209,62.67403288261581,2023-09-12 19:45:00+00:00,62.295,0.5107725038585323,trail_exit,ema100,train
2023-09-13 13:45:00+00:00,62.395,62.32850636173086,62.52798727653829,2023-09-13 14:00:00+00:00,62.31350636173086,-1.2255854904387342,stop_hit,h_ema21,train
2023-09-13 14:45:00+00:00,62.3,62.21958715632535,62.460825687349285,2023-09-13 18:45:00+00:00,62.20458715632535,-1.1865373653578482,stop_hit,h_ema21,train
2023-09-14 14:30:00+00:00,63.225,63.089255513857445,63.496488972285114,2023-09-15 13:45:00+00:00,63.205,-0.14733563453177395,trail_exit,h_ema21,train
2023-09-15 17:45:00+00:00,63.07,62.99531277638902,63.21937444722196,2023-09-15 19:30:00+00:00,62.98031277638902,-1.2008375633044082,stop_hit,h_ema21,train
2023-09-18 15:30:00+00:00,62.955,62.88056455842277,63.10387088315446,2023-09-18 19:45:00+00:00,63.088870883154456,2.0,scaleout_tier_1,h_ema21,train
2023-09-18 15:30:00+00:00,62.955,62.88056455842277,63.178306324731686,2023-09-19 13:30:00+00:00,63.163306324731685,3.0,scaleout_tier_2,h_ema21,train
2023-09-18 15:30:00+00:00,62.955,62.88056455842277,63.252741766308915,2023-09-19 13:30:00+00:00,63.237741766308915,4.0,scaleout_tier_3,h_ema21,train
2023-09-18 15:30:00+00:00,62.955,62.88056455842277,63.327177207886145,2023-09-19 13:30:00+00:00,63.312177207886144,5.0,scaleout_tier_4,h_ema21,train
2023-09-18 15:30:00+00:00,62.955,62.88056455842277,63.401612649463374,2023-09-19 13:30:00+00:00,63.38661264946337,6.0,scaleout_tier_5,h_ema21,train
2023-09-18 15:30:00+00:00,62.955,62.88056455842277,63.4760480910406,2023-09-19 13:30:00+00:00,63.4610480910406,7.0,scaleout_tier_6,h_ema21,train
2023-09-18 15:30:00+00:00,62.955,62.88056455842277,63.55048353261783,2023-09-19 13:30:00+00:00,63.53548353261783,8.0,scaleout_tier_7,h_ema21,train
2023-09-20 15:15:00+00:00,63.25,63.171839145179774,63.40632170964045,2023-09-20 15:30:00+00:00,63.156839145179774,-1.191911923615746,stop_hit,h_ema50,train
2023-09-20 16:15:00+00:00,63.225,63.156583111866915,63.361833776266174,2023-09-20 18:00:00+00:00,63.141583111866915,-1.2192441136875767,stop_hit,h_ema50,train
2023-09-22 13:45:00+00:00,61.925,61.81880791372041,62.137384172559166,2023-09-22 17:15:00+00:00,61.875,-0.4708448788580748,trail_exit,ema21,train
2023-09-22 18:00:00+00:00,61.85,61.76365346869575,62.022693062608504,2023-09-25 13:30:00+00:00,61.74865346869575,-1.173718616989332,stop_hit,ema21,train
2023-09-25 14:00:00+00:00,61.563,61.45856386589913,61.77187226820175,2023-09-25 14:15:00+00:00,61.44356386589913,-1.1436284493785687,stop_hit,ema21,train
2023-09-25 15:15:00+00:00,61.525,61.41392973697954,61.747140526040916,2023-09-26 13:30:00+00:00,61.39892973697954,-1.135049648682633,stop_hit,ema21,train
2023-09-26 18:00:00+00:00,60.94,60.84680378806516,61.126392423869675,2023-09-26 18:15:00+00:00,60.83180378806516,-1.160950747767392,stop_hit,ema100,train
2023-09-27 13:45:00+00:00,61.335,61.21087234688316,61.58325530623369,2023-09-27 14:00:00+00:00,61.19587234688316,-1.120843338477372,stop_hit,ema21,train
2023-09-27 17:45:00+00:00,60.875,60.77453500559555,61.075929988808895,2023-09-27 18:30:00+00:00,61.060929988808894,2.0,scaleout_tier_1,ema100,train
2023-09-27 17:45:00+00:00,60.875,60.77453500559555,61.075929988808895,2023-09-28 13:30:00+00:00,60.86,-0.1493057366789298,stop_hit,ema100,train
2023-09-28 14:00:00+00:00,60.835,60.71473065202081,61.07553869595838,2023-09-28 15:30:00+00:00,61.06053869595838,2.0,scaleout_tier_1,ema50,train
2023-09-28 14:00:00+00:00,60.835,60.71473065202081,61.19580804393757,2023-09-28 16:15:00+00:00,61.18080804393757,3.0,scaleout_tier_2,ema50,train
2023-09-28 14:00:00+00:00,60.835,60.71473065202081,61.07553869595838,2023-09-29 13:30:00+00:00,60.82,-0.1247200575378202,stop_hit,ema50,train
2023-09-29 14:45:00+00:00,60.645,60.52784305046003,60.87931389907995,2023-09-29 15:30:00+00:00,60.51284305046003,-1.1280333779506817,stop_hit,ema50,train
2023-09-29 16:30:00+00:00,60.475,60.360550591015574,60.703898817968856,2023-09-29 16:45:00+00:00,60.345550591015574,-1.1310622757522633,stop_hit,ema100,train
2023-09-29 19:00:00+00:00,60.365,60.25695875722932,60.581082485541366,2023-09-29 19:15:00+00:00,60.24195875722932,-1.1388358705928454,stop_hit,ema100,train
2023-10-02 15:15:00+00:00,59.815,59.683039628991864,60.078920742016265,2023-10-02 15:45:00+00:00,59.66803962899186,-1.1136704897493506,stop_hit,ema200,train
2023-10-02 18:15:00+00:00,59.8,59.69466433998314,60.01067132003371,2023-10-02 18:30:00+00:00,59.67966433998314,-1.142401917808274,stop_hit,ema200,train
2023-10-02 19:15:00+00:00,59.695,59.59044226401131,59.904115471977384,2023-10-03 13:30:00+00:00,59.57544226401131,-1.1434614077873955,stop_hit,ema200,train
2023-10-10 14:00:00+00:00,60.245,60.11272027736919,60.50955944526161,2023-10-10 16:00:00+00:00,60.49455944526161,2.0,scaleout_tier_1,ema21,train
2023-10-10 14:00:00+00:00,60.245,60.11272027736919,60.50955944526161,2023-10-10 18:00:00+00:00,60.28,0.26459081788135574,trail_exit,ema21,train
2023-10-11 16:45:00+00:00,60.135,60.0532376471331,60.29852470573379,2023-10-11 17:15:00+00:00,60.0382376471331,-1.1834585169585277,stop_hit,ema21,train
2023-10-11 18:00:00+00:00,60.015,59.93242272698316,60.18015454603368,2023-10-11 19:30:00+00:00,60.165154546033676,2.0,scaleout_tier_1,ema21,train
2023-10-11 18:00:00+00:00,60.015,59.93242272698316,60.262731819050515,2023-10-12 13:30:00+00:00,60.247731819050514,3.0,scaleout_tier_2,ema21,train
2023-10-11 18:00:00+00:00,60.015,59.93242272698316,60.34530909206735,2023-10-12 13:30:00+00:00,60.33030909206735,4.0,scaleout_tier_3,ema21,train
2023-10-11 18:00:00+00:00,60.015,59.93242272698316,60.42788636508419,2023-10-12 13:30:00+00:00,60.41288636508419,5.0,scaleout_tier_4,ema21,train
2023-10-11 18:00:00+00:00,60.015,59.93242272698316,60.51046363810103,2023-10-12 13:30:00+00:00,60.49546363810103,6.0,scaleout_tier_5,ema21,train
2023-10-11 18:00:00+00:00,60.015,59.93242272698316,60.59304091111787,2023-10-12 13:30:00+00:00,60.57804091111787,7.0,scaleout_tier_6,ema21,train
2023-10-12 14:15:00+00:00,60.71,60.591813487744616,60.94637302451077,2023-10-12 14:30:00+00:00,60.576813487744616,-1.1269180358549518,stop_hit,ema21,train
2023-10-12 18:30:00+00:00,60.245,60.14140373327947,60.45219253344106,2023-10-13 13:30:00+00:00,60.12640373327947,-1.1447928624731805,stop_hit,ema21,train
2023-10-13 16:15:00+00:00,59.61,59.49527206008494,59.83945587983011,2023-10-13 17:15:00+00:00,59.48027206008494,-1.1307440891129612,stop_hit,ema200,train
2023-10-13 17:45:00+00:00,59.605000000000004,59.487976614636885,59.83904677072624,2023-10-16 13:30:00+00:00,59.472976614636885,-1.1281795083389203,stop_hit,ema200,train
2023-10-16 14:15:00+00:00,59.5749,59.467241415804445,59.79021716839111,2023-10-17 13:30:00+00:00,59.452241415804444,-1.139329344818004,stop_hit,ema200,train
2023-10-17 14:15:00+00:00,59.865,59.747403847613356,60.100192304773294,2023-10-17 16:15:00+00:00,60.085192304773294,2.0,scaleout_tier_1,ema200,train
2023-10-17 14:15:00+00:00,59.865,59.747403847613356,60.100192304773294,2023-10-17 17:30:00+00:00,59.8754,0.08843826765524399,trail_exit,ema200,train
2023-10-17 18:30:00+00:00,59.85,59.763672223537725,60.022655552924554,2023-10-18 13:30:00+00:00,59.748672223537724,-1.1737563576255814,stop_hit,ema21,train
2023-11-09 15:00:00+00:00,60.555,60.407701542514864,60.84959691497027,2023-11-09 15:15:00+00:00,60.392701542514864,-1.1018340602888819,stop_hit,ema21,train
2023-11-09 16:45:00+00:00,60.525,60.39421704638924,60.78656590722152,2023-11-09 17:30:00+00:00,60.379217046389236,-1.1146938464522202,stop_hit,ema50,train
2023-11-10 14:45:00+00:00,60.12,60.00068881703721,60.35862236592558,2023-11-10 15:00:00+00:00,59.98568881703721,-1.1257216601789852,stop_hit,ema21,train
2023-11-10 16:00:00+00:00,59.955,59.8355909794732,60.19381804105359,2023-11-10 17:30:00+00:00,60.17881804105359,2.0,scaleout_tier_1,ema21,train
2023-11-10 16:00:00+00:00,59.955,59.8355909794732,60.313227061580385,2023-11-10 19:00:00+00:00,60.298227061580384,3.0,scaleout_tier_2,ema21,train
2023-11-10 16:00:00+00:00,59.955,59.8355909794732,60.43263608210718,2023-11-10 20:30:00+00:00,60.41763608210718,4.0,scaleout_tier_3,ema21,train
2023-11-10 16:00:00+00:00,59.955,59.8355909794732,60.19381804105359,2023-11-13 14:30:00+00:00,60.095,1.1724407367413625,trail_exit,ema21,train
2023-11-13 18:45:00+00:00,60.475,60.39819510286457,60.628609794270865,2023-11-13 19:00:00+00:00,60.38319510286457,-1.1953000467346597,stop_hit,ema50,train
2023-11-15 15:15:00+00:00,61.365,61.27118413443925,61.5526317311215,2023-11-15 17:00:00+00:00,61.25618413443925,-1.15988766836338,stop_hit,h_ema21,train
2023-11-15 18:30:00+00:00,61.18,61.08694040050506,61.366119198989885,2023-11-15 19:15:00+00:00,61.071940400505056,-1.161187025104441,stop_hit,h_ema21,train
2023-11-16 18:45:00+00:00,61.415,61.32750925108411,61.58998149783178,2023-11-17 14:30:00+00:00,61.57498149783178,2.0,scaleout_tier_1,h_ema21,train
2023-11-16 18:45:00+00:00,61.415,61.32750925108411,61.67747224674767,2023-11-17 14:30:00+00:00,61.66247224674767,3.0,scaleout_tier_2,h_ema21,train
2023-11-16 18:45:00+00:00,61.415,61.32750925108411,61.76496299566356,2023-11-17 14:30:00+00:00,61.74996299566356,4.0,scaleout_tier_3,h_ema21,train
2023-11-16 18:45:00+00:00,61.415,61.32750925108411,61.85245374457945,2023-11-17 14:30:00+00:00,61.83745374457945,5.0,scaleout_tier_4,h_ema21,train
2023-11-16 18:45:00+00:00,61.415,61.32750925108411,61.93994449349534,2023-11-17 14:30:00+00:00,61.92494449349534,6.0,scaleout_tier_5,h_ema21,train
2023-11-16 18:45:00+00:00,61.415,61.32750925108411,62.02743524241123,2023-11-17 14:30:00+00:00,62.01243524241123,7.0,scaleout_tier_6,h_ema21,train
2023-11-17 15:00:00+00:00,62.175,62.05656985454487,62.411860290910255,2023-11-20 14:30:00+00:00,62.04156985454487,-1.1266569414599241,stop_hit,h_ema21,train
2023-11-21 17:00:00+00:00,62.275,62.20115061967421,62.42269876065158,2023-11-21 18:00:00+00:00,62.18615061967421,-1.203116125468182,stop_hit,h_ema21,train
2023-11-27 16:30:00+00:00,62.5,62.42915439037716,62.641691219245686,2023-11-28 14:30:00+00:00,62.414154390377156,-1.211728010809071,stop_hit,h_ema21,train
2023-11-28 15:45:00+00:00,62.535000000000004,62.43955957525962,62.72588084948077,2023-11-28 17:45:00+00:00,62.5,-0.36672091616535896,trail_exit,h_ema21,train
2023-11-29 18:30:00+00:00,62.575,62.50602443155932,62.71295113688137,2023-11-29 19:30:00+00:00,62.49102443155932,-1.217468305649409,stop_hit,h_ema21,train
2023-11-30 16:15:00+00:00,62.675,62.585933327602056,62.85313334479588,2023-11-30 16:30:00+00:00,62.570933327602056,-1.1684131628156278,stop_hit,h_ema21,train
2023-11-30 17:45:00+00:00,62.645,62.56193325169966,62.811133496600696,2023-11-30 18:45:00+00:00,62.546933251699656,-1.1805776716546634,stop_hit,h_ema21,train
2023-11-30 19:15:00+00:00,62.645,62.57199399945802,62.79101200108396,2023-11-30 19:30:00+00:00,62.55699399945802,-1.2054625631954077,stop_hit,h_ema21,train
2023-12-01 16:15:00+00:00,62.855000000000004,62.72792894291982,63.10914211416038,2023-12-01 17:30:00+00:00,63.09414211416038,2.0,scaleout_tier_1,h_ema21,train
2023-12-01 16:15:00+00:00,62.855000000000004,62.72792894291982,63.10914211416038,2023-12-04 14:30:00+00:00,62.84,-0.118044189956923,stop_hit,h_ema21,train
2023-12-05 15:15:00+00:00,62.085,61.989578814537985,62.27584237092403,2023-12-05 16:45:00+00:00,61.974578814537985,-1.1571977955144106,stop_hit,ema21,train
2023-12-05 17:15:00+00:00,62.115,62.01881490806,62.30737018388,2023-12-05 17:30:00+00:00,62.00381490806,-1.1559493233042542,stop_hit,ema21,train
2023-12-05 18:00:00+00:00,62.1,62.007081032437256,62.28583793512549,2023-12-05 18:30:00+00:00,61.992081032437255,-1.1614309800619718,stop_hit,ema21,train
2023-12-05 19:15:00+00:00,62.085,62.00356704400831,62.24786591198339,2023-12-05 20:45:00+00:00,61.988567044008306,-1.184200607939745,stop_hit,ema21,train
2023-12-06 15:45:00+00:00,63.135,63.00400895375124,63.39698209249752,2023-12-06 16:00:00+00:00,62.98900895375124,-1.114511643578407,stop_hit,ema21,train
2023-12-07 15:30:00+00:00,62.785000000000004,62.687108674862884,62.98078265027424,2023-12-07 17:30:00+00:00,62.96578265027424,2.0,scaleout_tier_1,h_ema21,train
2023-12-07 15:30:00+00:00,62.785000000000004,62.687108674862884,63.07867397541136,2023-12-07 17:45:00+00:00,63.06367397541136,3.0,scaleout_tier_2,h_ema21,train
2023-12-07 15:30:00+00:00,62.785000000000004,62.687108674862884,63.17656530054848,2023-12-07 17:45:00+00:00,63.16156530054848,4.0,scaleout_tier_3,h_ema21,train
2023-12-07 15:30:00+00:00,62.785000000000004,62.687108674862884,62.98078265027424,2023-12-07 17:45:00+00:00,63.175,3.984009813471291,trail_exit,h_ema21,train
2023-12-08 15:15:00+00:00,62.805,62.65575646634731,63.10348706730537,2023-12-08 15:30:00+00:00,62.64075646634731,-1.1005068670841576,stop_hit,h_ema50,train
2023-12-08 16:00:00+00:00,62.775,62.62996791420009,63.06506417159982,2023-12-08 16:15:00+00:00,62.614967914200086,-1.1034253897492365,stop_hit,h_ema50,train
2023-12-08 17:30:00+00:00,62.645,62.51790576510588,62.89918846978825,2023-12-11 14:30:00+00:00,62.88418846978825,2.0,scaleout_tier_1,h_ema200,train
2023-12-08 17:30:00+00:00,62.645,62.51790576510588,63.02628270468237,2023-12-11 14:30:00+00:00,63.01128270468237,3.0,scaleout_tier_2,h_ema200,train
2023-12-08 17:30:00+00:00,62.645,62.51790576510588,63.153376939576496,2023-12-11 19:00:00+00:00,63.138376939576496,4.0,scaleout_tier_3,h_ema200,train
2023-12-08 17:30:00+00:00,62.645,62.51790576510588,62.89918846978825,2023-12-12 14:30:00+00:00,62.63,-0.11802266257392728,stop_hit,h_ema200,train
2023-12-12 15:45:00+00:00,62.87,62.77900918891124,63.051981622177514,2023-12-12 20:45:00+00:00,63.036981622177514,2.0,scaleout_tier_1,h_ema200,train
2023-12-12 15:45:00+00:00,62.87,62.77900918891124,63.051981622177514,2023-12-13 14:30:00+00:00,62.855,-0.16485181108418265,stop_hit,h_ema200,train
2023-12-13 19:00:00+00:00,62.835,62.781040493736526,62.94291901252695,2023-12-13 19:15:00+00:00,62.92791901252695,2.0,scaleout_tier_1,h_ema21,train
2023-12-13 19:00:00+00:00,62.835,62.781040493736526,62.996878518790425,2023-12-13 19:15:00+00:00,62.981878518790424,3.0,scaleout_tier_2,h_ema21,train
2023-12-13 19:00:00+00:00,62.835,62.781040493736526,63.0508380250539,2023-12-13 19:15:00+00:00,63.0358380250539,4.0,scaleout_tier_3,h_ema21,train
2023-12-13 19:00:00+00:00,62.835,62.781040493736526,63.104797531317374,2023-12-13 19:15:00+00:00,63.08979753131737,5.0,scaleout_tier_4,h_ema21,train
2023-12-13 19:00:00+00:00,62.835,62.781040493736526,63.15875703758085,2023-12-13 19:15:00+00:00,63.14375703758085,6.0,scaleout_tier_5,h_ema21,train
2023-12-13 19:00:00+00:00,62.835,62.781040493736526,63.21271654384432,2023-12-13 19:15:00+00:00,63.19771654384432,7.0,scaleout_tier_6,h_ema21,train
2023-12-13 19:00:00+00:00,62.835,62.781040493736526,63.2666760501078,2023-12-13 19:15:00+00:00,63.2516760501078,8.0,scaleout_tier_7,h_ema21,train
2023-12-13 19:00:00+00:00,62.835,62.781040493736526,63.32063555637127,2023-12-13 19:15:00+00:00,63.30563555637127,9.0,scaleout_tier_8,h_ema21,train
2023-12-13 19:00:00+00:00,62.835,62.781040493736526,63.37459506263475,2023-12-13 19:15:00+00:00,63.359595062634746,10.0,scaleout_tier_9,h_ema21,train
2023-12-13 19:00:00+00:00,62.835,62.781040493736526,63.42855456889822,2023-12-13 19:15:00+00:00,63.41355456889822,11.0,scaleout_tier_10,h_ema21,train
2023-12-14 16:00:00+00:00,63.731500000000004,63.57117587322543,64.05214825354915,2023-12-14 18:15:00+00:00,63.55617587322543,-1.0935604659247036,stop_hit,h_ema21,train
2023-12-14 19:15:00+00:00,63.585,63.46576901605554,63.823461967888925,2023-12-15 16:30:00+00:00,63.475,-0.9225789837584311,trail_exit,h_ema21,train
2023-12-15 17:30:00+00:00,63.51,63.41942625271262,63.69114749457476,2023-12-15 17:45:00+00:00,63.40442625271262,-1.1656109021569725,stop_hit,h_ema21,train
2023-12-18 16:00:00+00:00,62.955,62.869589529875505,63.125820940248985,2023-12-19 14:30:00+00:00,63.110820940248985,2.0,scaleout_tier_1,ema21,train
2023-12-18 16:00:00+00:00,62.955,62.869589529875505,63.21123141037348,2023-12-19 14:30:00+00:00,63.19623141037348,3.0,scaleout_tier_2,ema21,train
2023-12-18 16:00:00+00:00,62.955,62.869589529875505,63.29664188049797,2023-12-19 14:30:00+00:00,63.28164188049797,4.0,scaleout_tier_3,ema21,train
2023-12-18 16:00:00+00:00,62.955,62.869589529875505,63.382052350622466,2023-12-19 14:30:00+00:00,63.367052350622465,5.0,scaleout_tier_4,ema21,train
2023-12-19 19:15:00+00:00,63.135,63.071949634550656,63.26110073089868,2023-12-19 19:30:00+00:00,63.14,0.07930168151078824,trail_exit,h_ema21,train
2023-12-20 17:15:00+00:00,62.730000000000004,62.65470311615641,62.88059376768719,2023-12-20 19:00:00+00:00,62.63970311615641,-1.199211431261337,stop_hit,ema21,train
2023-12-21 14:45:00+00:00,62.835,62.67984291627911,63.14531416744179,2023-12-22 14:30:00+00:00,63.13031416744179,2.0,scaleout_tier_1,ema21,train
2023-12-21 14:45:00+00:00,62.835,62.67984291627911,63.30047125116268,2023-12-22 14:30:00+00:00,63.28547125116268,3.0,scaleout_tier_2,ema21,train
2023-12-21 14:45:00+00:00,62.835,62.67984291627911,63.45562833488358,2023-12-22 14:45:00+00:00,63.44062833488358,4.0,scaleout_tier_3,ema21,train
2023-12-21 14:45:00+00:00,62.835,62.67984291627911,63.14531416744179,2023-12-22 17:00:00+00:00,63.339999999999996,3.2547659951408954,trail_exit,ema21,train
2024-01-11 16:30:00+00:00,65.365,65.20280958222916,65.68938083554166,2024-01-11 19:15:00+00:00,65.67438083554165,2.0,scaleout_tier_1,h_ema21,train
2024-01-11 16:30:00+00:00,65.365,65.20280958222916,65.85157125331249,2024-01-12 14:30:00+00:00,65.83657125331248,3.0,scaleout_tier_2,h_ema21,train
2024-01-11 16:30:00+00:00,65.365,65.20280958222916,66.01376167108332,2024-01-12 14:30:00+00:00,65.99876167108332,4.0,scaleout_tier_3,h_ema21,train
2024-01-11 16:30:00+00:00,65.365,65.20280958222916,66.17595208885415,2024-01-12 14:30:00+00:00,66.16095208885415,5.0,scaleout_tier_4,h_ema21,train
2024-01-11 16:30:00+00:00,65.365,65.20280958222916,66.33814250662498,2024-01-12 14:30:00+00:00,66.32314250662498,6.0,scaleout_tier_5,h_ema21,train
2024-01-11 16:30:00+00:00,65.365,65.20280958222916,66.5003329243958,2024-01-12 14:30:00+00:00,66.4853329243958,7.0,scaleout_tier_6,h_ema21,train
2024-01-11 16:30:00+00:00,65.365,65.20280958222916,66.66252334216664,2024-01-12 14:30:00+00:00,66.64752334216664,8.0,scaleout_tier_7,h_ema21,train
2024-01-16 15:30:00+00:00,66.33,66.21164604371315,66.5667079125737,2024-01-16 15:45:00+00:00,66.415,0.718184695017667,trail_exit,h_ema21,train
2024-01-18 15:45:00+00:00,65.615,65.49423197998652,65.85653604002694,2024-01-18 16:00:00+00:00,65.47923197998652,-1.1242050668573296,stop_hit,h_ema21,train
2024-01-19 17:30:00+00:00,65.66,65.5400972773433,65.89980544531338,2024-01-22 14:30:00+00:00,65.88480544531338,2.0,scaleout_tier_1,h_ema21,train
2024-01-19 17:30:00+00:00,65.66,65.5400972773433,66.01970816797007,2024-01-22 14:30:00+00:00,66.00470816797007,3.0,scaleout_tier_2,h_ema21,train
2024-01-19 17:30:00+00:00,65.66,65.5400972773433,66.13961089062676,2024-01-22 14:30:00+00:00,66.12461089062676,4.0,scaleout_tier_3,h_ema21,train
2024-01-19 17:30:00+00:00,65.66,65.5400972773433,66.25951361328345,2024-01-22 14:30:00+00:00,66.24451361328344,5.0,scaleout_tier_4,h_ema21,train
2024-01-19 17:30:00+00:00,65.66,65.5400972773433,66.37941633594014,2024-01-22 14:30:00+00:00,66.36441633594013,6.0,scaleout_tier_5,h_ema21,train
2024-01-19 17:30:00+00:00,65.66,65.5400972773433,66.49931905859683,2024-01-22 14:30:00+00:00,66.48431905859682,7.0,scaleout_tier_6,h_ema21,train
2024-01-24 16:30:00+00:00,66.395,66.2811241572437,66.6227516855126,2024-01-24 18:30:00+00:00,66.3449,-0.43995283624128056,trail_exit,h_ema21,train
2024-01-25 15:30:00+00:00,66.085,65.97570988223882,66.30358023552235,2024-01-25 15:45:00+00:00,65.96070988223882,-1.1372493717389796,stop_hit,h_ema21,train
2024-01-25 18:15:00+00:00,65.9049,65.79947296919433,66.11575406161134,2024-01-25 18:45:00+00:00,65.78447296919433,-1.1422785018734838,stop_hit,h_ema21,train
2024-01-26 15:45:00+00:00,65.585,65.46700863889387,65.82098272221224,2024-01-26 17:30:00+00:00,65.45200863889387,-1.127127951227799,stop_hit,h_ema21,train
2024-01-29 14:45:00+00:00,65.865,65.75130844760406,66.09238310479186,2024-01-29 15:45:00+00:00,65.73630844760406,-1.131935923856177,stop_hit,h_ema21,train
2024-01-29 17:30:00+00:00,65.855,65.77352792383611,66.01794415232779,2024-01-29 17:45:00+00:00,65.75852792383611,-1.1841121609547085,stop_hit,h_ema200,train
2024-01-30 16:30:00+00:00,65.88,65.78785977162929,66.06428045674141,2024-01-31 14:30:00+00:00,66.04928045674141,2.0,scaleout_tier_1,h_ema21,train
2024-01-30 16:30:00+00:00,65.88,65.78785977162929,66.15642068511212,2024-01-31 14:30:00+00:00,66.14142068511212,3.0,scaleout_tier_2,h_ema21,train
2024-01-30 16:30:00+00:00,65.88,65.78785977162929,66.24856091348283,2024-01-31 14:30:00+00:00,66.23356091348283,4.0,scaleout_tier_3,h_ema21,train
2024-01-30 16:30:00+00:00,65.88,65.78785977162929,66.34070114185354,2024-01-31 14:30:00+00:00,66.32570114185354,5.0,scaleout_tier_4,h_ema21,train
2024-01-30 16:30:00+00:00,65.88,65.78785977162929,66.43284137022425,2024-01-31 14:30:00+00:00,66.41784137022425,6.0,scaleout_tier_5,h_ema21,train
2024-01-30 16:30:00+00:00,65.88,65.78785977162929,66.52498159859496,2024-01-31 14:30:00+00:00,66.50998159859496,7.0,scaleout_tier_6,h_ema21,train
2024-01-30 16:30:00+00:00,65.88,65.78785977162929,66.61712182696567,2024-01-31 14:30:00+00:00,66.60212182696567,8.0,scaleout_tier_7,h_ema21,train
2024-02-01 18:45:00+00:00,66.745,66.60225237733681,67.03049524532639,2024-02-02 14:30:00+00:00,66.58725237733681,-1.1050805591024961,stop_hit,h_ema21,train
2024-02-02 16:45:00+00:00,66.24,66.10772279183985,66.50455441632029,2024-02-02 20:00:00+00:00,66.48955441632029,2.0,scaleout_tier_1,h_ema200,train
2024-02-02 16:45:00+00:00,66.24,66.10772279183985,66.50455441632029,2024-02-05 14:30:00+00:00,66.225,-0.11339822036340662,stop_hit,h_ema200,train
2024-02-05 15:00:00+00:00,66.285,66.18146864875065,66.49206270249869,2024-02-05 15:15:00+00:00,66.16646864875065,-1.1448836494355668,stop_hit,h_ema21,train
2024-02-05 17:00:00+00:00,66.15,66.03670614904456,66.37658770191089,2024-02-05 19:30:00+00:00,66.36158770191089,2.0,scaleout_tier_1,h_ema21,train
2024-02-05 17:00:00+00:00,66.15,66.03670614904456,66.37658770191089,2024-02-05 20:45:00+00:00,66.165,0.13239906555828704,trail_exit,h_ema21,train
2024-02-06 15:30:00+00:00,66.045,65.93416864036003,66.26666271927995,2024-02-06 16:45:00+00:00,65.91916864036003,-1.135340755980318,stop_hit,ema21,train
2024-02-06 17:45:00+00:00,65.985,65.88604004447511,66.18291991104978,2024-02-06 18:15:00+00:00,65.87104004447511,-1.151576462625105,stop_hit,ema21,train
2024-02-06 18:45:00+00:00,66.015,65.92063765905492,66.20372468189017,2024-02-06 19:00:00+00:00,65.90563765905492,-1.1589617197895756,stop_hit,ema21,train
2024-02-08 16:00:00+00:00,66.155,66.05389199614304,66.35721600771393,2024-02-08 16:15:00+00:00,66.03889199614304,-1.148356207498872,stop_hit,h_ema200,train
2024-02-08 17:00:00+00:00,66.115,66.01644038426284,66.31211923147431,2024-02-08 18:15:00+00:00,66.29711923147431,2.0,scaleout_tier_1,ema21,train
2024-02-08 17:00:00+00:00,66.115,66.01644038426284,66.41067884721147,2024-02-09 14:30:00+00:00,66.39567884721147,3.0,scaleout_tier_2,ema21,train
2024-02-08 17:00:00+00:00,66.115,66.01644038426284,66.31211923147431,2024-02-09 16:45:00+00:00,66.28,1.6741136698425465,trail_exit,ema21,train
2024-02-09 18:30:00+00:00,66.585,66.51222773077485,66.73054453845027,2024-02-09 20:00:00+00:00,66.49722773077485,-1.2061224716463639,stop_hit,h_ema21,train
2024-02-13 15:30:00+00:00,67.17,67.0670486626249,67.37590267475021,2024-02-13 15:45:00+00:00,67.0520486626249,-1.1456999042698017,stop_hit,h_ema21,train
2024-02-13 17:45:00+00:00,67.0,66.88922131387014,67.22155737225972,2024-02-13 18:00:00+00:00,66.87422131387014,-1.13540510836549,stop_hit,h_ema21,train
2024-02-14 15:30:00+00:00,66.865,66.74271238500154,67.1095752299969,2024-02-14 15:45:00+00:00,66.72771238500154,-1.122661644845964,stop_hit,h_ema21,train
2024-02-14 16:30:00+00:00,66.7948,66.67794570564423,67.02850858871152,2024-02-14 17:00:00+00:00,66.66294570564423,-1.128364987206489,stop_hit,h_ema21,train
2024-02-14 17:30:00+00:00,66.86,66.75030668208312,67.07938663583376,2024-02-15 14:30:00+00:00,67.06438663583376,2.0,scaleout_tier_1,h_ema21,train
2024-02-14 17:30:00+00:00,66.86,66.75030668208312,67.18907995375064,2024-02-15 14:30:00+00:00,67.17407995375063,3.0,scaleout_tier_2,h_ema21,train
2024-02-14 17:30:00+00:00,66.86,66.75030668208312,67.29877327166751,2024-02-15 14:45:00+00:00,67.28377327166751,4.0,scaleout_tier_3,h_ema21,train
2024-02-14 17:30:00+00:00,66.86,66.75030668208312,67.40846658958439,2024-02-15 14:45:00+00:00,67.39346658958439,5.0,scaleout_tier_4,h_ema21,train
2024-02-14 17:30:00+00:00,66.86,66.75030668208312,67.51815990750127,2024-02-15 15:00:00+00:00,67.50315990750127,6.0,scaleout_tier_5,h_ema21,train
2024-02-14 17:30:00+00:00,66.86,66.75030668208312,67.07938663583376,2024-02-15 16:00:00+00:00,67.315,4.1479281385651925,trail_exit,h_ema21,train
2024-02-16 15:15:00+00:00,67.65,67.54922026128091,67.8515594774382,2024-02-16 15:30:00+00:00,67.53422026128091,-1.1488394412473117,stop_hit,h_ema21,train
2024-02-20 16:00:00+00:00,67.965,67.85278614782554,68.18942770434893,2024-02-20 16:15:00+00:00,67.83778614782554,-1.133673336306818,stop_hit,h_ema21,train
2024-03-07 15:00:00+00:00,71.295,70.98340756600875,71.9181848679825,2024-03-08 16:15:00+00:00,71.395,0.3209320544760151,trail_exit,h_ema21,train
2024-03-12 14:00:00+00:00,69.605,69.48237270381438,69.85025459237126,2024-03-12 14:45:00+00:00,69.83525459237126,2.0,scaleout_tier_1,h_ema21,train
2024-03-12 14:00:00+00:00,69.605,69.48237270381438,69.85025459237126,2024-03-12 16:45:00+00:00,69.755,1.223218685119905,trail_exit,h_ema21,train
2024-03-12 19:00:00+00:00,69.905,69.81117631611531,70.09264736776939,2024-03-13 13:30:00+00:00,69.79617631611531,-1.1598743449301687,stop_hit,h_ema21,train
2024-03-13 16:00:00+00:00,69.405,69.28506865989759,69.64486268020482,2024-03-13 19:15:00+00:00,69.27006865989759,-1.1250715616718017,stop_hit,h_ema200,train
2024-03-14 16:00:00+00:00,69.185,69.06460433408127,69.42579133183747,2024-03-14 16:15:00+00:00,69.04960433408127,-1.1245892024894422,stop_hit,h_ema21,train
2024-03-14 18:00:00+00:00,69.115,69.0080415074882,69.32891698502358,2024-03-14 19:00:00+00:00,68.9930415074882,-1.1402413183632576,stop_hit,h_ema21,train
2024-03-15 14:15:00+00:00,69.525,69.38935476930983,69.79629046138035,2024-03-15 16:45:00+00:00,69.37435476930983,-1.1105825831374938,stop_hit,h_ema21,train
2024-03-18 14:15:00+00:00,70.455,70.30116819400082,70.76266361199835,2024-03-18 17:00:00+00:00,70.28616819400082,-1.097509093796123,stop_hit,h_ema21,train
2024-03-18 18:00:00+00:00,70.615,70.50565238204531,70.83369523590936,2024-03-19 14:15:00+00:00,70.49065238204531,-1.1371771994723934,stop_hit,h_ema21,train
2024-03-19 16:30:00+00:00,70.955,70.86250419957183,71.13999160085633,2024-03-19 19:00:00+00:00,70.84750419957183,-1.1621695247845287,stop_hit,h_ema21,train
2024-03-20 14:15:00+00:00,70.955,70.87454202606578,71.11591594786843,2024-03-20 14:45:00+00:00,70.85954202606578,-1.186432733345546,stop_hit,h_ema21,train
2024-03-20 16:15:00+00:00,71.015,70.94448692557755,71.1560261488449,2024-03-20 16:30:00+00:00,70.92948692557755,-1.2127265067203588,stop_hit,h_ema21,train
2024-03-20 17:30:00+00:00,71.025,70.95857027402732,71.15785945194537,2024-03-20 18:15:00+00:00,71.14285945194537,2.0,scaleout_tier_1,h_ema21,train
2024-03-20 17:30:00+00:00,71.025,70.95857027402732,71.15785945194537,2024-03-20 18:30:00+00:00,71.01,-0.22580252711216936,stop_hit,h_ema21,train
2024-03-21 18:30:00+00:00,71.855,71.76862449872175,72.02775100255651,2024-03-21 19:00:00+00:00,71.75362449872175,-1.173660352507579,stop_hit,h_ema21,train
2024-03-22 17:30:00+00:00,71.875,71.80399638011403,72.01700723977194,2024-03-22 19:00:00+00:00,71.78899638011403,-1.2112568348499688,stop_hit,h_ema21,train
2024-03-26 13:45:00+00:00,71.375,71.27409145460351,71.57681709079299,2024-03-26 19:45:00+00:00,71.285,-0.8918967134683464,trail_exit,h_ema50,train
2024-03-27 13:45:00+00:00,71.425,71.33928718918891,71.59642562162217,2024-03-27 14:00:00+00:00,71.32428718918891,-1.1750030113125172,stop_hit,h_ema21,train
2024-03-27 14:30:00+00:00,71.455,71.36811186393878,71.62877627212244,2024-03-27 14:45:00+00:00,71.35311186393878,-1.172635766860414,stop_hit,h_ema21,train
2024-03-27 15:45:00+00:00,71.395,71.31567530139492,71.55364939721015,2024-03-27 16:00:00+00:00,71.30067530139492,-1.1890962116941524,stop_hit,h_ema21,train
2024-03-27 18:00:00+00:00,71.435,71.36843841493956,71.56812317012088,2024-03-27 19:30:00+00:00,71.55312317012088,2.0,scaleout_tier_1,h_ema21,train
2024-03-27 18:00:00+00:00,71.435,71.36843841493956,71.56812317012088,2024-03-28 13:30:00+00:00,71.42,-0.225355210312072,stop_hit,h_ema21,train
2024-03-28 14:00:00+00:00,71.355,71.25105583126383,71.56288833747236,2024-03-28 17:15:00+00:00,71.275,-0.7696439441739906,trail_exit,h_ema21,train
2024-03-28 19:00:00+00:00,71.375,71.29928269039466,71.52643461921068,2024-04-01 13:30:00+00:00,71.28428269039466,-1.198105295581489,stop_hit,h_ema21,train
2024-04-01 17:45:00+00:00,70.185,70.0961623087832,70.3626753824336,2024-04-02 13:30:00+00:00,70.0811623087832,-1.1688472515949928,stop_hit,ema21,train
2024-04-02 15:15:00+00:00,69.785,69.6649042350894,70.0251915298212,2024-04-02 15:45:00+00:00,69.6499042350894,-1.1249003244299784,stop_hit,ema21,train
2024-04-02 16:30:00+00:00,69.735,69.628422370811,69.94815525837801,2024-04-03 13:30:00+00:00,69.93315525837801,2.0,scaleout_tier_1,ema21,train
2024-04-02 16:30:00+00:00,69.735,69.628422370811,70.05473288756701,2024-04-03 14:00:00+00:00,70.03973288756701,3.0,scaleout_tier_2,ema21,train
2024-04-02 16:30:00+00:00,69.735,69.628422370811,70.16131051675602,2024-04-03 14:00:00+00:00,70.14631051675602,4.0,scaleout_tier_3,ema21,train
2024-04-02 16:30:00+00:00,69.735,69.628422370811,70.26788814594502,2024-04-03 14:30:00+00:00,70.25288814594502,5.0,scaleout_tier_4,ema21,train
2024-04-02 16:30:00+00:00,69.735,69.628422370811,70.37446577513403,2024-04-03 15:00:00+00:00,70.35946577513403,6.0,scaleout_tier_5,ema21,train
2024-04-02 16:30:00+00:00,69.735,69.628422370811,70.48104340432303,2024-04-03 15:30:00+00:00,70.46604340432303,7.0,scaleout_tier_6,ema21,train
2024-04-02 16:30:00+00:00,69.735,69.628422370811,69.94815525837801,2024-04-03 19:00:00+00:00,70.295,5.254385974442152,trail_exit,ema21,train
2024-04-05 14:00:00+00:00,69.765,69.64270485610885,70.0095902877823,2024-04-05 14:15:00+00:00,69.62770485610885,-1.1226540933902607,stop_hit,ema21,train
2024-04-05 14:45:00+00:00,69.795,69.66328993034662,70.05842013930676,2024-04-08 13:30:00+00:00,70.04342013930676,2.0,scaleout_tier_1,ema21,train
2024-04-05 14:45:00+00:00,69.795,69.66328993034662,70.19013020896014,2024-04-08 13:30:00+00:00,70.17513020896014,3.0,scaleout_tier_2,ema21,train
2024-04-05 14:45:00+00:00,69.795,69.66328993034662,70.32184027861352,2024-04-08 13:30:00+00:00,70.30684027861352,4.0,scaleout_tier_3,ema21,train
2024-04-08 14:30:00+00:00,70.355,70.22057344632047,70.62385310735907,2024-04-08 19:45:00+00:00,70.225,-0.9670708386225908,trail_exit,ema21,train
2024-04-09 16:45:00+00:00,70.435,70.32536053692554,70.65427892614892,2024-04-09 18:00:00+00:00,70.31036053692554,-1.1368120526987053,stop_hit,ema21,train
2024-04-09 19:00:00+00:00,70.395,70.30277459415633,70.57945081168732,2024-04-10 13:30:00+00:00,70.28777459415633,-1.1626449877100884,stop_hit,ema21,train
2024-04-10 14:30:00+00:00,69.585,69.41684519333948,69.92130961332101,2024-04-10 15:00:00+00:00,69.40184519333948,-1.0892035160807758,stop_hit,ema21,train
2024-04-10 18:00:00+00:00,69.305,69.14487087830766,69.6252582433847,2024-04-10 18:45:00+00:00,69.12987087830766,-1.0936744037653532,stop_hit,donchian_low,train
2024-04-10 19:15:00+00:00,69.295,69.1430307833408,69.5989384333184,2024-04-11 13:30:00+00:00,69.5839384333184,2.0,scaleout_tier_1,donchian_low,train
2024-04-10 19:15:00+00:00,69.295,69.1430307833408,69.75090764997759,2024-04-11 13:30:00+00:00,69.73590764997759,3.0,scaleout_tier_2,donchian_low,train
2024-04-10 19:15:00+00:00,69.295,69.1430307833408,69.5989384333184,2024-04-11 14:00:00+00:00,69.485,1.2502532037530223,trail_exit,donchian_low,train
2024-04-15 13:45:00+00:00,69.775,69.62160770752553,70.08178458494896,2024-04-15 14:00:00+00:00,69.60660770752553,-1.0977884857056703,stop_hit,ema21,train
2024-04-15 14:45:00+00:00,69.475,69.31087002120566,69.80325995758866,2024-04-15 15:00:00+00:00,69.29587002120566,-1.0913909823798642,stop_hit,ema21,train
2024-04-15 15:30:00+00:00,69.405,69.25103733111838,69.71292533776324,2024-04-15 16:30:00+00:00,69.23603733111838,-1.097426214477576,stop_hit,ema21,train
2024-04-16 18:15:00+00:00,67.955,67.78762271299902,68.28975457400195,2024-04-16 19:45:00+00:00,67.77262271299902,-1.0896178942123327,stop_hit,ema50,train
2024-04-17 18:00:00+00:00,67.235,67.08919403778043,67.52661192443914,2024-04-17 18:45:00+00:00,67.07419403778043,-1.1028764514952556,stop_hit,ema100,train
2024-04-18 14:00:00+00:00,67.015,66.86453797237465,67.3159240552507,2024-04-18 15:00:00+00:00,67.3009240552507,2.0,scaleout_tier_1,donchian_low,train
2024-04-18 14:00:00+00:00,67.015,66.86453797237465,67.3159240552507,2024-04-18 16:45:00+00:00,67.025,0.06646195161549305,trail_exit,donchian_low,train
2024-04-18 18:30:00+00:00,66.925,66.79890552192202,67.17718895615594,2024-04-19 13:30:00+00:00,66.78390552192202,-1.1189584209288286,stop_hit,ema100,train
2024-04-19 15:30:00+00:00,66.785,66.65816020006757,67.03867959986485,2024-04-19 15:45:00+00:00,66.64316020006757,-1.1182594107527115,stop_hit,ema100,train
2024-04-19 16:45:00+00:00,66.465,66.33339650176208,66.72820699647585,2024-05-06 13:30:00+00:00,66.71320699647585,2.0,scaleout_tier_1,ema100,train
2024-04-19 16:45:00+00:00,66.465,66.33339650176208,66.85981049471377,2024-05-06 13:30:00+00:00,66.84481049471377,3.0,scaleout_tier_2,ema100,train
2024-04-19 16:45:00+00:00,66.465,66.33339650176208,66.99141399295169,2024-05-06 13:30:00+00:00,66.97641399295169,4.0,scaleout_tier_3,ema100,train
2024-04-19 16:45:00+00:00,66.465,66.33339650176208,67.12301749118961,2024-05-06 13:30:00+00:00,67.10801749118961,5.0,scaleout_tier_4,ema100,train
2024-04-19 16:45:00+00:00,66.465,66.33339650176208,67.25462098942754,2024-05-06 13:30:00+00:00,67.23962098942754,6.0,scaleout_tier_5,ema100,train
2024-04-19 16:45:00+00:00,66.465,66.33339650176208,67.38622448766546,2024-05-06 13:30:00+00:00,67.37122448766546,7.0,scaleout_tier_6,ema100,train
2024-04-19 16:45:00+00:00,66.465,66.33339650176208,67.51782798590338,2024-05-06 13:30:00+00:00,67.50282798590338,8.0,scaleout_tier_7,ema100,train
2024-04-19 16:45:00+00:00,66.465,66.33339650176208,67.6494314841413,2024-05-06 13:30:00+00:00,67.6344314841413,9.0,scaleout_tier_8,ema100,train
2024-04-19 16:45:00+00:00,66.465,66.33339650176208,67.78103498237923,2024-05-06 13:30:00+00:00,67.76603498237922,10.0,scaleout_tier_9,ema100,train
2024-04-19 16:45:00+00:00,66.465,66.33339650176208,67.91263848061715,2024-05-06 13:30:00+00:00,67.89763848061715,11.0,scaleout_tier_10,ema100,train
2024-04-19 16:45:00+00:00,66.465,66.33339650176208,68.04424197885507,2024-05-06 13:30:00+00:00,68.02924197885507,12.0,scaleout_tier_11,ema100,train
2024-04-19 16:45:00+00:00,66.465,66.33339650176208,68.17584547709299,2024-05-06 13:30:00+00:00,68.16084547709299,13.0,scaleout_tier_12,ema100,train
2024-04-19 16:45:00+00:00,66.465,66.33339650176208,68.30744897533091,2024-05-06 13:30:00+00:00,68.29244897533091,14.0,scaleout_tier_13,ema100,train
2024-04-19 16:45:00+00:00,66.465,66.33339650176208,68.43905247356884,2024-05-06 13:30:00+00:00,68.42405247356884,15.0,scaleout_tier_14,ema100,train
2024-04-19 16:45:00+00:00,66.465,66.33339650176208,68.57065597180676,2024-05-06 13:30:00+00:00,68.55565597180676,16.0,scaleout_tier_15,ema100,train
2024-04-19 16:45:00+00:00,66.465,66.33339650176208,68.70225947004468,2024-05-06 13:30:00+00:00,68.68725947004468,17.0,scaleout_tier_16,ema100,train
2024-04-19 16:45:00+00:00,66.465,66.33339650176208,68.8338629682826,2024-05-06 13:30:00+00:00,68.8188629682826,18.0,scaleout_tier_17,ema100,train
2024-04-19 16:45:00+00:00,66.465,66.33339650176208,68.96546646652052,2024-05-06 13:30:00+00:00,68.95046646652052,19.0,scaleout_tier_18,ema100,train
2024-04-19 16:45:00+00:00,66.465,66.33339650176208,69.09706996475845,2024-05-06 13:30:00+00:00,69.08206996475845,20.0,scaleout_tier_19,ema100,train
2024-04-19 16:45:00+00:00,66.465,66.33339650176208,69.22867346299637,2024-05-06 13:30:00+00:00,69.21367346299637,21.0,scaleout_tier_20,ema100,train
2024-04-19 16:45:00+00:00,66.465,66.33339650176208,69.36027696123429,2024-05-06 13:30:00+00:00,69.34527696123429,22.0,scaleout_tier_21,ema100,train
2024-04-19 16:45:00+00:00,66.465,66.33339650176208,69.49188045947221,2024-05-06 13:30:00+00:00,69.47688045947221,23.0,scaleout_tier_22,ema100,train
2024-05-07 16:00:00+00:00,69.065,68.95215580295097,69.29068839409805,2024-05-07 16:15:00+00:00,69.005,-0.5317065615162598,trail_exit,ema21,train
2024-05-07 17:30:00+00:00,69.055,68.95802193310266,69.2489561337947,2024-05-07 17:45:00+00:00,68.94302193310266,-1.1546741493195352,stop_hit,ema21,train
2024-05-07 19:15:00+00:00,68.905,68.81794895406061,69.07910209187878,2024-05-08 13:30:00+00:00,68.80294895406061,-1.172312691227679,stop_hit,ema21,train
2024-05-08 17:45:00+00:00,67.995,67.90470719152236,68.17558561695529,2024-05-09 13:30:00+00:00,67.88970719152236,-1.1661261871560327,stop_hit,ema50,train
2024-05-09 14:15:00+00:00,67.995,67.90170759527925,68.18158480944152,2024-05-09 16:45:00+00:00,68.16658480944152,2.0,scaleout_tier_1,ema50,train
2024-05-09 14:15:00+00:00,67.995,67.90170759527925,68.27487721416227,2024-05-09 18:45:00+00:00,68.25987721416227,3.0,scaleout_tier_2,ema50,train
2024-05-09 14:15:00+00:00,67.995,67.90170759527925,68.18158480944152,2024-05-10 13:30:00+00:00,68.135,1.5006580698509138,trail_exit,ema50,train
2024-05-10 18:00:00+00:00,67.925,67.85324424281963,68.06851151436074,2024-05-13 13:30:00+00:00,67.83824424281963,-1.2090424599979577,stop_hit,ema50,train
2024-05-13 14:00:00+00:00,67.865,67.78527938306226,68.02444123387546,2024-05-13 14:30:00+00:00,67.77027938306226,-1.1881570988307357,stop_hit,ema50,train
2024-05-14 17:30:00+00:00,68.035,67.96253450885736,68.17993098228527,2024-05-14 18:30:00+00:00,68.16493098228527,2.0,scaleout_tier_1,ema50,train
2024-05-14 17:30:00+00:00,68.035,67.96253450885736,68.25239647342791,2024-05-15 13:30:00+00:00,68.2373964734279,3.0,scaleout_tier_2,ema50,train
2024-05-14 17:30:00+00:00,68.035,67.96253450885736,68.32486196457054,2024-05-15 13:30:00+00:00,68.30986196457054,4.0,scaleout_tier_3,ema50,train
2024-05-14 17:30:00+00:00,68.035,67.96253450885736,68.39732745571318,2024-05-15 13:30:00+00:00,68.38232745571318,5.0,scaleout_tier_4,ema50,train
2024-05-14 17:30:00+00:00,68.035,67.96253450885736,68.46979294685582,2024-05-15 13:30:00+00:00,68.45479294685582,6.0,scaleout_tier_5,ema50,train
2024-05-14 17:30:00+00:00,68.035,67.96253450885736,68.54225843799846,2024-05-15 13:30:00+00:00,68.52725843799846,7.0,scaleout_tier_6,ema50,train
2024-05-15 14:30:00+00:00,68.525,68.42844781710419,68.71810436579165,2024-05-16 13:30:00+00:00,68.735,2.174989665708373,trail_exit,ema21,train
2024-05-16 17:00:00+00:00,68.625,68.55279913046755,68.7694017390649,2024-05-16 17:15:00+00:00,68.53779913046755,-1.2077537306286674,stop_hit,ema21,train
2024-05-16 19:15:00+00:00,68.435,68.3591374827489,68.5867250345022,2024-05-16 19:30:00+00:00,68.3441374827489,-1.197726104320429,stop_hit,ema21,train
2024-05-17 13:45:00+00:00,68.645,68.53721940453954,68.8605611909209,2024-05-17 14:30:00+00:00,68.8455611909209,2.0,scaleout_tier_1,ema21,train
2024-05-17 13:45:00+00:00,68.645,68.53721940453954,68.8605611909209,2024-05-17 17:45:00+00:00,68.705,0.5566864772241572,trail_exit,ema21,train
2024-05-21 14:15:00+00:00,68.94500000000001,68.85039621461239,69.13420757077525,2024-05-21 15:15:00+00:00,68.83539621461239,-1.1585560232980237,stop_hit,ema21,train
2024-05-21 17:30:00+00:00,68.755,68.67720495150029,68.91059009699941,2024-05-22 13:30:00+00:00,68.66220495150029,-1.19281432802316,stop_hit,ema21,train
2024-05-22 15:00:00+00:00,68.205,68.09812109729917,68.41875780540165,2024-05-22 15:45:00+00:00,68.08312109729917,-1.1403457522574694,stop_hit,ema50,train
2024-05-22 19:00:00+00:00,68.025,67.93756758335746,68.19986483328509,2024-05-22 19:15:00+00:00,67.92256758335746,-1.1715610819877755,stop_hit,ema50,train
2024-05-23 13:45:00+00:00,68.555,68.42309263946485,68.81881472107031,2024-05-23 14:00:00+00:00,68.40809263946485,-1.1137161712518933,stop_hit,ema21,train
2024-05-23 16:30:00+00:00,68.19500000000001,68.06243415933486,68.46013168133031,2024-05-23 16:45:00+00:00,68.04743415933486,-1.113151321069876,stop_hit,ema50,train
2024-05-24 13:45:00+00:00,68.415,68.27031051380877,68.70437897238249,2024-05-28 13:30:00+00:00,68.68937897238249,2.0,scaleout_tier_1,ema21,train
2024-05-24 13:45:00+00:00,68.415,68.27031051380877,68.84906845857373,2024-05-28 13:30:00+00:00,68.83406845857373,3.0,scaleout_tier_2,ema21,train
2024-05-24 13:45:00+00:00,68.415,68.27031051380877,68.99375794476497,2024-05-28 13:30:00+00:00,68.97875794476496,4.0,scaleout_tier_3,ema21,train
2024-05-24 13:45:00+00:00,68.415,68.27031051380877,68.70437897238249,2024-05-28 14:00:00+00:00,68.795,2.626313839401847,trail_exit,ema21,train
2024-05-28 17:45:00+00:00,68.925,68.8425796909273,69.0898406181454,2024-05-28 18:00:00+00:00,68.8275796909273,-1.1819939790175884,stop_hit,ema21,train
2024-05-29 17:30:00+00:00,67.545,67.4351712278356,67.76465754432881,2024-05-29 18:15:00+00:00,67.4201712278356,-1.13657623320733,stop_hit,ema100,train
2024-05-30 13:45:00+00:00,68.135,68.00987890588473,68.38524218823055,2024-05-30 19:15:00+00:00,68.025,-0.8791483224935532,trail_exit,ema21,train
2024-05-31 16:45:00+00:00,68.525,68.4035786908943,68.7678426182114,2024-05-31 19:30:00+00:00,68.7528426182114,2.0,scaleout_tier_1,ema21,train
2024-05-31 16:45:00+00:00,68.525,68.4035786908943,68.8892639273171,2024-05-31 19:45:00+00:00,68.8742639273171,3.0,scaleout_tier_2,ema21,train
2024-05-31 16:45:00+00:00,68.525,68.4035786908943,69.0106852364228,2024-06-03 13:30:00+00:00,68.9956852364228,4.0,scaleout_tier_3,ema21,train
2024-05-31 16:45:00+00:00,68.525,68.4035786908943,69.1321065455285,2024-06-03 13:30:00+00:00,69.1171065455285,5.0,scaleout_tier_4,ema21,train
2024-05-31 16:45:00+00:00,68.525,68.4035786908943,69.2535278546342,2024-06-03 13:30:00+00:00,69.2385278546342,6.0,scaleout_tier_5,ema21,train
2024-05-31 16:45:00+00:00,68.525,68.4035786908943,69.3749491637399,2024-06-03 13:30:00+00:00,69.3599491637399,7.0,scaleout_tier_6,ema21,train
2024-05-31 16:45:00+00:00,68.525,68.4035786908943,69.4963704728456,2024-06-03 13:30:00+00:00,69.4813704728456,8.0,scaleout_tier_7,ema21,train
2024-06-03 17:30:00+00:00,69.325,69.21010157547006,69.55479684905988,2024-06-03 18:00:00+00:00,69.225,-0.8703339528728743,trail_exit,h_ema21,train
2024-06-04 16:15:00+00:00,69.325,69.217533894051,69.539932211898,2024-06-04 18:15:00+00:00,69.524932211898,2.0,scaleout_tier_1,h_ema21,train
2024-06-04 16:15:00+00:00,69.325,69.217533894051,69.647398317847,2024-06-04 18:15:00+00:00,69.632398317847,3.0,scaleout_tier_2,h_ema21,train
2024-06-04 16:15:00+00:00,69.325,69.217533894051,69.539932211898,2024-06-05 13:30:00+00:00,69.31,-0.13957889203800616,stop_hit,h_ema21,train
2024-06-05 15:15:00+00:00,69.055,68.90521192818085,69.35457614363833,2024-06-06 13:45:00+00:00,69.05499999999999,-9.487307328689627e-14,trail_exit,ema21,train
2024-06-06 14:45:00+00:00,69.075,68.99248823648182,69.24002352703637,2024-06-07 13:30:00+00:00,68.97748823648182,-1.1817922604053281,stop_hit,ema21,train
2024-06-07 14:30:00+00:00,68.955,68.8461789354652,69.17264212906959,2024-06-07 15:00:00+00:00,68.8311789354652,-1.1378409599660229,stop_hit,ema21,train
2024-06-07 16:00:00+00:00,68.895,68.78729598428293,69.11040803143412,2024-06-07 18:00:00+00:00,68.77229598428293,-1.1392705731549098,stop_hit,ema21,train
2024-06-07 18:45:00+00:00,68.805,68.71227372392075,68.99045255215853,2024-06-07 19:00:00+00:00,68.69727372392074,-1.1617664445747689,stop_hit,ema21,train
2024-06-11 14:30:00+00:00,68.015,67.87690586712274,68.29118826575451,2024-06-11 15:45:00+00:00,67.86190586712274,-1.1086215589863848,stop_hit,ema50,train
2024-06-11 18:30:00+00:00,68.205,68.10577901112653,68.40344197774694,2024-06-11 18:45:00+00:00,68.09077901112653,-1.1511776910339928,stop_hit,ema50,train
2024-06-12 16:15:00+00:00,68.835,68.71721011446199,69.070579771076,2024-06-12 18:00:00+00:00,68.70221011446199,-1.1273453992377058,stop_hit,ema21,train
2024-06-13 15:00:00+00:00,67.035,66.85622660362888,67.39254679274222,2024-06-14 14:00:00+00:00,66.84122660362888,-1.0839051016789,stop_hit,ema100,train
2024-06-14 15:00:00+00:00,67.045,66.932592809477,67.269814381046,2024-06-14 16:15:00+00:00,66.917592809477,-1.133443420569534,stop_hit,ema100,train
2024-06-14 16:45:00+00:00,67.015,66.91182054715253,67.22135890569494,2024-06-17 13:30:00+00:00,66.89682054715253,-1.1453777819715225,stop_hit,ema100,train
2024-06-17 14:30:00+00:00,66.215,66.07356042346383,66.49787915307235,2024-06-17 17:15:00+00:00,66.48287915307235,2.0,scaleout_tier_1,ema100,train
2024-06-17 14:30:00+00:00,66.215,66.07356042346383,66.63931872960852,2024-06-17 18:30:00+00:00,66.62431872960852,3.0,scaleout_tier_2,ema100,train
2024-06-17 14:30:00+00:00,66.215,66.07356042346383,66.49787915307235,2024-06-18 14:00:00+00:00,66.375,1.1312251062847192,trail_exit,ema100,train
2024-06-18 14:30:00+00:00,66.625,66.512028935766,66.850942128468,2024-06-18 14:45:00+00:00,66.497028935766,-1.1327773629619906,stop_hit,donchian_low,train
2024-06-18 15:45:00+00:00,66.595,66.48841720460106,66.80816559079787,2024-07-05 13:30:00+00:00,66.79316559079787,2.0,scaleout_tier_1,donchian_low,train
2024-06-18 15:45:00+00:00,66.595,66.48841720460106,66.9147483861968,2024-07-05 13:30:00+00:00,66.8997483861968,3.0,scaleout_tier_2,donchian_low,train
2024-06-18 15:45:00+00:00,66.595,66.48841720460106,67.02133118159574,2024-07-05 13:30:00+00:00,67.00633118159574,4.0,scaleout_tier_3,donchian_low,train
2024-06-18 15:45:00+00:00,66.595,66.48841720460106,67.12791397699468,2024-07-05 13:30:00+00:00,67.11291397699468,5.0,scaleout_tier_4,donchian_low,train
2024-06-18 15:45:00+00:00,66.595,66.48841720460106,67.23449677239361,2024-07-05 13:30:00+00:00,67.21949677239361,6.0,scaleout_tier_5,donchian_low,train
2024-06-18 15:45:00+00:00,66.595,66.48841720460106,67.34107956779255,2024-07-05 13:30:00+00:00,67.32607956779255,7.0,scaleout_tier_6,donchian_low,train
2024-06-18 15:45:00+00:00,66.595,66.48841720460106,67.44766236319148,2024-07-05 13:30:00+00:00,67.43266236319148,8.0,scaleout_tier_7,donchian_low,train
2024-06-18 15:45:00+00:00,66.595,66.48841720460106,67.55424515859042,2024-07-05 13:30:00+00:00,67.53924515859042,9.0,scaleout_tier_8,donchian_low,train
2024-06-18 15:45:00+00:00,66.595,66.48841720460106,67.66082795398935,2024-07-05 13:30:00+00:00,67.64582795398935,10.0,scaleout_tier_9,donchian_low,train
2024-06-18 15:45:00+00:00,66.595,66.48841720460106,67.76741074938829,2024-07-05 13:30:00+00:00,67.75241074938829,11.0,scaleout_tier_10,donchian_low,train
2024-06-18 15:45:00+00:00,66.595,66.48841720460106,67.87399354478723,2024-07-05 13:30:00+00:00,67.85899354478723,12.0,scaleout_tier_11,donchian_low,train
2024-06-18 15:45:00+00:00,66.595,66.48841720460106,67.98057634018616,2024-07-05 13:30:00+00:00,67.96557634018616,13.0,scaleout_tier_12,donchian_low,train
2024-06-18 15:45:00+00:00,66.595,66.48841720460106,68.0871591355851,2024-07-05 13:30:00+00:00,68.0721591355851,14.0,scaleout_tier_13,donchian_low,train
2024-06-18 15:45:00+00:00,66.595,66.48841720460106,68.19374193098403,2024-07-05 13:30:00+00:00,68.17874193098403,15.0,scaleout_tier_14,donchian_low,train
2024-06-18 15:45:00+00:00,66.595,66.48841720460106,68.30032472638297,2024-07-05 13:30:00+00:00,68.28532472638297,16.0,scaleout_tier_15,donchian_low,train
2024-06-18 15:45:00+00:00,66.595,66.48841720460106,68.4069075217819,2024-07-05 13:30:00+00:00,68.3919075217819,17.0,scaleout_tier_16,donchian_low,train
2024-06-18 15:45:00+00:00,66.595,66.48841720460106,68.51349031718084,2024-07-05 13:30:00+00:00,68.49849031718084,18.0,scaleout_tier_17,donchian_low,train
2024-06-18 15:45:00+00:00,66.595,66.48841720460106,68.62007311257977,2024-07-05 13:30:00+00:00,68.60507311257977,19.0,scaleout_tier_18,donchian_low,train
2024-06-18 15:45:00+00:00,66.595,66.48841720460106,68.72665590797871,2024-07-05 13:30:00+00:00,68.71165590797871,20.0,scaleout_tier_19,donchian_low,train
2024-06-18 15:45:00+00:00,66.595,66.48841720460106,68.83323870337765,2024-07-05 13:30:00+00:00,68.81823870337765,21.0,scaleout_tier_20,donchian_low,train
2024-06-18 15:45:00+00:00,66.595,66.48841720460106,68.93982149877658,2024-07-05 13:30:00+00:00,68.92482149877658,22.0,scaleout_tier_21,donchian_low,train
2024-06-18 15:45:00+00:00,66.595,66.48841720460106,69.04640429417552,2024-07-05 13:30:00+00:00,69.03140429417552,23.0,scaleout_tier_22,donchian_low,train
2024-06-18 15:45:00+00:00,66.595,66.48841720460106,69.15298708957445,2024-07-05 13:30:00+00:00,69.13798708957445,24.0,scaleout_tier_23,donchian_low,train
2024-06-18 15:45:00+00:00,66.595,66.48841720460106,69.25956988497339,2024-07-05 13:30:00+00:00,69.24456988497339,25.0,scaleout_tier_24,donchian_low,train
2024-06-18 15:45:00+00:00,66.595,66.48841720460106,69.36615268037232,2024-07-05 13:30:00+00:00,69.35115268037232,26.0,scaleout_tier_25,donchian_low,train
2024-06-18 15:45:00+00:00,66.595,66.48841720460106,69.47273547577126,2024-07-05 13:30:00+00:00,69.45773547577126,27.0,scaleout_tier_26,donchian_low,train
2024-06-18 15:45:00+00:00,66.595,66.48841720460106,69.5793182711702,2024-07-05 13:30:00+00:00,69.5643182711702,28.0,scaleout_tier_27,donchian_low,train
2024-06-18 15:45:00+00:00,66.595,66.48841720460106,69.68590106656913,2024-07-05 13:30:00+00:00,69.67090106656913,29.0,scaleout_tier_28,donchian_low,train
2024-06-18 15:45:00+00:00,66.595,66.48841720460106,69.79248386196807,2024-07-05 13:30:00+00:00,69.77748386196807,30.0,scaleout_tier_29,donchian_low,train
2024-07-08 17:45:00+00:00,69.755,69.6810693878688,69.90286122426238,2024-07-08 18:00:00+00:00,69.735,-0.2705239335027453,trail_exit,h_ema21,train
2024-07-09 17:00:00+00:00,70.045,69.95663878968917,70.22172242062167,2024-07-09 17:15:00+00:00,69.94163878968916,-1.1697577471747356,stop_hit,h_ema21,train
2024-07-10 14:00:00+00:00,71.055,70.9219038776398,71.32119224472041,2024-07-10 16:30:00+00:00,71.3061922447204,2.0,scaleout_tier_1,h_ema21,train
2024-07-10 14:00:00+00:00,71.055,70.9219038776398,71.45428836708061,2024-07-11 14:00:00+00:00,71.43928836708061,3.0,scaleout_tier_2,h_ema21,train
2024-07-10 14:00:00+00:00,71.055,70.9219038776398,71.32119224472041,2024-07-11 14:15:00+00:00,71.255,1.5026733796100027,trail_exit,h_ema21,train
2024-07-11 15:15:00+00:00,71.485,71.36637013042903,71.72225973914193,2024-07-11 15:30:00+00:00,71.35137013042903,-1.1264437030424894,stop_hit,h_ema21,train
2024-07-11 16:30:00+00:00,71.185,71.06477434967087,71.42545130065827,2024-07-11 16:45:00+00:00,71.04977434967087,-1.1247653887413895,stop_hit,h_ema21,train
2024-07-11 18:15:00+00:00,71.065,70.9593709688892,71.27625806222159,2024-07-12 14:00:00+00:00,71.26125806222159,2.0,scaleout_tier_1,h_ema21,train
2024-07-11 18:15:00+00:00,71.065,70.9593709688892,71.38188709333238,2024-07-12 14:00:00+00:00,71.36688709333238,3.0,scaleout_tier_2,h_ema21,train
2024-07-11 18:15:00+00:00,71.065,70.9593709688892,71.48751612444318,2024-07-12 14:45:00+00:00,71.47251612444317,4.0,scaleout_tier_3,h_ema21,train
2024-07-11 18:15:00+00:00,71.065,70.9593709688892,71.59314515555397,2024-07-12 17:30:00+00:00,71.57814515555397,5.0,scaleout_tier_4,h_ema21,train
2024-07-11 18:15:00+00:00,71.065,70.9593709688892,71.27625806222159,2024-07-12 19:30:00+00:00,71.425,3.40815395364552,trail_exit,h_ema21,train
2024-07-15 14:15:00+00:00,71.355,71.25582280659054,71.55335438681892,2024-07-15 16:00:00+00:00,71.24082280659054,-1.1512444492966443,stop_hit,h_ema21,train
2024-07-15 16:30:00+00:00,71.275,71.18053842022913,71.46392315954176,2024-07-15 17:00:00+00:00,71.16553842022913,-1.158794718830489,stop_hit,h_ema21,train
2024-07-15 19:00:00+00:00,71.205,71.11002836585075,71.39494326829849,2024-07-15 19:30:00+00:00,71.09502836585075,-1.1579418963816959,stop_hit,h_ema21,train
2024-07-16 13:45:00+00:00,71.355,71.25190494853675,71.56119010292652,2024-07-16 14:30:00+00:00,71.54619010292652,2.0,scaleout_tier_1,h_ema21,train
2024-07-16 13:45:00+00:00,71.355,71.25190494853675,71.66428515438977,2024-07-16 17:30:00+00:00,71.64928515438977,3.0,scaleout_tier_2,h_ema21,train
2024-07-16 13:45:00+00:00,71.355,71.25190494853675,71.76738020585303,2024-07-16 18:15:00+00:00,71.75238020585303,4.0,scaleout_tier_3,h_ema21,train
2024-07-16 13:45:00+00:00,71.355,71.25190494853675,71.87047525731629,2024-07-16 19:30:00+00:00,71.85547525731629,5.0,scaleout_tier_4,h_ema21,train
2024-07-16 13:45:00+00:00,71.355,71.25190494853675,71.56119010292652,2024-07-17 13:30:00+00:00,71.605,2.4249466531291377,trail_exit,h_ema21,train
2024-07-17 15:30:00+00:00,71.595,71.49813980282681,71.78872039434637,2024-07-17 15:45:00+00:00,71.48313980282681,-1.1548623731704841,stop_hit,h_ema21,train
2024-07-17 16:45:00+00:00,71.435,71.33824304384143,71.62851391231715,2024-07-18 13:30:00+00:00,71.32324304384143,-1.1550276134711963,stop_hit,h_ema21,train
2024-07-18 14:00:00+00:00,71.315,71.21581096785775,71.5133780642845,2024-07-18 14:30:00+00:00,71.20081096785775,-1.1512263974759709,stop_hit,h_ema21,train
2024-07-18 16:45:00+00:00,70.705,70.58852737168137,70.93794525663726,2024-07-18 18:00:00+00:00,70.57352737168137,-1.1287856229960336,stop_hit,h_ema200,train
2024-07-19 19:00:00+00:00,69.965,69.87642447859855,70.14215104280291,2024-07-22 13:30:00+00:00,70.12715104280291,2.0,scaleout_tier_1,ema21,train
2024-07-19 19:00:00+00:00,69.965,69.87642447859855,70.23072656420436,2024-07-22 13:30:00+00:00,70.21572656420436,3.0,scaleout_tier_2,ema21,train
2024-07-19 19:00:00+00:00,69.965,69.87642447859855,70.31930208560581,2024-07-22 14:30:00+00:00,70.30430208560581,4.0,scaleout_tier_3,ema21,train
2024-07-19 19:00:00+00:00,69.965,69.87642447859855,70.14215104280291,2024-07-22 15:30:00+00:00,70.085,1.354776106325272,trail_exit,ema21,train
2024-07-23 17:30:00+00:00,70.345,70.26053903023467,70.51392193953066,2024-07-23 19:30:00+00:00,70.24553903023467,-1.1775968242097743,stop_hit,ema21,train
2024-07-24 15:00:00+00:00,69.615,69.49152023237339,69.8619595352532,2024-07-24 15:15:00+00:00,69.47652023237339,-1.1214773908982365,stop_hit,ema21,train
2024-07-24 19:15:00+00:00,69.015,68.91471193789118,69.21557612421763,2024-07-24 19:45:00+00:00,68.89971193789118,-1.149569147958258,stop_hit,ema50,train
2024-07-25 14:30:00+00:00,67.805,67.59771646837457,68.21956706325088,2024-07-25 16:15:00+00:00,68.20456706325088,2.0,scaleout_tier_1,ema50,train
2024-07-25 14:30:00+00:00,67.805,67.59771646837457,68.21956706325088,2024-07-25 18:45:00+00:00,68.015,1.0131050853546189,trail_exit,ema50,train
2024-07-26 13:45:00+00:00,68.405,68.21501052603838,68.78497894792324,2024-07-26 16:45:00+00:00,68.76997894792324,2.0,scaleout_tier_1,ema100,train
2024-07-26 13:45:00+00:00,68.405,68.21501052603838,68.97496842188485,2024-07-30 13:30:00+00:00,68.95996842188485,3.0,scaleout_tier_2,ema100,train
2024-07-26 13:45:00+00:00,68.405,68.21501052603838,68.78497894792324,2024-07-30 14:30:00+00:00,68.895,2.579090250541919,trail_exit,ema100,train
2024-07-30 16:00:00+00:00,68.755,68.64890179280002,68.96719641439995,2024-07-31 13:30:00+00:00,68.95219641439995,2.0,scaleout_tier_1,ema50,train
2024-07-30 16:00:00+00:00,68.755,68.64890179280002,69.07329462159993,2024-07-31 13:30:00+00:00,69.05829462159993,3.0,scaleout_tier_2,ema50,train
2024-07-30 16:00:00+00:00,68.755,68.64890179280002,69.1793928287999,2024-07-31 13:30:00+00:00,69.1643928287999,4.0,scaleout_tier_3,ema50,train
2024-07-30 16:00:00+00:00,68.755,68.64890179280002,69.28549103599988,2024-07-31 13:30:00+00:00,69.27049103599988,5.0,scaleout_tier_4,ema50,train
2024-07-30 16:00:00+00:00,68.755,68.64890179280002,69.39158924319986,2024-07-31 13:30:00+00:00,69.37658924319986,6.0,scaleout_tier_5,ema50,train
2024-07-30 16:00:00+00:00,68.755,68.64890179280002,69.49768745039984,2024-07-31 13:30:00+00:00,69.48268745039984,7.0,scaleout_tier_6,ema50,train
2024-07-30 16:00:00+00:00,68.755,68.64890179280002,69.60378565759981,2024-07-31 13:30:00+00:00,69.58878565759981,8.0,scaleout_tier_7,ema50,train
2024-07-30 16:00:00+00:00,68.755,68.64890179280002,69.70988386479979,2024-07-31 13:30:00+00:00,69.69488386479979,9.0,scaleout_tier_8,ema50,train
2024-07-30 16:00:00+00:00,68.755,68.64890179280002,69.81598207199977,2024-07-31 13:30:00+00:00,69.80098207199977,10.0,scaleout_tier_9,ema50,train
2024-07-30 16:00:00+00:00,68.755,68.64890179280002,69.92208027919975,2024-07-31 13:30:00+00:00,69.90708027919975,11.0,scaleout_tier_10,ema50,train
2024-07-30 16:00:00+00:00,68.755,68.64890179280002,70.02817848639972,2024-07-31 13:30:00+00:00,70.01317848639972,12.0,scaleout_tier_11,ema50,train
2024-07-30 16:00:00+00:00,68.755,68.64890179280002,70.1342766935997,2024-07-31 13:30:00+00:00,70.1192766935997,13.0,scaleout_tier_12,ema50,train
2024-07-30 16:00:00+00:00,68.755,68.64890179280002,70.24037490079968,2024-07-31 13:30:00+00:00,70.22537490079968,14.0,scaleout_tier_13,ema50,train
2024-07-30 16:00:00+00:00,68.755,68.64890179280002,70.34647310799966,2024-07-31 13:30:00+00:00,70.33147310799966,15.0,scaleout_tier_14,ema50,train
2024-07-30 16:00:00+00:00,68.755,68.64890179280002,70.45257131519963,2024-07-31 13:30:00+00:00,70.43757131519963,16.0,scaleout_tier_15,ema50,train
2024-07-30 16:00:00+00:00,68.755,68.64890179280002,70.55866952239961,2024-07-31 13:30:00+00:00,70.54366952239961,17.0,scaleout_tier_16,ema50,train
2024-08-14 15:00:00+00:00,67.425,67.26285217241897,67.74929565516204,2024-08-14 15:15:00+00:00,67.475,0.3083605913561362,trail_exit,ema21,train
2024-08-14 16:00:00+00:00,67.635,67.4791864300411,67.94662713991782,2024-08-14 16:15:00+00:00,67.4641864300411,-1.096268893678236,stop_hit,ema21,train
2024-08-14 17:45:00+00:00,67.545,67.40505333924392,67.82489332151216,2024-08-15 13:30:00+00:00,67.80989332151216,2.0,scaleout_tier_1,ema21,train
2024-08-14 17:45:00+00:00,67.545,67.40505333924392,67.96483998226824,2024-08-15 13:30:00+00:00,67.94983998226824,3.0,scaleout_tier_2,ema21,train
2024-08-14 17:45:00+00:00,67.545,67.40505333924392,68.10478664302433,2024-08-15 13:30:00+00:00,68.08978664302433,4.0,scaleout_tier_3,ema21,train
2024-08-14 17:45:00+00:00,67.545,67.40505333924392,68.24473330378041,2024-08-15 13:30:00+00:00,68.2297333037804,5.0,scaleout_tier_4,ema21,train
2024-08-14 17:45:00+00:00,67.545,67.40505333924392,68.38467996453649,2024-08-15 13:30:00+00:00,68.36967996453649,6.0,scaleout_tier_5,ema21,train
2024-08-14 17:45:00+00:00,67.545,67.40505333924392,68.52462662529257,2024-08-15 13:30:00+00:00,68.50962662529257,7.0,scaleout_tier_6,ema21,train
2024-08-14 17:45:00+00:00,67.545,67.40505333924392,68.66457328604865,2024-08-15 13:30:00+00:00,68.64957328604865,8.0,scaleout_tier_7,ema21,train
2024-09-04 14:45:00+00:00,70.515,70.28282729508453,70.97934540983094,2024-09-04 15:15:00+00:00,70.26782729508453,-1.0646070777590406,stop_hit,h_ema21,train
2024-09-04 16:30:00+00:00,70.305,70.10453077509572,70.70593844980857,2024-09-04 17:45:00+00:00,70.08953077509572,-1.0748244525171513,stop_hit,h_ema21,train
2024-09-04 18:30:00+00:00,70.145,69.98052660117472,70.47394679765056,2024-09-04 19:00:00+00:00,69.96552660117472,-1.0912001582452557,stop_hit,h_ema50,train
2024-09-05 18:45:00+00:00,70.615,70.4667213120162,70.91155737596758,2024-09-05 19:15:00+00:00,70.4517213120162,-1.1011608627238485,stop_hit,h_ema21,train
2024-09-06 17:15:00+00:00,68.315,68.05350298618477,68.83799402763046,2024-09-06 17:45:00+00:00,68.03850298618477,-1.0573620317155872,stop_hit,ema21,train
2024-09-06 19:00:00+00:00,68.055,67.84308033810512,68.47883932378977,2024-09-09 13:30:00+00:00,68.46383932378977,2.0,scaleout_tier_1,ema21,train
2024-09-06 19:00:00+00:00,68.055,67.84308033810512,68.69075898568465,2024-09-09 13:30:00+00:00,68.67575898568465,3.0,scaleout_tier_2,ema21,train
2024-09-06 19:00:00+00:00,68.055,67.84308033810512,68.90267864757953,2024-09-09 13:30:00+00:00,68.88767864757953,4.0,scaleout_tier_3,ema21,train
2024-09-06 19:00:00+00:00,68.055,67.84308033810512,69.11459830947442,2024-09-09 13:30:00+00:00,69.09959830947442,5.0,scaleout_tier_4,ema21,train
2024-09-10 15:15:00+00:00,68.805,68.63264015432846,69.14971969134311,2024-09-10 15:30:00+00:00,68.61764015432846,-1.087027230394396,stop_hit,ema21,train
2024-09-10 17:15:00+00:00,68.775,68.61214382368269,69.10071235263464,2024-09-10 18:30:00+00:00,69.08571235263464,2.0,scaleout_tier_1,ema21,train
2024-09-10 17:15:00+00:00,68.775,68.61214382368269,69.10071235263464,2024-09-10 19:15:00+00:00,68.76,-0.0921058097960841,stop_hit,ema21,train
2024-09-11 15:15:00+00:00,68.525,68.34562432852094,68.88375134295813,2024-09-11 16:15:00+00:00,68.86875134295813,2.0,scaleout_tier_1,ema21,train
2024-09-11 15:15:00+00:00,68.525,68.34562432852094,69.0631270144372,2024-09-11 17:30:00+00:00,69.0481270144372,3.0,scaleout_tier_2,ema21,train
2024-09-11 15:15:00+00:00,68.525,68.34562432852094,69.24250268591626,2024-09-11 18:15:00+00:00,69.22750268591626,4.0,scaleout_tier_3,ema21,train
2024-09-11 15:15:00+00:00,68.525,68.34562432852094,69.42187835739533,2024-09-11 19:45:00+00:00,69.40687835739533,5.0,scaleout_tier_4,ema21,train
2024-09-11 15:15:00+00:00,68.525,68.34562432852094,69.6012540288744,2024-09-12 14:15:00+00:00,69.5862540288744,6.0,scaleout_tier_5,ema21,train
2024-09-11 15:15:00+00:00,68.525,68.34562432852094,69.78062970035346,2024-09-12 16:45:00+00:00,69.76562970035346,7.0,scaleout_tier_6,ema21,train
2024-09-11 15:15:00+00:00,68.525,68.34562432852094,69.96000537183252,2024-09-12 17:30:00+00:00,69.94500537183252,8.0,scaleout_tier_7,ema21,train
2024-09-11 15:15:00+00:00,68.525,68.34562432852094,70.13938104331159,2024-09-12 17:45:00+00:00,70.12438104331159,9.0,scaleout_tier_8,ema21,train
2024-09-11 15:15:00+00:00,68.525,68.34562432852094,68.88375134295813,2024-09-13 16:15:00+00:00,69.915,7.749099911591025,trail_exit,ema21,train
2024-09-16 14:00:00+00:00,70.405,70.27461123592528,70.66577752814945,2024-09-16 14:15:00+00:00,70.25961123592528,-1.115040587327021,stop_hit,h_ema21,train
2024-09-16 16:45:00+00:00,70.315,70.18513990367137,70.57472019265725,2024-09-17 13:30:00+00:00,70.17013990367137,-1.1155089240195937,stop_hit,h_ema21,train
2024-09-17 14:15:00+00:00,70.095,69.94778161350689,70.38943677298622,2024-09-17 14:45:00+00:00,69.93278161350689,-1.1018894470814131,stop_hit,h_ema21,train
2024-09-17 16:00:00+00:00,69.935,69.80854118085692,70.18791763828617,2024-09-17 16:15:00+00:00,69.79354118085692,-1.1186156892943055,stop_hit,h_ema21,train
2024-09-17 18:00:00+00:00,69.685,69.5487672148611,69.9574655702778,2024-09-17 19:15:00+00:00,69.5337672148611,-1.1101056547049726,stop_hit,ema21,train
2024-09-18 16:15:00+00:00,69.225,69.11493036466739,69.44513927066521,2024-09-18 18:00:00+00:00,69.43013927066521,2.0,scaleout_tier_1,ema21,train
2024-09-18 16:15:00+00:00,69.225,69.11493036466739,69.55520890599782,2024-09-18 18:00:00+00:00,69.54020890599782,3.0,scaleout_tier_2,ema21,train
2024-09-18 16:15:00+00:00,69.225,69.11493036466739,69.66527854133042,2024-09-18 18:00:00+00:00,69.65027854133042,4.0,scaleout_tier_3,ema21,train
2024-09-18 16:15:00+00:00,69.225,69.11493036466739,69.44513927066521,2024-09-18 18:00:00+00:00,69.655,3.906617830618206,trail_exit,ema21,train
2024-09-20 16:15:00+00:00,71.315,71.1640011483545,71.61699770329099,2024-09-20 18:00:00+00:00,71.1490011483545,-1.0993385038133694,stop_hit,h_ema21,train
2024-09-20 18:45:00+00:00,71.185,71.0776318780901,71.3997362438198,2024-09-20 19:15:00+00:00,71.3847362438198,2.0,scaleout_tier_1,h_ema21,train
2024-09-20 18:45:00+00:00,71.185,71.0776318780901,71.5071043657297,2024-09-23 13:30:00+00:00,71.4921043657297,3.0,scaleout_tier_2,h_ema21,train
2024-09-20 18:45:00+00:00,71.185,71.0776318780901,71.6144724876396,2024-09-23 13:30:00+00:00,71.5994724876396,4.0,scaleout_tier_3,h_ema21,train
2024-09-20 18:45:00+00:00,71.185,71.0776318780901,71.7218406095495,2024-09-23 14:15:00+00:00,71.7068406095495,5.0,scaleout_tier_4,h_ema21,train
2024-09-20 18:45:00+00:00,71.185,71.0776318780901,71.8292087314594,2024-09-23 18:00:00+00:00,71.8142087314594,6.0,scaleout_tier_5,h_ema21,train
2024-09-20 18:45:00+00:00,71.185,71.0776318780901,71.3997362438198,2024-09-24 13:30:00+00:00,71.17,-0.13970627159323967,stop_hit,h_ema21,train
2024-09-25 16:30:00+00:00,71.065,70.97572477272597,71.24355045454806,2024-09-25 16:45:00+00:00,70.96072477272597,-1.1680197346791197,stop_hit,h_ema21,train
2024-09-25 18:00:00+00:00,70.985,70.89705315965242,71.16089368069517,2024-09-26 13:30:00+00:00,71.14589368069517,2.0,scaleout_tier_1,h_ema21,train
2024-09-25 18:00:00+00:00,70.985,70.89705315965242,71.24884052104275,2024-09-26 13:30:00+00:00,71.23384052104275,3.0,scaleout_tier_2,h_ema21,train
2024-09-25 18:00:00+00:00,70.985,70.89705315965242,71.33678736139034,2024-09-26 13:30:00+00:00,71.32178736139034,4.0,scaleout_tier_3,h_ema21,train
2024-09-25 18:00:00+00:00,70.985,70.89705315965242,71.42473420173792,2024-09-26 13:30:00+00:00,71.40973420173792,5.0,scaleout_tier_4,h_ema21,train
2024-09-25 18:00:00+00:00,70.985,70.89705315965242,71.5126810420855,2024-09-26 13:30:00+00:00,71.4976810420855,6.0,scaleout_tier_5,h_ema21,train
2024-09-25 18:00:00+00:00,70.985,70.89705315965242,71.60062788243309,2024-09-26 13:30:00+00:00,71.58562788243309,7.0,scaleout_tier_6,h_ema21,train
2024-09-25 18:00:00+00:00,70.985,70.89705315965242,71.68857472278067,2024-09-26 13:30:00+00:00,71.67357472278067,8.0,scaleout_tier_7,h_ema21,train
2024-09-25 18:00:00+00:00,70.985,70.89705315965242,71.77652156312826,2024-09-26 13:30:00+00:00,71.76152156312826,9.0,scaleout_tier_8,h_ema21,train
2024-09-25 18:00:00+00:00,70.985,70.89705315965242,71.86446840347584,2024-09-26 13:30:00+00:00,71.84946840347584,10.0,scaleout_tier_9,h_ema21,train
2024-09-25 18:00:00+00:00,70.985,70.89705315965242,71.95241524382342,2024-09-26 13:30:00+00:00,71.93741524382342,11.0,scaleout_tier_10,h_ema21,train
2024-09-25 18:00:00+00:00,70.985,70.89705315965242,72.04036208417101,2024-09-26 13:30:00+00:00,72.02536208417101,12.0,scaleout_tier_11,h_ema21,train
2024-09-25 18:00:00+00:00,70.985,70.89705315965242,72.12830892451859,2024-09-26 13:30:00+00:00,72.11330892451859,13.0,scaleout_tier_12,h_ema21,train
2024-09-25 18:00:00+00:00,70.985,70.89705315965242,72.21625576486618,2024-09-26 13:30:00+00:00,72.20125576486618,14.0,scaleout_tier_13,h_ema21,train
2024-09-25 18:00:00+00:00,70.985,70.89705315965242,72.30420260521376,2024-09-26 13:30:00+00:00,72.28920260521376,15.0,scaleout_tier_14,h_ema21,train
2024-09-25 18:00:00+00:00,70.985,70.89705315965242,72.39214944556134,2024-09-26 13:30:00+00:00,72.37714944556134,16.0,scaleout_tier_15,h_ema21,train
2024-09-25 18:00:00+00:00,70.985,70.89705315965242,72.48009628590893,2024-09-26 13:30:00+00:00,72.46509628590893,17.0,scaleout_tier_16,h_ema21,train
2024-09-25 18:00:00+00:00,70.985,70.89705315965242,72.56804312625651,2024-09-26 13:30:00+00:00,72.55304312625651,18.0,scaleout_tier_17,h_ema21,train
2024-09-25 18:00:00+00:00,70.985,70.89705315965242,72.6559899666041,2024-09-26 13:30:00+00:00,72.6409899666041,19.0,scaleout_tier_18,h_ema21,train
2024-09-25 18:00:00+00:00,70.985,70.89705315965242,72.74393680695168,2024-09-26 13:30:00+00:00,72.72893680695168,20.0,scaleout_tier_19,h_ema21,train
2024-09-27 16:30:00+00:00,71.575,71.38012057870992,71.96475884258017,2024-09-27 16:45:00+00:00,71.425,-0.7697067191960073,trail_exit,h_ema200,train
2024-09-30 13:45:00+00:00,71.69500000000001,71.48306449362472,72.11887101275057,2024-09-30 15:45:00+00:00,71.46806449362472,-1.0707762481924072,stop_hit,h_ema50,train
2024-09-30 16:15:00+00:00,71.625,71.42908150658484,72.01683698683033,2024-09-30 18:00:00+00:00,71.41408150658484,-1.0765624507341154,stop_hit,h_ema21,train
2024-09-30 18:45:00+00:00,71.395,71.22986577994256,71.72526844011487,2024-10-01 13:30:00+00:00,71.71026844011487,2.0,scaleout_tier_1,h_ema21,train
2024-09-30 18:45:00+00:00,71.395,71.22986577994256,71.72526844011487,2024-10-01 13:45:00+00:00,71.745,2.119488013315878,trail_exit,h_ema21,train
2024-10-01 17:45:00+00:00,71.455,71.25620487619186,71.85259024761628,2024-10-01 18:00:00+00:00,71.83759024761628,2.0,scaleout_tier_1,h_ema21,train
2024-10-01 17:45:00+00:00,71.455,71.25620487619186,71.85259024761628,2024-10-02 13:30:00+00:00,71.44,-0.07545456705707394,stop_hit,h_ema21,train
2024-10-02 15:15:00+00:00,71.115,70.92581499332117,71.49337001335765,2024-10-03 13:30:00+00:00,70.91081499332117,-1.07928746713774,stop_hit,ema21,train
2024-10-03 15:45:00+00:00,70.895,70.72875380984684,71.22749238030632,2024-10-03 17:15:00+00:00,70.71375380984684,-1.0902276315997455,stop_hit,ema21,train
2024-10-07 14:15:00+00:00,71.345,71.18804074061123,71.65891851877754,2024-10-07 14:30:00+00:00,71.17304074061123,-1.0955662001618347,stop_hit,ema21,train
2024-10-07 15:30:00+00:00,71.175,71.03846305799622,71.44807388400754,2024-10-07 18:30:00+00:00,71.02346305799622,-1.1098603775642357,stop_hit,ema21,train
2024-10-09 15:00:00+00:00,70.795,70.67219996884583,71.04060006230834,2024-10-10 13:30:00+00:00,70.65719996884583,-1.1221498061443378,stop_hit,ema21,train
2024-10-10 15:00:00+00:00,70.635,70.50888245818304,70.88723508363394,2024-10-10 19:45:00+00:00,70.87223508363394,2.0,scaleout_tier_1,ema21,train
2024-10-10 15:00:00+00:00,70.635,70.50888245818304,70.88723508363394,2024-10-11 13:30:00+00:00,70.62,-0.11893666641370072,stop_hit,ema21,train
2024-10-11 15:15:00+00:00,71.095,70.97976388722023,71.32547222555954,2024-10-11 16:45:00+00:00,70.96476388722023,-1.1301675285478217,stop_hit,ema21,train
2024-10-11 17:45:00+00:00,71.025,70.93664721132838,71.20170557734326,2024-10-14 13:30:00+00:00,70.92164721132838,-1.1697739281976665,stop_hit,ema21,train
2024-10-15 16:30:00+00:00,70.045,69.92118664929951,70.29262670140098,2024-10-15 17:00:00+00:00,69.90618664929951,-1.1211501014643126,stop_hit,ema50,train
2024-10-16 14:15:00+00:00,70.015,69.88778235469458,70.26943529061084,2024-10-16 14:30:00+00:00,69.87278235469458,-1.1179081719677242,stop_hit,ema50,train
2024-10-16 16:15:00+00:00,70.025,69.9176775982279,70.23964480354422,2024-10-17 14:00:00+00:00,69.995,-0.2795315749987026,trail_exit,ema50,train
2024-10-17 14:45:00+00:00,70.005,69.89860203316398,70.21779593367202,2024-10-17 17:15:00+00:00,69.88360203316398,-1.1409801375539388,stop_hit,ema21,train
2024-10-17 18:00:00+00:00,69.915,69.83498573381777,70.07502853236447,2024-10-17 18:15:00+00:00,69.81998573381777,-1.1874665695969535,stop_hit,ema50,train
2024-11-05 14:45:00+00:00,68.425,68.27974231195121,68.71551537609757,2024-11-05 15:00:00+00:00,68.70051537609757,2.0,scaleout_tier_1,donchian_low,train
2024-11-05 14:45:00+00:00,68.425,68.27974231195121,68.86077306414636,2024-11-05 16:00:00+00:00,68.84577306414636,3.0,scaleout_tier_2,donchian_low,train
2024-11-05 14:45:00+00:00,68.425,68.27974231195121,69.00603075219514,2024-11-05 16:00:00+00:00,68.99103075219514,4.0,scaleout_tier_3,donchian_low,train
2024-11-05 14:45:00+00:00,68.425,68.27974231195121,68.71551537609757,2024-11-06 14:30:00+00:00,68.975,3.786374458990921,trail_exit,donchian_low,train
2024-11-06 15:15:00+00:00,68.925,68.77079009835788,69.23341980328424,2024-11-06 18:15:00+00:00,69.21841980328423,2.0,scaleout_tier_1,ema100,train
2024-11-06 15:15:00+00:00,68.925,68.77079009835788,69.38762970492635,2024-11-06 19:00:00+00:00,69.37262970492635,3.0,scaleout_tier_2,ema100,train
2024-11-06 15:15:00+00:00,68.925,68.77079009835788,69.54183960656847,2024-11-07 14:30:00+00:00,69.52683960656847,4.0,scaleout_tier_3,ema100,train
2024-11-06 15:15:00+00:00,68.925,68.77079009835788,69.69604950821059,2024-11-07 14:30:00+00:00,69.68104950821059,5.0,scaleout_tier_4,ema100,train
2024-11-06 15:15:00+00:00,68.925,68.77079009835788,69.85025940985271,2024-11-07 14:45:00+00:00,69.83525940985271,6.0,scaleout_tier_5,ema100,train
2024-11-06 15:15:00+00:00,68.925,68.77079009835788,69.23341980328424,2024-11-07 16:30:00+00:00,69.595,4.344727497167446,trail_exit,ema100,train
2024-11-07 18:00:00+00:00,69.905,69.78654262786604,70.14191474426792,2024-11-07 18:30:00+00:00,69.77154262786604,-1.12662783016187,stop_hit,ema21,train
2024-11-08 15:45:00+00:00,69.455,69.30408396701637,69.75683206596726,2024-11-08 16:30:00+00:00,69.28908396701637,-1.0993930181137717,stop_hit,ema21,train
2024-11-08 17:45:00+00:00,69.375,69.25194773213158,69.62110453573683,2024-11-11 15:30:00+00:00,69.60610453573683,2.0,scaleout_tier_1,ema50,train
2024-11-08 17:45:00+00:00,69.375,69.25194773213158,69.74415680360525,2024-11-11 16:45:00+00:00,69.72915680360525,3.0,scaleout_tier_2,ema50,train
2024-11-08 17:45:00+00:00,69.375,69.25194773213158,69.62110453573683,2024-11-12 14:30:00+00:00,69.36,-0.1218994193267571,stop_hit,ema50,train
2024-11-12 18:15:00+00:00,68.345,68.21319139261156,68.60861721477687,2024-11-12 19:30:00+00:00,68.59361721477687,2.0,scaleout_tier_1,donchian_low,train
2024-11-12 18:15:00+00:00,68.345,68.21319139261156,68.60861721477687,2024-11-13 14:30:00+00:00,68.33,-0.11380136925197934,stop_hit,donchian_low,train
2024-11-13 17:15:00+00:00,67.94500000000001,67.80267048069048,68.22965903861906,2024-11-13 18:30:00+00:00,67.78767048069048,-1.1053892409162132,stop_hit,ema200,train
2024-11-14 14:45:00+00:00,67.985,67.85856764954838,68.23786470090324,2024-11-14 17:15:00+00:00,67.84356764954838,-1.1186405215628739,stop_hit,ema200,train
2024-11-14 19:15:00+00:00,67.985,67.88650565971874,68.18198868056253,2024-11-14 20:00:00+00:00,67.87150565971874,-1.15229301457491,stop_hit,ema200,train
2024-11-15 18:15:00+00:00,67.365,67.25536300099573,67.58427399800853,2024-11-18 14:30:00+00:00,67.56927399800853,2.0,scaleout_tier_1,ema200,train
2024-11-15 18:15:00+00:00,67.365,67.25536300099573,67.6939109970128,2024-11-18 15:15:00+00:00,67.67891099701279,3.0,scaleout_tier_2,ema200,train
2024-11-15 18:15:00+00:00,67.365,67.25536300099573,67.80354799601706,2024-11-18 15:30:00+00:00,67.78854799601706,4.0,scaleout_tier_3,ema200,train
2024-11-15 18:15:00+00:00,67.365,67.25536300099573,67.91318499502133,2024-11-18 15:45:00+00:00,67.89818499502132,5.0,scaleout_tier_4,ema200,train
2024-11-15 18:15:00+00:00,67.365,67.25536300099573,67.58427399800853,2024-11-19 14:30:00+00:00,67.535,1.550571445259888,trail_exit,ema200,train
2024-11-19 15:15:00+00:00,67.565,67.45057870343643,67.79384259312712,2024-11-19 16:00:00+00:00,67.77884259312712,2.0,scaleout_tier_1,ema200,train
2024-11-19 15:15:00+00:00,67.565,67.45057870343643,67.90826388969069,2024-11-19 18:45:00+00:00,67.89326388969069,3.0,scaleout_tier_2,ema200,train
2024-11-19 15:15:00+00:00,67.565,67.45057870343643,67.79384259312712,2024-11-20 14:30:00+00:00,67.55,-0.13109447673202856,stop_hit,ema200,train
2024-11-20 17:30:00+00:00,67.115,66.97513365352657,67.39473269294685,2024-11-21 14:30:00+00:00,67.37973269294685,2.0,scaleout_tier_1,ema200,train
2024-11-20 17:30:00+00:00,67.115,66.97513365352657,67.53459903942027,2024-11-21 15:45:00+00:00,67.51959903942027,3.0,scaleout_tier_2,ema200,train
2024-11-20 17:30:00+00:00,67.115,66.97513365352657,67.39473269294685,2024-11-21 20:45:00+00:00,67.445,2.359395296442507,trail_exit,ema200,train
2024-11-25 15:30:00+00:00,68.545,68.41702022974569,68.80095954050863,2024-11-25 16:00:00+00:00,68.40202022974569,-1.1172060238129315,stop_hit,ema21,train
2024-11-25 17:00:00+00:00,68.325,68.20243594068992,68.57012811862016,2024-11-25 17:15:00+00:00,68.18743594068992,-1.1223849804293078,stop_hit,ema21,train
2024-11-25 18:00:00+00:00,68.345,68.2284060782498,68.57818784350039,2024-11-26 14:30:00+00:00,68.2134060782498,-1.128651646456652,stop_hit,ema21,train
2024-11-26 15:45:00+00:00,67.815,67.68855921950706,68.06788156098588,2024-11-26 20:30:00+00:00,68.05288156098588,2.0,scaleout_tier_1,ema21,train
2024-11-26 15:45:00+00:00,67.815,67.68855921950706,68.19432234147882,2024-11-27 14:30:00+00:00,68.17932234147882,3.0,scaleout_tier_2,ema21,train
2024-11-26 15:45:00+00:00,67.815,67.68855921950706,68.06788156098588,2024-11-27 15:00:00+00:00,68.025,1.6608565621099625,trail_exit,ema21,train
2024-12-04 16:30:00+00:00,71.295,71.19338497829963,71.49823004340074,2024-12-04 17:30:00+00:00,71.17838497829963,-1.147615970050481,stop_hit,h_ema21,train
2024-12-04 18:00:00+00:00,71.275,71.18072064981449,71.46355870037104,2024-12-04 18:15:00+00:00,71.16572064981449,-1.1591016481391165,stop_hit,h_ema21,train
2024-12-04 19:15:00+00:00,71.165,71.07399360614545,71.34701278770912,2024-12-05 15:30:00+00:00,71.05899360614545,-1.1648235839777712,stop_hit,h_ema21,train
2024-12-05 18:45:00+00:00,71.055,70.9652628116756,71.23447437664882,2024-12-06 15:00:00+00:00,70.9502628116756,-1.1671547803099704,stop_hit,h_ema21,train
2024-12-06 16:00:00+00:00,71.065,70.97319105769328,71.24861788461342,2024-12-06 17:00:00+00:00,70.95819105769328,-1.1633827775718073,stop_hit,h_ema21,train
2024-12-10 15:45:00+00:00,70.235,70.1397486048287,70.4255027903426,2024-12-10 16:00:00+00:00,70.1247486048287,-1.1574780083065883,stop_hit,h_ema200,train
2024-12-10 18:30:00+00:00,70.295,70.21624417825157,70.45251164349686,2024-12-10 20:00:00+00:00,70.20124417825157,-1.1904621101905972,stop_hit,h_ema21,train
2024-12-11 14:45:00+00:00,70.925,70.79859650039775,71.17780699920449,2024-12-11 18:15:00+00:00,71.16280699920449,2.0,scaleout_tier_1,ema21,train
2024-12-11 14:45:00+00:00,70.925,70.79859650039775,71.17780699920449,2024-12-12 14:30:00+00:00,70.91,-0.11866760055853609,stop_hit,ema21,train
2024-12-12 17:15:00+00:00,70.605,70.51008673838516,70.7948265232297,2024-12-12 17:30:00+00:00,70.49508673838515,-1.158039032109859,stop_hit,h_ema200,train
2024-12-12 18:00:00+00:00,70.595,70.5016273922129,70.7817452155742,2024-12-12 18:30:00+00:00,70.4866273922129,-1.1606466859552835,stop_hit,h_ema200,train
2024-12-13 16:30:00+00:00,69.475,69.36289997864586,69.69920004270827,2024-12-13 17:30:00+00:00,69.34789997864586,-1.1338090735291986,stop_hit,ema21,train
2024-12-16 16:45:00+00:00,69.225,69.13099935417695,69.41300129164608,2024-12-16 20:45:00+00:00,69.145,-0.851057982629161,trail_exit,ema50,train
2025-01-02 15:00:00+00:00,67.355,67.12533375725327,67.81433248549347,2025-01-02 16:00:00+00:00,67.11033375725327,-1.0653121669976642,stop_hit,ema50,holdout
2025-01-24 17:15:00+00:00,68.595,68.50856957224707,68.76786085550586,2025-01-24 18:00:00+00:00,68.49356957224707,-1.173549991478459,stop_hit,ema50,holdout
2025-01-24 19:15:00+00:00,68.545,68.46578803166213,68.70342393667575,2025-01-24 20:30:00+00:00,68.45078803166213,-1.1893653233816783,stop_hit,ema50,holdout
2025-01-28 17:00:00+00:00,68.025,67.90914467604154,68.25671064791695,2025-01-28 19:45:00+00:00,68.24171064791695,2.0,scaleout_tier_1,ema21,holdout
2025-01-28 17:00:00+00:00,68.025,67.90914467604154,68.25671064791695,2025-01-29 19:00:00+00:00,68.01,-0.12947182302452898,stop_hit,ema21,holdout
2025-01-30 15:45:00+00:00,69.085,68.92348571513469,69.4080285697306,2025-01-30 16:00:00+00:00,68.90848571513469,-1.092871042412811,stop_hit,ema50,holdout
2025-01-31 16:45:00+00:00,68.965,68.85229877018656,69.19040245962688,2025-01-31 18:15:00+00:00,68.83729877018656,-1.1330952645754706,stop_hit,ema100,holdout
2025-02-03 15:45:00+00:00,68.025,67.796793077443,68.48141384511402,2025-02-03 17:30:00+00:00,67.781793077443,-1.0657298202522911,stop_hit,ema21,holdout
2025-02-03 19:15:00+00:00,67.935,67.76124790748408,68.28250418503185,2025-02-03 20:45:00+00:00,67.74624790748408,-1.0863298955586718,stop_hit,ema21,holdout
2025-02-07 15:00:00+00:00,69.185,69.09252740966357,69.36994518067286,2025-02-07 15:15:00+00:00,69.07752740966357,-1.1622102284085323,stop_hit,h_ema21,holdout
2025-02-07 18:15:00+00:00,68.615,68.46630499432433,68.91239001135132,2025-02-07 18:45:00+00:00,68.45130499432433,-1.1008776315777475,stop_hit,ema21,holdout
2025-02-10 14:45:00+00:00,68.765,68.63849915154837,69.01800169690326,2025-02-10 18:15:00+00:00,68.635,-1.027661091535732,trail_exit,ema21,holdout
2025-02-11 15:15:00+00:00,68.595,68.51230259795435,68.7603948040913,2025-02-11 16:00:00+00:00,68.7453948040913,2.0,scaleout_tier_1,ema21,holdout
2025-02-11 15:15:00+00:00,68.595,68.51230259795435,68.7603948040913,2025-02-12 14:30:00+00:00,68.58,-0.18138417445955307,stop_hit,ema21,holdout
2025-02-12 15:30:00+00:00,67.625,67.47300420779754,67.92899158440491,2025-02-12 17:00:00+00:00,67.91399158440491,2.0,scaleout_tier_1,ema50,holdout
2025-02-12 15:30:00+00:00,67.625,67.47300420779754,68.08098737660737,2025-02-13 14:30:00+00:00,68.06598737660737,3.0,scaleout_tier_2,ema50,holdout
2025-02-12 15:30:00+00:00,67.625,67.47300420779754,68.23298316880982,2025-02-13 14:30:00+00:00,68.21798316880982,4.0,scaleout_tier_3,ema50,holdout
2025-02-12 15:30:00+00:00,67.625,67.47300420779754,68.38497896101228,2025-02-13 14:30:00+00:00,68.36997896101228,5.0,scaleout_tier_4,ema50,holdout
2025-02-12 15:30:00+00:00,67.625,67.47300420779754,68.53697475321474,2025-02-13 14:30:00+00:00,68.52197475321474,6.0,scaleout_tier_5,ema50,holdout
2025-02-12 15:30:00+00:00,67.625,67.47300420779754,68.68897054541719,2025-02-13 14:30:00+00:00,68.67397054541719,7.0,scaleout_tier_6,ema50,holdout
2025-02-13 15:30:00+00:00,68.925,68.78876157165254,69.1974768566949,2025-02-13 18:15:00+00:00,68.77376157165254,-1.1101010939567322,stop_hit,ema21,holdout
2025-02-13 19:00:00+00:00,68.965,68.84994117717629,69.19511764564743,2025-02-13 20:45:00+00:00,69.18011764564743,2.0,scaleout_tier_1,ema50,holdout
2025-02-13 19:00:00+00:00,68.965,68.84994117717629,69.31017646847114,2025-02-14 14:30:00+00:00,69.29517646847114,3.0,scaleout_tier_2,ema50,holdout
2025-02-13 19:00:00+00:00,68.965,68.84994117717629,69.42523529129485,2025-02-14 14:30:00+00:00,69.41023529129485,4.0,scaleout_tier_3,ema50,holdout
2025-02-13 19:00:00+00:00,68.965,68.84994117717629,69.19511764564743,2025-02-14 16:00:00+00:00,69.275,2.6942740451548755,trail_exit,ema50,holdout
2025-02-14 18:45:00+00:00,69.335,69.2576996705504,69.48960065889919,2025-03-03 14:30:00+00:00,69.47460065889919,2.0,scaleout_tier_1,h_ema21,holdout
2025-02-14 18:45:00+00:00,69.335,69.2576996705504,69.56690098834879,2025-03-03 14:30:00+00:00,69.55190098834879,3.0,scaleout_tier_2,h_ema21,holdout
2025-02-14 18:45:00+00:00,69.335,69.2576996705504,69.64420131779839,2025-03-03 14:30:00+00:00,69.62920131779839,4.0,scaleout_tier_3,h_ema21,holdout
2025-02-14 18:45:00+00:00,69.335,69.2576996705504,69.72150164724799,2025-03-03 14:30:00+00:00,69.70650164724799,5.0,scaleout_tier_4,h_ema21,holdout
2025-02-14 18:45:00+00:00,69.335,69.2576996705504,69.79880197669759,2025-03-03 14:30:00+00:00,69.78380197669759,6.0,scaleout_tier_5,h_ema21,holdout
2025-03-03 15:30:00+00:00,69.985,69.85926958985883,70.23646082028235,2025-03-03 16:00:00+00:00,69.84426958985883,-1.1193028797341724,stop_hit,h_ema21,holdout
2025-03-03 19:00:00+00:00,69.715,69.58335976679763,69.97828046640475,2025-03-03 19:45:00+00:00,69.56835976679763,-1.1139469266735533,stop_hit,h_ema21,holdout
2025-03-04 17:30:00+00:00,68.525,68.33682636458136,68.9013472708373,2025-03-04 19:00:00+00:00,68.8863472708373,2.0,scaleout_tier_1,ema21,holdout
2025-03-04 17:30:00+00:00,68.525,68.33682636458136,69.08952090625596,2025-03-04 19:00:00+00:00,69.07452090625596,3.0,scaleout_tier_2,ema21,holdout
2025-03-04 17:30:00+00:00,68.525,68.33682636458136,69.2776945416746,2025-03-04 20:00:00+00:00,69.2626945416746,4.0,scaleout_tier_3,ema21,holdout
2025-03-04 17:30:00+00:00,68.525,68.33682636458136,68.9013472708373,2025-03-04 20:45:00+00:00,68.645,0.6377088890960387,trail_exit,ema21,holdout
2025-03-06 18:00:00+00:00,69.905,69.74086499328494,70.23327001343011,2025-03-06 19:15:00+00:00,69.72586499328494,-1.0913881828149006,stop_hit,h_ema21,holdout
2025-03-07 14:45:00+00:00,69.875,69.70120137118639,70.22259725762723,2025-03-07 15:30:00+00:00,69.68620137118639,-1.0863067798773425,stop_hit,h_ema21,holdout
2025-03-07 16:00:00+00:00,69.665,69.4741635473908,70.04667290521841,2025-03-07 16:15:00+00:00,69.4591635473908,-1.0786013353052502,stop_hit,h_ema21,holdout
2025-03-07 17:00:00+00:00,69.515,69.34068435227584,69.86363129544831,2025-03-07 18:45:00+00:00,69.84863129544831,2.0,scaleout_tier_1,h_ema21,holdout
2025-03-07 17:00:00+00:00,69.515,69.34068435227584,70.03794694317247,2025-03-07 19:15:00+00:00,70.02294694317247,3.0,scaleout_tier_2,h_ema21,holdout
2025-03-07 17:00:00+00:00,69.515,69.34068435227584,69.86363129544831,2025-03-10 13:30:00+00:00,69.5,-0.08605079461218008,stop_hit,h_ema21,holdout
2025-03-10 15:15:00+00:00,69.055,68.87362525110963,69.41774949778076,2025-03-10 15:30:00+00:00,68.85862525110963,-1.0827016996123675,stop_hit,ema21,holdout
2025-03-11 15:15:00+00:00,68.265,68.08602881350036,68.62294237299928,2025-03-11 16:45:00+00:00,68.07102881350036,-1.0838123738986942,stop_hit,ema21,holdout
2025-03-11 18:15:00+00:00,68.255,68.09425204203886,68.57649591592227,2025-03-12 13:30:00+00:00,68.56149591592226,2.0,scaleout_tier_1,ema50,holdout
2025-03-11 18:15:00+00:00,68.255,68.09425204203886,68.7372438738834,2025-03-12 13:30:00+00:00,68.7222438738834,3.0,scaleout_tier_2,ema50,holdout
2025-03-11 18:15:00+00:00,68.255,68.09425204203886,68.89799183184454,2025-03-12 13:30:00+00:00,68.88299183184454,4.0,scaleout_tier_3,ema50,holdout
2025-03-11 18:15:00+00:00,68.255,68.09425204203886,69.05873978980567,2025-03-12 13:30:00+00:00,69.04373978980567,5.0,scaleout_tier_4,ema50,holdout
2025-03-13 14:15:00+00:00,69.475,69.31672816228956,69.79154367542085,2025-03-13 15:30:00+00:00,69.30172816228956,-1.0947736515667694,stop_hit,ema21,holdout
2025-03-13 16:45:00+00:00,69.425,69.2870195773444,69.7009608453112,2025-03-13 17:00:00+00:00,69.2720195773444,-1.108711074450326,stop_hit,ema21,holdout
2025-03-13 18:15:00+00:00,69.295,69.15924796084408,69.56650407831184,2025-03-14 13:30:00+00:00,69.55150407831184,2.0,scaleout_tier_1,ema21,holdout
2025-03-13 18:15:00+00:00,69.295,69.15924796084408,69.70225611746775,2025-03-14 13:30:00+00:00,69.68725611746775,3.0,scaleout_tier_2,ema21,holdout
2025-03-13 18:15:00+00:00,69.295,69.15924796084408,69.83800815662367,2025-03-14 13:30:00+00:00,69.82300815662367,4.0,scaleout_tier_3,ema21,holdout
2025-03-13 18:15:00+00:00,69.295,69.15924796084408,69.97376019577959,2025-03-14 14:00:00+00:00,69.95876019577959,5.0,scaleout_tier_4,ema21,holdout
2025-03-18 15:45:00+00:00,70.665,70.57031683201956,70.8543663359609,2025-03-19 17:00:00+00:00,71.045,4.013384935308262,trail_exit,h_ema50,holdout
2025-03-19 17:45:00+00:00,71.125,71.05156548813468,71.27186902373063,2025-03-19 18:00:00+00:00,71.25686902373063,2.0,scaleout_tier_1,h_ema21,holdout
2025-03-19 17:45:00+00:00,71.125,71.05156548813468,71.34530353559595,2025-03-19 18:00:00+00:00,71.33030353559595,3.0,scaleout_tier_2,h_ema21,holdout
2025-03-19 17:45:00+00:00,71.125,71.05156548813468,71.41873804746126,2025-03-19 18:30:00+00:00,71.40373804746126,4.0,scaleout_tier_3,h_ema21,holdout
2025-03-19 17:45:00+00:00,71.125,71.05156548813468,71.49217255932658,2025-03-19 18:30:00+00:00,71.47717255932658,5.0,scaleout_tier_4,h_ema21,holdout
2025-03-19 17:45:00+00:00,71.125,71.05156548813468,71.56560707119189,2025-03-19 18:30:00+00:00,71.55060707119189,6.0,scaleout_tier_5,h_ema21,holdout
2025-03-20 15:45:00+00:00,71.285,71.14471117943975,71.56557764112048,2025-03-20 16:15:00+00:00,71.155,-0.9266597258487181,trail_exit,h_ema21,holdout
2025-03-20 18:15:00+00:00,71.215,71.11140318169276,71.42219363661448,2025-03-21 14:00:00+00:00,71.09640318169276,-1.1447920915439205,stop_hit,h_ema21,holdout
2025-03-21 15:30:00+00:00,71.295,71.20275907442779,71.47948185114443,2025-03-21 15:45:00+00:00,71.18775907442779,-1.1626176223509104,stop_hit,h_ema21,holdout
2025-03-21 16:15:00+00:00,71.225,71.12707969625286,71.42084060749426,2025-03-24 13:30:00+00:00,71.11207969625286,-1.1531857993285697,stop_hit,h_ema21,holdout
2025-03-24 14:30:00+00:00,71.155,71.0614537382064,71.34209252358721,2025-03-24 15:15:00+00:00,71.0464537382064,-1.160348470504312,stop_hit,h_ema21,holdout
2025-03-24 17:00:00+00:00,71.025,70.94453324453258,71.18593351093486,2025-03-24 18:15:00+00:00,70.92953324453258,-1.1864123874868129,stop_hit,h_ema21,holdout
2025-03-24 18:45:00+00:00,71.065,70.99334549410878,71.20830901178243,2025-03-25 13:30:00+00:00,71.19330901178243,2.0,scaleout_tier_1,h_ema21,holdout
2025-03-24 18:45:00+00:00,71.065,70.99334549410878,71.27996351767365,2025-03-25 13:30:00+00:00,71.26496351767365,3.0,scaleout_tier_2,h_ema21,holdout
2025-03-24 18:45:00+00:00,71.065,70.99334549410878,71.35161802356487,2025-03-25 15:00:00+00:00,71.33661802356487,4.0,scaleout_tier_3,h_ema21,holdout
2025-03-24 18:45:00+00:00,71.065,70.99334549410878,71.42327252945609,2025-03-25 16:00:00+00:00,71.40827252945608,5.0,scaleout_tier_4,h_ema21,holdout
2025-03-24 18:45:00+00:00,71.065,70.99334549410878,71.4949270353473,2025-03-25 16:15:00+00:00,71.4799270353473,6.0,scaleout_tier_5,h_ema21,holdout
2025-03-24 18:45:00+00:00,71.065,70.99334549410878,71.56658154123852,2025-03-25 18:00:00+00:00,71.55158154123852,7.0,scaleout_tier_6,h_ema21,holdout
2025-03-24 18:45:00+00:00,71.065,70.99334549410878,71.63823604712974,2025-03-25 19:30:00+00:00,71.62323604712974,8.0,scaleout_tier_7,h_ema21,holdout
2025-03-24 18:45:00+00:00,71.065,70.99334549410878,71.20830901178243,2025-03-26 13:30:00+00:00,71.205,1.953819906490487,trail_exit,h_ema21,holdout
2025-03-27 14:45:00+00:00,70.815,70.72383010978615,70.9973397804277,2025-03-27 15:45:00+00:00,70.70883010978615,-1.1645280033223309,stop_hit,ema21,holdout
2025-03-27 16:15:00+00:00,70.715,70.63089390015358,70.88321219969285,2025-03-27 16:45:00+00:00,70.61589390015358,-1.1783461607111785,stop_hit,ema21,holdout
2025-03-27 17:15:00+00:00,70.655,70.57015112667344,70.82469774665313,2025-03-27 17:30:00+00:00,70.55515112667344,-1.1767849048775108,stop_hit,ema21,holdout
2025-03-27 18:15:00+00:00,70.675,70.59327965766659,70.83844068466682,2025-03-27 18:45:00+00:00,70.57827965766658,-1.1835528287290065,stop_hit,ema21,holdout
2025-03-28 15:15:00+00:00,69.185,69.03485708365545,69.4852858326891,2025-03-28 17:00:00+00:00,69.01985708365545,-1.0999048131287021,stop_hit,ema50,holdout
2025-03-28 17:45:00+00:00,69.055,68.94281173462117,69.27937653075767,2025-03-31 13:30:00+00:00,68.92781173462117,-1.133703823206011,stop_hit,ema50,holdout
2025-03-31 15:45:00+00:00,68.505,68.32596139849362,68.86307720301275,2025-03-31 16:00:00+00:00,68.31096139849362,-1.083780815275561,stop_hit,ema200,holdout
2025-03-31 16:30:00+00:00,68.465,68.29335721300674,68.80828557398652,2025-03-31 17:45:00+00:00,68.27835721300674,-1.08739079726426,stop_hit,ema200,holdout
2025-03-31 18:15:00+00:00,68.495,68.34878001050441,68.78743997899119,2025-04-01 13:30:00+00:00,68.33378001050441,-1.1025851530406026,stop_hit,ema200,holdout
2025-04-01 15:00:00+00:00,68.175,67.96009257438062,68.60481485123874,2025-04-01 18:00:00+00:00,67.94509257438062,-1.0697974951622538,stop_hit,ema200,holdout
2025-04-01 19:00:00+00:00,68.025,67.88621313575115,68.30257372849772,2025-04-02 13:30:00+00:00,67.87121313575115,-1.1080793926801622,stop_hit,ema200,holdout
2025-05-06 13:45:00+00:00,72.505,72.41072600076963,72.69354799846073,2025-05-06 14:00:00+00:00,72.39572600076963,-1.1591106786861423,stop_hit,h_ema21,holdout
2025-05-06 18:30:00+00:00,72.485,72.3714271964604,72.7121456070792,2025-05-07 13:30:00+00:00,72.3564271964604,-1.132073872727557,stop_hit,h_ema21,holdout
2025-05-07 14:30:00+00:00,72.185,72.0547407449999,72.4455185100002,2025-05-07 15:00:00+00:00,72.0397407449999,-1.1151549653803046,stop_hit,h_ema21,holdout
2025-05-07 15:45:00+00:00,72.19500000000001,72.0677045844612,72.44959083107763,2025-05-07 16:15:00+00:00,72.0527045844612,-1.1178361368043712,stop_hit,h_ema50,holdout
2025-05-07 16:45:00+00:00,72.175,72.0544009172427,72.41619816551459,2025-05-07 17:30:00+00:00,72.0394009172427,-1.1243790554376605,stop_hit,h_ema21,holdout
2025-05-07 18:30:00+00:00,72.035,71.91058264295454,72.28383471409091,2025-05-07 18:45:00+00:00,71.89558264295454,-1.1205619565967786,stop_hit,h_ema21,holdout
2025-05-08 16:45:00+00:00,72.265,72.11504666789725,72.56490666420551,2025-05-08 17:15:00+00:00,72.10004666789725,-1.1000311216140362,stop_hit,h_ema21,holdout
2025-05-09 13:45:00+00:00,72.225,72.07797279173259,72.5190544165348,2025-05-09 14:15:00+00:00,72.06297279173259,-1.1020219330609855,stop_hit,h_ema21,holdout
2025-05-09 17:30:00+00:00,71.885,71.76916878784127,72.11666242431748,2025-05-12 13:30:00+00:00,72.10166242431748,2.0,scaleout_tier_1,h_ema21,holdout
2025-05-09 17:30:00+00:00,71.885,71.76916878784127,72.23249363647622,2025-05-12 13:30:00+00:00,72.21749363647622,3.0,scaleout_tier_2,h_ema21,holdout
2025-05-09 17:30:00+00:00,71.885,71.76916878784127,72.34832484863496,2025-05-12 14:00:00+00:00,72.33332484863496,4.0,scaleout_tier_3,h_ema21,holdout
2025-05-09 17:30:00+00:00,71.885,71.76916878784127,72.4641560607937,2025-05-12 14:30:00+00:00,72.4491560607937,5.0,scaleout_tier_4,h_ema21,holdout
2025-05-09 17:30:00+00:00,71.885,71.76916878784127,72.57998727295244,2025-05-12 14:30:00+00:00,72.56498727295244,6.0,scaleout_tier_5,h_ema21,holdout
2025-05-09 17:30:00+00:00,71.885,71.76916878784127,72.69581848511118,2025-05-12 15:15:00+00:00,72.68081848511117,7.0,scaleout_tier_6,h_ema21,holdout
2025-05-09 17:30:00+00:00,71.885,71.76916878784127,72.11666242431748,2025-05-13 13:30:00+00:00,71.87,-0.12949877429793374,stop_hit,h_ema21,holdout
2025-05-13 18:45:00+00:00,72.375,72.29032565868917,72.54434868262166,2025-05-13 19:45:00+00:00,72.27532565868917,-1.1771492965612482,stop_hit,h_ema21,holdout
2025-05-14 16:15:00+00:00,71.545,71.43257235969361,71.76985528061279,2025-05-14 16:30:00+00:00,71.41757235969361,-1.1334191481660725,stop_hit,h_ema200,holdout
2025-05-14 17:30:00+00:00,71.515,71.39345015125342,71.75809969749317,2025-05-15 13:30:00+00:00,71.74309969749316,2.0,scaleout_tier_1,h_ema200,holdout
2025-05-14 17:30:00+00:00,71.515,71.39345015125342,71.87964954623975,2025-05-15 13:30:00+00:00,71.86464954623975,3.0,scaleout_tier_2,h_ema200,holdout
2025-05-14 17:30:00+00:00,71.515,71.39345015125342,72.00119939498633,2025-05-15 13:30:00+00:00,71.98619939498633,4.0,scaleout_tier_3,h_ema200,holdout
2025-05-14 17:30:00+00:00,71.515,71.39345015125342,72.12274924373291,2025-05-15 15:15:00+00:00,72.10774924373291,5.0,scaleout_tier_4,h_ema200,holdout
2025-05-16 15:45:00+00:00,72.345,72.25924529671725,72.51650940656549,2025-05-19 13:30:00+00:00,72.24424529671725,-1.1749175196903594,stop_hit,h_ema21,holdout
2025-05-19 14:00:00+00:00,72.285,72.1968531037479,72.4612937925042,2025-05-19 18:15:00+00:00,72.295,0.11344698934611736,trail_exit,h_ema50,holdout
2025-05-21 15:45:00+00:00,73.005,72.91448929672083,73.18602140655832,2025-05-21 17:15:00+00:00,72.89948929672083,-1.1657262561946473,stop_hit,h_ema21,holdout
2025-05-22 15:15:00+00:00,72.365,72.23960809550934,72.6157838089813,2025-05-23 13:30:00+00:00,72.6007838089813,2.0,scaleout_tier_1,h_ema200,holdout
2025-05-22 15:15:00+00:00,72.365,72.23960809550934,72.74117571347196,2025-05-23 14:00:00+00:00,72.72617571347196,3.0,scaleout_tier_2,h_ema200,holdout
2025-05-22 15:15:00+00:00,72.365,72.23960809550934,72.86656761796262,2025-05-23 17:00:00+00:00,72.85156761796262,4.0,scaleout_tier_3,h_ema200,holdout
2025-05-22 15:15:00+00:00,72.365,72.23960809550934,72.99195952245327,2025-05-23 17:15:00+00:00,72.97695952245327,5.0,scaleout_tier_4,h_ema200,holdout
2025-05-22 15:15:00+00:00,72.365,72.23960809550934,73.11735142694393,2025-05-27 13:30:00+00:00,73.10235142694393,6.0,scaleout_tier_5,h_ema200,holdout
2025-05-22 15:15:00+00:00,72.365,72.23960809550934,73.24274333143458,2025-05-27 13:30:00+00:00,73.22774333143458,7.0,scaleout_tier_6,h_ema200,holdout
2025-05-22 15:15:00+00:00,72.365,72.23960809550934,73.36813523592524,2025-05-27 13:30:00+00:00,73.35313523592524,8.0,scaleout_tier_7,h_ema200,holdout
2025-05-22 15:15:00+00:00,72.365,72.23960809550934,73.49352714041589,2025-05-27 13:30:00+00:00,73.47852714041589,9.0,scaleout_tier_8,h_ema200,holdout
2025-05-22 15:15:00+00:00,72.365,72.23960809550934,73.61891904490655,2025-05-27 13:30:00+00:00,73.60391904490655,10.0,scaleout_tier_9,h_ema200,holdout
2025-05-22 15:15:00+00:00,72.365,72.23960809550934,73.7443109493972,2025-05-27 13:30:00+00:00,73.7293109493972,11.0,scaleout_tier_10,h_ema200,holdout
2025-05-22 15:15:00+00:00,72.365,72.23960809550934,73.86970285388786,2025-05-27 13:30:00+00:00,73.85470285388786,12.0,scaleout_tier_11,h_ema200,holdout
2025-05-22 15:15:00+00:00,72.365,72.23960809550934,73.99509475837851,2025-05-27 13:30:00+00:00,73.98009475837851,13.0,scaleout_tier_12,h_ema200,holdout
2025-05-22 15:15:00+00:00,72.365,72.23960809550934,74.12048666286917,2025-05-27 13:30:00+00:00,74.10548666286917,14.0,scaleout_tier_13,h_ema200,holdout
2025-05-22 15:15:00+00:00,72.365,72.23960809550934,74.24587856735982,2025-05-27 13:30:00+00:00,74.23087856735982,15.0,scaleout_tier_14,h_ema200,holdout
2025-05-22 15:15:00+00:00,72.365,72.23960809550934,74.37127047185048,2025-05-27 13:30:00+00:00,74.35627047185048,16.0,scaleout_tier_15,h_ema200,holdout
2025-05-22 15:15:00+00:00,72.365,72.23960809550934,74.49666237634113,2025-05-27 13:30:00+00:00,74.48166237634113,17.0,scaleout_tier_16,h_ema200,holdout
2025-05-29 13:45:00+00:00,73.715,73.60322724796781,73.9385455040644,2025-05-29 14:00:00+00:00,73.665,-0.4473362164832015,trail_exit,h_ema21,holdout
2025-05-29 17:45:00+00:00,73.975,73.86353449146664,74.19793101706671,2025-05-30 14:45:00+00:00,73.875,-0.8971385078288029,trail_exit,h_ema21,holdout
2025-05-30 16:15:00+00:00,73.995,73.87404674143993,74.23690651712016,2025-05-30 16:30:00+00:00,73.85904674143993,-1.1240148482031178,stop_hit,h_ema21,holdout
2025-05-30 17:15:00+00:00,73.735,73.59962421861374,74.00575156277252,2025-05-30 19:15:00+00:00,73.99075156277252,2.0,scaleout_tier_1,h_ema21,holdout
2025-05-30 17:15:00+00:00,73.735,73.59962421861374,74.14112734415878,2025-06-02 13:30:00+00:00,74.12612734415877,3.0,scaleout_tier_2,h_ema21,holdout
2025-05-30 17:15:00+00:00,73.735,73.59962421861374,74.27650312554503,2025-06-02 13:30:00+00:00,74.26150312554503,4.0,scaleout_tier_3,h_ema21,holdout
2025-05-30 17:15:00+00:00,73.735,73.59962421861374,74.41187890693129,2025-06-02 13:30:00+00:00,74.39687890693129,5.0,scaleout_tier_4,h_ema21,holdout
2025-06-03 18:30:00+00:00,74.235,74.15069769683028,74.40360460633944,2025-06-03 18:45:00+00:00,74.225,-0.11862072119041206,trail_exit,h_ema21,holdout
2025-06-04 14:15:00+00:00,74.045,73.95846812372545,74.2180637525491,2025-06-04 17:00:00+00:00,74.2030637525491,2.0,scaleout_tier_1,h_ema21,holdout
2025-06-04 14:15:00+00:00,74.045,73.95846812372545,74.2180637525491,2025-06-04 18:45:00+00:00,74.125,0.9245147966764737,trail_exit,h_ema21,holdout
2025-06-06 15:45:00+00:00,73.835,73.7208373434326,74.06332531313477,2025-06-06 16:45:00+00:00,73.7058373434326,-1.1313914764338584,stop_hit,h_ema21,holdout
2025-06-06 17:30:00+00:00,73.725,73.62989519572004,73.9152096085599,2025-06-09 13:30:00+00:00,73.9002096085599,2.0,scaleout_tier_1,h_ema21,holdout
2025-06-06 17:30:00+00:00,73.725,73.62989519572004,74.01031441283986,2025-06-09 14:00:00+00:00,73.99531441283986,3.0,scaleout_tier_2,h_ema21,holdout
2025-06-06 17:30:00+00:00,73.725,73.62989519572004,74.10541921711982,2025-06-09 17:30:00+00:00,74.09041921711982,4.0,scaleout_tier_3,h_ema21,holdout
2025-06-06 17:30:00+00:00,73.725,73.62989519572004,73.9152096085599,2025-06-09 19:30:00+00:00,73.945,2.313237503253727,trail_exit,h_ema21,holdout
2025-06-10 13:45:00+00:00,73.975,73.91930093268196,74.08639813463606,2025-06-10 14:00:00+00:00,73.90430093268196,-1.2693043298975453,stop_hit,h_ema21,holdout
2025-06-10 14:30:00+00:00,73.885,73.82167243043087,74.01165513913828,2025-06-10 14:45:00+00:00,73.80667243043087,-1.2368636614677582,stop_hit,h_ema21,holdout
2025-06-10 16:15:00+00:00,73.805,73.73518123156519,73.94463753686964,2025-06-10 17:45:00+00:00,73.72018123156519,-1.2148419448848518,stop_hit,h_ema200,holdout
2025-06-10 18:45:00+00:00,73.755,73.69401242675032,73.87697514649935,2025-06-10 19:30:00+00:00,73.86197514649935,2.0,scaleout_tier_1,h_ema21,holdout
2025-06-10 18:45:00+00:00,73.755,73.69401242675032,73.93796271974902,2025-06-11 13:45:00+00:00,73.92296271974902,3.0,scaleout_tier_2,h_ema21,holdout
2025-06-10 18:45:00+00:00,73.755,73.69401242675032,73.9989502929987,2025-06-11 15:30:00+00:00,73.9839502929987,4.0,scaleout_tier_3,h_ema21,holdout
2025-06-10 18:45:00+00:00,73.755,73.69401242675032,73.87697514649935,2025-06-11 18:00:00+00:00,73.835,1.3117426343968064,trail_exit,h_ema21,holdout
2025-06-11 18:45:00+00:00,73.885,73.80870910660833,74.03758178678335,2025-06-11 19:00:00+00:00,73.79370910660833,-1.1966158650547143,stop_hit,h_ema21,holdout
2025-06-12 13:45:00+00:00,74.19500000000001,74.08361725598485,74.41776548803033,2025-06-12 14:00:00+00:00,74.06861725598485,-1.1346707708867274,stop_hit,h_ema21,holdout
2025-06-12 16:15:00+00:00,74.165,74.06698125669938,74.36103748660126,2025-06-13 13:30:00+00:00,74.05198125669938,-1.153031955878019,stop_hit,h_ema21,holdout
2025-06-13 15:30:00+00:00,73.875,73.7570271661387,74.1109456677226,2025-06-13 17:30:00+00:00,73.7420271661387,-1.127147916253633,stop_hit,ema21,holdout
2025-06-13 18:00:00+00:00,73.765,73.67191555241442,73.95116889517116,2025-06-13 18:15:00+00:00,73.65691555241442,-1.1611439976179643,stop_hit,h_ema21,holdout
2025-07-01 15:30:00+00:00,74.625,74.51611036000234,74.84277927999531,2025-07-01 15:45:00+00:00,74.50111036000234,-1.13775415182127,stop_hit,h_ema21,holdout
2025-07-01 18:45:00+00:00,74.735,74.65046910380691,74.90406179238617,2025-07-01 19:00:00+00:00,74.63546910380691,-1.177449910926501,stop_hit,h_ema21,holdout
2025-07-02 15:00:00+00:00,74.315,74.21407577198703,74.51684845602594,2025-07-03 13:30:00+00:00,74.50184845602594,2.0,scaleout_tier_1,h_ema200,holdout
2025-07-02 15:00:00+00:00,74.315,74.21407577198703,74.61777268403891,2025-07-03 13:30:00+00:00,74.60277268403891,3.0,scaleout_tier_2,h_ema200,holdout
2025-07-02 15:00:00+00:00,74.315,74.21407577198703,74.51684845602594,2025-07-03 15:45:00+00:00,74.515,1.9816847147376548,trail_exit,h_ema200,holdout
2025-07-07 17:15:00+00:00,73.015,72.8821427820438,73.2807144359124,2025-07-07 17:30:00+00:00,72.8671427820438,-1.11290316198662,stop_hit,ema21,holdout
2025-07-08 14:00:00+00:00,73.045,72.91941017911023,73.29617964177955,2025-07-08 14:15:00+00:00,72.90441017911023,-1.1194364311831118,stop_hit,h_ema21,holdout
2025-07-09 15:45:00+00:00,73.015,72.93431254718844,73.17637490562312,2025-07-09 17:45:00+00:00,73.16137490562312,2.0,scaleout_tier_1,ema21,holdout
2025-07-09 15:45:00+00:00,73.015,72.93431254718844,73.25706235843468,2025-07-09 18:00:00+00:00,73.24206235843468,3.0,scaleout_tier_2,ema21,holdout
2025-07-09 15:45:00+00:00,73.015,72.93431254718844,73.17637490562312,2025-07-10 13:30:00+00:00,73.0,-0.18590250996065077,stop_hit,ema21,holdout
2025-07-10 15:30:00+00:00,72.835,72.73926860589769,73.0264627882046,2025-07-11 13:30:00+00:00,72.72426860589769,-1.1566884107419462,stop_hit,ema50,holdout
2025-07-11 15:00:00+00:00,72.325,72.23478895352984,72.50542209294032,2025-07-11 15:15:00+00:00,72.21978895352984,-1.1662767541995245,stop_hit,ema50,holdout
2025-07-11 17:00:00+00:00,72.345,72.26022813057826,72.51454373884349,2025-07-14 13:30:00+00:00,72.24522813057825,-1.1769454903179613,stop_hit,ema50,holdout
2025-07-14 14:15:00+00:00,72.355,72.28396533221256,72.49706933557489,2025-07-14 19:30:00+00:00,72.345,-0.1407763323385697,trail_exit,ema50,holdout
2025-07-15 18:15:00+00:00,71.815,71.7363543764746,71.9722912470508,2025-07-15 18:45:00+00:00,71.7213543764746,-1.1907289856396823,stop_hit,h_ema21,holdout
2025-07-16 15:15:00+00:00,71.805,71.71109549382952,71.99280901234098,2025-07-16 15:30:00+00:00,71.69609549382952,-1.1597367433333523,stop_hit,ema100,holdout
2025-07-16 17:00:00+00:00,71.805,71.68801170956412,72.03897658087178,2025-07-17 13:30:00+00:00,72.02397658087177,2.0,scaleout_tier_1,donchian_low,holdout
2025-07-16 17:00:00+00:00,71.805,71.68801170956412,72.15596487130766,2025-07-17 13:30:00+00:00,72.14096487130766,3.0,scaleout_tier_2,donchian_low,holdout
2025-07-16 17:00:00+00:00,71.805,71.68801170956412,72.27295316174354,2025-07-17 15:00:00+00:00,72.25795316174354,4.0,scaleout_tier_3,donchian_low,holdout
2025-07-16 17:00:00+00:00,71.805,71.68801170956412,72.38994145217943,2025-07-17 15:45:00+00:00,72.37494145217943,5.0,scaleout_tier_4,donchian_low,holdout
2025-07-16 17:00:00+00:00,71.805,71.68801170956412,72.03897658087178,2025-07-18 13:30:00+00:00,72.025,1.8805300870737172,trail_exit,donchian_low,holdout
2025-07-21 16:15:00+00:00,72.935,72.84701786417197,73.11096427165606,2025-07-21 17:45:00+00:00,72.83201786417197,-1.1704891550862087,stop_hit,ema21,holdout
2025-07-22 18:45:00+00:00,72.995,72.93196684843099,73.12106630313804,2025-07-23 13:30:00+00:00,73.10606630313804,2.0,scaleout_tier_1,ema21,holdout
2025-07-22 18:45:00+00:00,72.995,72.93196684843099,73.18409945470705,2025-07-23 13:30:00+00:00,73.16909945470705,3.0,scaleout_tier_2,ema21,holdout
2025-07-22 18:45:00+00:00,72.995,72.93196684843099,73.24713260627607,2025-07-23 13:30:00+00:00,73.23213260627607,4.0,scaleout_tier_3,ema21,holdout
2025-07-22 18:45:00+00:00,72.995,72.93196684843099,73.31016575784508,2025-07-23 13:30:00+00:00,73.29516575784508,5.0,scaleout_tier_4,ema21,holdout
2025-07-22 18:45:00+00:00,72.995,72.93196684843099,73.3731989094141,2025-07-23 13:30:00+00:00,73.3581989094141,6.0,scaleout_tier_5,ema21,holdout
2025-07-22 18:45:00+00:00,72.995,72.93196684843099,73.43623206098312,2025-07-23 13:30:00+00:00,73.42123206098312,7.0,scaleout_tier_6,ema21,holdout
2025-07-22 18:45:00+00:00,72.995,72.93196684843099,73.49926521255213,2025-07-23 13:30:00+00:00,73.48426521255213,8.0,scaleout_tier_7,ema21,holdout
2025-07-22 18:45:00+00:00,72.995,72.93196684843099,73.56229836412115,2025-07-23 13:30:00+00:00,73.54729836412115,9.0,scaleout_tier_8,ema21,holdout
2025-07-22 18:45:00+00:00,72.995,72.93196684843099,73.62533151569016,2025-07-23 13:30:00+00:00,73.61033151569016,10.0,scaleout_tier_9,ema21,holdout
2025-07-22 18:45:00+00:00,72.995,72.93196684843099,73.68836466725918,2025-07-23 13:30:00+00:00,73.67336466725918,11.0,scaleout_tier_10,ema21,holdout
2025-07-22 18:45:00+00:00,72.995,72.93196684843099,73.7513978188282,2025-07-23 13:30:00+00:00,73.7363978188282,12.0,scaleout_tier_11,ema21,holdout
2025-07-22 18:45:00+00:00,72.995,72.93196684843099,73.81443097039721,2025-07-23 13:30:00+00:00,73.79943097039721,13.0,scaleout_tier_12,ema21,holdout
2025-07-22 18:45:00+00:00,72.995,72.93196684843099,73.87746412196623,2025-07-23 13:30:00+00:00,73.86246412196623,14.0,scaleout_tier_13,ema21,holdout
2025-07-22 18:45:00+00:00,72.995,72.93196684843099,73.94049727353524,2025-07-23 13:30:00+00:00,73.92549727353524,15.0,scaleout_tier_14,ema21,holdout
2025-07-22 18:45:00+00:00,72.995,72.93196684843099,74.00353042510426,2025-07-23 13:30:00+00:00,73.98853042510426,16.0,scaleout_tier_15,ema21,holdout
2025-07-22 18:45:00+00:00,72.995,72.93196684843099,74.06656357667327,2025-07-23 13:30:00+00:00,74.05156357667327,17.0,scaleout_tier_16,ema21,holdout
2025-07-22 18:45:00+00:00,72.995,72.93196684843099,74.12959672824229,2025-07-23 13:30:00+00:00,74.11459672824229,18.0,scaleout_tier_17,ema21,holdout
2025-07-22 18:45:00+00:00,72.995,72.93196684843099,74.1926298798113,2025-07-23 13:30:00+00:00,74.1776298798113,19.0,scaleout_tier_18,ema21,holdout
2025-07-22 18:45:00+00:00,72.995,72.93196684843099,74.25566303138032,2025-07-23 13:30:00+00:00,74.24066303138032,20.0,scaleout_tier_19,ema21,holdout
2025-07-22 18:45:00+00:00,72.995,72.93196684843099,74.31869618294934,2025-07-23 13:30:00+00:00,74.30369618294934,21.0,scaleout_tier_20,ema21,holdout
2025-07-22 18:45:00+00:00,72.995,72.93196684843099,74.38172933451835,2025-07-23 13:30:00+00:00,74.36672933451835,22.0,scaleout_tier_21,ema21,holdout
2025-07-22 18:45:00+00:00,72.995,72.93196684843099,74.44476248608737,2025-07-23 13:30:00+00:00,74.42976248608737,23.0,scaleout_tier_22,ema21,holdout
2025-07-22 18:45:00+00:00,72.995,72.93196684843099,74.50779563765639,2025-07-23 13:30:00+00:00,74.49279563765639,24.0,scaleout_tier_23,ema21,holdout
2025-07-22 18:45:00+00:00,72.995,72.93196684843099,74.5708287892254,2025-07-23 13:30:00+00:00,74.5558287892254,25.0,scaleout_tier_24,ema21,holdout
2025-07-22 18:45:00+00:00,72.995,72.93196684843099,74.63386194079442,2025-07-23 13:30:00+00:00,74.61886194079442,26.0,scaleout_tier_25,ema21,holdout
2025-07-22 18:45:00+00:00,72.995,72.93196684843099,74.69689509236343,2025-07-23 13:30:00+00:00,74.68189509236343,27.0,scaleout_tier_26,ema21,holdout
2025-07-22 18:45:00+00:00,72.995,72.93196684843099,74.75992824393245,2025-07-23 13:30:00+00:00,74.74492824393245,28.0,scaleout_tier_27,ema21,holdout
2025-07-22 18:45:00+00:00,72.995,72.93196684843099,74.82296139550147,2025-07-23 13:30:00+00:00,74.80796139550147,29.0,scaleout_tier_28,ema21,holdout
2025-07-22 18:45:00+00:00,72.995,72.93196684843099,74.88599454707048,2025-07-23 13:30:00+00:00,74.87099454707048,30.0,scaleout_tier_29,ema21,holdout
2025-07-22 18:45:00+00:00,72.995,72.93196684843099,74.9490276986395,2025-07-23 13:30:00+00:00,74.9340276986395,31.0,scaleout_tier_30,ema21,holdout
2025-07-22 18:45:00+00:00,72.995,72.93196684843099,75.01206085020851,2025-07-23 13:30:00+00:00,74.99706085020851,32.0,scaleout_tier_31,ema21,holdout
2025-07-22 18:45:00+00:00,72.995,72.93196684843099,75.07509400177753,2025-07-23 13:30:00+00:00,75.06009400177753,33.0,scaleout_tier_32,ema21,holdout
2025-07-22 18:45:00+00:00,72.995,72.93196684843099,75.13812715334655,2025-07-23 13:30:00+00:00,75.12312715334654,34.0,scaleout_tier_33,ema21,holdout
2025-07-22 18:45:00+00:00,72.995,72.93196684843099,75.20116030491556,2025-07-23 13:30:00+00:00,75.18616030491556,35.0,scaleout_tier_34,ema21,holdout
2025-07-22 18:45:00+00:00,72.995,72.93196684843099,75.26419345648458,2025-07-23 13:30:00+00:00,75.24919345648458,36.0,scaleout_tier_35,ema21,holdout
2025-07-22 18:45:00+00:00,72.995,72.93196684843099,75.32722660805359,2025-07-23 13:30:00+00:00,75.31222660805359,37.0,scaleout_tier_36,ema21,holdout
2025-07-22 18:45:00+00:00,72.995,72.93196684843099,75.39025975962261,2025-07-23 13:30:00+00:00,75.37525975962261,38.0,scaleout_tier_37,ema21,holdout
2025-07-22 18:45:00+00:00,72.995,72.93196684843099,75.45329291119162,2025-07-23 13:30:00+00:00,75.43829291119162,39.0,scaleout_tier_38,ema21,holdout
2025-07-22 18:45:00+00:00,72.995,72.93196684843099,75.51632606276064,2025-07-23 13:30:00+00:00,75.50132606276064,40.0,scaleout_tier_39,ema21,holdout
2025-07-22 18:45:00+00:00,72.995,72.93196684843099,75.57935921432966,2025-07-23 13:30:00+00:00,75.56435921432966,41.0,scaleout_tier_40,ema21,holdout
2025-07-22 18:45:00+00:00,72.995,72.93196684843099,75.64239236589867,2025-07-23 13:30:00+00:00,75.62739236589867,42.0,scaleout_tier_41,ema21,holdout
2025-07-22 18:45:00+00:00,72.995,72.93196684843099,75.70542551746769,2025-07-23 13:30:00+00:00,75.69042551746769,43.0,scaleout_tier_42,ema21,holdout
2025-07-22 18:45:00+00:00,72.995,72.93196684843099,75.7684586690367,2025-07-23 13:30:00+00:00,75.7534586690367,44.0,scaleout_tier_43,ema21,holdout
2025-07-22 18:45:00+00:00,72.995,72.93196684843099,75.83149182060572,2025-07-23 13:30:00+00:00,75.81649182060572,45.0,scaleout_tier_44,ema21,holdout
2025-07-22 18:45:00+00:00,72.995,72.93196684843099,75.89452497217474,2025-07-23 13:30:00+00:00,75.87952497217474,46.0,scaleout_tier_45,ema21,holdout
2025-07-22 18:45:00+00:00,72.995,72.93196684843099,75.95755812374375,2025-07-23 13:30:00+00:00,75.94255812374375,47.0,scaleout_tier_46,ema21,holdout
2025-07-22 18:45:00+00:00,72.995,72.93196684843099,76.02059127531277,2025-07-23 13:30:00+00:00,76.00559127531277,48.0,scaleout_tier_47,ema21,holdout
2025-07-22 18:45:00+00:00,72.995,72.93196684843099,76.08362442688178,2025-07-23 13:30:00+00:00,76.06862442688178,49.0,scaleout_tier_48,ema21,holdout
2025-07-29 17:15:00+00:00,73.975,73.90032055762315,74.12435888475369,2025-07-29 17:30:00+00:00,73.88532055762315,-1.2008584896002235,stop_hit,ema21,holdout
2025-07-29 19:15:00+00:00,73.985,73.92554734222534,74.10390531554931,2025-07-29 19:30:00+00:00,73.91054734222534,-1.252301588548911,stop_hit,ema21,holdout
2025-07-30 13:45:00+00:00,74.235,74.14624043735158,74.41251912529684,2025-07-30 15:15:00+00:00,74.13124043735158,-1.1689958755138998,stop_hit,ema21,holdout
2025-07-30 16:00:00+00:00,74.19500000000001,74.11916690835548,74.34666618328906,2025-07-30 17:45:00+00:00,74.33166618328906,2.0,scaleout_tier_1,ema21,holdout
2025-07-30 16:00:00+00:00,74.19500000000001,74.11916690835548,74.34666618328906,2025-07-30 18:30:00+00:00,74.18,-0.19780282822061812,stop_hit,ema21,holdout
2025-07-31 16:30:00+00:00,73.775,73.66765412128998,73.98969175742005,2025-07-31 17:15:00+00:00,73.65265412128998,-1.139735220208322,stop_hit,ema21,holdout
2025-07-31 18:30:00+00:00,73.565,73.45468905237192,73.78562189525616,2025-08-01 13:30:00+00:00,73.685,1.087834005420682,trail_exit,ema21,holdout
2025-08-01 15:15:00+00:00,73.745,73.58755244702995,74.05989510594011,2025-08-01 19:45:00+00:00,74.04489510594011,2.0,scaleout_tier_1,ema21,holdout
2025-08-01 15:15:00+00:00,73.745,73.58755244702995,74.21734265891017,2025-08-04 13:30:00+00:00,74.20234265891017,3.0,scaleout_tier_2,ema21,holdout
2025-08-01 15:15:00+00:00,73.745,73.58755244702995,74.37479021188022,2025-08-04 13:30:00+00:00,74.35979021188022,4.0,scaleout_tier_3,ema21,holdout
2025-08-01 15:15:00+00:00,73.745,73.58755244702995,74.53223776485028,2025-08-04 13:30:00+00:00,74.51723776485028,5.0,scaleout_tier_4,ema21,holdout
2025-08-01 15:15:00+00:00,73.745,73.58755244702995,74.68968531782033,2025-08-04 13:30:00+00:00,74.67468531782033,6.0,scaleout_tier_5,ema21,holdout
2025-08-01 15:15:00+00:00,73.745,73.58755244702995,74.84713287079039,2025-08-04 13:30:00+00:00,74.83213287079039,7.0,scaleout_tier_6,ema21,holdout
2025-08-06 14:45:00+00:00,75.745,75.62772007665662,76.68323938674712,2025-08-07 13:30:00+00:00,76.66823938674712,8.0,scaleout_tier_7,h_ema21,holdout
2025-08-06 14:45:00+00:00,75.745,75.62772007665662,76.80051931009051,2025-08-07 13:30:00+00:00,76.7855193100905,9.0,scaleout_tier_8,h_ema21,holdout
2025-08-06 14:45:00+00:00,75.745,75.62772007665662,76.9177992334339,2025-08-07 13:30:00+00:00,76.9027992334339,10.0,scaleout_tier_9,h_ema21,holdout
2025-08-06 14:45:00+00:00,75.745,75.62772007665662,75.97955984668678,2025-08-07 14:00:00+00:00,76.625,7.503415545586635,trail_exit,h_ema21,holdout
2025-08-07 19:00:00+00:00,76.405,76.30007644887448,76.61484710225105,2025-08-07 19:45:00+00:00,76.59984710225105,2.0,scaleout_tier_1,h_ema21,holdout
2025-08-07 19:00:00+00:00,76.405,76.30007644887448,76.71977065337657,2025-08-08 13:30:00+00:00,76.70477065337657,3.0,scaleout_tier_2,h_ema21,holdout
2025-08-07 19:00:00+00:00,76.405,76.30007644887448,76.8246942045021,2025-08-08 13:30:00+00:00,76.8096942045021,4.0,scaleout_tier_3,h_ema21,holdout
2025-08-07 19:00:00+00:00,76.405,76.30007644887448,76.92961775562762,2025-08-08 13:30:00+00:00,76.91461775562762,5.0,scaleout_tier_4,h_ema21,holdout
2025-08-07 19:00:00+00:00,76.405,76.30007644887448,77.03454130675314,2025-08-08 13:30:00+00:00,77.01954130675314,6.0,scaleout_tier_5,h_ema21,holdout
2025-08-07 19:00:00+00:00,76.405,76.30007644887448,77.13946485787866,2025-08-08 13:30:00+00:00,77.12446485787866,7.0,scaleout_tier_6,h_ema21,holdout
2025-08-07 19:00:00+00:00,76.405,76.30007644887448,77.24438840900419,2025-08-08 13:30:00+00:00,77.22938840900419,8.0,scaleout_tier_7,h_ema21,holdout
2025-08-07 19:00:00+00:00,76.405,76.30007644887448,77.34931196012971,2025-08-08 13:30:00+00:00,77.33431196012971,9.0,scaleout_tier_8,h_ema21,holdout
2025-08-07 19:00:00+00:00,76.405,76.30007644887448,77.45423551125523,2025-08-08 13:30:00+00:00,77.43923551125523,10.0,scaleout_tier_9,h_ema21,holdout
2025-08-07 19:00:00+00:00,76.405,76.30007644887448,77.55915906238076,2025-08-08 13:30:00+00:00,77.54415906238076,11.0,scaleout_tier_10,h_ema21,holdout
2025-08-07 19:00:00+00:00,76.405,76.30007644887448,77.66408261350628,2025-08-08 13:30:00+00:00,77.64908261350628,12.0,scaleout_tier_11,h_ema21,holdout
2025-08-12 14:15:00+00:00,78.905,78.76502707246269,79.18494585507463,2025-08-13 15:45:00+00:00,79.185,2.000386824268981,trail_exit,h_ema21,holdout
2025-08-13 17:30:00+00:00,79.265,79.18474889304564,79.42550221390873,2025-08-13 17:45:00+00:00,79.16974889304564,-1.1869133096012061,stop_hit,h_ema21,holdout
2025-09-02 14:30:00+00:00,78.145,77.99881190037118,78.43737619925763,2025-09-02 14:45:00+00:00,77.98381190037118,-1.1026075312428771,stop_hit,h_ema21,holdout
2025-09-02 16:15:00+00:00,77.845,77.72018166500986,78.09463666998028,2025-09-02 19:15:00+00:00,78.07963666998027,2.0,scaleout_tier_1,h_ema200,holdout
2025-09-02 16:15:00+00:00,77.845,77.72018166500986,78.09463666998028,2025-09-03 13:30:00+00:00,77.83,-0.12017465223507195,stop_hit,h_ema200,holdout
2025-09-03 14:30:00+00:00,77.835,77.71441866411806,78.07616267176387,2025-09-03 17:45:00+00:00,77.69941866411806,-1.1243973612523857,stop_hit,h_ema50,holdout
2025-09-03 18:15:00+00:00,77.725,77.6369066942853,77.90118661142938,2025-09-03 19:45:00+00:00,77.88618661142938,2.0,scaleout_tier_1,h_ema21,holdout
2025-09-03 18:15:00+00:00,77.725,77.6369066942853,77.98927991714407,2025-09-04 13:30:00+00:00,77.97427991714407,3.0,scaleout_tier_2,h_ema21,holdout
2025-09-03 18:15:00+00:00,77.725,77.6369066942853,78.07737322285877,2025-09-04 13:30:00+00:00,78.06237322285877,4.0,scaleout_tier_3,h_ema21,holdout
2025-09-03 18:15:00+00:00,77.725,77.6369066942853,78.16546652857346,2025-09-04 13:30:00+00:00,78.15046652857346,5.0,scaleout_tier_4,h_ema21,holdout
2025-09-03 18:15:00+00:00,77.725,77.6369066942853,78.25355983428815,2025-09-04 13:30:00+00:00,78.23855983428815,6.0,scaleout_tier_5,h_ema21,holdout
2025-09-05 16:15:00+00:00,79.395,79.24118484750583,79.70263030498832,2025-09-05 16:30:00+00:00,79.22618484750583,-1.0975196510666918,stop_hit,h_ema21,holdout
2025-09-05 19:00:00+00:00,79.165,79.0562120420462,79.38257591590762,2025-09-08 13:30:00+00:00,79.36757591590762,2.0,scaleout_tier_1,h_ema21,holdout
2025-09-05 19:00:00+00:00,79.165,79.0562120420462,79.49136387386143,2025-09-08 13:30:00+00:00,79.47636387386143,3.0,scaleout_tier_2,h_ema21,holdout
2025-09-05 19:00:00+00:00,79.165,79.0562120420462,79.60015183181524,2025-09-08 13:30:00+00:00,79.58515183181524,4.0,scaleout_tier_3,h_ema21,holdout
2025-09-05 19:00:00+00:00,79.165,79.0562120420462,79.70893978976905,2025-09-08 13:30:00+00:00,79.69393978976905,5.0,scaleout_tier_4,h_ema21,holdout
2025-09-05 19:00:00+00:00,79.165,79.0562120420462,79.81772774772286,2025-09-08 13:30:00+00:00,79.80272774772286,6.0,scaleout_tier_5,h_ema21,holdout
2025-09-05 19:00:00+00:00,79.165,79.0562120420462,79.92651570567666,2025-09-08 13:30:00+00:00,79.91151570567666,7.0,scaleout_tier_6,h_ema21,holdout
2025-09-05 19:00:00+00:00,79.165,79.0562120420462,80.03530366363047,2025-09-08 13:30:00+00:00,80.02030366363047,8.0,scaleout_tier_7,h_ema21,holdout
2025-09-05 19:00:00+00:00,79.165,79.0562120420462,80.14409162158428,2025-09-08 13:30:00+00:00,80.12909162158428,9.0,scaleout_tier_8,h_ema21,holdout
2025-09-05 19:00:00+00:00,79.165,79.0562120420462,80.25287957953809,2025-09-08 13:30:00+00:00,80.23787957953809,10.0,scaleout_tier_9,h_ema21,holdout
2025-09-05 19:00:00+00:00,79.165,79.0562120420462,80.3616675374919,2025-09-08 13:30:00+00:00,80.3466675374919,11.0,scaleout_tier_10,h_ema21,holdout
2025-09-05 19:00:00+00:00,79.165,79.0562120420462,80.4704554954457,2025-09-08 13:30:00+00:00,80.4554554954457,12.0,scaleout_tier_11,h_ema21,holdout
2025-09-08 14:30:00+00:00,80.555,80.37729312234596,80.9104137553081,2025-09-09 13:30:00+00:00,80.36229312234596,-1.0844086632887788,stop_hit,h_ema21,holdout
2025-09-10 14:15:00+00:00,80.825,80.71104285064091,81.05291429871819,2025-09-10 14:30:00+00:00,80.69604285064091,-1.1316284242310544,stop_hit,h_ema21,holdout
2025-09-10 18:15:00+00:00,80.495,80.41242763135764,80.66014473728472,2025-09-10 19:00:00+00:00,80.39742763135764,-1.181658831478712,stop_hit,h_ema21,holdout
2025-09-15 17:45:00+00:00,81.385,81.30248374349796,81.5500325130041,2025-09-15 19:15:00+00:00,81.28748374349796,-1.1817823618747003,stop_hit,h_ema21,holdout
2025-09-16 18:00:00+00:00,81.405,81.34557694483891,81.52384611032218,2025-09-16 19:45:00+00:00,81.33057694483891,-1.2524272769102314,stop_hit,h_ema21,holdout
2025-09-17 16:30:00+00:00,81.385,81.32549969208367,81.50400061583268,2025-09-17 16:45:00+00:00,81.31049969208367,-1.2520995357047868,stop_hit,h_ema21,holdout
2025-09-17 19:00:00+00:00,81.215,81.05720514966025,81.53058970067951,2025-09-18 14:15:00+00:00,81.51558970067951,2.0,scaleout_tier_1,h_ema21,holdout
2025-09-17 19:00:00+00:00,81.215,81.05720514966025,81.68838455101927,2025-09-18 16:45:00+00:00,81.67338455101927,3.0,scaleout_tier_2,h_ema21,holdout
2025-09-17 19:00:00+00:00,81.215,81.05720514966025,81.53058970067951,2025-09-19 13:30:00+00:00,81.2,-0.09506013642209114,stop_hit,h_ema21,holdout
2025-09-19 14:00:00+00:00,80.865,80.71278752761178,81.16942494477642,2025-09-19 15:30:00+00:00,80.69778752761178,-1.0985464578864694,stop_hit,h_ema21,holdout
2025-09-22 13:45:00+00:00,80.865,80.78935201339837,81.01629597320324,2025-09-22 16:00:00+00:00,81.00129597320324,2.0,scaleout_tier_1,h_ema21,holdout
2025-09-22 13:45:00+00:00,80.865,80.78935201339837,81.09194395980487,2025-09-22 16:15:00+00:00,81.07694395980486,3.0,scaleout_tier_2,h_ema21,holdout
2025-09-22 13:45:00+00:00,80.865,80.78935201339837,81.16759194640649,2025-09-22 16:45:00+00:00,81.15259194640649,4.0,scaleout_tier_3,h_ema21,holdout
2025-09-22 13:45:00+00:00,80.865,80.78935201339837,81.24323993300811,2025-09-22 18:15:00+00:00,81.22823993300811,5.0,scaleout_tier_4,h_ema21,holdout
2025-09-22 13:45:00+00:00,80.865,80.78935201339837,81.31888791960974,2025-09-23 13:30:00+00:00,81.30388791960974,6.0,scaleout_tier_5,h_ema21,holdout
2025-09-22 13:45:00+00:00,80.865,80.78935201339837,81.39453590621136,2025-09-23 13:30:00+00:00,81.37953590621136,7.0,scaleout_tier_6,h_ema21,holdout
2025-09-22 13:45:00+00:00,80.865,80.78935201339837,81.47018389281298,2025-09-23 13:45:00+00:00,81.45518389281298,8.0,scaleout_tier_7,h_ema21,holdout
2025-09-22 13:45:00+00:00,80.865,80.78935201339837,81.01629597320324,2025-09-23 15:00:00+00:00,81.295,5.684222664966186,trail_exit,h_ema21,holdout
2025-09-23 16:30:00+00:00,81.225,81.1592085955881,81.35658280882379,2025-09-23 17:15:00+00:00,81.1442085955881,-1.2279933090664983,stop_hit,h_ema21,holdout
2025-09-23 18:45:00+00:00,81.145,81.08260671487888,81.26978657024223,2025-09-23 19:00:00+00:00,81.06760671487888,-1.240410486014361,stop_hit,h_ema50,holdout
2025-09-24 14:45:00+00:00,81.205,81.13745818243595,81.3400836351281,2025-09-24 15:00:00+00:00,81.12245818243595,-1.2220846364665316,stop_hit,h_ema21,holdout
2025-09-24 16:30:00+00:00,80.94500000000001,80.86311288127156,81.1087742374569,2025-09-24 18:00:00+00:00,80.84811288127156,-1.183178993630776,stop_hit,h_ema200,holdout
2025-09-24 19:00:00+00:00,80.925,80.85280552493914,81.0693889501217,2025-09-24 19:15:00+00:00,80.83780552493914,-1.2077721319721038,stop_hit,h_ema21,holdout
2025-09-25 18:30:00+00:00,80.325,80.22561426343779,80.52377147312443,2025-09-26 13:45:00+00:00,80.50877147312443,2.0,scaleout_tier_1,ema21,holdout
2025-09-25 18:30:00+00:00,80.325,80.22561426343779,80.52377147312443,2025-09-26 14:15:00+00:00,80.31,-0.15092708993117035,stop_hit,ema21,holdout
2025-09-26 14:45:00+00:00,80.355,80.24905669642926,80.56688660714148,2025-09-26 15:15:00+00:00,80.23405669642926,-1.1415851638983943,stop_hit,ema21,holdout
2025-09-26 17:00:00+00:00,80.475,80.38335877042513,80.65828245914972,2025-09-26 17:45:00+00:00,80.36835877042513,-1.1636817846027165,stop_hit,h_ema21,holdout
2025-09-26 18:30:00+00:00,80.455,80.3774697987123,80.6100604025754,2025-09-29 13:30:00+00:00,80.5950604025754,2.0,scaleout_tier_1,h_ema21,holdout
2025-09-26 18:30:00+00:00,80.455,80.3774697987123,80.6875906038631,2025-09-29 14:30:00+00:00,80.6725906038631,3.0,scaleout_tier_2,h_ema21,holdout
2025-09-26 18:30:00+00:00,80.455,80.3774697987123,80.6100604025754,2025-09-29 15:30:00+00:00,80.505,0.644909972753149,trail_exit,h_ema21,holdout
2025-09-30 15:00:00+00:00,80.025,79.93530740004354,80.20438519991293,2025-09-30 15:15:00+00:00,79.92030740004354,-1.167237877007483,stop_hit,ema21,holdout
2025-09-30 16:00:00+00:00,80.035,79.94484875189097,80.21530249621804,2025-09-30 19:15:00+00:00,80.20030249621804,2.0,scaleout_tier_1,ema21,holdout
2025-09-30 16:00:00+00:00,80.035,79.94484875189097,80.30545374432707,2025-10-01 13:30:00+00:00,80.29045374432707,3.0,scaleout_tier_2,ema21,holdout
2025-09-30 16:00:00+00:00,80.035,79.94484875189097,80.39560499243609,2025-10-01 13:30:00+00:00,80.38060499243609,4.0,scaleout_tier_3,ema21,holdout
2025-09-30 16:00:00+00:00,80.035,79.94484875189097,80.48575624054511,2025-10-01 13:30:00+00:00,80.47075624054511,5.0,scaleout_tier_4,ema21,holdout
2025-09-30 16:00:00+00:00,80.035,79.94484875189097,80.57590748865414,2025-10-01 13:30:00+00:00,80.56090748865414,6.0,scaleout_tier_5,ema21,holdout
2025-09-30 16:00:00+00:00,80.035,79.94484875189097,80.66605873676316,2025-10-01 13:30:00+00:00,80.65105873676316,7.0,scaleout_tier_6,ema21,holdout
2025-09-30 16:00:00+00:00,80.035,79.94484875189097,80.75620998487219,2025-10-01 13:30:00+00:00,80.74120998487219,8.0,scaleout_tier_7,ema21,holdout
2025-10-01 14:30:00+00:00,80.625,80.5053469419405,80.864306116119,2025-10-01 14:45:00+00:00,80.4903469419405,-1.125362445751631,stop_hit,ema21,holdout
2025-10-02 16:00:00+00:00,80.055,79.94559360737196,80.2738127852561,2025-10-03 13:30:00+00:00,80.2588127852561,2.0,scaleout_tier_1,ema21,holdout
2025-10-02 16:00:00+00:00,80.055,79.94559360737196,80.38321917788414,2025-10-03 13:30:00+00:00,80.36821917788414,3.0,scaleout_tier_2,ema21,holdout
2025-10-02 16:00:00+00:00,80.055,79.94559360737196,80.49262557051219,2025-10-03 13:30:00+00:00,80.47762557051219,4.0,scaleout_tier_3,ema21,holdout
2025-10-02 16:00:00+00:00,80.055,79.94559360737196,80.60203196314023,2025-10-03 13:30:00+00:00,80.58703196314023,5.0,scaleout_tier_4,ema21,holdout
2025-10-02 16:00:00+00:00,80.055,79.94559360737196,80.71143835576828,2025-10-03 13:30:00+00:00,80.69643835576828,6.0,scaleout_tier_5,ema21,holdout
2025-10-02 16:00:00+00:00,80.055,79.94559360737196,80.82084474839633,2025-10-03 13:30:00+00:00,80.80584474839632,7.0,scaleout_tier_6,ema21,holdout
2025-10-02 16:00:00+00:00,80.055,79.94559360737196,80.93025114102437,2025-10-03 13:30:00+00:00,80.91525114102437,8.0,scaleout_tier_7,ema21,holdout
2025-10-02 16:00:00+00:00,80.055,79.94559360737196,81.03965753365242,2025-10-03 13:30:00+00:00,81.02465753365242,9.0,scaleout_tier_8,ema21,holdout
2025-10-02 16:00:00+00:00,80.055,79.94559360737196,81.14906392628046,2025-10-03 13:30:00+00:00,81.13406392628046,10.0,scaleout_tier_9,ema21,holdout
2025-10-02 16:00:00+00:00,80.055,79.94559360737196,81.25847031890851,2025-10-03 13:30:00+00:00,81.2434703189085,11.0,scaleout_tier_10,ema21,holdout
2025-10-02 16:00:00+00:00,80.055,79.94559360737196,81.36787671153655,2025-10-03 13:30:00+00:00,81.35287671153655,12.0,scaleout_tier_11,ema21,holdout
2025-10-02 16:00:00+00:00,80.055,79.94559360737196,81.4772831041646,2025-10-03 13:30:00+00:00,81.4622831041646,13.0,scaleout_tier_12,ema21,holdout
2025-10-02 16:00:00+00:00,80.055,79.94559360737196,81.58668949679264,2025-10-03 13:30:00+00:00,81.57168949679264,14.0,scaleout_tier_13,ema21,holdout
2025-10-02 16:00:00+00:00,80.055,79.94559360737196,81.69609588942069,2025-10-03 13:30:00+00:00,81.68109588942069,15.0,scaleout_tier_14,ema21,holdout
2025-10-02 16:00:00+00:00,80.055,79.94559360737196,81.80550228204874,2025-10-03 13:30:00+00:00,81.79050228204873,16.0,scaleout_tier_15,ema21,holdout
2025-10-09 15:00:00+00:00,81.715,81.61305417752502,81.91889164494998,2025-10-09 15:15:00+00:00,81.59805417752501,-1.1471369756586223,stop_hit,h_ema21,holdout
2025-10-09 16:00:00+00:00,81.805,81.69237935662984,82.03024128674033,2025-10-09 16:15:00+00:00,81.67737935662984,-1.1331905017688297,stop_hit,h_ema21,holdout
2025-10-09 18:00:00+00:00,81.555,81.4469446495707,81.77111070085863,2025-10-09 18:30:00+00:00,81.4319446495707,-1.1388177442431553,stop_hit,h_ema21,holdout
2025-10-09 19:15:00+00:00,81.535,81.43668481654416,81.73163036691167,2025-10-10 13:30:00+00:00,81.42168481654416,-1.1525705335914704,stop_hit,h_ema21,holdout
2025-10-28 13:45:00+00:00,83.585,83.03045617533506,84.69408764932986,2025-10-29 13:30:00+00:00,83.365,-0.396722477493871,trail_exit,ema50,holdout
2025-10-29 16:30:00+00:00,83.665,83.54262732856863,83.90974534286276,2025-10-29 17:30:00+00:00,83.52762732856863,-1.1225763875589816,stop_hit,h_ema21,holdout
2025-10-29 19:00:00+00:00,83.185,83.00296961202906,83.54906077594188,2025-10-29 19:15:00+00:00,82.98796961202906,-1.0824038237087932,stop_hit,h_ema21,holdout
2025-10-30 15:15:00+00:00,83.515,83.33701591755789,83.87096816488422,2025-10-30 18:15:00+00:00,83.32201591755789,-1.0842771993662945,stop_hit,h_ema21,holdout
2025-10-31 14:45:00+00:00,83.775,83.62971251406613,84.06557497186776,2025-10-31 15:45:00+00:00,83.61471251406613,-1.103243578781639,stop_hit,h_ema50,holdout
2025-10-31 17:45:00+00:00,83.305,83.17879749629734,83.55740500740535,2025-11-03 15:15:00+00:00,83.275,-0.23771319205108635,trail_exit,h_ema21,holdout
2025-11-03 15:45:00+00:00,83.425,83.3141607052001,83.6466785895998,2025-11-03 17:45:00+00:00,83.6316785895998,2.0,scaleout_tier_1,h_ema21,holdout
2025-11-03 15:45:00+00:00,83.425,83.3141607052001,83.6466785895998,2025-11-04 14:30:00+00:00,83.41,-0.13533106672214057,stop_hit,h_ema21,holdout
2025-11-04 15:45:00+00:00,83.325,83.20301947425381,83.5689610514924,2025-11-04 16:00:00+00:00,83.1880194742538,-1.1229704488338654,stop_hit,h_ema21,holdout
2025-11-05 15:00:00+00:00,82.755,82.61265701250551,83.03968597498897,2025-11-05 15:15:00+00:00,82.59765701250551,-1.10537926921466,stop_hit,ema21,holdout
2025-11-06 15:30:00+00:00,83.155,83.0136170940824,83.43776581183519,2025-11-06 15:45:00+00:00,82.9986170940824,-1.1060948627604477,stop_hit,h_ema21,holdout
2025-11-07 15:00:00+00:00,82.765,82.60997629137604,83.07504741724792,2025-11-07 15:45:00+00:00,82.59497629137604,-1.0967593933414803,stop_hit,ema21,holdout
2025-11-07 17:30:00+00:00,82.555,82.40067935494528,82.86364129010946,2025-11-07 19:30:00+00:00,82.84864129010946,2.0,scaleout_tier_1,ema21,holdout
2025-11-07 17:30:00+00:00,82.555,82.40067935494528,83.01796193516418,2025-11-07 19:30:00+00:00,83.00296193516418,3.0,scaleout_tier_2,ema21,holdout
2025-11-07 17:30:00+00:00,82.555,82.40067935494528,83.1722825802189,2025-11-07 20:30:00+00:00,83.1572825802189,4.0,scaleout_tier_3,ema21,holdout
2025-11-07 17:30:00+00:00,82.555,82.40067935494528,83.32660322527363,2025-11-10 15:15:00+00:00,83.31160322527363,5.0,scaleout_tier_4,ema21,holdout
2025-11-07 17:30:00+00:00,82.555,82.40067935494528,83.48092387032835,2025-11-10 17:30:00+00:00,83.46592387032835,6.0,scaleout_tier_5,ema21,holdout
2025-11-07 17:30:00+00:00,82.555,82.40067935494528,83.63524451538308,2025-11-10 19:15:00+00:00,83.62024451538308,7.0,scaleout_tier_6,ema21,holdout
2025-11-07 17:30:00+00:00,82.555,82.40067935494528,82.86364129010946,2025-11-11 14:30:00+00:00,83.465,5.8968130911926675,trail_exit,ema21,holdout
2025-11-11 16:45:00+00:00,83.69500000000001,83.58993756491492,83.90512487017018,2025-11-12 14:30:00+00:00,83.89012487017018,2.0,scaleout_tier_1,h_ema21,holdout
2025-11-11 16:45:00+00:00,83.69500000000001,83.58993756491492,84.01018730525527,2025-11-12 14:30:00+00:00,83.99518730525527,3.0,scaleout_tier_2,h_ema21,holdout
2025-11-11 16:45:00+00:00,83.69500000000001,83.58993756491492,84.11524974034036,2025-11-12 14:30:00+00:00,84.10024974034036,4.0,scaleout_tier_3,h_ema21,holdout
2025-11-11 16:45:00+00:00,83.69500000000001,83.58993756491492,84.22031217542545,2025-11-12 14:30:00+00:00,84.20531217542545,5.0,scaleout_tier_4,h_ema21,holdout
2025-11-12 15:00:00+00:00,84.335,84.22860934910582,84.54778130178833,2025-11-12 19:45:00+00:00,84.30499999999999,-0.28197966407633956,trail_exit,h_ema21,holdout
2025-11-13 17:30:00+00:00,83.605,83.49310619925764,83.82878760148473,2025-11-13 17:45:00+00:00,83.47810619925764,-1.1340556840547225,stop_hit,h_ema200,holdout
2025-11-14 14:45:00+00:00,83.715,83.55669195076378,84.03161609847245,2025-11-14 16:15:00+00:00,84.01661609847245,2.0,scaleout_tier_1,ema21,holdout
2025-11-14 14:45:00+00:00,83.715,83.55669195076378,84.03161609847245,2025-11-14 18:30:00+00:00,83.815,0.6316798197088218,trail_exit,ema21,holdout
2025-11-17 17:00:00+00:00,83.345,83.1799964474671,83.67500710506579,2025-11-17 17:30:00+00:00,83.1649964474671,-1.0909071336328362,stop_hit,ema21,holdout
2025-11-18 16:15:00+00:00,80.575,80.31061270758268,81.10377458483465,2025-11-19 16:15:00+00:00,80.595,0.0756466009282579,trail_exit,ema50,holdout
2025-11-19 18:00:00+00:00,80.665,80.50204438635573,80.99091122728855,2025-11-19 19:30:00+00:00,80.48704438635573,-1.0920496058070466,stop_hit,ema50,holdout
2025-11-20 15:00:00+00:00,81.295,81.11208560233942,81.66082879532117,2025-11-20 15:15:00+00:00,81.09708560233942,-1.0820055730540945,stop_hit,ema50,holdout
2025-11-20 18:15:00+00:00,80.19500000000001,79.947479180574,80.69004163885201,2025-11-20 18:30:00+00:00,79.932479180574,-1.0606009629201514,stop_hit,ema50,holdout
2025-11-21 14:45:00+00:00,80.685,80.38978311260712,81.27543377478577,2025-11-21 16:00:00+00:00,80.37478311260712,-1.050810101456148,stop_hit,ema50,holdout
2025-11-21 16:30:00+00:00,80.625,80.34803479924868,81.17893040150264,2025-11-21 18:45:00+00:00,81.16393040150264,2.0,scaleout_tier_1,ema50,holdout
2025-11-21 16:30:00+00:00,80.625,80.34803479924868,81.45589560225396,2025-11-24 15:30:00+00:00,81.44089560225396,3.0,scaleout_tier_2,ema50,holdout
2025-11-21 16:30:00+00:00,80.625,80.34803479924868,81.73286080300528,2025-11-24 18:30:00+00:00,81.71786080300528,4.0,scaleout_tier_3,ema50,holdout
2025-11-21 16:30:00+00:00,80.625,80.34803479924868,81.17893040150264,2025-11-25 14:30:00+00:00,81.205,2.094125898945569,trail_exit,ema50,holdout
2025-11-25 15:00:00+00:00,81.315,81.17091504832459,81.60316990335082,2025-11-25 15:30:00+00:00,81.58816990335082,2.0,scaleout_tier_1,ema21,holdout
2025-11-25 15:00:00+00:00,81.315,81.17091504832459,81.74725485502623,2025-11-25 17:00:00+00:00,81.73225485502623,3.0,scaleout_tier_2,ema21,holdout
2025-11-25 15:00:00+00:00,81.315,81.17091504832459,81.89133980670164,2025-11-25 18:00:00+00:00,81.87633980670164,4.0,scaleout_tier_3,ema21,holdout
2025-11-25 15:00:00+00:00,81.315,81.17091504832459,82.03542475837705,2025-11-26 14:30:00+00:00,82.02042475837705,5.0,scaleout_tier_4,ema21,holdout
2025-11-25 15:00:00+00:00,81.315,81.17091504832459,82.17950971005246,2025-11-26 14:30:00+00:00,82.16450971005246,6.0,scaleout_tier_5,ema21,holdout
2025-11-25 15:00:00+00:00,81.315,81.17091504832459,82.32359466172787,2025-11-26 14:30:00+00:00,82.30859466172787,7.0,scaleout_tier_6,ema21,holdout
2025-11-25 15:00:00+00:00,81.315,81.17091504832459,82.46767961340328,2025-11-26 14:30:00+00:00,82.45267961340328,8.0,scaleout_tier_7,ema21,holdout
2025-11-25 15:00:00+00:00,81.315,81.17091504832459,82.61176456507869,2025-11-26 14:30:00+00:00,82.59676456507869,9.0,scaleout_tier_8,ema21,holdout
2025-11-25 15:00:00+00:00,81.315,81.17091504832459,82.7558495167541,2025-11-26 14:30:00+00:00,82.7408495167541,10.0,scaleout_tier_9,ema21,holdout
2025-11-26 15:15:00+00:00,82.835,82.67371748099562,83.15756503800874,2025-11-28 14:30:00+00:00,82.785,-0.3100149991992701,trail_exit,ema21,holdout
2025-11-28 16:00:00+00:00,82.985,82.88374832478472,83.18750335043056,2025-12-01 14:30:00+00:00,82.86874832478472,-1.1481456970278041,stop_hit,h_ema21,holdout
2025-12-01 15:00:00+00:00,82.855,82.72650352125346,83.11199295749309,2025-12-01 15:15:00+00:00,82.71150352125346,-1.116734716362057,stop_hit,ema21,holdout
2025-12-01 16:00:00+00:00,82.805,82.67532465822887,83.06435068354227,2025-12-01 16:15:00+00:00,82.66032465822887,-1.115673495015532,stop_hit,ema21,holdout
2025-12-01 18:45:00+00:00,82.805,82.71238105102567,82.99023789794867,2025-12-01 19:00:00+00:00,82.69738105102567,-1.1619538999968282,stop_hit,ema21,holdout
2025-12-02 14:45:00+00:00,82.625,82.52982236699809,82.81535526600382,2025-12-02 15:00:00+00:00,82.51482236699809,-1.1576000529420556,stop_hit,ema21,holdout
2025-12-02 15:45:00+00:00,82.595,82.48984620012058,82.80530759975883,2025-12-02 16:15:00+00:00,82.47484620012058,-1.1426481973756675,stop_hit,ema21,holdout
2025-12-02 17:30:00+00:00,82.44500000000001,82.33856045161588,82.65787909676827,2025-12-02 17:45:00+00:00,82.32356045161588,-1.1409250624200968,stop_hit,ema21,holdout
2025-12-02 19:15:00+00:00,82.395,82.30222584355745,82.58054831288509,2025-12-03 14:30:00+00:00,82.28722584355745,-1.1616829575733207,stop_hit,ema21,holdout
2025-12-03 15:30:00+00:00,82.325,82.21976047131952,82.53547905736097,2025-12-03 17:30:00+00:00,82.52047905736097,2.0,scaleout_tier_1,ema21,holdout
2025-12-03 15:30:00+00:00,82.325,82.21976047131952,82.64071858604146,2025-12-04 14:30:00+00:00,82.62571858604146,3.0,scaleout_tier_2,ema21,holdout
2025-12-03 15:30:00+00:00,82.325,82.21976047131952,82.74595811472194,2025-12-04 14:30:00+00:00,82.73095811472194,4.0,scaleout_tier_3,ema21,holdout
2025-12-03 15:30:00+00:00,82.325,82.21976047131952,82.85119764340243,2025-12-04 14:30:00+00:00,82.83619764340243,5.0,scaleout_tier_4,ema21,holdout
2025-12-03 15:30:00+00:00,82.325,82.21976047131952,82.95643717208291,2025-12-04 14:30:00+00:00,82.94143717208291,6.0,scaleout_tier_5,ema21,holdout
2025-12-03 15:30:00+00:00,82.325,82.21976047131952,83.0616767007634,2025-12-04 14:30:00+00:00,83.0466767007634,7.0,scaleout_tier_6,ema21,holdout
2025-12-03 15:30:00+00:00,82.325,82.21976047131952,83.16691622944388,2025-12-04 14:30:00+00:00,83.15191622944388,8.0,scaleout_tier_7,ema21,holdout
2025-12-03 15:30:00+00:00,82.325,82.21976047131952,83.27215575812437,2025-12-04 14:30:00+00:00,83.25715575812437,9.0,scaleout_tier_8,ema21,holdout
2025-12-03 15:30:00+00:00,82.325,82.21976047131952,83.37739528680486,2025-12-04 14:30:00+00:00,83.36239528680485,10.0,scaleout_tier_9,ema21,holdout
2025-12-03 15:30:00+00:00,82.325,82.21976047131952,83.48263481548534,2025-12-04 14:30:00+00:00,83.46763481548534,11.0,scaleout_tier_10,ema21,holdout
2025-12-03 15:30:00+00:00,82.325,82.21976047131952,83.58787434416583,2025-12-04 14:30:00+00:00,83.57287434416583,12.0,scaleout_tier_11,ema21,holdout
2025-12-03 15:30:00+00:00,82.325,82.21976047131952,83.69311387284631,2025-12-04 14:30:00+00:00,83.67811387284631,13.0,scaleout_tier_12,ema21,holdout
2025-12-03 15:30:00+00:00,82.325,82.21976047131952,83.7983534015268,2025-12-04 14:30:00+00:00,83.7833534015268,14.0,scaleout_tier_13,ema21,holdout
2025-12-03 15:30:00+00:00,82.325,82.21976047131952,83.90359293020728,2025-12-04 14:30:00+00:00,83.88859293020728,15.0,scaleout_tier_14,ema21,holdout
2025-12-03 15:30:00+00:00,82.325,82.21976047131952,84.00883245888777,2025-12-04 14:30:00+00:00,83.99383245888777,16.0,scaleout_tier_15,ema21,holdout
2025-12-03 15:30:00+00:00,82.325,82.21976047131952,84.11407198756825,2025-12-04 14:30:00+00:00,84.09907198756825,17.0,scaleout_tier_16,ema21,holdout
2025-12-05 17:30:00+00:00,83.585,83.48808667706928,83.77882664586143,2025-12-05 17:45:00+00:00,83.655,0.7222949114029427,trail_exit,h_ema21,holdout
2025-12-08 18:00:00+00:00,83.305,83.22065821283361,83.4736835743328,2025-12-08 18:15:00+00:00,83.20565821283361,-1.1778477846385644,stop_hit,h_ema21,holdout
2025-12-09 18:30:00+00:00,83.435,83.3528268963808,83.5993462072384,2025-12-09 18:45:00+00:00,83.3378268963808,-1.1825414805982355,stop_hit,h_ema21,holdout
2025-12-10 16:15:00+00:00,83.265,83.18594220086925,83.4231155982615,2025-12-10 19:00:00+00:00,83.4081155982615,2.0,scaleout_tier_1,ema21,holdout
2025-12-10 16:15:00+00:00,83.265,83.18594220086925,83.50217339739226,2025-12-10 19:00:00+00:00,83.48717339739225,3.0,scaleout_tier_2,ema21,holdout
2025-12-10 16:15:00+00:00,83.265,83.18594220086925,83.4231155982615,2025-12-10 19:30:00+00:00,83.25,-0.18973460132873776,stop_hit,ema21,holdout
2025-12-11 14:45:00+00:00,84.125,83.97215780682245,84.4306843863551,2025-12-11 15:00:00+00:00,83.95715780682245,-1.098140439417641,stop_hit,h_ema21,holdout
2025-12-29 15:30:00+00:00,81.005,80.72419075977642,81.56661848044715,2025-12-30 19:45:00+00:00,81.065,0.21366818254353467,trail_exit,h_ema21,holdout
2026-01-02 17:00:00+00:00,81.125,80.98449068454704,81.40601863090592,2026-01-02 18:00:00+00:00,80.96949068454704,-1.1067544877835687,stop_hit,ema50,holdout
2026-01-02 18:45:00+00:00,80.955,80.83802855353942,81.18894289292116,2026-01-02 19:45:00+00:00,81.17394289292116,2.0,scaleout_tier_1,ema50,holdout
2026-01-02 18:45:00+00:00,80.955,80.83802855353942,81.30591433938174,2026-01-02 20:45:00+00:00,81.29091433938174,3.0,scaleout_tier_2,ema50,holdout
2026-01-02 18:45:00+00:00,80.955,80.83802855353942,81.42288578584233,2026-01-05 14:30:00+00:00,81.40788578584232,4.0,scaleout_tier_3,ema50,holdout
2026-01-02 18:45:00+00:00,80.955,80.83802855353942,81.53985723230291,2026-01-05 14:30:00+00:00,81.5248572323029,5.0,scaleout_tier_4,ema50,holdout
2026-01-02 18:45:00+00:00,80.955,80.83802855353942,81.65682867876349,2026-01-05 14:30:00+00:00,81.64182867876349,6.0,scaleout_tier_5,ema50,holdout
2026-01-02 18:45:00+00:00,80.955,80.83802855353942,81.77380012522407,2026-01-05 14:30:00+00:00,81.75880012522407,7.0,scaleout_tier_6,ema50,holdout
2026-01-02 18:45:00+00:00,80.955,80.83802855353942,81.89077157168465,2026-01-05 14:30:00+00:00,81.87577157168465,8.0,scaleout_tier_7,ema50,holdout
2026-01-02 18:45:00+00:00,80.955,80.83802855353942,82.00774301814523,2026-01-05 14:30:00+00:00,81.99274301814523,9.0,scaleout_tier_8,ema50,holdout
2026-01-02 18:45:00+00:00,80.955,80.83802855353942,82.12471446460582,2026-01-05 14:30:00+00:00,82.10971446460582,10.0,scaleout_tier_9,ema50,holdout
2026-01-02 18:45:00+00:00,80.955,80.83802855353942,82.2416859110664,2026-01-05 14:30:00+00:00,82.2266859110664,11.0,scaleout_tier_10,ema50,holdout
2026-01-02 18:45:00+00:00,80.955,80.83802855353942,82.35865735752698,2026-01-05 14:30:00+00:00,82.34365735752698,12.0,scaleout_tier_11,ema50,holdout
2026-01-02 18:45:00+00:00,80.955,80.83802855353942,82.47562880398756,2026-01-05 14:30:00+00:00,82.46062880398756,13.0,scaleout_tier_12,ema50,holdout
2026-01-06 19:00:00+00:00,82.985,82.91828805215255,83.1184238956949,2026-01-07 15:00:00+00:00,82.90328805215255,-1.2248472797451606,stop_hit,h_ema21,holdout
2026-01-07 15:45:00+00:00,82.985,82.90874169127848,83.13751661744304,2026-01-07 16:00:00+00:00,82.89374169127848,-1.1966998777113909,stop_hit,ema21,holdout
2026-01-08 15:15:00+00:00,82.765,82.66092251325254,82.97315497349491,2026-01-09 14:30:00+00:00,82.95815497349491,2.0,scaleout_tier_1,ema21,holdout
2026-01-08 15:15:00+00:00,82.765,82.66092251325254,83.07723246024237,2026-01-09 14:30:00+00:00,83.06223246024237,3.0,scaleout_tier_2,ema21,holdout
2026-01-08 15:15:00+00:00,82.765,82.66092251325254,83.18130994698983,2026-01-09 14:30:00+00:00,83.16630994698983,4.0,scaleout_tier_3,ema21,holdout
2026-01-08 15:15:00+00:00,82.765,82.66092251325254,83.28538743373728,2026-01-09 14:30:00+00:00,83.27038743373728,5.0,scaleout_tier_4,ema21,holdout
2026-01-08 15:15:00+00:00,82.765,82.66092251325254,83.38946492048474,2026-01-09 14:30:00+00:00,83.37446492048474,6.0,scaleout_tier_5,ema21,holdout
2026-01-08 15:15:00+00:00,82.765,82.66092251325254,83.4935424072322,2026-01-09 14:30:00+00:00,83.4785424072322,7.0,scaleout_tier_6,ema21,holdout
2026-01-08 15:15:00+00:00,82.765,82.66092251325254,83.59761989397965,2026-01-09 14:30:00+00:00,83.58261989397965,8.0,scaleout_tier_7,ema21,holdout
2026-01-08 15:15:00+00:00,82.765,82.66092251325254,83.70169738072711,2026-01-09 14:30:00+00:00,83.68669738072711,9.0,scaleout_tier_8,ema21,holdout
2026-01-08 15:15:00+00:00,82.765,82.66092251325254,83.80577486747457,2026-01-09 14:30:00+00:00,83.79077486747457,10.0,scaleout_tier_9,ema21,holdout
2026-01-08 15:15:00+00:00,82.765,82.66092251325254,83.90985235422202,2026-01-09 14:30:00+00:00,83.89485235422202,11.0,scaleout_tier_10,ema21,holdout
2026-01-08 15:15:00+00:00,82.765,82.66092251325254,84.01392984096948,2026-01-09 14:30:00+00:00,83.99892984096948,12.0,scaleout_tier_11,ema21,holdout
2026-01-08 15:15:00+00:00,82.765,82.66092251325254,84.11800732771694,2026-01-09 14:30:00+00:00,84.10300732771694,13.0,scaleout_tier_12,ema21,holdout
2026-01-08 15:15:00+00:00,82.765,82.66092251325254,84.2220848144644,2026-01-09 14:30:00+00:00,84.2070848144644,14.0,scaleout_tier_13,ema21,holdout
2026-01-13 16:45:00+00:00,84.44500000000001,84.31398870778285,84.70702258443431,2026-01-14 17:15:00+00:00,84.975,4.045452808155697,trail_exit,h_ema50,holdout
2026-01-14 18:15:00+00:00,84.995,84.87992391251379,85.22515217497244,2026-01-15 14:30:00+00:00,85.21015217497244,2.0,scaleout_tier_1,h_ema21,holdout
2026-01-14 18:15:00+00:00,84.995,84.87992391251379,85.34022826245865,2026-01-15 14:30:00+00:00,85.32522826245865,3.0,scaleout_tier_2,h_ema21,holdout
2026-01-14 18:15:00+00:00,84.995,84.87992391251379,85.45530434994487,2026-01-15 14:30:00+00:00,85.44030434994487,4.0,scaleout_tier_3,h_ema21,holdout
2026-01-14 18:15:00+00:00,84.995,84.87992391251379,85.57038043743108,2026-01-15 14:30:00+00:00,85.55538043743108,5.0,scaleout_tier_4,h_ema21,holdout
2026-01-14 18:15:00+00:00,84.995,84.87992391251379,85.6854565249173,2026-01-15 14:30:00+00:00,85.6704565249173,6.0,scaleout_tier_5,h_ema21,holdout
2026-01-16 16:00:00+00:00,85.44500000000001,85.33760322188607,85.65979355622788,2026-01-16 16:15:00+00:00,85.495,0.4655633146364234,trail_exit,h_ema21,holdout
2026-01-20 15:30:00+00:00,84.095,83.91129156638397,84.46241686723206,2026-01-20 18:15:00+00:00,83.955,-0.7620771526070109,trail_exit,ema21,holdout
2026-01-21 14:45:00+00:00,84.395,84.23813396317368,84.70873207365263,2026-01-21 16:45:00+00:00,84.22313396317368,-1.0956229933736952,stop_hit,ema21,holdout
2026-01-21 17:30:00+00:00,84.215,84.06360499209215,84.5177900158157,2026-01-21 19:15:00+00:00,84.5027900158157,2.0,scaleout_tier_1,ema21,holdout
2026-01-21 17:30:00+00:00,84.215,84.06360499209215,84.66918502372356,2026-01-21 19:30:00+00:00,84.65418502372356,3.0,scaleout_tier_2,ema21,holdout
2026-01-21 17:30:00+00:00,84.215,84.06360499209215,84.82058003163141,2026-01-21 19:30:00+00:00,84.80558003163141,4.0,scaleout_tier_3,ema21,holdout
2026-01-21 17:30:00+00:00,84.215,84.06360499209215,84.97197503953926,2026-01-22 15:30:00+00:00,84.95697503953926,5.0,scaleout_tier_4,ema21,holdout
2026-01-21 17:30:00+00:00,84.215,84.06360499209215,84.5177900158157,2026-01-22 20:45:00+00:00,84.845,4.161299693471096,trail_exit,ema21,holdout
2026-01-23 15:00:00+00:00,84.115,83.97967990231649,84.385640195367,2026-01-23 17:00:00+00:00,84.370640195367,2.0,scaleout_tier_1,ema21,holdout
2026-01-23 15:00:00+00:00,84.115,83.97967990231649,84.5209602930505,2026-01-23 17:15:00+00:00,84.5059602930505,3.0,scaleout_tier_2,ema21,holdout
2026-01-23 15:00:00+00:00,84.115,83.97967990231649,84.65628039073401,2026-01-23 19:00:00+00:00,84.64128039073401,4.0,scaleout_tier_3,ema21,holdout
2026-01-23 15:00:00+00:00,84.115,83.97967990231649,84.79160048841752,2026-01-26 14:30:00+00:00,84.77660048841751,5.0,scaleout_tier_4,ema21,holdout
2026-01-23 15:00:00+00:00,84.115,83.97967990231649,84.92692058610102,2026-01-26 14:30:00+00:00,84.91192058610102,6.0,scaleout_tier_5,ema21,holdout
2026-01-23 15:00:00+00:00,84.115,83.97967990231649,85.06224068378452,2026-01-26 14:30:00+00:00,85.04724068378452,7.0,scaleout_tier_6,ema21,holdout
2026-01-27 15:15:00+00:00,85.635,85.47900545217429,85.94698909565143,2026-01-28 14:30:00+00:00,85.46400545217429,-1.096157206832379,stop_hit,h_ema21,holdout
2026-01-28 17:45:00+00:00,85.075,84.9439051317112,85.3371897365776,2026-01-28 18:30:00+00:00,84.9289051317112,-1.1144209548077504,stop_hit,h_ema200,holdout
2026-01-30 15:45:00+00:00,86.045,85.8722704115814,86.39045917683721,2026-01-30 16:00:00+00:00,85.8572704115814,-1.0868409410184463,stop_hit,h_ema21,holdout
2026-01-30 17:30:00+00:00,85.775,85.59705980312269,86.13088039375464,2026-01-30 18:15:00+00:00,85.58205980312269,-1.0842979847344028,stop_hit,h_ema21,holdout
2026-01-30 19:00:00+00:00,85.915,85.72926599145696,86.28646801708611,2026-01-30 20:45:00+00:00,85.71426599145695,-1.0807606540001196,stop_hit,h_ema21,holdout
2026-02-02 15:15:00+00:00,85.595,85.39589228311515,85.9932154337697,2026-02-03 14:30:00+00:00,85.9782154337697,2.0,scaleout_tier_1,h_ema21,holdout
2026-02-02 15:15:00+00:00,85.595,85.39589228311515,86.19232315065456,2026-02-03 14:30:00+00:00,86.17732315065456,3.0,scaleout_tier_2,h_ema21,holdout
2026-02-02 15:15:00+00:00,85.595,85.39589228311515,86.39143086753941,2026-02-03 14:30:00+00:00,86.37643086753941,4.0,scaleout_tier_3,h_ema21,holdout
2026-02-03 19:15:00+00:00,86.175,86.00833545349143,87.00832273254285,2026-02-04 14:30:00+00:00,86.99332273254285,5.0,scaleout_tier_4,h_ema21,holdout
2026-02-03 19:15:00+00:00,86.175,86.00833545349143,87.17498727905142,2026-02-04 14:30:00+00:00,87.15998727905142,6.0,scaleout_tier_5,h_ema21,holdout
2026-02-03 19:15:00+00:00,86.175,86.00833545349143,87.34165182555999,2026-02-04 14:30:00+00:00,87.32665182555999,7.0,scaleout_tier_6,h_ema21,holdout
2026-02-03 19:15:00+00:00,86.175,86.00833545349143,87.50831637206856,2026-02-04 14:30:00+00:00,87.49331637206856,8.0,scaleout_tier_7,h_ema21,holdout
2026-02-03 19:15:00+00:00,86.175,86.00833545349143,87.67498091857713,2026-02-04 14:30:00+00:00,87.65998091857713,9.0,scaleout_tier_8,h_ema21,holdout
2026-02-03 19:15:00+00:00,86.175,86.00833545349143,87.8416454650857,2026-02-04 14:30:00+00:00,87.8266454650857,10.0,scaleout_tier_9,h_ema21,holdout
2026-02-04 18:00:00+00:00,87.425,87.17549385622404,87.92401228755192,2026-02-04 18:30:00+00:00,87.295,-0.5210292541602771,trail_exit,h_ema21,holdout
2026-02-05 17:00:00+00:00,86.585,86.33274413773627,87.08951172452744,2026-02-05 17:15:00+00:00,86.31774413773627,-1.059463434726122,stop_hit,h_ema200,holdout
2026-02-05 19:15:00+00:00,86.485,86.26877663614117,86.91744672771766,2026-02-05 20:15:00+00:00,86.25377663614117,-1.0693727066876726,stop_hit,h_ema21,holdout
2026-02-06 14:45:00+00:00,89.125,88.7380318874938,89.89893622501239,2026-02-09 14:30:00+00:00,89.88393622501239,2.0,scaleout_tier_1,h_ema21,holdout
2026-02-06 14:45:00+00:00,89.125,88.7380318874938,90.28590433751859,2026-02-09 14:30:00+00:00,90.27090433751859,3.0,scaleout_tier_2,h_ema21,holdout
2026-02-06 14:45:00+00:00,89.125,88.7380318874938,90.67287245002478,2026-02-09 15:15:00+00:00,90.65787245002478,4.0,scaleout_tier_3,h_ema21,holdout
2026-02-06 14:45:00+00:00,89.125,88.7380318874938,91.05984056253098,2026-02-09 17:00:00+00:00,91.04484056253098,5.0,scaleout_tier_4,h_ema21,holdout
2026-02-06 14:45:00+00:00,89.125,88.7380318874938,91.44680867503718,2026-02-09 19:30:00+00:00,91.43180867503717,6.0,scaleout_tier_5,h_ema21,holdout
2026-02-06 14:45:00+00:00,89.125,88.7380318874938,91.83377678754337,2026-02-25 14:30:00+00:00,91.81877678754337,7.0,scaleout_tier_6,h_ema21,holdout
2026-02-06 14:45:00+00:00,89.125,88.7380318874938,92.22074490004957,2026-02-25 16:15:00+00:00,92.20574490004957,8.0,scaleout_tier_7,h_ema21,holdout
2026-02-06 14:45:00+00:00,89.125,88.7380318874938,92.60771301255576,2026-02-26 14:45:00+00:00,92.59271301255576,9.0,scaleout_tier_8,h_ema21,holdout
2026-02-06 14:45:00+00:00,89.125,88.7380318874938,89.89893622501239,2026-02-26 15:15:00+00:00,92.05499999999999,7.571683312673675,trail_exit,h_ema21,holdout
2026-02-26 18:15:00+00:00,92.215,92.06172790066536,92.52154419866929,2026-02-26 19:30:00+00:00,92.50654419866929,2.0,scaleout_tier_1,h_ema21,holdout
2026-02-26 18:15:00+00:00,92.215,92.06172790066536,92.52154419866929,2026-02-27 14:45:00+00:00,92.275,0.39146067849571686,trail_exit,h_ema21,holdout
2026-02-27 15:15:00+00:00,92.495,92.32296468145405,92.83907063709191,2026-02-27 17:45:00+00:00,92.30796468145405,-1.0871913984104025,stop_hit,h_ema21,holdout
2026-02-27 18:30:00+00:00,92.385,92.23489452379647,92.68521095240708,2026-03-02 14:30:00+00:00,92.21989452379647,-1.0999297319417005,stop_hit,h_ema21,holdout
2026-03-02 15:15:00+00:00,89.935,89.57014564187996,90.66470871624009,2026-03-02 16:00:00+00:00,89.55514564187996,-1.041112294991596,stop_hit,h_ema21,holdout
2026-03-02 16:45:00+00:00,90.245,89.90818552571326,90.91862894857348,2026-03-02 18:45:00+00:00,89.89318552571326,-1.0445349031741153,stop_hit,h_ema200,holdout
2026-03-02 19:15:00+00:00,90.115,89.88292057988313,90.57915884023372,2026-03-02 20:00:00+00:00,89.86792057988313,-1.064633046706371,stop_hit,h_ema200,holdout
2026-03-03 16:45:00+00:00,85.135,84.60096174079462,86.20307651841078,2026-03-03 18:30:00+00:00,86.18807651841078,2.0,scaleout_tier_1,ema50,holdout
2026-03-03 16:45:00+00:00,85.135,84.60096174079462,86.73711477761617,2026-03-03 19:30:00+00:00,86.72211477761617,3.0,scaleout_tier_2,ema50,holdout
2026-03-03 16:45:00+00:00,85.135,84.60096174079462,87.27115303682156,2026-03-04 14:45:00+00:00,87.25615303682156,4.0,scaleout_tier_3,ema50,holdout
2026-03-03 16:45:00+00:00,85.135,84.60096174079462,87.80519129602695,2026-03-04 15:15:00+00:00,87.79019129602695,5.0,scaleout_tier_4,ema50,holdout
2026-03-03 16:45:00+00:00,85.135,84.60096174079462,88.33922955523234,2026-03-04 17:45:00+00:00,88.32422955523234,6.0,scaleout_tier_5,ema50,holdout
2026-03-03 16:45:00+00:00,85.135,84.60096174079462,86.20307651841078,2026-03-05 14:30:00+00:00,86.245,2.078502768044375,trail_exit,ema50,holdout
2026-03-05 15:00:00+00:00,86.785,86.41875308227687,87.51749383544626,2026-03-05 15:15:00+00:00,86.40375308227686,-1.0409559760755174,stop_hit,ema21,holdout
2026-03-06 16:45:00+00:00,84.775,84.38776410335446,85.5494717932911,2026-03-06 17:30:00+00:00,84.37276410335446,-1.0387360782663457,stop_hit,ema50,holdout
2026-03-06 18:00:00+00:00,84.485,84.1288518776157,85.1972962447686,2026-03-09 13:30:00+00:00,84.1138518776157,-1.042117307539291,stop_hit,ema50,holdout
2026-03-09 15:15:00+00:00,83.915,83.5365149277758,84.67197014444842,2026-03-09 19:15:00+00:00,84.65697014444842,2.0,scaleout_tier_1,ema100,holdout
2026-03-09 15:15:00+00:00,83.915,83.5365149277758,85.05045521667263,2026-03-09 19:15:00+00:00,85.03545521667263,3.0,scaleout_tier_2,ema100,holdout
2026-03-09 15:15:00+00:00,83.915,83.5365149277758,85.42894028889684,2026-03-09 19:30:00+00:00,85.41394028889684,4.0,scaleout_tier_3,ema100,holdout
2026-03-09 15:15:00+00:00,83.915,83.5365149277758,85.80742536112105,2026-03-10 13:30:00+00:00,85.79242536112105,5.0,scaleout_tier_4,ema100,holdout
2026-03-09 15:15:00+00:00,83.915,83.5365149277758,86.18591043334526,2026-03-10 13:30:00+00:00,86.17091043334526,6.0,scaleout_tier_5,ema100,holdout
2026-03-09 15:15:00+00:00,83.915,83.5365149277758,86.56439550556946,2026-03-10 14:15:00+00:00,86.54939550556946,7.0,scaleout_tier_6,ema100,holdout
2026-03-09 15:15:00+00:00,83.915,83.5365149277758,86.94288057779367,2026-03-10 14:30:00+00:00,86.92788057779367,8.0,scaleout_tier_7,ema100,holdout
2026-03-09 15:15:00+00:00,83.915,83.5365149277758,87.32136565001788,2026-03-10 15:15:00+00:00,87.30636565001788,9.0,scaleout_tier_8,ema100,holdout
2026-03-09 15:15:00+00:00,83.915,83.5365149277758,87.69985072224209,2026-03-10 17:00:00+00:00,87.68485072224209,10.0,scaleout_tier_9,ema100,holdout
2026-03-09 15:15:00+00:00,83.915,83.5365149277758,84.67197014444842,2026-03-10 18:00:00+00:00,87.015,8.190547600153712,trail_exit,ema100,holdout
2026-03-11 14:15:00+00:00,85.855,85.44000225185961,86.68499549628079,2026-03-11 15:15:00+00:00,85.42500225185961,-1.036144774440863,stop_hit,ema21,holdout
2026-03-11 16:45:00+00:00,85.365,85.03363457106296,86.02773085787406,2026-03-12 13:30:00+00:00,85.01863457106296,-1.0452672448303317,stop_hit,ema50,holdout
2026-03-12 16:30:00+00:00,84.395,84.03334690987721,85.11830618024557,2026-03-13 14:45:00+00:00,84.01834690987721,-1.0414762113463703,stop_hit,ema50,holdout
2026-03-13 15:15:00+00:00,84.065,83.76935105636761,84.65629788726477,2026-03-13 15:30:00+00:00,83.75435105636761,-1.050735848454956,stop_hit,ema50,holdout
2026-03-13 18:45:00+00:00,83.685,83.43753337386845,84.17993325226311,2026-03-13 19:15:00+00:00,83.42253337386845,-1.0606142340665625,stop_hit,ema100,holdout
2026-03-16 13:45:00+00:00,84.935,84.61242578583708,85.58014842832586,2026-03-16 16:15:00+00:00,84.59742578583707,-1.0465009270468975,stop_hit,ema50,holdout
2026-03-16 17:15:00+00:00,84.845,84.5923067669469,85.35038646610619,2026-03-17 13:30:00+00:00,85.33538646610619,2.0,scaleout_tier_1,ema50,holdout
2026-03-16 17:15:00+00:00,84.845,84.5923067669469,85.35038646610619,2026-03-17 15:30:00+00:00,85.05499999999999,0.8310471850105703,trail_exit,ema50,holdout
2026-03-17 17:15:00+00:00,85.125,84.92205119657241,85.53089760685518,2026-03-18 13:30:00+00:00,84.90705119657241,-1.07391026577475,stop_hit,ema50,holdout
2026-03-18 14:00:00+00:00,84.975,84.80778002475158,85.30943995049682,2026-03-18 14:15:00+00:00,84.79278002475158,-1.0897022020109572,stop_hit,ema50,holdout
2026-03-18 14:45:00+00:00,84.805,84.61736068308281,85.1802786338344,2026-03-18 18:30:00+00:00,84.665,-0.7461122876597306,trail_exit,ema50,holdout
2026-03-19 16:00:00+00:00,83.265,82.89900869676086,83.99698260647828,2026-03-19 17:00:00+00:00,82.88400869676086,-1.0409845804182933,stop_hit,ema100,holdout
2026-03-19 17:30:00+00:00,83.305,82.95526896924373,84.00446206151256,2026-03-19 19:00:00+00:00,83.98946206151255,2.0,scaleout_tier_1,ema100,holdout
2026-03-19 17:30:00+00:00,83.305,82.95526896924373,84.00446206151256,2026-03-20 13:45:00+00:00,83.29,-0.04289010319605867,stop_hit,ema100,holdout
2026-03-23 13:45:00+00:00,83.625,83.15566379418159,84.56367241163682,2026-03-23 15:45:00+00:00,83.185,-0.9374942622053738,trail_exit,ema100,holdout
2026-03-23 16:45:00+00:00,83.185,82.74782954684818,84.05934090630365,2026-03-24 13:30:00+00:00,82.73282954684818,-1.0343115594657797,stop_hit,ema21,holdout
2026-03-24 14:00:00+00:00,83.035,82.66449707728219,83.7760058454356,2026-03-25 13:30:00+00:00,83.7610058454356,2.0,scaleout_tier_1,ema100,holdout
2026-03-24 14:00:00+00:00,83.035,82.66449707728219,84.14650876815341,2026-03-25 13:30:00+00:00,84.13150876815341,3.0,scaleout_tier_2,ema100,holdout
2026-03-24 14:00:00+00:00,83.035,82.66449707728219,84.51701169087121,2026-03-25 13:30:00+00:00,84.50201169087121,4.0,scaleout_tier_3,ema100,holdout
2026-03-24 14:00:00+00:00,83.035,82.66449707728219,84.88751461358902,2026-03-25 13:30:00+00:00,84.87251461358902,5.0,scaleout_tier_4,ema100,holdout
2026-03-25 14:15:00+00:00,85.095,84.6864862757187,85.91202744856258,2026-03-25 15:15:00+00:00,84.6714862757187,-1.036718472620205,stop_hit,ema21,holdout
2026-03-25 16:30:00+00:00,84.865,84.49652555889286,85.60194888221427,2026-03-26 13:30:00+00:00,84.48152555889286,-1.0407083865978077,stop_hit,ema21,holdout
2026-03-27 14:15:00+00:00,82.155,81.90005299209297,82.66489401581407,2026-03-27 14:30:00+00:00,81.88505299209297,-1.0588357561955395,stop_hit,ema100,holdout
2026-03-27 15:30:00+00:00,82.295,82.0214033598225,82.842193280355,2026-03-27 15:45:00+00:00,82.0064033598225,-1.0548252346602978,stop_hit,ema100,holdout
2026-03-27 18:30:00+00:00,81.375,81.15021809278451,81.82456381443097,2026-03-30 13:30:00+00:00,81.80956381443097,2.0,scaleout_tier_1,donchian_low,holdout
2026-03-27 18:30:00+00:00,81.375,81.15021809278451,82.04934572164646,2026-03-30 13:30:00+00:00,82.03434572164646,3.0,scaleout_tier_2,donchian_low,holdout
2026-03-27 18:30:00+00:00,81.375,81.15021809278451,82.27412762886195,2026-03-30 13:30:00+00:00,82.25912762886195,4.0,scaleout_tier_3,donchian_low,holdout
2026-03-27 18:30:00+00:00,81.375,81.15021809278451,82.49890953607743,2026-03-30 15:30:00+00:00,82.48390953607743,5.0,scaleout_tier_4,donchian_low,holdout
2026-03-31 14:30:00+00:00,82.825,82.53022931625625,83.4145413674875,2026-03-31 14:45:00+00:00,82.51522931625625,-1.0508870143037712,stop_hit,ema100,holdout
2026-03-31 15:15:00+00:00,82.725,82.40892449264393,83.35715101471212,2026-03-31 15:30:00+00:00,82.39392449264393,-1.0474570147034612,stop_hit,ema100,holdout
2026-03-31 16:15:00+00:00,82.515,82.21923592863399,83.10652814273202,2026-03-31 16:30:00+00:00,83.09152814273202,2.0,scaleout_tier_1,ema100,holdout
2026-03-31 16:15:00+00:00,82.515,82.21923592863399,83.40229221409803,2026-03-31 16:30:00+00:00,83.38729221409803,3.0,scaleout_tier_2,ema100,holdout
2026-03-31 16:15:00+00:00,82.515,82.21923592863399,83.69805628546403,2026-03-31 16:30:00+00:00,83.68305628546403,4.0,scaleout_tier_3,ema100,holdout
2026-03-31 16:15:00+00:00,82.515,82.21923592863399,83.99382035683004,2026-03-31 18:45:00+00:00,83.97882035683004,5.0,scaleout_tier_4,ema100,holdout
2026-04-02 14:45:00+00:00,85.605,85.13292307955086,86.54915384089828,2026-04-02 15:00:00+00:00,85.11792307955086,-1.0317744828231157,stop_hit,ema21,holdout
2026-04-06 14:30:00+00:00,85.405,85.14168237705542,85.93163524588917,2026-04-06 15:00:00+00:00,85.12668237705542,-1.0569654238567898,stop_hit,ema21,holdout
2026-04-06 16:45:00+00:00,85.665,85.4514072872826,86.0921854254348,2026-04-06 17:00:00+00:00,85.4364072872826,-1.0702271150039036,stop_hit,ema21,holdout
2026-04-06 18:15:00+00:00,85.605,85.37792092393492,86.05915815213017,2026-04-07 13:30:00+00:00,85.36292092393492,-1.066056284268576,stop_hit,ema21,holdout
2026-04-07 14:30:00+00:00,84.555,84.29623151221506,85.0725369755699,2026-04-07 14:45:00+00:00,84.28123151221506,-1.0579668727378677,stop_hit,ema21,holdout
2026-04-07 16:15:00+00:00,84.385,84.08956318514146,84.9758736297171,2026-04-07 19:45:00+00:00,84.9608736297171,2.0,scaleout_tier_1,ema21,holdout
2026-04-07 16:15:00+00:00,84.385,84.08956318514146,85.27131044457565,2026-04-07 19:45:00+00:00,85.25631044457565,3.0,scaleout_tier_2,ema21,holdout
2026-04-07 16:15:00+00:00,84.385,84.08956318514146,85.5667472594342,2026-04-08 13:30:00+00:00,85.5517472594342,4.0,scaleout_tier_3,ema21,holdout
2026-04-07 16:15:00+00:00,84.385,84.08956318514146,85.86218407429274,2026-04-08 13:30:00+00:00,85.84718407429274,5.0,scaleout_tier_4,ema21,holdout
2026-04-07 16:15:00+00:00,84.385,84.08956318514146,86.15762088915129,2026-04-08 13:30:00+00:00,86.14262088915129,6.0,scaleout_tier_5,ema21,holdout
2026-04-07 16:15:00+00:00,84.385,84.08956318514146,86.45305770400984,2026-04-08 13:30:00+00:00,86.43805770400984,7.0,scaleout_tier_6,ema21,holdout
2026-04-07 16:15:00+00:00,84.385,84.08956318514146,86.74849451886838,2026-04-08 13:30:00+00:00,86.73349451886838,8.0,scaleout_tier_7,ema21,holdout
2026-04-07 16:15:00+00:00,84.385,84.08956318514146,87.04393133372693,2026-04-08 13:30:00+00:00,87.02893133372693,9.0,scaleout_tier_8,ema21,holdout
2026-04-07 16:15:00+00:00,84.385,84.08956318514146,87.33936814858548,2026-04-08 13:30:00+00:00,87.32436814858548,10.0,scaleout_tier_9,ema21,holdout
2026-04-07 16:15:00+00:00,84.385,84.08956318514146,87.63480496344403,2026-04-08 13:30:00+00:00,87.61980496344403,11.0,scaleout_tier_10,ema21,holdout
2026-04-07 16:15:00+00:00,84.385,84.08956318514146,87.93024177830257,2026-04-08 13:30:00+00:00,87.91524177830257,12.0,scaleout_tier_11,ema21,holdout
2026-04-07 16:15:00+00:00,84.385,84.08956318514146,88.22567859316112,2026-04-08 13:30:00+00:00,88.21067859316112,13.0,scaleout_tier_12,ema21,holdout
2026-04-07 16:15:00+00:00,84.385,84.08956318514146,88.52111540801967,2026-04-08 13:30:00+00:00,88.50611540801967,14.0,scaleout_tier_13,ema21,holdout
2026-04-07 16:15:00+00:00,84.385,84.08956318514146,88.81655222287822,2026-04-08 13:30:00+00:00,88.80155222287821,15.0,scaleout_tier_14,ema21,holdout
2026-04-07 16:15:00+00:00,84.385,84.08956318514146,89.11198903773676,2026-04-08 13:30:00+00:00,89.09698903773676,16.0,scaleout_tier_15,ema21,holdout
2026-04-07 16:15:00+00:00,84.385,84.08956318514146,89.40742585259531,2026-04-08 13:30:00+00:00,89.39242585259531,17.0,scaleout_tier_16,ema21,holdout
2026-04-07 16:15:00+00:00,84.385,84.08956318514146,89.70286266745386,2026-04-08 13:30:00+00:00,89.68786266745386,18.0,scaleout_tier_17,ema21,holdout
2026-04-09 15:30:00+00:00,87.535,87.19387794307173,88.21724411385654,2026-04-09 15:45:00+00:00,88.245,2.0813664363817534,trail_exit,h_ema50,holdout
2026-04-10 15:15:00+00:00,88.305,88.0895118974598,88.73597620508042,2026-04-10 15:30:00+00:00,88.0745118974598,-1.0696094114857309,stop_hit,h_ema21,holdout
2026-04-10 17:00:00+00:00,87.985,87.79068368929713,88.37363262140575,2026-04-13 13:30:00+00:00,87.77568368929713,-1.0771937257646726,stop_hit,h_ema21,holdout
2026-04-13 14:30:00+00:00,87.435,87.18981341667228,87.92537316665545,2026-04-13 15:30:00+00:00,87.17481341667228,-1.0611778988736558,stop_hit,ema21,holdout
2026-04-13 16:15:00+00:00,87.415,87.19380439120863,87.85739121758276,2026-04-13 17:00:00+00:00,87.84239121758276,2.0,scaleout_tier_1,h_ema21,holdout
2026-04-13 16:15:00+00:00,87.415,87.19380439120863,88.07858682637413,2026-04-13 18:00:00+00:00,88.06358682637413,3.0,scaleout_tier_2,h_ema21,holdout
2026-04-13 16:15:00+00:00,87.415,87.19380439120863,88.29978243516551,2026-04-13 19:15:00+00:00,88.28478243516551,4.0,scaleout_tier_3,h_ema21,holdout
2026-04-13 16:15:00+00:00,87.415,87.19380439120863,88.52097804395689,2026-04-14 13:30:00+00:00,88.50597804395689,5.0,scaleout_tier_4,h_ema21,holdout
2026-04-13 16:15:00+00:00,87.415,87.19380439120863,88.74217365274826,2026-04-14 13:30:00+00:00,88.72717365274826,6.0,scaleout_tier_5,h_ema21,holdout
2026-04-13 16:15:00+00:00,87.415,87.19380439120863,88.96336926153964,2026-04-14 14:00:00+00:00,88.94836926153964,7.0,scaleout_tier_6,h_ema21,holdout
2026-04-13 16:15:00+00:00,87.415,87.19380439120863,89.18456487033102,2026-04-14 14:00:00+00:00,89.16956487033102,8.0,scaleout_tier_7,h_ema21,holdout
2026-04-13 16:15:00+00:00,87.415,87.19380439120863,89.40576047912239,2026-04-14 17:15:00+00:00,89.39076047912239,9.0,scaleout_tier_8,h_ema21,holdout
2026-04-13 16:15:00+00:00,87.415,87.19380439120863,87.85739121758276,2026-04-15 13:30:00+00:00,88.665,5.651106759442748,trail_exit,h_ema21,holdout
2026-04-15 14:00:00+00:00,88.865,88.6963558648339,89.20228827033218,2026-04-16 13:30:00+00:00,89.18728827033217,2.0,scaleout_tier_1,h_ema21,holdout
2026-04-15 14:00:00+00:00,88.865,88.6963558648339,89.37093240549827,2026-04-16 13:30:00+00:00,89.35593240549827,3.0,scaleout_tier_2,h_ema21,holdout
2026-04-15 14:00:00+00:00,88.865,88.6963558648339,89.20228827033218,2026-04-16 13:45:00+00:00,89.225,2.1346725140809135,trail_exit,h_ema21,holdout
2026-04-16 15:45:00+00:00,89.465,89.27553686272981,89.8439262745404,2026-04-16 16:30:00+00:00,89.26053686272981,-1.0791710736775615,stop_hit,h_ema21,holdout
2026-04-20 15:30:00+00:00,89.455,89.21591845964852,89.93316308070295,2026-04-20 15:45:00+00:00,89.20091845964852,-1.0627401010464832,stop_hit,h_ema200,holdout
2026-04-20 19:15:00+00:00,89.275,89.12058881825021,89.58382236349959,2026-04-21 13:30:00+00:00,89.10558881825021,-1.097143223891042,stop_hit,h_ema21,holdout
2026-04-21 19:00:00+00:00,87.635,87.40349463475637,88.09801073048727,2026-04-21 19:30:00+00:00,87.38849463475637,-1.0647933147649284,stop_hit,ema21,holdout
2026-04-22 13:45:00+00:00,87.725,87.42062001402427,88.33375997195145,2026-04-22 15:30:00+00:00,87.40562001402427,-1.0492805069029627,stop_hit,ema21,holdout
2026-04-22 17:15:00+00:00,87.655,87.44874716029524,88.06750567940952,2026-04-23 14:00:00+00:00,87.43374716029524,-1.0727262714126615,stop_hit,ema21,holdout
2026-04-23 18:15:00+00:00,87.085,86.81007226322788,87.63485547354422,2026-04-24 13:30:00+00:00,86.79507226322788,-1.0545597915150846,stop_hit,ema21,holdout
2026-04-24 14:15:00+00:00,86.925,86.6609271573095,87.45314568538099,2026-04-27 13:30:00+00:00,87.43814568538099,2.0,scaleout_tier_1,ema21,holdout
2026-04-24 14:15:00+00:00,86.925,86.6609271573095,87.71721852807148,2026-04-27 13:30:00+00:00,87.70221852807148,3.0,scaleout_tier_2,ema21,holdout
2026-04-24 14:15:00+00:00,86.925,86.6609271573095,87.98129137076198,2026-04-27 13:30:00+00:00,87.96629137076198,4.0,scaleout_tier_3,ema21,holdout
2026-04-27 17:45:00+00:00,87.725,87.58852863766327,87.99794272467344,2026-04-27 18:00:00+00:00,87.635,-0.6594790178611162,trail_exit,ema21,holdout
2026-04-27 19:15:00+00:00,87.685,87.57348106576964,87.90803786846072,2026-04-28 13:30:00+00:00,87.89303786846072,2.0,scaleout_tier_1,ema21,holdout
2026-04-27 19:15:00+00:00,87.685,87.57348106576964,87.90803786846072,2026-04-28 13:45:00+00:00,87.67,-0.13450630696501797,stop_hit,ema21,holdout
2026-04-28 17:00:00+00:00,87.585,87.44283058290048,87.86933883419901,2026-04-29 13:30:00+00:00,87.42783058290048,-1.1055079236169445,stop_hit,ema21,holdout
2026-04-29 18:00:00+00:00,86.965,86.82252117473178,87.24995765053646,2026-04-29 18:15:00+00:00,86.80752117473178,-1.1052788017571165,stop_hit,ema21,holdout
2026-04-29 19:00:00+00:00,86.775,86.59683184796737,87.13133630406529,2026-04-30 13:30:00+00:00,87.11633630406529,2.0,scaleout_tier_1,ema21,holdout
2026-04-29 19:00:00+00:00,86.775,86.59683184796737,87.30950445609793,2026-04-30 13:30:00+00:00,87.29450445609793,3.0,scaleout_tier_2,ema21,holdout
2026-04-29 19:00:00+00:00,86.775,86.59683184796737,87.48767260813057,2026-04-30 13:30:00+00:00,87.47267260813057,4.0,scaleout_tier_3,ema21,holdout
2026-04-29 19:00:00+00:00,86.775,86.59683184796737,87.6658407601632,2026-04-30 13:30:00+00:00,87.6508407601632,5.0,scaleout_tier_4,ema21,holdout
2026-04-29 19:00:00+00:00,86.775,86.59683184796737,87.84400891219585,2026-04-30 13:30:00+00:00,87.82900891219585,6.0,scaleout_tier_5,ema21,holdout
2026-04-29 19:00:00+00:00,86.775,86.59683184796737,88.02217706422849,2026-04-30 13:30:00+00:00,88.00717706422849,7.0,scaleout_tier_6,ema21,holdout
2026-05-01 18:00:00+00:00,88.475,88.30734839326166,88.81030321347666,2026-05-01 18:15:00+00:00,88.29234839326166,-1.0894712570420655,stop_hit,h_ema21,holdout
2026-05-04 14:30:00+00:00,88.805,88.6240211821249,89.16695763575021,2026-05-04 14:45:00+00:00,88.6090211821249,-1.0828826277910188,stop_hit,ema21,holdout
2026-05-04 17:15:00+00:00,88.025,87.79577839681536,88.48344320636929,2026-05-05 13:30:00+00:00,88.46844320636929,2.0,scaleout_tier_1,ema21,holdout
2026-05-04 17:15:00+00:00,88.025,87.79577839681536,88.71266480955393,2026-05-05 14:15:00+00:00,88.69766480955393,3.0,scaleout_tier_2,ema21,holdout
2026-05-04 17:15:00+00:00,88.025,87.79577839681536,88.94188641273857,2026-05-05 15:15:00+00:00,88.92688641273857,4.0,scaleout_tier_3,ema21,holdout
2026-05-04 17:15:00+00:00,88.025,87.79577839681536,89.17110801592321,2026-05-05 17:15:00+00:00,89.15610801592321,5.0,scaleout_tier_4,ema21,holdout
2026-05-04 17:15:00+00:00,88.025,87.79577839681536,89.40032961910785,2026-05-06 13:30:00+00:00,89.38532961910785,6.0,scaleout_tier_5,ema21,holdout
2026-05-04 17:15:00+00:00,88.025,87.79577839681536,89.62955122229249,2026-05-06 13:30:00+00:00,89.61455122229249,7.0,scaleout_tier_6,ema21,holdout
2026-05-04 17:15:00+00:00,88.025,87.79577839681536,89.85877282547713,2026-05-06 13:30:00+00:00,89.84377282547713,8.0,scaleout_tier_7,ema21,holdout
2026-05-04 17:15:00+00:00,88.025,87.79577839681536,90.08799442866177,2026-05-06 13:30:00+00:00,90.07299442866177,9.0,scaleout_tier_8,ema21,holdout
2026-05-04 17:15:00+00:00,88.025,87.79577839681536,90.31721603184641,2026-05-06 13:30:00+00:00,90.30221603184641,10.0,scaleout_tier_9,ema21,holdout
2026-05-04 17:15:00+00:00,88.025,87.79577839681536,90.54643763503105,2026-05-06 13:30:00+00:00,90.53143763503105,11.0,scaleout_tier_10,ema21,holdout
2026-05-04 17:15:00+00:00,88.025,87.79577839681536,90.7756592382157,2026-05-06 13:30:00+00:00,90.7606592382157,12.0,scaleout_tier_11,ema21,holdout
2026-05-04 17:15:00+00:00,88.025,87.79577839681536,91.00488084140034,2026-05-06 13:30:00+00:00,90.98988084140034,13.0,scaleout_tier_12,ema21,holdout
2026-05-04 17:15:00+00:00,88.025,87.79577839681536,91.23410244458498,2026-05-06 13:30:00+00:00,91.21910244458498,14.0,scaleout_tier_13,ema21,holdout
2026-05-04 17:15:00+00:00,88.025,87.79577839681536,91.46332404776962,2026-05-06 13:30:00+00:00,91.44832404776962,15.0,scaleout_tier_14,ema21,holdout
2026-05-07 16:30:00+00:00,91.455,91.28910794059956,91.78678411880087,2026-05-07 16:45:00+00:00,91.27410794059956,-1.0904202410544148,stop_hit,h_ema21,holdout
2026-05-07 18:00:00+00:00,91.185,91.00261381772495,91.54977236455011,2026-05-07 18:30:00+00:00,90.98761381772495,-1.0822430724350562,stop_hit,h_ema21,holdout
2026-05-07 19:00:00+00:00,91.205,91.00810777405357,91.59878445189285,2026-05-07 19:15:00+00:00,90.99310777405357,-1.0761838103454724,stop_hit,h_ema21,holdout
