entry_date,entry_price,stop,target,exit_date,exit_price,R_multiple,exit_reason,zone_triggered,period
2023-02-03 15:45:00+00:00,58.845,58.671558984051686,59.191882031896625,2023-02-03 16:00:00+00:00,58.16155898405169,-3.9404809307158453,stop_hit,h_ema21,train
2023-02-03 17:45:00+00:00,58.72,58.57149109018295,59.01701781963409,2023-02-03 18:00:00+00:00,58.061491090182955,-4.434137390330899,stop_hit,h_ema200,train
2023-02-06 16:30:00+00:00,57.97,57.81963030288367,58.27073939423266,2023-02-06 16:45:00+00:00,57.30963030288367,-4.391640801174462,stop_hit,ema21,train
2023-02-06 17:45:00+00:00,57.8593,57.73550932507397,58.10688134985205,2023-02-06 18:00:00+00:00,57.22550932507397,-5.119857980455748,stop_hit,ema21,train
2023-02-06 19:15:00+00:00,58.015,57.91261837097943,58.21976325804114,2023-02-06 19:30:00+00:00,57.40261837097943,-5.9813624268229875,stop_hit,ema21,train
2023-02-07 15:30:00+00:00,57.925,57.8322309965174,58.110538006965186,2023-02-07 15:45:00+00:00,57.322230996517405,-6.497525906869165,stop_hit,ema21,train
2023-02-07 17:45:00+00:00,58.46,58.360099560718126,58.65980087856375,2023-02-07 18:00:00+00:00,57.85009956071813,-6.105082656954131,stop_hit,ema21,train
2023-02-08 17:00:00+00:00,58.294999999999995,58.15948443132748,58.56603113734503,2023-02-08 17:15:00+00:00,57.64948443132748,-4.763405230822221,stop_hit,ema21,train
2023-02-10 14:45:00+00:00,58.66,58.53459117489684,58.91081765020631,2023-02-10 15:00:00+00:00,58.02459117489684,-5.06669944942461,stop_hit,ema21,train
2023-02-10 17:30:00+00:00,58.51,58.40354046320278,58.72291907359443,2023-02-10 17:45:00+00:00,57.89354046320278,-5.7905524985651455,stop_hit,ema21,train
2023-02-13 15:30:00+00:00,58.305,58.19401612340619,58.52696775318761,2023-02-13 15:45:00+00:00,57.684016123406195,-5.595262083577812,stop_hit,ema21,train
2023-02-13 16:15:00+00:00,58.309999999999995,58.20795846323739,58.51408307352521,2023-02-13 16:30:00+00:00,57.69795846323739,-5.9979647130019815,stop_hit,ema21,train
2023-02-14 15:00:00+00:00,58.35,58.22818442039378,58.59363115921244,2023-02-14 15:15:00+00:00,57.71818442039378,-5.186656597198956,stop_hit,ema21,train
2023-02-14 18:00:00+00:00,58.089999999999996,57.96100612228735,58.34798775542529,2023-02-14 18:15:00+00:00,57.45100612228735,-4.953676011943032,stop_hit,ema21,train
2023-02-15 16:15:00+00:00,57.53,57.39577869585028,57.79844260829944,2023-02-15 16:30:00+00:00,56.885778695850284,-4.7996948638728165,stop_hit,ema200,train
2023-02-15 18:45:00+00:00,57.61,57.51366931975849,57.802661360483015,2023-02-15 19:00:00+00:00,57.003669319758494,-6.294263455021736,stop_hit,ema200,train
2023-02-16 15:15:00+00:00,57.41,57.30459342706596,57.62081314586807,2023-02-16 15:30:00+00:00,56.79459342706596,-5.838407945576185,stop_hit,ema50,train
2023-02-16 18:45:00+00:00,57.75,57.661973952105875,57.92605209578825,2023-02-16 19:00:00+00:00,57.15197395210588,-6.7937396055018695,stop_hit,ema21,train
2023-02-17 15:45:00+00:00,57.394999999999996,57.278316886557036,57.628366226885916,2023-02-17 16:00:00+00:00,56.76831688655704,-5.370812407652364,stop_hit,ema50,train
2023-02-17 16:45:00+00:00,57.39,57.27827789454799,57.61344421090402,2023-02-17 17:00:00+00:00,56.76827789454799,-5.564897859171361,stop_hit,ema50,train
2023-02-21 15:30:00+00:00,57.08,56.96702747613231,57.30594504773538,2023-02-21 15:45:00+00:00,56.45702747613231,-5.514372013121489,stop_hit,ema50,train
2023-03-24 15:00:00+00:00,57.449999999999996,57.312959822465494,57.724080355069,2023-03-24 15:15:00+00:00,56.802959822465496,-4.721536334638789,stop_hit,ema21,train
2023-03-27 15:45:00+00:00,57.745,57.65831336591216,57.91837326817568,2023-03-27 16:00:00+00:00,57.14831336591216,-6.883259920822521,stop_hit,ema200,train
2023-03-29 17:15:00+00:00,58.22,58.15064251157755,58.358714976844894,2023-03-29 17:30:00+00:00,57.64064251157755,-8.353207441619771,stop_hit,h_ema21,train
2023-03-29 18:45:00+00:00,58.195,58.133193205167636,58.31861358966473,2023-03-29 19:00:00+00:00,57.62319320516764,-9.251519940214475,stop_hit,h_ema21,train
2023-04-03 15:30:00+00:00,59.184999999999995,59.09227426237921,59.37045147524156,2023-04-03 15:45:00+00:00,58.582274262379215,-6.500091054392382,stop_hit,h_ema21,train
2023-04-03 17:45:00+00:00,59.245999999999995,59.17015136352117,59.39769727295764,2023-04-03 18:00:00+00:00,58.66015136352117,-7.723917840532093,stop_hit,h_ema21,train
2023-04-04 17:00:00+00:00,59.36,59.27622562558936,59.527548748821275,2023-04-04 17:15:00+00:00,58.766225625589364,-7.0877804649441645,stop_hit,h_ema21,train
2023-04-04 18:15:00+00:00,59.423899999999996,59.351581694758785,59.56853661048242,2023-04-04 18:30:00+00:00,58.84158169475879,-8.052156411837082,stop_hit,h_ema21,train
2023-04-05 15:45:00+00:00,58.535,58.421338879524114,58.76232224095176,2023-04-05 16:00:00+00:00,57.911338879524116,-5.487022456445124,stop_hit,h_ema200,train
2023-04-05 18:45:00+00:00,58.605,58.525017341792605,58.76496531641478,2023-04-05 19:00:00+00:00,58.01501734179261,-7.376382223726396,stop_hit,h_ema21,train
2023-04-06 14:15:00+00:00,58.32,58.22699838074486,58.50600323851028,2023-04-06 14:30:00+00:00,57.71699838074486,-6.483775487831714,stop_hit,ema21,train
2023-04-06 16:15:00+00:00,58.39,58.309088313657234,58.55182337268553,2023-04-06 16:30:00+00:00,57.799088313657236,-7.303168590992966,stop_hit,ema21,train
2023-04-06 18:45:00+00:00,58.4,58.33902472648333,58.521950547033335,2023-04-06 19:00:00+00:00,57.82902472648333,-9.364046122082359,stop_hit,h_ema21,train
2023-04-10 15:15:00+00:00,57.945,57.86508542257998,58.10482915484004,2023-04-10 15:30:00+00:00,57.35508542257998,-7.381814388124827,stop_hit,ema21,train
2023-04-10 16:45:00+00:00,58.055,57.980997696774125,58.20300460645175,2023-04-10 17:00:00+00:00,57.47099769677413,-7.891677390679883,stop_hit,ema21,train
2023-04-11 14:30:00+00:00,58.37,58.30556151514232,58.49887696971535,2023-04-11 14:45:00+00:00,57.795561515142325,-8.914525009804834,stop_hit,ema21,train
2023-04-11 15:15:00+00:00,58.275,58.21114746675207,58.40270506649586,2023-04-11 15:30:00+00:00,57.70114746675207,-8.987153744076657,stop_hit,ema21,train
2023-04-11 17:30:00+00:00,58.419999999999995,58.36427468884309,58.531450622313805,2023-04-11 17:45:00+00:00,57.85427468884309,-10.152035034205452,stop_hit,ema21,train
2023-04-12 15:30:00+00:00,58.629999999999995,58.528385758046674,58.83322848390664,2023-04-12 15:45:00+00:00,58.018385758046676,-6.0189814950770275,stop_hit,h_ema21,train
2023-04-12 18:15:00+00:00,58.79,58.70838507611517,58.953229847769656,2023-04-12 18:30:00+00:00,58.19838507611517,-7.2488571418591246,stop_hit,h_ema21,train
2023-04-14 18:30:00+00:00,58.9,58.82187459344233,59.056250813115334,2023-04-14 18:45:00+00:00,58.31187459344233,-7.527966028868551,stop_hit,h_ema200,train
2023-04-17 16:00:00+00:00,58.91,58.84307210182319,59.04385579635361,2023-04-17 16:15:00+00:00,58.33307210182319,-8.62014068711229,stop_hit,h_ema21,train
2023-04-19 14:15:00+00:00,58.989999999999995,58.90048196551106,59.16903606897786,2023-04-19 14:30:00+00:00,58.390481965511064,-6.697176026167677,stop_hit,h_ema21,train
2023-04-19 17:00:00+00:00,59.01,58.94592417302869,59.13815165394261,2023-04-19 17:15:00+00:00,58.435924173028695,-8.959319826311308,stop_hit,h_ema200,train
2023-04-20 14:15:00+00:00,59.265,59.19460441285488,59.40579117429024,2023-04-20 14:30:00+00:00,58.68460441285488,-8.244772302965902,stop_hit,h_ema21,train
2023-04-20 19:00:00+00:00,59.1,59.04472416050839,59.21055167898323,2023-04-20 19:15:00+00:00,58.53472416050839,-10.226454174022475,stop_hit,h_ema21,train
2023-04-21 15:15:00+00:00,59.254999999999995,59.15584494237518,59.45331011524962,2023-04-21 15:30:00+00:00,58.645844942375184,-6.143459266896469,stop_hit,h_ema21,train
2023-04-24 16:15:00+00:00,59.324999999999996,59.26130775326737,59.45238449346525,2023-04-24 16:30:00+00:00,58.75130775326737,-9.007254040525662,stop_hit,h_ema21,train
2023-04-25 16:30:00+00:00,59.32,59.26563595815923,59.42872808368154,2023-04-25 16:45:00+00:00,58.75563595815923,-10.381200932295691,stop_hit,h_ema21,train
2023-04-26 13:45:00+00:00,59.165,59.09599241536657,59.303015169266864,2023-04-26 14:00:00+00:00,58.58599241536657,-8.390491968514956,stop_hit,h_ema21,train
2023-04-26 15:15:00+00:00,59.12,59.050637260519515,59.25872547896096,2023-04-26 15:30:00+00:00,58.54063726051952,-8.35265077215565,stop_hit,ema21,train
2023-04-26 17:00:00+00:00,59.035,58.97222243243467,59.16055513513065,2023-04-26 17:15:00+00:00,58.46222243243467,-9.123921008396639,stop_hit,ema21,train
2023-05-12 13:45:00+00:00,60.97,60.76166725509034,61.38666548981932,2023-05-12 14:00:00+00:00,60.25166725509034,-3.448006914233033,stop_hit,ema21,train
2023-05-16 15:30:00+00:00,61.044999999999995,60.97681761716918,61.18136476566162,2023-05-16 15:45:00+00:00,60.466817617169184,-8.47993805475396,stop_hit,h_ema21,train
2023-05-18 17:15:00+00:00,61.175,61.10922427201788,61.306551455964225,2023-05-18 17:30:00+00:00,60.599224272017885,-8.753620000050455,stop_hit,h_ema21,train
2023-05-18 18:30:00+00:00,61.195,61.13225495632463,61.32049008735074,2023-05-18 18:45:00+00:00,60.62225495632463,-9.12813204240688,stop_hit,h_ema21,train
2023-05-19 14:30:00+00:00,61.394999999999996,61.32255726049442,61.53988547901115,2023-05-19 14:45:00+00:00,60.81255726049442,-8.040042984028037,stop_hit,h_ema21,train
2023-05-19 16:00:00+00:00,61.379999999999995,61.29685858174658,61.54628283650683,2023-05-19 16:15:00+00:00,60.78685858174658,-7.13412677716772,stop_hit,h_ema21,train
2023-05-19 19:00:00+00:00,61.37,61.30599651173631,61.49800697652737,2023-05-19 19:15:00+00:00,60.79599651173631,-8.968315693964335,stop_hit,h_ema21,train
2023-05-23 15:45:00+00:00,61.11,61.007389857169464,61.31522028566107,2023-05-23 16:00:00+00:00,60.497389857169466,-5.970268883089689,stop_hit,h_ema200,train
2023-05-23 19:15:00+00:00,60.995,60.908695687301886,61.16760862539622,2023-05-23 19:30:00+00:00,60.39869568730189,-6.909322304482705,stop_hit,h_ema200,train
2023-05-25 13:45:00+00:00,60.47,60.368961703771895,60.67207659245621,2023-05-25 14:00:00+00:00,59.8589617037719,-6.047591052491831,stop_hit,ema21,train
2023-05-25 16:30:00+00:00,60.4199,60.331711029007806,60.59627794198438,2023-05-25 16:45:00+00:00,59.82171102900781,-6.783036067459627,stop_hit,ema21,train
2023-05-25 18:30:00+00:00,60.5499,60.473627530772454,60.702444938455095,2023-05-25 18:45:00+00:00,59.963627530772456,-7.686554207108375,stop_hit,ema21,train
2023-05-26 14:15:00+00:00,60.809999999999995,60.71750218707579,60.99499562584841,2023-05-26 14:30:00+00:00,60.20750218707579,-6.513643878454611,stop_hit,h_ema21,train
2023-05-30 14:45:00+00:00,60.425,60.33415304640794,60.60669390718411,2023-05-30 15:00:00+00:00,59.82415304640794,-6.613837116543603,stop_hit,ema21,train
2023-05-30 16:00:00+00:00,60.324999999999996,60.24196064671704,60.49107870656591,2023-05-30 16:15:00+00:00,59.73196064671704,-7.141666328519879,stop_hit,ema21,train
2023-05-30 18:30:00+00:00,60.335,60.257245677236384,60.490508645527235,2023-05-30 18:45:00+00:00,59.747245677236386,-7.559120854932541,stop_hit,ema21,train
2023-05-31 14:45:00+00:00,59.58,59.4607995096886,59.8184009806228,2023-05-31 15:00:00+00:00,58.9507995096886,-5.278505890937803,stop_hit,ema21,train
2023-05-31 17:45:00+00:00,59.739999999999995,59.64181747352377,59.93636505295244,2023-05-31 18:00:00+00:00,59.131817473523775,-6.194406971422861,stop_hit,ema50,train
2023-06-01 14:45:00+00:00,60.989999999999995,60.838489373822405,61.293021252355175,2023-06-01 15:00:00+00:00,60.32848937382241,-4.3661005360918566,stop_hit,h_ema21,train
2023-06-05 15:30:00+00:00,62.379999999999995,62.26916754393989,62.6016649121202,2023-06-05 15:45:00+00:00,61.759167543939895,-5.60154018172652,stop_hit,h_ema21,train
2023-06-05 17:00:00+00:00,62.565,62.4686889149075,62.75762217018499,2023-06-05 17:15:00+00:00,61.958688914907505,-6.295340609133478,stop_hit,h_ema21,train
2023-06-05 18:30:00+00:00,62.43,62.341683234541385,62.60663353091723,2023-06-05 18:45:00+00:00,61.83168323454139,-6.774668007276436,stop_hit,h_ema21,train
2023-06-06 13:45:00+00:00,63.074999999999996,62.93036472376665,63.364270552466685,2023-06-06 14:00:00+00:00,62.42036472376665,-4.526110733713391,stop_hit,h_ema21,train
2023-06-07 16:45:00+00:00,61.675,61.5155507843307,61.99389843133859,2023-06-07 17:00:00+00:00,61.0055507843307,-4.198510559360493,stop_hit,h_ema200,train
2023-06-08 15:00:00+00:00,61.625,61.52181449604612,61.83137100790776,2023-06-08 15:15:00+00:00,61.01181449604612,-5.94255472384903,stop_hit,ema21,train
2023-06-13 19:00:00+00:00,63.995,63.90022793664547,64.18454412670906,2023-06-13 19:15:00+00:00,63.39022793664547,-6.38133266226542,stop_hit,h_ema21,train
2023-06-14 18:45:00+00:00,64.34,64.1973409264681,64.62531814706381,2023-06-14 19:00:00+00:00,63.687340926468096,-4.574956624724997,stop_hit,h_ema21,train
2023-06-15 14:30:00+00:00,64.09,63.907042424797275,64.45591515040546,2023-06-15 14:45:00+00:00,63.39704242479728,-3.787531477911679,stop_hit,h_ema21,train
2023-06-15 15:30:00+00:00,64.00999999999999,63.845291506003605,64.33941698799276,2023-06-15 15:45:00+00:00,63.33529150600361,-4.09637947397654,stop_hit,h_ema21,train
2023-06-21 13:45:00+00:00,63.286,63.16386307599172,63.53027384801656,2023-06-21 14:00:00+00:00,62.65386307599172,-5.1756414298219955,stop_hit,h_ema50,train
2023-06-21 16:15:00+00:00,63.375699999999995,63.27283103555319,63.58143792889361,2023-06-21 16:30:00+00:00,62.76283103555319,-5.957763527052142,stop_hit,h_ema50,train
2023-06-22 14:15:00+00:00,63.19,63.083015239534085,63.403969520931824,2023-06-22 14:30:00+00:00,62.57301523953409,-5.767034087649254,stop_hit,h_ema21,train
2023-06-23 19:15:00+00:00,61.385,61.2868561363492,61.58128772730159,2023-06-23 19:30:00+00:00,60.7768561363492,-6.1964532577870886,stop_hit,ema50,train
2023-07-11 13:45:00+00:00,61.93,61.79262527619402,62.20474944761195,2023-07-11 14:00:00+00:00,61.282625276194025,-4.712473342041477,stop_hit,ema21,train
2023-07-11 14:30:00+00:00,62.0409,61.90714917339587,62.30840165320826,2023-07-11 14:45:00+00:00,61.397149173395874,-4.813060546604925,stop_hit,ema21,train
2023-07-11 18:45:00+00:00,62.19,62.11041070551447,62.34917858897106,2023-07-11 19:00:00+00:00,61.60041070551447,-7.407896982837592,stop_hit,ema21,train
2023-07-12 14:00:00+00:00,62.6,62.51254004427134,62.774919911457324,2023-07-12 14:15:00+00:00,62.00254004427134,-6.831240088689708,stop_hit,ema21,train
2023-07-12 16:45:00+00:00,62.82,62.717771266211756,63.02445746757649,2023-07-12 17:00:00+00:00,62.20777126621176,-5.988812646906163,stop_hit,ema21,train
2023-07-14 18:15:00+00:00,63.025,62.95070902485335,63.17358195029329,2023-07-14 18:30:00+00:00,62.440709024853355,-7.864898448207076,stop_hit,ema21,train
2023-07-17 14:15:00+00:00,62.879799999999996,62.78816925688139,63.06306148623721,2023-07-17 14:30:00+00:00,62.27816925688139,-6.565817569981434,stop_hit,ema21,train
2023-07-17 15:30:00+00:00,62.86,62.77370073722121,63.032598525557574,2023-07-17 15:45:00+00:00,62.263700737221214,-6.90966809655478,stop_hit,ema21,train
2023-07-17 16:15:00+00:00,62.870799999999996,62.79294661795736,63.02650676408526,2023-07-17 16:30:00+00:00,62.282946617957364,-7.550775144498117,stop_hit,ema21,train
2023-07-17 17:45:00+00:00,62.91,62.84372560068458,63.04254879863083,2023-07-17 18:00:00+00:00,62.33372560068458,-8.695279101252481,stop_hit,ema21,train
2023-07-18 14:00:00+00:00,63.72,63.60560462336515,63.94879075326969,2023-07-18 14:15:00+00:00,63.095604623365155,-5.458222132769715,stop_hit,ema21,train
2023-07-19 15:00:00+00:00,63.78,63.69770475502632,63.94459048994736,2023-07-19 15:15:00+00:00,63.187704755026324,-7.197198880240469,stop_hit,h_ema21,train
2023-07-20 15:00:00+00:00,63.019999999999996,62.91201965259243,63.235960694815134,2023-07-20 15:15:00+00:00,62.40201965259243,-5.723081674066271,stop_hit,ema21,train
2023-07-20 19:00:00+00:00,62.945,62.871276939095054,63.09244612180989,2023-07-20 19:15:00+00:00,62.361276939095056,-7.917781135777305,stop_hit,ema21,train
2023-07-21 14:45:00+00:00,62.955,62.86845454454264,63.12809091091472,2023-07-21 15:00:00+00:00,62.35845454454264,-6.892857080765603,stop_hit,ema21,train
2023-07-21 17:00:00+00:00,62.94,62.86095292718599,63.09809414562801,2023-07-21 17:15:00+00:00,62.35095292718599,-7.4518518124004505,stop_hit,ema21,train
2023-07-24 14:45:00+00:00,62.98,62.898513256984884,63.14297348603022,2023-07-24 15:00:00+00:00,62.388513256984886,-7.258686764611682,stop_hit,ema21,train
2023-07-24 16:00:00+00:00,63.1121,63.037248665596344,63.261802668807306,2023-07-24 16:15:00+00:00,62.527248665596346,-7.813505785343785,stop_hit,ema21,train
2023-07-25 14:15:00+00:00,63.055,62.982900587384314,63.19919882523137,2023-07-25 14:30:00+00:00,62.472900587384316,-8.073566642192684,stop_hit,ema21,train
2023-07-25 16:15:00+00:00,63.1204,63.05372418032346,63.25375163935308,2023-07-25 16:30:00+00:00,62.54372418032346,-8.648949836299384,stop_hit,ema21,train
2023-07-25 17:00:00+00:00,63.0901,63.027997093356646,63.21430581328671,2023-07-25 17:15:00+00:00,62.51799709335665,-9.212176008585894,stop_hit,ema21,train
2023-07-26 15:15:00+00:00,63.22,63.154294473626955,63.35141105274609,2023-07-26 15:30:00+00:00,62.64429447362696,-8.761904182982493,stop_hit,ema21,train
2023-07-26 17:30:00+00:00,63.22,63.16853893765369,63.32292212469261,2023-07-26 17:45:00+00:00,62.658538937653695,-10.910405591084936,stop_hit,ema21,train
2023-07-26 18:45:00+00:00,63.53,63.447431052869064,63.695137894261876,2023-07-26 19:00:00+00:00,62.937431052869066,-7.176656209400885,stop_hit,ema21,train
2023-07-27 17:45:00+00:00,64.14,64.00694779384116,64.40610441231767,2023-07-27 18:00:00+00:00,63.496947793841166,-4.833081876080757,stop_hit,h_ema21,train
2023-07-27 19:15:00+00:00,63.879999999999995,63.751035361122206,64.13792927775557,2023-07-27 19:30:00+00:00,63.24103536112221,-4.95457238850789,stop_hit,h_ema21,train
2023-07-28 14:00:00+00:00,64.41999999999999,64.27180321506133,64.71639356987731,2023-07-28 14:15:00+00:00,63.76180321506132,-4.441370203888645,stop_hit,h_ema21,train
2023-07-28 18:00:00+00:00,64.305,64.20043224693585,64.51413550612833,2023-07-28 18:15:00+00:00,63.69043224693584,-5.877220606309517,stop_hit,h_ema21,train
2023-07-31 15:00:00+00:00,64.1,64.00117469460304,64.29765061079391,2023-07-31 15:15:00+00:00,63.49117469460304,-6.160621542746082,stop_hit,h_ema21,train
2023-07-31 16:15:00+00:00,64.07499999999999,63.98818261919,64.24863476161997,2023-07-31 16:30:00+00:00,63.47818261919,-6.874399748550288,stop_hit,h_ema21,train
2023-07-31 17:45:00+00:00,64.055,63.98107683317404,64.20284633365193,2023-07-31 18:00:00+00:00,63.471076833174045,-7.899055085135703,stop_hit,h_ema21,train
2023-08-02 15:45:00+00:00,62.065,61.95253500012768,62.28992999974463,2023-08-02 16:00:00+00:00,61.442535000127684,-5.534744147770538,stop_hit,ema50,train
2023-08-02 17:15:00+00:00,62.11,62.009448616412925,62.31110276717415,2023-08-02 17:30:00+00:00,61.49944861641293,-6.072033638983732,stop_hit,ema50,train
2023-08-02 19:00:00+00:00,62.074999999999996,61.99258007439552,62.23983985120895,2023-08-02 19:15:00+00:00,61.48258007439552,-7.187824076030211,stop_hit,ema50,train
2023-08-03 14:45:00+00:00,61.51,61.392726337273395,61.744547325453205,2023-08-03 15:00:00+00:00,60.8827263372734,-5.348802520041914,stop_hit,ema50,train
2023-08-03 16:30:00+00:00,61.7024,61.604917569175456,61.89736486164908,2023-08-03 16:45:00+00:00,61.09491756917546,-6.231711967851371,stop_hit,ema50,train
2023-08-03 18:30:00+00:00,61.675,61.59676643838797,61.83146712322406,2023-08-03 18:45:00+00:00,61.08676643838797,-7.518941353189919,stop_hit,ema50,train
2023-08-04 14:30:00+00:00,62.54,62.39890898477446,62.82218203045108,2023-08-04 14:45:00+00:00,61.88890898477446,-4.614688002526151,stop_hit,ema21,train
2023-08-04 16:30:00+00:00,62.745,62.626338764676845,62.9823224706463,2023-08-04 16:45:00+00:00,62.11633876467685,-5.297949525058502,stop_hit,ema21,train
2023-08-08 14:30:00+00:00,62.08,61.974792653632356,62.29041469273528,2023-08-08 14:45:00+00:00,61.46479265363236,-5.847570227822558,stop_hit,ema21,train
2023-08-08 17:45:00+00:00,62.19,62.1172148748485,62.33557025030299,2023-08-08 18:00:00+00:00,61.6072148748485,-8.006926194582544,stop_hit,ema50,train
2023-08-08 19:00:00+00:00,62.25,62.185716993899725,62.37856601220055,2023-08-08 19:15:00+00:00,61.67571699389973,-8.933667557557056,stop_hit,ema50,train
2023-08-09 14:15:00+00:00,62.03,61.952826887079915,62.18434622584017,2023-08-09 14:30:00+00:00,61.44282688707992,-7.608519220004926,stop_hit,ema50,train
2023-08-09 16:15:00+00:00,61.76,61.67088438760592,61.93823122478815,2023-08-09 16:30:00+00:00,61.160884387605925,-6.722902938092903,stop_hit,ema50,train
2023-08-09 17:15:00+00:00,61.83,61.746485552749185,61.997028894501625,2023-08-09 17:30:00+00:00,61.23648555274919,-7.106727839176725,stop_hit,ema50,train
2023-08-09 18:15:00+00:00,61.885,61.80983015077232,62.03533969845535,2023-08-09 18:30:00+00:00,61.29983015077232,-7.784635132834847,stop_hit,ema50,train
2023-08-10 13:45:00+00:00,62.5,62.37498454298095,62.750030914038106,2023-08-10 14:00:00+00:00,61.86498454298095,-5.07949554527702,stop_hit,ema21,train
2023-08-10 15:30:00+00:00,62.449999999999996,62.33093783459259,62.68812433081481,2023-08-10 15:45:00+00:00,61.82093783459259,-5.283476604468616,stop_hit,ema21,train
2023-08-10 16:45:00+00:00,62.339999999999996,62.234859541447356,62.550280917105276,2023-08-10 17:00:00+00:00,61.72485954144736,-5.850654134675095,stop_hit,ema21,train
2023-08-11 16:00:00+00:00,61.9,61.80612893496849,62.08774213006301,2023-08-11 16:15:00+00:00,61.29612893496849,-6.432984059878507,stop_hit,ema50,train
2023-08-11 17:30:00+00:00,61.93,61.848214374214606,62.093571251570786,2023-08-11 17:45:00+00:00,61.33821437421461,-7.235814608036939,stop_hit,ema50,train
2023-08-11 18:15:00+00:00,61.87,61.7906151531157,62.02876969376859,2023-08-11 18:30:00+00:00,61.280615153115704,-7.424399869956687,stop_hit,ema50,train
2023-08-14 14:00:00+00:00,61.089999999999996,60.96666696270055,61.33666607459889,2023-08-14 14:15:00+00:00,60.45666696270055,-5.1351450606194495,stop_hit,ema50,train
2023-08-14 15:30:00+00:00,61.339999999999996,61.22564460752504,61.56871078494991,2023-08-14 15:45:00+00:00,60.71564460752504,-5.459780942220905,stop_hit,ema100,train
2023-08-14 17:15:00+00:00,61.345,61.258897113597925,61.51720577280415,2023-08-14 17:30:00+00:00,60.74889711359793,-6.923146381161436,stop_hit,donchian_low,train
2023-08-15 18:00:00+00:00,60.725,60.6565834480655,60.86183310386901,2023-08-15 18:15:00+00:00,60.1465834480655,-8.454336495768226,stop_hit,ema100,train
2023-08-16 14:45:00+00:00,60.37,60.27082913723417,60.568341725531646,2023-08-16 15:00:00+00:00,59.760829137234175,-6.142639539239265,stop_hit,ema100,train
2023-08-16 16:45:00+00:00,60.239999999999995,60.15797816321768,60.40404367356463,2023-08-16 17:00:00+00:00,59.64797816321768,-7.217856366146951,stop_hit,ema100,train
2023-08-16 18:30:00+00:00,60.195,60.107560361889625,60.36987927622075,2023-08-16 18:45:00+00:00,59.59756036188963,-6.8325950452382385,stop_hit,donchian_low,train
2023-08-17 13:45:00+00:00,60.16,60.055787462353564,60.36842507529286,2023-08-17 14:00:00+00:00,59.545787462353566,-5.893844939562855,stop_hit,ema200,train
2023-08-17 15:00:00+00:00,60.015,59.90787604171558,60.22924791656884,2023-08-17 15:15:00+00:00,59.397876041715584,-5.760839761409178,stop_hit,ema200,train
2023-08-17 16:30:00+00:00,59.945,59.84498802590719,60.14502394818562,2023-08-17 16:45:00+00:00,59.334988025907194,-6.099389394381231,stop_hit,ema200,train
2023-08-18 14:45:00+00:00,59.7095,59.616252527339995,59.895994945320005,2023-08-18 15:00:00+00:00,59.10625252734,-6.469317134841252,stop_hit,ema200,train
2023-08-18 16:00:00+00:00,59.93,59.83818054630074,60.11363890739852,2023-08-18 16:15:00+00:00,59.32818054630074,-6.554378505348431,stop_hit,ema200,train
2023-08-18 16:45:00+00:00,59.925,59.841698418448516,60.09160316310296,2023-08-18 17:00:00+00:00,59.33169841844852,-7.12233273968289,stop_hit,ema200,train
2023-08-21 16:15:00+00:00,59.71,59.63662690007864,59.856746199842725,2023-08-21 16:30:00+00:00,59.12662690007864,-7.9507762456076305,stop_hit,ema200,train
2023-08-21 17:30:00+00:00,59.87,59.801200872796485,60.00759825440702,2023-08-21 17:45:00+00:00,59.29120087279649,-8.412884737496553,stop_hit,ema200,train
2023-08-22 15:00:00+00:00,60.335,60.23628678047515,60.53242643904971,2023-08-22 15:15:00+00:00,59.72628678047515,-6.16648127226357,stop_hit,ema100,train
2023-08-23 17:15:00+00:00,61.04,60.96504518856387,61.18990962287226,2023-08-23 17:30:00+00:00,60.45504518856387,-7.804099566504589,stop_hit,ema100,train
2023-08-24 14:00:00+00:00,60.76,60.66616906753001,60.94766186493998,2023-08-24 14:15:00+00:00,60.15616906753001,-6.435307809214231,stop_hit,ema100,train
2023-08-24 18:15:00+00:00,60.41,60.33310415386541,60.56379169226916,2023-08-24 18:30:00+00:00,59.823104153865415,-7.632347852800725,stop_hit,ema100,train
2023-09-11 13:45:00+00:00,62.66,62.40548355869209,63.16903288261581,2023-09-11 14:00:00+00:00,61.89548355869209,-3.00379982282958,stop_hit,ema100,train
2023-09-13 13:45:00+00:00,62.89,62.82350636173086,63.02298727653829,2023-09-13 14:00:00+00:00,62.31350636173086,-8.669906674916646,stop_hit,h_ema21,train
2023-09-13 14:45:00+00:00,62.794999999999995,62.71458715632535,62.95582568734928,2023-09-13 15:00:00+00:00,62.20458715632535,-7.342270422166572,stop_hit,h_ema21,train
2023-09-13 16:30:00+00:00,62.885,62.80990993859442,63.03518012281115,2023-09-13 16:45:00+00:00,62.299909938594425,-7.791844226167224,stop_hit,h_ema21,train
2023-09-13 17:45:00+00:00,62.93,62.86135825182688,63.06728349634624,2023-09-13 18:00:00+00:00,62.35135825182688,-8.429880700499181,stop_hit,h_ema21,train
2023-09-14 14:30:00+00:00,63.72,63.58425551385744,63.99148897228511,2023-09-14 14:45:00+00:00,63.074255513857445,-4.757058680559633,stop_hit,h_ema21,train
2023-09-15 17:45:00+00:00,63.565,63.49031277638902,63.71437444722196,2023-09-15 18:00:00+00:00,62.98031277638902,-7.828477152349589,stop_hit,h_ema21,train
2023-09-15 18:45:00+00:00,63.580099999999995,63.510745517660524,63.718808964678935,2023-09-15 19:00:00+00:00,63.000745517660526,-8.353526157165941,stop_hit,h_ema50,train
2023-09-18 15:30:00+00:00,63.449999999999996,63.37556455842277,63.598870883154454,2023-09-18 15:45:00+00:00,62.86556455842277,-7.851574857265486,stop_hit,h_ema21,train
2023-09-18 17:45:00+00:00,63.605,63.543893052148626,63.72721389570274,2023-09-18 18:00:00+00:00,63.03389305214863,-9.34602312719753,stop_hit,h_ema21,train
2023-09-18 18:45:00+00:00,63.595,63.54042873184134,63.70414253631732,2023-09-18 19:00:00+00:00,63.03042873184134,-10.345577209553234,stop_hit,h_ema21,train
2023-09-20 15:15:00+00:00,63.745,63.66683914517977,63.90132170964045,2023-09-20 15:30:00+00:00,63.156839145179774,-7.52500540293509,stop_hit,h_ema50,train
2023-09-20 16:15:00+00:00,63.72,63.65158311186691,63.85683377626617,2023-09-20 16:30:00+00:00,63.141583111866915,-8.454299865377294,stop_hit,h_ema50,train
2023-09-22 13:45:00+00:00,62.419999999999995,62.31380791372041,62.63238417255916,2023-09-22 14:00:00+00:00,61.80380791372041,-5.802617764352617,stop_hit,ema21,train
2023-09-22 16:45:00+00:00,62.525,62.4298700865565,62.715259826887,2023-09-22 17:00:00+00:00,61.9198700865565,-6.361089709210104,stop_hit,ema21,train
2023-09-22 18:00:00+00:00,62.345,62.25865346869575,62.5176930626085,2023-09-22 18:15:00+00:00,61.74865346869575,-6.906432977637046,stop_hit,ema21,train
2023-09-22 19:00:00+00:00,62.339999999999996,62.26013840377497,62.499723192450055,2023-09-22 19:15:00+00:00,61.75013840377497,-7.3860481646641345,stop_hit,ema21,train
2023-09-25 14:00:00+00:00,62.058,61.95356386589913,62.266872268201745,2023-09-25 14:15:00+00:00,61.44356386589913,-5.883367278871134,stop_hit,ema21,train
2023-09-25 15:15:00+00:00,62.019999999999996,61.90892973697954,62.24214052604091,2023-09-25 15:30:00+00:00,61.39892973697954,-5.59168805520933,stop_hit,ema21,train
2023-09-25 17:15:00+00:00,62.239999999999995,62.14331625621247,62.43336748757504,2023-09-25 17:30:00+00:00,61.633316256212474,-6.274930200477142,stop_hit,ema21,train
2023-09-25 18:00:00+00:00,62.21,62.1181164777328,62.39376704453441,2023-09-25 18:15:00+00:00,61.6081164777328,-6.550505546760456,stop_hit,ema21,train
2023-09-26 18:00:00+00:00,61.434999999999995,61.34180378806516,61.62139242386967,2023-09-26 18:15:00+00:00,60.83180378806516,-6.4723254240910935,stop_hit,ema100,train
2023-09-27 13:45:00+00:00,61.83,61.705872346883154,62.078255306233686,2023-09-27 14:00:00+00:00,61.19587234688316,-5.108673508230474,stop_hit,ema21,train
2023-09-27 17:45:00+00:00,61.37,61.26953500559555,61.57092998880889,2023-09-27 18:00:00+00:00,60.75953500559555,-6.0763950470834,stop_hit,ema100,train
2023-09-27 18:30:00+00:00,61.46,61.35905510469877,61.661889790602466,2023-09-27 18:45:00+00:00,60.84905510469877,-6.05226141924357,stop_hit,ema100,train
2023-09-28 14:00:00+00:00,61.33,61.20973065202081,61.570538695958376,2023-09-28 14:15:00+00:00,60.69973065202081,-5.240481956285709,stop_hit,ema50,train
2023-09-29 14:45:00+00:00,61.14,61.022843050460025,61.37431389907995,2023-09-29 15:00:00+00:00,60.51284305046003,-5.353134850322992,stop_hit,ema50,train
2023-09-29 16:30:00+00:00,60.97,60.85555059101557,61.19889881796885,2023-09-29 16:45:00+00:00,60.345550591015574,-5.456117375576768,stop_hit,ema100,train
2023-09-29 19:00:00+00:00,60.86,60.75195875722932,61.07608248554136,2023-09-29 19:15:00+00:00,60.24195875722932,-5.720419600156544,stop_hit,ema100,train
2023-10-02 15:15:00+00:00,60.309999999999995,60.17803962899186,60.57392074201626,2023-10-02 15:30:00+00:00,59.66803962899186,-4.864796651477755,stop_hit,ema200,train
2023-10-02 18:15:00+00:00,60.294999999999995,60.18966433998314,60.505671320033706,2023-10-02 18:30:00+00:00,59.67966433998314,-5.8416652054811165,stop_hit,ema200,train
2023-10-02 19:15:00+00:00,60.19,60.085442264011306,60.39911547197738,2023-10-02 19:30:00+00:00,59.57544226401131,-5.8776878647712385,stop_hit,ema200,train
2023-10-10 14:00:00+00:00,60.739999999999995,60.60772027736919,61.004559445261606,2023-10-10 14:15:00+00:00,60.09772027736919,-4.855466203413618,stop_hit,ema21,train
2023-10-10 15:15:00+00:00,60.9,60.77774716569963,61.144505668600736,2023-10-10 15:30:00+00:00,60.26774716569963,-5.171682422895445,stop_hit,ema21,train
2023-10-11 16:45:00+00:00,60.629999999999995,60.5482376471331,60.79352470573379,2023-10-11 17:00:00+00:00,60.0382376471331,-7.237589576589679,stop_hit,ema21,train
2023-10-11 18:00:00+00:00,60.51,60.42742272698316,60.675154546033674,2023-10-11 18:15:00+00:00,59.91742272698316,-7.17603344561893,stop_hit,ema21,train
2023-10-12 14:15:00+00:00,61.205,61.086813487744614,61.44137302451077,2023-10-12 14:30:00+00:00,60.576813487744616,-5.315213219068176,stop_hit,ema21,train
2023-10-12 18:30:00+00:00,60.739999999999995,60.636403733279465,60.947192533441054,2023-10-12 18:45:00+00:00,60.12640373327947,-5.922957324087927,stop_hit,ema21,train
2023-10-13 16:15:00+00:00,60.105,59.99027206008494,60.33445587983011,2023-10-13 16:30:00+00:00,59.48027206008494,-5.445299029840494,stop_hit,ema200,train
2023-10-13 17:45:00+00:00,60.1,59.98297661463688,60.33404677072624,2023-10-13 18:00:00+00:00,59.472976614636885,-5.358103283523106,stop_hit,ema200,train
2023-10-13 19:15:00+00:00,60.15,60.050515544532736,60.34896891093452,2023-10-13 19:30:00+00:00,59.54051554453274,-6.126429024560773,stop_hit,ema200,train
2023-10-16 14:15:00+00:00,60.0699,59.96224141580444,60.28521716839111,2023-10-16 14:30:00+00:00,59.452241415804444,-5.737197723811935,stop_hit,ema200,train
2023-10-16 16:30:00+00:00,60.16,60.06724589994806,60.345508200103865,2023-10-16 16:45:00+00:00,59.557245899948065,-6.498409231661385,stop_hit,ema200,train
2023-10-16 19:00:00+00:00,60.235,60.14727174913322,60.41045650173356,2023-10-16 19:15:00+00:00,59.63727174913322,-6.813406684403744,stop_hit,ema200,train
2023-10-17 14:15:00+00:00,60.36,60.24240384761335,60.59519230477329,2023-10-17 14:30:00+00:00,59.732403847613355,-5.336876586941051,stop_hit,ema200,train
2023-10-17 18:30:00+00:00,60.345,60.25867222353772,60.51765555292455,2023-10-17 18:45:00+00:00,59.748672223537724,-6.907716159269521,stop_hit,ema21,train
2023-11-09 15:00:00+00:00,61.05,60.90270154251486,61.34459691497027,2023-11-09 15:15:00+00:00,60.392701542514864,-4.462358049821839,stop_hit,ema21,train
2023-11-09 16:45:00+00:00,61.019999999999996,60.889217046389234,61.28156590722152,2023-11-09 17:00:00+00:00,60.379217046389236,-4.899590779375326,stop_hit,ema50,train
2023-11-10 14:45:00+00:00,60.614999999999995,60.495688817037205,60.853622365925574,2023-11-10 15:00:00+00:00,59.98568881703721,-5.274536446085322,stop_hit,ema21,train
2023-11-10 16:00:00+00:00,60.449999999999996,60.3305909794732,60.68881804105359,2023-11-10 16:15:00+00:00,59.8205909794732,-5.27103411241493,stop_hit,ema21,train
2023-11-10 18:30:00+00:00,60.769999999999996,60.678157726121434,60.95368454775712,2023-11-10 18:45:00+00:00,60.168157726121436,-6.5529984010886055,stop_hit,ema21,train
2023-11-10 19:15:00+00:00,60.86,60.77591928727726,61.028161425445475,2023-11-10 19:30:00+00:00,60.26591928727726,-7.065600343823907,stop_hit,ema50,train
2023-11-13 18:45:00+00:00,60.97,60.89319510286457,61.12360979427086,2023-11-13 19:00:00+00:00,60.38319510286457,-7.640201588978154,stop_hit,ema50,train
2023-11-15 15:15:00+00:00,61.86,61.76618413443925,62.0476317311215,2023-11-15 15:30:00+00:00,61.25618413443925,-6.4361807243546965,stop_hit,h_ema21,train
2023-11-15 18:30:00+00:00,61.675,61.581940400505054,61.86111919898988,2023-11-15 18:45:00+00:00,61.071940400505056,-6.480358853550764,stop_hit,h_ema21,train
2023-11-16 18:45:00+00:00,61.91,61.82250925108411,62.08498149783178,2023-11-16 19:00:00+00:00,61.31250925108411,-6.829187729211128,stop_hit,h_ema21,train
2023-11-17 15:00:00+00:00,62.669999999999995,62.551569854544866,62.90686029091025,2023-11-17 15:15:00+00:00,62.04156985454487,-5.306336009637244,stop_hit,h_ema21,train
2023-11-21 17:00:00+00:00,62.769999999999996,62.696150619674206,62.917698760651575,2023-11-21 17:15:00+00:00,62.18615061967421,-7.9059482659179,stop_hit,h_ema21,train
2023-11-27 16:30:00+00:00,62.995,62.924154390377154,63.136691219245684,2023-11-27 16:45:00+00:00,62.414154390377156,-8.198752367508119,stop_hit,h_ema21,train
2023-11-27 17:45:00+00:00,63.065,62.99740394230511,63.20019211538977,2023-11-27 18:00:00+00:00,62.487403942305114,-8.544818697889648,stop_hit,h_ema21,train
2023-11-27 19:00:00+00:00,63.08,63.018338132084644,63.20332373583071,2023-11-27 19:15:00+00:00,62.508338132084646,-9.27091389284691,stop_hit,h_ema21,train
2023-11-28 15:45:00+00:00,63.03,62.93455957525962,63.220880849480764,2023-11-28 16:00:00+00:00,62.42455957525962,-6.343647635551788,stop_hit,h_ema21,train
2023-11-29 18:30:00+00:00,63.07,63.001024431559316,63.20795113688137,2023-11-29 18:45:00+00:00,62.49102443155932,-8.3939223920796,stop_hit,h_ema21,train
2023-11-30 16:15:00+00:00,63.169999999999995,63.080933327602054,63.348133344795876,2023-11-30 16:30:00+00:00,62.570933327602056,-6.7260475357311025,stop_hit,h_ema21,train
2023-11-30 17:45:00+00:00,63.14,63.056933251699654,63.306133496600694,2023-11-30 18:00:00+00:00,62.546933251699656,-7.139640836258299,stop_hit,h_ema21,train
2023-11-30 19:15:00+00:00,63.14,63.06699399945802,63.28601200108396,2023-11-30 19:30:00+00:00,62.55699399945802,-7.985727148643572,stop_hit,h_ema21,train
2023-12-01 16:15:00+00:00,63.35,63.222928942919815,63.604142114160375,2023-12-01 16:30:00+00:00,62.71292894291982,-5.013502458535214,stop_hit,h_ema21,train
2023-12-05 15:15:00+00:00,62.58,62.48457881453798,62.77084237092403,2023-12-05 15:30:00+00:00,61.974578814537985,-6.34472504748974,stop_hit,ema21,train
2023-12-05 16:00:00+00:00,62.66,62.563320063972284,62.85335987205542,2023-12-05 16:15:00+00:00,62.053320063972286,-6.275137954723226,stop_hit,ema21,train
2023-12-05 17:15:00+00:00,62.61,62.51381490806,62.80237018388,2023-12-05 17:30:00+00:00,62.00381490806,-6.302276992344416,stop_hit,ema21,train
2023-12-05 18:00:00+00:00,62.595,62.50208103243725,62.78083793512549,2023-12-05 18:15:00+00:00,61.992081032437255,-6.488653322106808,stop_hit,ema21,train
2023-12-05 19:15:00+00:00,62.58,62.498567044008304,62.74286591198339,2023-12-05 19:30:00+00:00,61.988567044008306,-7.262820669951067,stop_hit,ema21,train
2023-12-06 15:45:00+00:00,63.629999999999995,63.499008953751236,63.891982092497514,2023-12-06 16:00:00+00:00,62.98900895375124,-4.893395881665678,stop_hit,ema21,train
2023-12-07 15:30:00+00:00,63.28,63.18210867486288,63.47578265027424,2023-12-07 15:45:00+00:00,62.67210867486288,-6.20985898684714,stop_hit,h_ema21,train
2023-12-07 16:45:00+00:00,63.375,63.27642987783339,63.57214024433323,2023-12-07 17:00:00+00:00,62.76642987783339,-6.173981616234013,stop_hit,h_ema21,train
2023-12-08 15:15:00+00:00,63.3,63.15075646634731,63.59848706730537,2023-12-08 15:30:00+00:00,62.64075646634731,-4.417233480861212,stop_hit,h_ema50,train
2023-12-08 16:00:00+00:00,63.269999999999996,63.124967914200084,63.56006417159982,2023-12-08 16:15:00+00:00,62.614967914200086,-4.516463251473893,stop_hit,h_ema50,train
2023-12-08 17:30:00+00:00,63.14,63.01290576510588,63.39418846978825,2023-12-08 17:45:00+00:00,62.50290576510588,-5.01277052751336,stop_hit,h_ema200,train
2023-12-11 18:15:00+00:00,63.57,63.49716240031321,63.715675199373585,2023-12-11 18:30:00+00:00,62.98716240031321,-8.001878180953778,stop_hit,h_ema21,train
2023-12-12 15:45:00+00:00,63.364999999999995,63.274009188911236,63.54698162217751,2023-12-12 16:00:00+00:00,62.76400918891124,-6.604961576861975,stop_hit,h_ema200,train
2023-12-12 16:30:00+00:00,63.394999999999996,63.312010709926376,63.560978580147236,2023-12-12 16:45:00+00:00,62.80201070992638,-7.145371282819472,stop_hit,h_ema21,train
2023-12-12 18:15:00+00:00,63.44,63.363846231228564,63.592307537542865,2023-12-12 18:30:00+00:00,62.853846231228566,-7.696976501986406,stop_hit,h_ema21,train
2023-12-13 19:00:00+00:00,63.33,63.276040493736524,63.43791901252695,2023-12-13 19:15:00+00:00,62.92791901252695,2.0,scaleout_tier_1,h_ema21,train
2023-12-13 19:00:00+00:00,63.33,63.276040493736524,63.49187851879042,2023-12-13 19:30:00+00:00,62.981878518790424,3.0,scaleout_tier_2,h_ema21,train
2023-12-13 19:00:00+00:00,63.33,63.276040493736524,63.5458380250539,2023-12-13 19:30:00+00:00,63.0358380250539,4.0,scaleout_tier_3,h_ema21,train
2023-12-13 19:00:00+00:00,63.33,63.276040493736524,63.59979753131737,2023-12-13 19:30:00+00:00,63.08979753131737,5.0,scaleout_tier_4,h_ema21,train
2023-12-13 19:00:00+00:00,63.33,63.276040493736524,63.653757037580846,2023-12-13 19:30:00+00:00,63.14375703758085,6.0,scaleout_tier_5,h_ema21,train
2023-12-13 19:00:00+00:00,63.33,63.276040493736524,63.70771654384432,2023-12-13 19:30:00+00:00,63.19771654384432,7.0,scaleout_tier_6,h_ema21,train
2023-12-13 19:00:00+00:00,63.33,63.276040493736524,63.761676050107795,2023-12-13 19:30:00+00:00,63.2516760501078,8.0,scaleout_tier_7,h_ema21,train
2023-12-13 19:00:00+00:00,63.33,63.276040493736524,63.81563555637127,2023-12-13 19:30:00+00:00,63.30563555637127,9.0,scaleout_tier_8,h_ema21,train
2023-12-14 16:00:00+00:00,64.2265,64.06617587322543,64.54714825354914,2023-12-14 16:15:00+00:00,63.55617587322543,-4.181055841439975,stop_hit,h_ema21,train
2023-12-14 19:15:00+00:00,64.08,63.960769016055536,64.31846196788892,2023-12-14 19:30:00+00:00,63.45076901605554,-5.2774116519709136,stop_hit,h_ema21,train
2023-12-15 15:15:00+00:00,64.19999999999999,64.0895533122213,64.42089337555737,2023-12-15 15:30:00+00:00,63.57955331222129,-5.617612445037072,stop_hit,h_ema21,train
2023-12-15 17:30:00+00:00,64.005,63.914426252712616,64.18614749457475,2023-12-15 17:45:00+00:00,63.40442625271262,-6.63077067333683,stop_hit,h_ema21,train
2023-12-18 16:00:00+00:00,63.449999999999996,63.3645895298755,63.62082094024898,2023-12-18 16:15:00+00:00,62.854589529875504,-6.97116488478083,stop_hit,ema21,train
2023-12-19 19:15:00+00:00,63.629999999999995,63.56694963455065,63.75610073089868,2023-12-19 19:30:00+00:00,63.056949634550655,-9.088771514096232,stop_hit,h_ema21,train
2023-12-20 17:15:00+00:00,63.225,63.14970311615641,63.375593767687185,2023-12-20 17:30:00+00:00,62.63970311615641,-7.773188662885167,stop_hit,ema21,train
2023-12-21 14:45:00+00:00,63.33,63.174842916279104,63.64031416744179,2023-12-21 15:00:00+00:00,62.664842916279106,-4.286991401033396,stop_hit,ema21,train
2023-12-21 15:30:00+00:00,63.35,63.20309944863892,63.64380110272216,2023-12-21 15:45:00+00:00,62.693099448638925,-4.4717364589492234,stop_hit,ema21,train
2023-12-21 16:30:00+00:00,63.504999999999995,63.37526351917368,63.76447296165263,2023-12-21 16:45:00+00:00,62.86526351917368,-4.9310454295639055,stop_hit,ema21,train
2023-12-21 19:00:00+00:00,63.455,63.35439712764309,63.656205744713816,2023-12-21 19:15:00+00:00,62.84439712764309,-6.069437761087687,stop_hit,ema21,train
2024-01-11 16:30:00+00:00,65.86,65.69780958222917,66.18438083554166,2024-01-11 16:45:00+00:00,65.18780958222916,-4.144452101483693,stop_hit,h_ema21,train
2024-01-11 18:45:00+00:00,66.03,65.89030457790874,66.30939084418253,2024-01-11 19:00:00+00:00,65.38030457790873,-4.650799663762896,stop_hit,h_ema21,train
2024-01-16 15:30:00+00:00,66.825,66.70664604371315,67.06170791257371,2024-01-16 15:45:00+00:00,66.19664604371314,-5.309108170105643,stop_hit,h_ema21,train
2024-01-18 15:45:00+00:00,66.11,65.98923197998653,66.35153604002694,2024-01-18 16:00:00+00:00,65.47923197998652,-5.222972273149086,stop_hit,h_ema21,train
2024-01-19 17:30:00+00:00,66.155,66.03509727734331,66.39480544531338,2024-01-19 17:45:00+00:00,65.5250972773433,-5.253448034372474,stop_hit,h_ema21,train
2024-01-24 16:30:00+00:00,66.89,66.7761241572437,67.1177516855126,2024-01-24 16:45:00+00:00,66.2661241572437,-5.478561806048966,stop_hit,h_ema21,train
2024-01-25 15:30:00+00:00,66.58,66.47070988223882,66.79858023552235,2024-01-25 15:45:00+00:00,65.96070988223882,-5.6664786391251765,stop_hit,h_ema21,train
2024-01-25 18:15:00+00:00,66.3999,66.29447296919433,66.61075406161135,2024-01-25 18:30:00+00:00,65.78447296919433,-5.837469063698315,stop_hit,h_ema21,train
2024-01-26 15:45:00+00:00,66.08,65.96200863889388,66.31598272221224,2024-01-26 16:00:00+00:00,65.45200863889387,-5.322350341745047,stop_hit,h_ema21,train
2024-01-29 14:45:00+00:00,66.36,66.24630844760406,66.58738310479187,2024-01-29 15:00:00+00:00,65.73630844760406,-5.485821411109891,stop_hit,h_ema21,train
2024-01-29 17:30:00+00:00,66.35000000000001,66.26852792383612,66.51294415232779,2024-01-29 17:45:00+00:00,65.75852792383611,-7.259813472459917,stop_hit,h_ema200,train
2024-01-30 16:30:00+00:00,66.375,66.28285977162929,66.55928045674142,2024-01-30 16:45:00+00:00,65.77285977162929,-6.5350416318495785,stop_hit,h_ema21,train
2024-02-01 18:45:00+00:00,67.24000000000001,67.09725237733682,67.5254952453264,2024-02-01 19:00:00+00:00,66.58725237733681,-4.5727390094847715,stop_hit,h_ema21,train
2024-02-02 16:45:00+00:00,66.735,66.60272279183985,66.9995544163203,2024-02-02 17:00:00+00:00,66.09272279183985,-4.855539492355717,stop_hit,h_ema200,train
2024-02-02 17:30:00+00:00,66.855,66.72942560993884,67.10614878012233,2024-02-02 17:45:00+00:00,66.21942560993884,-5.061337664085897,stop_hit,h_ema21,train
2024-02-02 19:15:00+00:00,66.9002,66.78991990243377,67.12076019513246,2024-02-02 19:30:00+00:00,66.27991990243376,-5.624587856332915,stop_hit,h_ema21,train
2024-02-05 15:00:00+00:00,66.78,66.67646864875066,66.98706270249869,2024-02-05 15:15:00+00:00,66.16646864875065,-5.9260440808091355,stop_hit,h_ema21,train
2024-02-05 17:00:00+00:00,66.64500000000001,66.53170614904457,66.8715877019109,2024-02-05 17:15:00+00:00,66.02170614904456,-5.5015682289816334,stop_hit,h_ema21,train
2024-02-05 18:45:00+00:00,66.855,66.75784078440394,67.04931843119213,2024-02-05 19:00:00+00:00,66.24784078440393,-6.249116070680386,stop_hit,h_ema21,train
2024-02-06 15:30:00+00:00,66.54,66.42916864036003,66.76166271927995,2024-02-06 15:45:00+00:00,65.91916864036003,-5.601585703330682,stop_hit,ema21,train
2024-02-06 16:45:00+00:00,66.53500000000001,66.431860524791,66.74127895041802,2024-02-06 17:00:00+00:00,65.921860524791,-5.944760470872329,stop_hit,h_ema21,train
2024-02-06 17:45:00+00:00,66.48,66.38104004447511,66.67791991104978,2024-02-06 18:00:00+00:00,65.87104004447511,-6.153599729253429,stop_hit,ema21,train
2024-02-06 18:45:00+00:00,66.51,66.41563765905492,66.69872468189017,2024-02-06 19:00:00+00:00,65.90563765905492,-6.404698472845424,stop_hit,ema21,train
2024-02-08 16:00:00+00:00,66.65,66.54889199614304,66.85221600771393,2024-02-08 16:15:00+00:00,66.03889199614304,-6.044111054961505,stop_hit,h_ema200,train
2024-02-08 17:00:00+00:00,66.61,66.51144038426284,66.80711923147432,2024-02-08 17:15:00+00:00,66.00144038426284,-6.174533161331364,stop_hit,ema21,train
2024-02-09 18:30:00+00:00,67.08,67.00722773077486,67.22554453845028,2024-02-09 18:45:00+00:00,66.49722773077485,-8.008164035976174,stop_hit,h_ema21,train
2024-02-13 15:30:00+00:00,67.665,67.5620486626249,67.87090267475021,2024-02-13 15:45:00+00:00,67.0520486626249,-5.953796745173122,stop_hit,h_ema21,train
2024-02-13 17:45:00+00:00,67.495,67.38422131387014,67.71655737225973,2024-02-13 18:00:00+00:00,66.87422131387014,-5.603773684426528,stop_hit,h_ema21,train
2024-02-14 15:30:00+00:00,67.36,67.23771238500154,67.60457522999691,2024-02-14 15:45:00+00:00,66.72771238500154,-5.170495924762662,stop_hit,h_ema21,train
2024-02-14 16:30:00+00:00,67.2898,67.17294570564424,67.52350858871152,2024-02-14 16:45:00+00:00,66.66294570564423,-5.364409565020503,stop_hit,h_ema21,train
2024-02-14 17:30:00+00:00,67.355,67.24530668208313,67.57438663583376,2024-02-14 17:45:00+00:00,66.73530668208312,-5.649326045424785,stop_hit,h_ema21,train
2024-02-16 15:15:00+00:00,68.14500000000001,68.04422026128091,68.3465594774382,2024-02-16 15:30:00+00:00,67.53422026128091,-6.060541002408462,stop_hit,h_ema21,train
2024-02-20 16:00:00+00:00,68.46000000000001,68.34778614782554,68.68442770434893,2024-02-20 16:15:00+00:00,67.83778614782554,-5.544893434431685,stop_hit,h_ema21,train
2024-03-07 15:00:00+00:00,71.79,71.47840756600876,72.41318486798251,2024-03-07 15:15:00+00:00,70.96840756600875,-2.6367534778277864,stop_hit,h_ema21,train
2024-03-12 14:00:00+00:00,70.10000000000001,69.97737270381438,70.34525459237126,2024-03-12 14:15:00+00:00,69.46737270381438,-5.1589435294079555,stop_hit,h_ema21,train
2024-03-12 19:00:00+00:00,70.4,70.30617631611531,70.58764736776939,2024-03-12 19:15:00+00:00,69.79617631611531,-6.435727727625585,stop_hit,h_ema21,train
2024-03-13 16:00:00+00:00,69.9,69.7800686598976,70.13986268020483,2024-03-13 16:15:00+00:00,69.27006865989759,-5.25243309684114,stop_hit,h_ema200,train
2024-03-13 17:15:00+00:00,69.98,69.87313186644582,70.19373626710838,2024-03-13 17:30:00+00:00,69.36313186644581,-5.772236428564676,stop_hit,h_ema21,train
2024-03-14 16:00:00+00:00,69.68,69.55960433408127,69.92079133183748,2024-03-14 16:15:00+00:00,69.04960433408127,-5.236032884640915,stop_hit,h_ema21,train
2024-03-14 18:00:00+00:00,69.61,69.5030415074882,69.82391698502359,2024-03-14 18:15:00+00:00,68.9930415074882,-5.768204824350628,stop_hit,h_ema21,train
2024-03-15 14:15:00+00:00,70.02000000000001,69.88435476930984,70.29129046138036,2024-03-15 14:30:00+00:00,69.37435476930983,-4.759807826674682,stop_hit,h_ema21,train
2024-03-18 14:15:00+00:00,70.95,70.79616819400083,71.25766361199835,2024-03-18 14:30:00+00:00,70.28616819400082,-4.315309189068088,stop_hit,h_ema21,train
2024-03-18 17:15:00+00:00,71.07000000000001,70.95281754043349,71.30436491913305,2024-03-18 17:30:00+00:00,70.44281754043348,-5.352187194965741,stop_hit,h_ema21,train
2024-03-18 18:00:00+00:00,71.11,71.00065238204532,71.32869523590936,2024-03-18 18:15:00+00:00,70.49065238204531,-5.664024782061247,stop_hit,h_ema21,train
2024-03-19 16:30:00+00:00,71.45,71.35750419957184,71.63499160085634,2024-03-19 16:45:00+00:00,70.84750419957183,-6.513763842673822,stop_hit,h_ema21,train
2024-03-20 14:15:00+00:00,71.45,71.36954202606579,71.61091594786843,2024-03-20 14:30:00+00:00,70.85954202606578,-7.338712933748386,stop_hit,h_ema21,train
2024-03-20 16:15:00+00:00,71.51,71.43948692557755,71.6510261488449,2024-03-20 16:30:00+00:00,70.92948692557755,-8.232701228491997,stop_hit,h_ema21,train
2024-03-20 17:30:00+00:00,71.52000000000001,71.45357027402733,71.65285945194537,2024-03-20 17:45:00+00:00,70.94357027402732,-8.677285921813544,stop_hit,h_ema21,train
2024-03-21 18:30:00+00:00,72.35000000000001,72.26362449872175,72.52275100255652,2024-03-21 18:45:00+00:00,71.75362449872175,-6.9044519852575235,stop_hit,h_ema21,train
2024-03-22 17:30:00+00:00,72.37,72.29899638011403,72.51200723977195,2024-03-22 17:45:00+00:00,71.78899638011403,-8.18273238489874,stop_hit,h_ema21,train
2024-03-26 13:45:00+00:00,71.87,71.76909145460351,72.07181709079299,2024-03-26 14:00:00+00:00,71.2590914546035,-6.054081376320489,stop_hit,h_ema50,train
2024-03-26 14:45:00+00:00,71.94000000000001,71.84554459170478,72.12891081659048,2024-03-26 15:00:00+00:00,71.33554459170477,-6.399373198471982,stop_hit,h_ema50,train
2024-03-26 16:00:00+00:00,72.03,71.94411468823972,72.20177062352056,2024-03-26 16:15:00+00:00,71.43411468823972,-6.938151583165977,stop_hit,h_ema50,train
2024-03-26 19:00:00+00:00,72.04,71.97358227394089,72.17283545211824,2024-03-26 19:15:00+00:00,71.46358227394089,-8.678673002837883,stop_hit,h_ema21,train
2024-03-27 13:45:00+00:00,71.92,71.83428718918891,72.09142562162218,2024-03-27 14:00:00+00:00,71.32428718918891,-6.950102384625419,stop_hit,h_ema21,train
2024-03-27 14:30:00+00:00,71.95,71.86311186393878,72.12377627212244,2024-03-27 14:45:00+00:00,71.35311186393878,-6.869616073253908,stop_hit,h_ema21,train
2024-03-27 15:45:00+00:00,71.89,71.81067530139492,72.04864939721016,2024-03-27 16:00:00+00:00,71.30067530139492,-7.429271197601,stop_hit,h_ema21,train
2024-03-27 18:00:00+00:00,71.93,71.86343841493957,72.06312317012089,2024-03-27 18:15:00+00:00,71.35343841493956,-8.662077150610235,stop_hit,h_ema21,train
2024-03-28 14:00:00+00:00,71.85000000000001,71.74605583126383,72.05788833747236,2024-03-28 14:15:00+00:00,71.23605583126383,-5.906480144109344,stop_hit,h_ema21,train
2024-03-28 14:45:00+00:00,71.94000000000001,71.84067954128521,72.13864091742961,2024-03-28 15:00:00+00:00,71.3306795412852,-6.134893722797604,stop_hit,h_ema21,train
2024-03-28 19:00:00+00:00,71.87,71.79428269039467,72.02143461921068,2024-03-28 19:15:00+00:00,71.28428269039466,-7.735580049770437,stop_hit,h_ema21,train
2024-04-01 17:45:00+00:00,70.68,70.59116230878321,70.8576753824336,2024-04-01 18:00:00+00:00,70.0811623087832,-6.740806554229593,stop_hit,ema21,train
2024-04-01 19:15:00+00:00,70.75,70.67374628031469,70.90250743937062,2024-04-01 19:30:00+00:00,70.16374628031468,-7.688198321402588,stop_hit,ema21,train
2024-04-02 15:15:00+00:00,70.28,70.1599042350894,70.5201915298212,2024-04-02 15:30:00+00:00,69.6499042350894,-5.246611030619151,stop_hit,ema21,train
2024-04-02 16:30:00+00:00,70.23,70.123422370811,70.44315525837801,2024-04-02 16:45:00+00:00,69.613422370811,-5.7852443695812745,stop_hit,ema21,train
2024-04-02 17:30:00+00:00,70.28,70.18689442765339,70.46621114469323,2024-04-02 17:45:00+00:00,69.67689442765338,-6.477652810095659,stop_hit,ema21,train
2024-04-02 18:15:00+00:00,70.30000000000001,70.21344280523124,70.47311438953756,2024-04-02 18:30:00+00:00,69.70344280523123,-6.892057862577571,stop_hit,ema21,train
2024-04-03 17:30:00+00:00,70.9,70.81090159209658,71.07819681580685,2024-04-03 17:45:00+00:00,70.30090159209658,-6.724008004192658,stop_hit,ema21,train
2024-04-03 18:15:00+00:00,70.94000000000001,70.85793031991116,71.10413936017771,2024-04-03 18:30:00+00:00,70.34793031991116,-7.214231607188813,stop_hit,ema21,train
2024-04-05 14:00:00+00:00,70.26,70.13770485610885,70.5045902877823,2024-04-05 14:15:00+00:00,69.62770485610885,-5.170239175268744,stop_hit,ema21,train
2024-04-05 14:45:00+00:00,70.29,70.15828993034663,70.55342013930677,2024-04-05 15:00:00+00:00,69.64828993034662,-4.872141297489,stop_hit,ema21,train
2024-04-05 15:30:00+00:00,70.41000000000001,70.27938884000422,70.6712223199916,2024-04-05 15:45:00+00:00,69.76938884000421,-4.904719933705716,stop_hit,ema21,train
2024-04-05 18:15:00+00:00,70.37,70.25469133787934,70.60061732424134,2024-04-05 18:30:00+00:00,69.74469133787933,-5.422911432848818,stop_hit,ema21,train
2024-04-08 14:30:00+00:00,70.85000000000001,70.71557344632048,71.11885310735907,2024-04-08 14:45:00+00:00,70.20557344632047,-4.793893289980689,stop_hit,ema21,train
2024-04-08 17:30:00+00:00,70.9,70.80195596516742,71.09608806966517,2024-04-08 17:45:00+00:00,70.29195596516742,-6.201744306737951,stop_hit,ema21,train
2024-04-09 16:45:00+00:00,70.93,70.82036053692555,71.14927892614892,2024-04-09 17:00:00+00:00,70.31036053692554,-5.651609791755855,stop_hit,ema21,train
2024-04-09 19:00:00+00:00,70.89,70.79777459415634,71.07445081168733,2024-04-09 19:15:00+00:00,70.28777459415633,-6.529929582142849,stop_hit,ema21,train
2024-04-10 14:30:00+00:00,70.08,69.91184519333949,70.41630961332102,2024-04-10 14:45:00+00:00,69.40184519333948,-4.0329195467462915,stop_hit,ema21,train
2024-04-10 18:00:00+00:00,69.80000000000001,69.63987087830766,70.12025824338471,2024-04-10 18:15:00+00:00,69.12987087830766,-4.18492972802192,stop_hit,donchian_low,train
2024-04-10 19:15:00+00:00,69.79,69.63803078334081,70.0939384333184,2024-04-10 19:30:00+00:00,69.1280307833408,-4.355942810073976,stop_hit,donchian_low,train
2024-04-15 13:45:00+00:00,70.27000000000001,70.11660770752553,70.57678458494897,2024-04-15 14:00:00+00:00,69.60660770752553,-4.324808513992702,stop_hit,ema21,train
2024-04-15 14:45:00+00:00,69.97,69.80587002120566,70.29825995758867,2024-04-15 15:00:00+00:00,69.29587002120566,-4.107293400915292,stop_hit,ema21,train
2024-04-15 15:30:00+00:00,69.9,69.74603733111839,70.20792533776324,2024-04-15 15:45:00+00:00,69.23603733111838,-4.31249129223749,stop_hit,ema21,train
2024-04-16 18:15:00+00:00,68.45,68.28262271299903,68.78475457400195,2024-04-16 18:30:00+00:00,67.77262271299902,-4.0470084032192295,stop_hit,ema50,train
2024-04-16 19:00:00+00:00,68.51,68.34382000745586,68.8423599850883,2024-04-16 19:15:00+00:00,67.83382000745586,-4.068961504884699,stop_hit,ema50,train
2024-04-17 18:00:00+00:00,67.73,67.58419403778043,68.02161192443914,2024-04-17 18:15:00+00:00,67.07419403778043,-4.4977993508385925,stop_hit,ema100,train
2024-04-17 18:45:00+00:00,67.85000000000001,67.70428728170685,68.14142543658632,2024-04-17 19:00:00+00:00,67.19428728170685,-4.500037649245921,stop_hit,donchian_low,train
2024-04-18 14:00:00+00:00,67.51,67.35953797237465,67.81092405525071,2024-04-18 14:15:00+00:00,66.84953797237465,-4.3895595323884455,stop_hit,donchian_low,train
2024-04-18 15:15:00+00:00,67.84,67.69724339630976,68.1255132073805,2024-04-18 15:30:00+00:00,67.18724339630975,-4.5725142432402635,stop_hit,donchian_low,train
2024-04-18 16:30:00+00:00,67.76,67.63072014701099,68.01855970597803,2024-04-18 16:45:00+00:00,67.12072014701099,-4.944930228558819,stop_hit,donchian_low,train
2024-04-18 18:30:00+00:00,67.42,67.29390552192203,67.67218895615595,2024-04-18 18:45:00+00:00,66.78390552192202,-5.044586311580063,stop_hit,ema100,train
2024-04-18 19:15:00+00:00,67.42,67.29317435556221,67.67365128887558,2024-04-18 19:30:00+00:00,66.78317435556221,-5.021268744667651,stop_hit,ema100,train
2024-04-19 15:30:00+00:00,67.28,67.15316020006757,67.53367959986485,2024-04-19 15:45:00+00:00,66.64316020006757,-5.0208199655920795,stop_hit,ema100,train
2024-04-19 16:45:00+00:00,66.96000000000001,66.82839650176209,67.22320699647585,2024-04-19 17:00:00+00:00,66.31839650176208,-4.875276925222693,stop_hit,ema100,train
2024-04-19 18:00:00+00:00,67.12,66.99676392710022,67.36647214579958,2024-04-19 18:15:00+00:00,66.48676392710021,-5.138398668502933,stop_hit,ema100,train
2024-04-19 19:15:00+00:00,67.0,66.87545436571224,67.24909126857551,2024-04-19 19:30:00+00:00,66.36545436571224,-5.094884601267335,stop_hit,ema100,train
2024-05-07 16:00:00+00:00,69.56,69.44715580295097,69.78568839409806,2024-05-07 16:15:00+00:00,68.93715580295097,-5.519505772888083,stop_hit,ema21,train
2024-05-07 17:30:00+00:00,69.55000000000001,69.45302193310266,69.74395613379471,2024-05-07 17:45:00+00:00,68.94302193310266,-6.258921076864049,stop_hit,ema21,train
2024-05-07 19:15:00+00:00,69.4,69.31294895406062,69.57410209187879,2024-05-07 19:30:00+00:00,68.80294895406061,-6.858631501740918,stop_hit,ema21,train
2024-05-08 17:45:00+00:00,68.49000000000001,68.39970719152237,68.6705856169553,2024-05-08 18:00:00+00:00,67.88970719152236,-6.648290363304954,stop_hit,ema50,train
2024-05-08 19:15:00+00:00,68.56,68.48720596985058,68.70558806029885,2024-05-08 19:30:00+00:00,67.97720596985057,-8.006069027269517,stop_hit,ema50,train
2024-05-09 14:15:00+00:00,68.49000000000001,68.39670759527925,68.67658480944152,2024-05-09 14:30:00+00:00,67.88670759527925,-6.4666829687426475,stop_hit,ema50,train
2024-05-09 15:15:00+00:00,68.65,68.55906954468895,68.83186091062211,2024-05-09 15:30:00+00:00,68.04906954468895,-6.608681912516633,stop_hit,ema50,train
2024-05-09 16:15:00+00:00,68.58,68.49309832532957,68.75380334934086,2024-05-09 16:30:00+00:00,67.98309832532956,-6.868701632438721,stop_hit,ema50,train
2024-05-10 18:00:00+00:00,68.42,68.34824424281963,68.56351151436074,2024-05-10 18:15:00+00:00,67.83824424281963,-8.107443639930366,stop_hit,ema50,train
2024-05-10 19:15:00+00:00,68.4,68.33740361093821,68.5251927781236,2024-05-10 19:30:00+00:00,67.8274036109382,-9.147434822422932,stop_hit,ema50,train
2024-05-13 14:00:00+00:00,68.36,68.28027938306226,68.51944123387547,2024-05-13 14:15:00+00:00,67.77027938306226,-7.397341360244836,stop_hit,ema50,train
2024-05-14 17:30:00+00:00,68.53,68.45753450885736,68.67493098228528,2024-05-14 17:45:00+00:00,67.94753450885736,-8.037832656045202,stop_hit,ema50,train
2024-05-14 18:15:00+00:00,68.63000000000001,68.55696549415438,68.77606901169126,2024-05-14 18:30:00+00:00,68.04696549415438,-7.983000625457713,stop_hit,ema50,train
2024-05-15 14:30:00+00:00,69.02000000000001,68.92344781710419,69.21310436579165,2024-05-15 14:45:00+00:00,68.41344781710418,-6.282117759577687,stop_hit,ema21,train
2024-05-15 19:00:00+00:00,69.33,69.25685600131682,69.47628799736636,2024-05-15 19:15:00+00:00,68.74685600131681,-7.97254742947615,stop_hit,ema21,train
2024-05-16 17:00:00+00:00,69.12,69.04779913046755,69.26440173906491,2024-05-16 17:15:00+00:00,68.53779913046755,-8.063626841374496,stop_hit,ema21,train
2024-05-16 19:15:00+00:00,68.93,68.85413748274891,69.0817250345022,2024-05-16 19:30:00+00:00,68.3441374827489,-7.722687546894401,stop_hit,ema21,train
2024-05-17 13:45:00+00:00,69.14,69.03221940453955,69.35556119092091,2024-05-17 14:00:00+00:00,68.52221940453954,-5.731835056405204,stop_hit,ema21,train
2024-05-17 16:00:00+00:00,69.24000000000001,69.13625843995709,69.44748312008585,2024-05-17 16:15:00+00:00,68.62625843995708,-5.91606256729712,stop_hit,ema21,train
2024-05-21 14:15:00+00:00,69.44000000000001,69.34539621461239,69.62920757077525,2024-05-21 14:30:00+00:00,68.83539621461239,-6.390904792132653,stop_hit,ema21,train
2024-05-21 17:30:00+00:00,69.25,69.17220495150029,69.40559009699942,2024-05-21 17:45:00+00:00,68.66220495150029,-7.5556871527872564,stop_hit,ema21,train
2024-05-21 19:00:00+00:00,69.31,69.24741809850516,69.43516380298968,2024-05-21 19:15:00+00:00,68.73741809850516,-9.149320934936352,stop_hit,ema21,train
2024-05-22 15:00:00+00:00,68.7,68.59312109729917,68.91375780540166,2024-05-22 15:15:00+00:00,68.08312109729917,-5.771755576753827,stop_hit,ema50,train
2024-05-22 19:00:00+00:00,68.52000000000001,68.43256758335747,68.6948648332851,2024-05-22 19:15:00+00:00,67.92256758335746,-6.833076787584205,stop_hit,ema50,train
2024-05-23 13:45:00+00:00,69.05000000000001,68.91809263946486,69.31381472107032,2024-05-23 14:00:00+00:00,68.40809263946485,-4.866349822564263,stop_hit,ema21,train
2024-05-23 16:30:00+00:00,68.69000000000001,68.55743415933486,68.95513168133031,2024-05-23 16:45:00+00:00,68.04743415933486,-4.847144916375679,stop_hit,ema50,train
2024-05-24 13:45:00+00:00,68.91000000000001,68.76531051380877,69.19937897238249,2024-05-24 14:00:00+00:00,68.25531051380877,-4.524789626565714,stop_hit,ema21,train
2024-05-24 18:00:00+00:00,68.98,68.882838636233,69.174322727534,2024-05-24 18:15:00+00:00,68.372838636233,-6.249000016333862,stop_hit,ema21,train
2024-05-28 17:45:00+00:00,69.42,69.3375796909273,69.5848406181454,2024-05-28 18:00:00+00:00,68.8275796909273,-7.187795286597834,stop_hit,ema21,train
2024-05-29 17:30:00+00:00,68.04,67.9301712278356,68.25965754432882,2024-05-29 17:45:00+00:00,67.4201712278356,-5.643591929049091,stop_hit,ema100,train
2024-05-30 13:45:00+00:00,68.63000000000001,68.50487890588474,68.88024218823055,2024-05-30 14:00:00+00:00,67.99487890588473,-5.0760513133792635,stop_hit,ema21,train
2024-05-30 15:00:00+00:00,68.62,68.50266519084805,68.85466961830392,2024-05-30 15:15:00+00:00,67.99266519084804,-5.346536238359787,stop_hit,ema21,train
2024-05-30 16:15:00+00:00,68.63000000000001,68.52872307056872,68.8325538588626,2024-05-30 16:30:00+00:00,68.01872307056871,-6.035697694073475,stop_hit,ema21,train
2024-05-30 17:45:00+00:00,68.76,68.67497744024715,68.93004511950572,2024-05-30 18:00:00+00:00,68.16497744024714,-6.998407969396181,stop_hit,ema21,train
2024-05-31 16:45:00+00:00,69.02000000000001,68.89857869089431,69.26284261821141,2024-05-31 17:00:00+00:00,68.3885786908943,-5.200251205956301,stop_hit,ema21,train
2024-05-31 19:15:00+00:00,69.23,69.1326019494825,69.424796101035,2024-05-31 19:30:00+00:00,68.6226019494825,-6.2362444349785235,stop_hit,ema21,train
2024-06-03 17:30:00+00:00,69.82000000000001,69.70510157547007,70.04979684905989,2024-06-03 17:45:00+00:00,69.19510157547006,-5.438703159651325,stop_hit,h_ema21,train
2024-06-04 16:15:00+00:00,69.82000000000001,69.712533894051,70.03493221189801,2024-06-04 16:30:00+00:00,69.202533894051,-5.745682329292078,stop_hit,h_ema21,train
2024-06-05 15:15:00+00:00,69.55000000000001,69.40021192818085,69.84957614363833,2024-06-05 15:30:00+00:00,68.89021192818085,-4.404810501971964,stop_hit,ema21,train
2024-06-06 14:45:00+00:00,69.57000000000001,69.48748823648182,69.73502352703638,2024-06-06 15:00:00+00:00,68.97748823648182,-7.180936853780987,stop_hit,ema21,train
2024-06-06 17:00:00+00:00,69.62,69.54311123499349,69.77377753001304,2024-06-06 17:15:00+00:00,69.03311123499348,-7.632958663815049,stop_hit,ema21,train
2024-06-07 14:30:00+00:00,69.45,69.34117893546521,69.66764212906959,2024-06-07 14:45:00+00:00,68.8311789354652,-5.686592638844648,stop_hit,ema21,train
2024-06-07 16:00:00+00:00,69.39,69.28229598428294,69.60540803143412,2024-06-07 16:15:00+00:00,68.77229598428293,-5.7351994872668035,stop_hit,ema21,train
2024-06-07 18:45:00+00:00,69.30000000000001,69.20727372392075,69.48545255215853,2024-06-07 19:00:00+00:00,68.69727372392074,-6.500059115541985,stop_hit,ema21,train
2024-06-11 14:30:00+00:00,68.51,68.37190586712275,68.78618826575452,2024-06-11 14:45:00+00:00,67.86190586712274,-4.693133005536978,stop_hit,ema50,train
2024-06-11 18:30:00+00:00,68.7,68.60077901112653,68.89844197774694,2024-06-11 18:45:00+00:00,68.09077901112653,-6.1400414951556135,stop_hit,ema50,train
2024-06-12 16:15:00+00:00,69.33,69.212210114462,69.565579771076,2024-06-12 16:30:00+00:00,68.70221011446199,-5.32974357408188,stop_hit,ema21,train
2024-06-12 17:30:00+00:00,69.35000000000001,69.25116618081184,69.54766763837635,2024-06-12 17:45:00+00:00,68.74116618081183,-6.160176993959957,stop_hit,ema21,train
2024-06-13 15:00:00+00:00,67.53,67.35122660362889,67.88754679274223,2024-06-13 15:15:00+00:00,66.84122660362888,-3.852773457082523,stop_hit,ema100,train
2024-06-13 18:30:00+00:00,67.60000000000001,67.48603753978549,67.82792492042906,2024-06-13 18:45:00+00:00,66.97603753978548,-5.475157863738459,stop_hit,ema100,train
2024-06-14 13:45:00+00:00,67.69000000000001,67.5902749719606,67.88945005607884,2024-06-14 14:00:00+00:00,67.08027497196059,-6.114062237199188,stop_hit,ema100,train
2024-06-14 15:00:00+00:00,67.54,67.427592809477,67.76481438104601,2024-06-14 15:15:00+00:00,66.917592809477,-5.5370762993640295,stop_hit,ema100,train
2024-06-14 16:45:00+00:00,67.51,67.40682054715253,67.71635890569495,2024-06-14 17:00:00+00:00,66.89682054715253,-5.94284458703163,stop_hit,ema100,train
2024-06-17 14:30:00+00:00,66.71000000000001,66.56856042346384,66.99287915307235,2024-06-17 14:45:00+00:00,66.05856042346383,-4.605780026282655,stop_hit,ema100,train
2024-06-17 16:45:00+00:00,66.94000000000001,66.83887600893519,67.14224798212966,2024-06-17 17:00:00+00:00,66.32887600893518,-6.043313605700906,stop_hit,donchian_low,train
2024-06-18 14:30:00+00:00,67.12,67.007028935766,67.34594212846801,2024-06-18 14:45:00+00:00,66.497028935766,-5.514430340707556,stop_hit,donchian_low,train
2024-06-18 15:45:00+00:00,67.09,66.98341720460107,67.30316559079787,2024-06-18 16:00:00+00:00,66.47341720460106,-5.7850124224185855,stop_hit,donchian_low,train
2024-06-18 16:45:00+00:00,67.12,67.02537767546364,67.30924464907272,2024-06-18 17:00:00+00:00,66.51537767546364,-6.389848563739643,stop_hit,donchian_low,train
2024-07-08 17:45:00+00:00,70.25,70.17606938786881,70.39786122426239,2024-07-08 18:00:00+00:00,69.6660693878688,-7.8983603043214465,stop_hit,h_ema21,train
2024-07-09 17:00:00+00:00,70.54,70.45163878968917,70.71672242062168,2024-07-09 17:15:00+00:00,69.94163878968916,-6.771763403940847,stop_hit,h_ema21,train
2024-07-10 14:00:00+00:00,71.55000000000001,71.41690387763981,71.81619224472041,2024-07-10 14:15:00+00:00,70.9069038776398,-4.831817118005763,stop_hit,h_ema21,train
2024-07-11 15:15:00+00:00,71.98,71.86137013042904,72.21725973914194,2024-07-11 15:30:00+00:00,71.35137013042903,-5.299085903444523,stop_hit,h_ema21,train
2024-07-11 16:30:00+00:00,71.68,71.55977434967087,71.92045130065827,2024-07-11 16:45:00+00:00,71.04977434967087,-5.2420232172071275,stop_hit,h_ema21,train
2024-07-11 18:15:00+00:00,71.56,71.45437096888921,71.77125806222159,2024-07-11 18:30:00+00:00,70.9443709688892,-5.828218100997876,stop_hit,h_ema21,train
2024-07-12 14:45:00+00:00,71.97,71.84498971246502,72.22002057506995,2024-07-12 15:00:00+00:00,71.33498971246502,-5.079664242491336,stop_hit,h_ema21,train
2024-07-12 16:30:00+00:00,71.98,71.86973865936035,72.20052268127931,2024-07-12 16:45:00+00:00,71.35973865936035,-5.625374560488481,stop_hit,h_ema21,train
2024-07-15 14:15:00+00:00,71.85000000000001,71.75082280659055,72.04835438681893,2024-07-15 14:30:00+00:00,71.24082280659054,-6.1423112760857626,stop_hit,h_ema21,train
2024-07-15 15:00:00+00:00,71.84,71.74592481999979,72.02815036000044,2024-07-15 15:15:00+00:00,71.23592481999978,-6.421196111437957,stop_hit,h_ema21,train
2024-07-15 16:30:00+00:00,71.77000000000001,71.67553842022913,71.95892315954177,2024-07-15 16:45:00+00:00,71.16553842022913,-6.399020440236474,stop_hit,h_ema21,train
2024-07-15 19:00:00+00:00,71.7,71.60502836585076,71.8899432682985,2024-07-15 19:15:00+00:00,71.09502836585075,-6.370024476977512,stop_hit,h_ema21,train
2024-07-16 13:45:00+00:00,71.85000000000001,71.74690494853675,72.05619010292652,2024-07-16 14:00:00+00:00,71.23690494853675,-5.9468911723834905,stop_hit,h_ema21,train
2024-07-17 15:30:00+00:00,72.09,71.99313980282682,72.28372039434637,2024-07-17 15:45:00+00:00,71.48313980282681,-6.265320687796317,stop_hit,h_ema21,train
2024-07-17 16:45:00+00:00,71.93,71.83324304384143,72.12351391231715,2024-07-17 17:00:00+00:00,71.32324304384143,-6.270938858020524,stop_hit,h_ema21,train
2024-07-17 18:15:00+00:00,71.96000000000001,71.86374207032163,72.15251585935675,2024-07-17 18:30:00+00:00,71.35374207032163,-6.29826479443377,stop_hit,h_ema21,train
2024-07-18 14:00:00+00:00,71.81,71.71081096785775,72.0083780642845,2024-07-18 14:15:00+00:00,71.20081096785775,-6.141697514182865,stop_hit,h_ema21,train
2024-07-18 16:45:00+00:00,71.2,71.08352737168137,71.43294525663727,2024-07-18 17:00:00+00:00,70.57352737168137,-5.378711181865022,stop_hit,h_ema200,train
2024-07-19 19:00:00+00:00,70.46000000000001,70.37142447859856,70.63715104280291,2024-07-19 19:15:00+00:00,69.86142447859855,-6.757798451882927,stop_hit,ema21,train
2024-07-22 13:45:00+00:00,70.83,70.72153834513203,71.04692330973593,2024-07-22 14:00:00+00:00,70.21153834513203,-5.702122613017883,stop_hit,ema21,train
2024-07-23 17:30:00+00:00,70.84,70.75553903023467,71.00892193953067,2024-07-23 17:45:00+00:00,70.24553903023467,-7.038292023132155,stop_hit,ema21,train
2024-07-24 15:00:00+00:00,70.11,69.9865202323734,70.35695953525321,2024-07-24 15:15:00+00:00,69.47652023237339,-5.1302312905399265,stop_hit,ema21,train
2024-07-24 19:15:00+00:00,69.51,69.40971193789119,69.71057612421764,2024-07-24 19:30:00+00:00,68.89971193789118,-6.08535103058063,stop_hit,ema50,train
2024-07-25 14:30:00+00:00,68.30000000000001,68.09271646837458,68.71456706325088,2024-07-25 14:45:00+00:00,67.58271646837457,-3.460398064432744,stop_hit,ema50,train
2024-07-25 16:30:00+00:00,68.74000000000001,68.56202152815379,69.09595694369244,2024-07-25 16:45:00+00:00,68.05202152815379,-3.8655151081456265,stop_hit,ema100,train
2024-07-26 13:45:00+00:00,68.9,68.71001052603839,69.27997894792324,2024-07-26 14:00:00+00:00,68.20001052603838,-3.6843592403600116,stop_hit,ema100,train
2024-07-26 14:30:00+00:00,69.01,68.82165565805624,69.38668868388753,2024-07-26 14:45:00+00:00,68.31165565805624,-3.707806322911941,stop_hit,ema100,train
2024-07-26 15:45:00+00:00,69.10000000000001,68.93439534912291,69.43120930175421,2024-07-26 16:00:00+00:00,68.4243953491229,-4.0796236536768,stop_hit,ema100,train
2024-07-26 19:15:00+00:00,69.14,69.02219574906825,69.37560850186351,2024-07-26 19:30:00+00:00,68.51219574906824,-5.329215592529446,stop_hit,ema100,train
2024-07-29 14:30:00+00:00,69.34,69.2150411564702,69.5899176870596,2024-07-29 14:45:00+00:00,68.7050411564702,-5.081343789632585,stop_hit,ema50,train
2024-07-29 16:45:00+00:00,69.42,69.31322495751083,69.63355008497835,2024-07-29 17:00:00+00:00,68.80322495751082,-5.776397069115724,stop_hit,ema50,train
2024-07-29 18:15:00+00:00,69.39,69.28981905178989,69.59036189642022,2024-07-29 18:30:00+00:00,68.77981905178989,-6.090788309673235,stop_hit,ema50,train
2024-07-30 16:00:00+00:00,69.25,69.14390179280002,69.46219641439995,2024-07-30 16:15:00+00:00,68.63390179280002,-5.806867273814912,stop_hit,ema50,train
2024-07-30 17:15:00+00:00,69.27000000000001,69.16085198569439,69.48829602861124,2024-07-30 17:30:00+00:00,68.65085198569439,-5.672554083961541,stop_hit,ema50,train
2024-08-14 15:00:00+00:00,67.92,67.75785217241898,68.24429565516205,2024-08-14 15:15:00+00:00,67.24785217241897,-4.1452780318328,stop_hit,ema21,train
2024-08-14 16:00:00+00:00,68.13000000000001,67.9741864300411,68.44162713991783,2024-08-14 16:15:00+00:00,67.4641864300411,-4.273142385059932,stop_hit,ema21,train
2024-08-14 17:45:00+00:00,68.04,67.90005333924393,68.31989332151217,2024-08-14 18:00:00+00:00,67.39005333924392,-4.644245580742405,stop_hit,ema21,train
2024-09-04 14:45:00+00:00,71.01,70.77782729508453,71.47434540983095,2024-09-04 15:00:00+00:00,70.26782729508453,-3.196640643807318,stop_hit,h_ema21,train
2024-09-04 16:30:00+00:00,70.80000000000001,70.59953077509573,71.20093844980858,2024-09-04 16:45:00+00:00,70.08953077509572,-3.5440313855830743,stop_hit,h_ema21,train
2024-09-04 18:30:00+00:00,70.64,70.47552660117472,70.96894679765056,2024-09-04 18:45:00+00:00,69.96552660117472,-4.1008053803386115,stop_hit,h_ema50,train
2024-09-05 18:45:00+00:00,71.11,70.96172131201621,71.40655737596758,2024-09-05 19:00:00+00:00,70.4517213120162,-4.439469332610752,stop_hit,h_ema21,train
2024-09-06 17:15:00+00:00,68.81,68.54850298618477,69.33299402763046,2024-09-06 17:30:00+00:00,68.03850298618477,-2.9503090783299095,stop_hit,ema21,train
2024-09-06 19:00:00+00:00,68.55000000000001,68.33808033810513,68.97383932378978,2024-09-06 19:15:00+00:00,67.82808033810512,-3.406572355957133,stop_hit,ema21,train
2024-09-09 13:45:00+00:00,69.83,69.55647712444231,70.37704575111538,2024-09-09 14:00:00+00:00,69.0464771244423,-2.864560684221242,stop_hit,ema21,train
2024-09-10 15:15:00+00:00,69.30000000000001,69.12764015432846,69.64471969134311,2024-09-10 15:30:00+00:00,68.61764015432846,-3.9589258334093786,stop_hit,ema21,train
2024-09-10 17:15:00+00:00,69.27000000000001,69.10714382368269,69.59571235263465,2024-09-10 17:30:00+00:00,68.59714382368269,-4.131597533066772,stop_hit,ema21,train
2024-09-11 15:15:00+00:00,69.02000000000001,68.84062432852095,69.37875134295814,2024-09-11 15:30:00+00:00,68.33062432852094,-3.843194931590979,stop_hit,ema21,train
2024-09-11 16:15:00+00:00,69.38000000000001,69.18166210555204,69.77667578889596,2024-09-11 16:30:00+00:00,68.67166210555203,-3.5713694370885007,stop_hit,ema21,train
2024-09-11 17:45:00+00:00,69.60000000000001,69.4289558873266,69.94208822534684,2024-09-11 18:00:00+00:00,68.91895588732659,-3.981686957994179,stop_hit,ema21,train
2024-09-12 14:15:00+00:00,70.10000000000001,69.92256500260572,70.45486999478858,2024-09-12 14:30:00+00:00,69.41256500260572,-3.8742920364617337,stop_hit,ema21,train
2024-09-13 14:45:00+00:00,70.75,70.60116330413081,71.04767339173839,2024-09-13 15:00:00+00:00,70.0911633041308,-4.426574320409706,stop_hit,h_ema21,train
2024-09-16 14:00:00+00:00,70.9,70.76961123592528,71.16077752814945,2024-09-16 14:15:00+00:00,70.25961123592528,-4.911379969118607,stop_hit,h_ema21,train
2024-09-16 16:45:00+00:00,70.81,70.68013990367137,71.06972019265726,2024-09-16 17:00:00+00:00,70.17013990367137,-4.927303416666077,stop_hit,h_ema21,train
2024-09-16 19:00:00+00:00,70.95,70.83623631290817,71.17752737418367,2024-09-16 19:15:00+00:00,70.32623631290816,-5.482977064450457,stop_hit,h_ema21,train
2024-09-17 14:15:00+00:00,70.59,70.4427816135069,70.88443677298622,2024-09-17 14:30:00+00:00,69.93278161350689,-4.4642412007679475,stop_hit,h_ema21,train
2024-09-17 16:00:00+00:00,70.43,70.30354118085693,70.68291763828617,2024-09-17 16:15:00+00:00,69.79354118085692,-5.032933436006277,stop_hit,h_ema21,train
2024-09-17 18:00:00+00:00,70.18,70.0437672148611,70.45246557027781,2024-09-17 18:15:00+00:00,69.5337672148611,-4.743592259968963,stop_hit,ema21,train
2024-09-18 16:15:00+00:00,69.72,69.60993036466739,69.94013927066521,2024-09-18 16:30:00+00:00,69.09993036466739,-5.633430450268078,stop_hit,ema21,train
2024-09-18 17:00:00+00:00,69.83,69.72796173876613,70.03407652246774,2024-09-18 17:15:00+00:00,69.21796173876612,-5.998125152594308,stop_hit,ema21,train
2024-09-18 18:15:00+00:00,70.2,70.03684941146489,70.52630117707024,2024-09-18 18:30:00+00:00,69.52684941146488,-4.125946431325499,stop_hit,ema21,train
2024-09-20 16:15:00+00:00,71.81,71.6590011483545,72.111997703291,2024-09-20 16:30:00+00:00,71.1490011483545,-4.377509129654463,stop_hit,h_ema21,train
2024-09-20 18:45:00+00:00,71.68,71.5726318780901,71.8947362438198,2024-09-20 19:00:00+00:00,71.0626318780901,-5.750013234170017,stop_hit,h_ema21,train
2024-09-23 14:30:00+00:00,72.29,72.15292781268437,72.56414437463128,2024-09-23 14:45:00+00:00,71.64292781268436,-4.7206672629044695,stop_hit,h_ema21,train
2024-09-23 16:45:00+00:00,72.11,71.98589403204197,72.35821193591606,2024-09-23 17:00:00+00:00,71.47589403204196,-5.10939142082575,stop_hit,h_ema21,train
2024-09-25 16:30:00+00:00,71.56,71.47072477272597,71.73855045454806,2024-09-25 16:45:00+00:00,70.96072477272597,-6.712670979089913,stop_hit,h_ema21,train
2024-09-25 18:00:00+00:00,71.48,71.39205315965242,71.65589368069517,2024-09-25 18:15:00+00:00,70.88205315965241,-6.798957620130297,stop_hit,h_ema21,train
2024-09-27 16:30:00+00:00,72.07000000000001,71.87512057870993,72.45975884258017,2024-09-27 16:45:00+00:00,71.36512057870992,-3.617002845266352,stop_hit,h_ema200,train
2024-09-30 13:45:00+00:00,72.19000000000001,71.97806449362473,72.61387101275058,2024-09-30 14:00:00+00:00,71.46806449362472,-3.4063924385417788,stop_hit,h_ema50,train
2024-09-30 16:15:00+00:00,72.12,71.92408150658484,72.51183698683033,2024-09-30 16:30:00+00:00,71.41408150658484,-3.6031233249598493,stop_hit,h_ema21,train
2024-09-30 17:15:00+00:00,72.08,71.91366909385593,72.41266181228814,2024-09-30 17:30:00+00:00,71.40366909385592,-4.066177007165857,stop_hit,h_ema21,train
2024-09-30 18:45:00+00:00,71.89,71.72486577994256,72.22026844011488,2024-09-30 19:00:00+00:00,71.21486577994256,-4.088396819403092,stop_hit,h_ema21,train
2024-10-01 17:45:00+00:00,71.95,71.75120487619186,72.34759024761628,2024-10-01 18:00:00+00:00,71.24120487619186,-3.565455279940443,stop_hit,h_ema21,train
2024-10-02 15:15:00+00:00,71.61,71.42081499332117,71.98837001335765,2024-10-02 15:30:00+00:00,70.91081499332117,-3.6957738826830826,stop_hit,ema21,train
2024-10-02 17:30:00+00:00,71.78,71.62755734274239,72.08488531451522,2024-10-02 17:45:00+00:00,71.11755734274239,-4.345520270865976,stop_hit,h_ema21,train
2024-10-02 18:45:00+00:00,71.80000000000001,71.66073042195748,72.07853915608507,2024-10-02 19:00:00+00:00,71.15073042195748,-4.661962699738073,stop_hit,h_ema21,train
2024-10-03 15:45:00+00:00,71.39,71.22375380984684,71.72249238030632,2024-10-03 16:00:00+00:00,70.71375380984684,-4.067739474391264,stop_hit,ema21,train
2024-10-03 17:30:00+00:00,71.30000000000001,71.15405697434164,71.59188605131675,2024-10-03 17:45:00+00:00,70.64405697434164,-4.49451436750284,stop_hit,ema21,train
2024-10-07 14:15:00+00:00,71.84,71.68304074061123,72.15391851877754,2024-10-07 14:30:00+00:00,71.17304074061123,-4.249250805502287,stop_hit,ema21,train
2024-10-07 15:30:00+00:00,71.67,71.53346305799623,71.94307388400755,2024-10-07 15:45:00+00:00,71.02346305799622,-4.735252837183907,stop_hit,ema21,train
2024-10-07 16:30:00+00:00,71.66000000000001,71.54195357141376,71.89609285717252,2024-10-07 16:45:00+00:00,71.03195357141375,-5.320334008473272,stop_hit,ema21,train
2024-10-09 15:00:00+00:00,71.29,71.16719996884584,71.53560006230835,2024-10-09 15:15:00+00:00,70.65719996884583,-5.153093408907366,stop_hit,ema21,train
2024-10-09 16:00:00+00:00,71.49000000000001,71.3739053600116,71.72218927997682,2024-10-09 16:15:00+00:00,70.8639053600116,-5.392967668885886,stop_hit,ema21,train
2024-10-09 17:15:00+00:00,71.36,71.25544159954704,71.56911680090592,2024-10-09 17:30:00+00:00,70.74544159954704,-5.877656867268702,stop_hit,ema21,train
2024-10-09 18:30:00+00:00,71.43,71.33626567022041,71.6174686595592,2024-10-09 18:45:00+00:00,70.82626567022041,-6.44090944266863,stop_hit,ema21,train
2024-10-10 15:00:00+00:00,71.13000000000001,71.00388245818304,71.38223508363394,2024-10-10 15:15:00+00:00,70.49388245818304,-5.043846658065712,stop_hit,ema21,train
2024-10-10 17:30:00+00:00,71.26,71.1483553940079,71.48328921198423,2024-10-10 17:45:00+00:00,70.63835539400789,-5.568066638490707,stop_hit,ema21,train
2024-10-11 15:15:00+00:00,71.59,71.47476388722023,71.82047222555954,2024-10-11 15:30:00+00:00,70.96476388722023,-5.425695970625811,stop_hit,ema21,train
2024-10-11 16:30:00+00:00,71.53,71.43001944498137,71.72996111003727,2024-10-11 16:45:00+00:00,70.92001944498136,-6.100991886922029,stop_hit,ema21,train
2024-10-11 17:45:00+00:00,71.52000000000001,71.43164721132838,71.69670557734327,2024-10-11 18:00:00+00:00,70.92164721132838,-6.772313558720499,stop_hit,ema21,train
2024-10-11 19:00:00+00:00,71.59,71.5130120039934,71.74397599201322,2024-10-11 19:15:00+00:00,71.00301200399339,-7.62440934241531,stop_hit,ema21,train
2024-10-15 16:30:00+00:00,70.54,70.41618664929952,70.78762670140098,2024-10-15 16:45:00+00:00,69.90618664929951,-5.119103449786511,stop_hit,ema50,train
2024-10-16 14:15:00+00:00,70.51,70.38278235469458,70.76443529061085,2024-10-16 14:30:00+00:00,69.87278235469458,-5.00887784690251,stop_hit,ema50,train
2024-10-16 16:15:00+00:00,70.52000000000001,70.4126775982279,70.73464480354423,2024-10-16 16:30:00+00:00,69.9026775982279,-5.752036774977812,stop_hit,ema50,train
2024-10-16 17:45:00+00:00,70.60000000000001,70.51277867656451,70.77444264687101,2024-10-16 18:00:00+00:00,70.0027786765645,-6.847194010730051,stop_hit,ema50,train
2024-10-17 14:45:00+00:00,70.5,70.39360203316399,70.71279593367203,2024-10-17 15:00:00+00:00,69.88360203316398,-5.793324676833783,stop_hit,ema21,train
2024-10-17 15:30:00+00:00,70.55000000000001,70.44354725468708,70.76290549062588,2024-10-17 15:45:00+00:00,69.93354725468707,-5.790858126775163,stop_hit,ema50,train
2024-10-17 17:00:00+00:00,70.49000000000001,70.40051230525346,70.66897538949311,2024-10-17 17:15:00+00:00,69.89051230525345,-6.699107586181909,stop_hit,ema50,train
2024-10-17 18:00:00+00:00,70.41000000000001,70.32998573381778,70.57002853236447,2024-10-17 18:15:00+00:00,69.81998573381777,-7.3738633662962405,stop_hit,ema50,train
2024-11-05 14:45:00+00:00,68.92,68.77474231195121,69.21051537609758,2024-11-05 15:00:00+00:00,68.26474231195121,-4.511001771064362,stop_hit,donchian_low,train
2024-11-05 19:15:00+00:00,69.59,69.48116578917866,69.80766842164269,2024-11-05 19:30:00+00:00,68.97116578917866,-5.686026536611719,stop_hit,ema100,train
2024-11-06 15:15:00+00:00,69.42,69.26579009835788,69.72841980328424,2024-11-06 15:30:00+00:00,68.75579009835788,-4.307180632172259,stop_hit,ema100,train
2024-11-06 16:15:00+00:00,69.44000000000001,69.28282593188254,69.75434813623495,2024-11-06 16:30:00+00:00,68.77282593188254,-4.244810076550519,stop_hit,ema100,train
2024-11-06 17:15:00+00:00,69.45,69.30301518743484,69.74396962513033,2024-11-06 17:30:00+00:00,68.79301518743483,-4.469746234998929,stop_hit,ema100,train
2024-11-07 16:00:00+00:00,70.39,70.26000147143186,70.64999705713628,2024-11-07 16:15:00+00:00,69.75000147143186,-4.923121327736369,stop_hit,ema21,train
2024-11-07 18:00:00+00:00,70.4,70.28154262786605,70.63691474426793,2024-11-07 18:15:00+00:00,69.77154262786604,-5.305346225503461,stop_hit,ema21,train
2024-11-08 15:45:00+00:00,69.95,69.79908396701637,70.25183206596726,2024-11-08 16:00:00+00:00,69.28908396701637,-4.379362615868146,stop_hit,ema21,train
2024-11-08 17:45:00+00:00,69.87,69.74694773213159,70.11610453573684,2024-11-08 18:00:00+00:00,69.23694773213158,-5.1445802571096255,stop_hit,ema50,train
2024-11-08 18:45:00+00:00,69.89,69.77941259312293,70.11117481375415,2024-11-08 19:00:00+00:00,69.26941259312292,-5.611736674202981,stop_hit,ema50,train
2024-11-11 15:15:00+00:00,70.06,69.96252145081374,70.25495709837253,2024-11-11 15:30:00+00:00,69.45252145081373,-6.231920296900299,stop_hit,ema21,train
2024-11-11 16:45:00+00:00,70.23,70.13356048519867,70.42287902960267,2024-11-11 17:00:00+00:00,69.62356048519867,-6.288288737771201,stop_hit,ema21,train
2024-11-12 18:15:00+00:00,68.84,68.70819139261157,69.10361721477688,2024-11-12 18:30:00+00:00,68.19819139261156,-4.86924655456719,stop_hit,donchian_low,train
2024-11-13 17:15:00+00:00,68.44000000000001,68.29767048069048,68.72465903861907,2024-11-13 17:30:00+00:00,67.78767048069048,-4.583234191151149,stop_hit,ema200,train
2024-11-14 14:45:00+00:00,68.48,68.35356764954838,68.73286470090325,2024-11-14 15:00:00+00:00,67.84356764954838,-5.033777733137598,stop_hit,ema200,train
2024-11-14 16:00:00+00:00,68.51,68.39061823812952,68.74876352374098,2024-11-14 16:15:00+00:00,67.88061823812951,-5.2720093254553575,stop_hit,ema200,train
2024-11-14 19:15:00+00:00,68.48,68.38150565971874,68.67698868056253,2024-11-14 19:30:00+00:00,67.87150565971874,-6.1779624955467956,stop_hit,ema200,train
2024-11-15 18:15:00+00:00,67.86,67.75036300099573,68.07927399800853,2024-11-15 18:30:00+00:00,67.24036300099573,-5.651714335779664,stop_hit,ema200,train
2024-11-18 18:00:00+00:00,68.53,68.42826137721813,68.73347724556373,2024-11-18 18:15:00+00:00,67.91826137721813,-6.012845525670976,stop_hit,ema200,train
2024-11-18 19:00:00+00:00,68.5,68.40170119728049,68.69659760543902,2024-11-18 19:15:00+00:00,67.89170119728048,-6.188262581948742,stop_hit,ema200,train
2024-11-19 15:15:00+00:00,68.06,67.94557870343644,68.28884259312713,2024-11-19 15:30:00+00:00,67.43557870343643,-5.457212208888847,stop_hit,ema200,train
2024-11-19 18:15:00+00:00,68.29,68.19198963374212,68.48602073251577,2024-11-19 18:30:00+00:00,67.68198963374212,-6.203531212791429,stop_hit,ema200,train
2024-11-20 17:30:00+00:00,67.61,67.47013365352657,67.88973269294685,2024-11-20 17:45:00+00:00,66.96013365352657,-4.646338185411203,stop_hit,ema200,train
2024-11-20 19:00:00+00:00,67.58,67.45857056398228,67.82285887203544,2024-11-20 19:15:00+00:00,66.94857056398227,-5.199970095600041,stop_hit,ema200,train
2024-11-25 15:30:00+00:00,69.04,68.91202022974569,69.29595954050863,2024-11-25 15:45:00+00:00,68.40202022974569,-4.985004809639559,stop_hit,ema21,train
2024-11-25 17:00:00+00:00,68.82000000000001,68.69743594068993,69.06512811862017,2024-11-25 17:15:00+00:00,68.18743594068992,-5.161089334596351,stop_hit,ema21,train
2024-11-25 18:00:00+00:00,68.84,68.72340607824981,69.07318784350039,2024-11-25 18:15:00+00:00,68.2134060782498,-5.374155979526051,stop_hit,ema21,train
2024-11-25 19:00:00+00:00,69.03,68.92319973450887,69.24360053098226,2024-11-25 19:15:00+00:00,68.41319973450886,-5.775269028168816,stop_hit,ema21,train
2024-11-26 15:45:00+00:00,68.31,68.18355921950706,68.56288156098589,2024-11-26 16:00:00+00:00,67.67355921950706,-5.0335087936955105,stop_hit,ema21,train
2024-11-26 17:45:00+00:00,68.36,68.25489033594967,68.57021932810066,2024-11-26 18:00:00+00:00,67.74489033594966,-5.852075255000261,stop_hit,ema200,train
2024-12-04 16:30:00+00:00,71.79,71.68838497829964,71.99323004340074,2024-12-04 16:45:00+00:00,71.17838497829963,-6.018942981716218,stop_hit,h_ema21,train
2024-12-04 18:00:00+00:00,71.77000000000001,71.6757206498145,71.95855870037104,2024-12-04 18:15:00+00:00,71.16572064981449,-6.409456036729809,stop_hit,h_ema21,train
2024-12-04 19:15:00+00:00,71.66000000000001,71.56899360614545,71.84201278770912,2024-12-04 19:30:00+00:00,71.05899360614545,-6.604001855244064,stop_hit,h_ema21,train
2024-12-05 18:45:00+00:00,71.55000000000001,71.4602628116756,71.72947437664882,2024-12-05 19:00:00+00:00,70.9502628116756,-6.683262530538836,stop_hit,h_ema21,train
2024-12-06 16:00:00+00:00,71.56,71.46819105769329,71.74361788461343,2024-12-06 16:15:00+00:00,70.95819105769328,-6.55501443744129,stop_hit,h_ema21,train
2024-12-10 15:45:00+00:00,70.73,70.6347486048287,70.92050279034261,2024-12-10 16:00:00+00:00,70.1247486048287,-6.35425228242385,stop_hit,h_ema200,train
2024-12-10 18:30:00+00:00,70.79,70.71124417825158,70.94751164349687,2024-12-10 18:45:00+00:00,70.20124417825157,-7.475711746480125,stop_hit,h_ema21,train
2024-12-11 14:45:00+00:00,71.42,71.29359650039775,71.6728069992045,2024-12-11 15:00:00+00:00,70.78359650039775,-5.034698418990114,stop_hit,ema21,train
2024-12-12 17:15:00+00:00,71.10000000000001,71.00508673838516,71.2898265232297,2024-12-12 17:30:00+00:00,70.49508673838515,-6.373327091735061,stop_hit,h_ema200,train
2024-12-12 18:00:00+00:00,71.09,70.9966273922129,71.27674521557421,2024-12-12 18:15:00+00:00,70.4866273922129,-6.461987322479485,stop_hit,h_ema200,train
2024-12-13 16:30:00+00:00,69.97,69.85789997864586,70.19420004270827,2024-12-13 16:45:00+00:00,69.34789997864586,-5.549508499992625,stop_hit,ema21,train
2024-12-16 16:45:00+00:00,69.72,69.62599935417695,69.90800129164609,2024-12-16 17:00:00+00:00,69.11599935417695,-6.425494639261071,stop_hit,ema50,train
2024-12-16 18:30:00+00:00,69.83,69.74766678268813,69.99466643462374,2024-12-16 18:45:00+00:00,69.23766678268812,-7.194340712669782,stop_hit,ema50,train
2025-01-02 15:00:00+00:00,67.85000000000001,67.62033375725328,68.30933248549347,2025-01-02 15:15:00+00:00,67.11033375725327,-3.2206136779205186,stop_hit,ema50,holdout
2025-01-24 17:15:00+00:00,69.09,69.00356957224707,69.26286085550586,2025-01-24 17:30:00+00:00,68.49356957224707,-6.900699710267443,stop_hit,ema50,holdout
2025-01-24 19:15:00+00:00,69.04,68.96078803166213,69.19842393667575,2025-01-24 19:30:00+00:00,68.45078803166213,-7.438420994976883,stop_hit,ema50,holdout
2025-01-28 17:00:00+00:00,68.52000000000001,68.40414467604154,68.75171064791695,2025-01-28 17:15:00+00:00,67.89414467604153,-5.402041982833862,stop_hit,ema21,holdout
2025-01-29 17:15:00+00:00,68.76,68.67552843717628,68.92894312564745,2025-01-29 17:30:00+00:00,68.16552843717628,-7.037534798122379,stop_hit,ema50,holdout
2025-01-29 18:30:00+00:00,68.79,68.7042355120346,68.96152897593082,2025-01-29 18:45:00+00:00,68.1942355120346,-6.946517166938824,stop_hit,ema50,holdout
2025-01-30 15:45:00+00:00,69.58,69.4184857151347,69.90302856973061,2025-01-30 16:00:00+00:00,68.90848571513469,-4.157615442035483,stop_hit,ema50,holdout
2025-01-31 16:45:00+00:00,69.46000000000001,69.34729877018657,69.68540245962689,2025-01-31 17:00:00+00:00,68.83729877018656,-5.525238995565876,stop_hit,ema100,holdout
2025-02-03 15:45:00+00:00,68.52000000000001,68.291793077443,68.97641384511402,2025-02-03 16:00:00+00:00,67.781793077443,-3.2348138885778335,stop_hit,ema21,holdout
2025-02-03 16:45:00+00:00,68.57000000000001,68.35445470858106,69.0010905828379,2025-02-03 17:00:00+00:00,67.84445470858105,-3.366092047952628,stop_hit,ema21,holdout
2025-02-03 17:30:00+00:00,68.39,68.18647485231507,68.79705029536986,2025-02-03 17:45:00+00:00,67.67647485231507,-3.5058328457253953,stop_hit,ema21,holdout
2025-02-03 19:15:00+00:00,68.43,68.25624790748408,68.77750418503186,2025-02-03 19:30:00+00:00,67.74624790748408,-3.9352164489947596,stop_hit,ema21,holdout
2025-02-07 15:00:00+00:00,69.68,69.58752740966358,69.86494518067286,2025-02-07 15:15:00+00:00,69.07752740966357,-6.515147765889947,stop_hit,h_ema21,holdout
2025-02-07 18:15:00+00:00,69.11,68.96130499432434,69.40739001135132,2025-02-07 18:30:00+00:00,68.45130499432433,-4.4298394736433195,stop_hit,ema21,holdout
2025-02-10 14:45:00+00:00,69.26,69.13349915154838,69.51300169690326,2025-02-10 15:00:00+00:00,68.62349915154837,-5.031593512948053,stop_hit,ema21,holdout
2025-02-11 15:15:00+00:00,69.09,69.00730259795435,69.25539480409131,2025-02-11 15:30:00+00:00,68.49730259795435,-7.167061931624633,stop_hit,ema21,holdout
2025-02-12 15:30:00+00:00,68.12,67.96800420779755,68.42399158440492,2025-02-12 15:45:00+00:00,67.45800420779754,-4.3553560438087215,stop_hit,ema50,holdout
2025-02-12 17:15:00+00:00,68.48,68.32357256987734,68.79285486024533,2025-02-12 17:30:00+00:00,67.81357256987734,-4.260297759798848,stop_hit,ema21,holdout
2025-02-12 18:00:00+00:00,68.57000000000001,68.4228239562757,68.86435208744861,2025-02-12 18:15:00+00:00,67.9128239562757,-4.465237868163987,stop_hit,ema21,holdout
2025-02-13 15:30:00+00:00,69.42,69.28376157165255,69.69247685669491,2025-02-13 15:45:00+00:00,68.77376157165254,-4.743437194528791,stop_hit,ema21,holdout
2025-02-13 18:30:00+00:00,69.4,69.29667734157725,69.60664531684552,2025-02-13 18:45:00+00:00,68.78667734157725,-5.935993786699618,stop_hit,ema50,holdout
2025-02-14 18:45:00+00:00,69.83,69.7526996705504,69.9846006588992,2025-02-14 19:00:00+00:00,69.2426996705504,-7.597643291191028,stop_hit,h_ema21,holdout
2025-03-03 15:30:00+00:00,70.48,70.35426958985883,70.73146082028235,2025-03-03 15:45:00+00:00,69.84426958985883,-5.056297910961747,stop_hit,h_ema21,holdout
2025-03-03 19:00:00+00:00,70.21000000000001,70.07835976679763,70.47328046640476,2025-03-03 19:15:00+00:00,69.56835976679763,-4.874195506900709,stop_hit,h_ema21,holdout
2025-03-04 17:30:00+00:00,69.02000000000001,68.83182636458136,69.39634727083731,2025-03-04 17:45:00+00:00,68.32182636458136,-3.71026277865841,stop_hit,ema21,holdout
2025-03-04 18:15:00+00:00,69.22,69.0263383830121,69.60732323397579,2025-03-04 18:30:00+00:00,68.5163383830121,-3.6334593706913054,stop_hit,ema21,holdout
2025-03-06 18:00:00+00:00,70.4,70.23586499328495,70.72827001343012,2025-03-06 18:15:00+00:00,69.72586499328494,-4.1071982157065365,stop_hit,h_ema21,holdout
2025-03-07 14:45:00+00:00,70.37,70.19620137118639,70.71759725762723,2025-03-07 15:00:00+00:00,69.68620137118639,-3.9344305158295656,stop_hit,h_ema21,holdout
2025-03-07 16:00:00+00:00,70.16000000000001,69.9691635473908,70.54167290521842,2025-03-07 16:15:00+00:00,69.4591635473908,-3.6724454003784337,stop_hit,h_ema21,holdout
2025-03-07 17:00:00+00:00,70.01,69.83568435227585,70.35863129544832,2025-03-07 17:15:00+00:00,69.32568435227584,-3.9257270168140415,stop_hit,h_ema21,holdout
2025-03-07 18:15:00+00:00,70.30000000000001,70.12215029490979,70.65569941018046,2025-03-07 18:30:00+00:00,69.61215029490978,-3.8675897985958314,stop_hit,h_ema21,holdout
2025-03-10 15:15:00+00:00,69.55000000000001,69.36862525110963,69.91274949778077,2025-03-10 15:30:00+00:00,68.85862525110963,-3.8118577868204184,stop_hit,ema21,holdout
2025-03-11 15:15:00+00:00,68.76,68.58102881350037,69.11794237299928,2025-03-11 15:30:00+00:00,68.07102881350036,-3.8496207125555233,stop_hit,ema21,holdout
2025-03-11 18:15:00+00:00,68.75,68.58925204203886,69.07149591592227,2025-03-11 18:30:00+00:00,68.07925204203886,-4.172668607854482,stop_hit,ema50,holdout
2025-03-13 14:15:00+00:00,69.97,69.81172816228957,70.28654367542086,2025-03-13 14:30:00+00:00,69.30172816228956,-4.222304153270071,stop_hit,ema21,holdout
2025-03-13 15:45:00+00:00,69.9,69.75622716582971,70.18754566834059,2025-03-13 16:00:00+00:00,69.24622716582971,-4.547262617052774,stop_hit,ema21,holdout
2025-03-13 16:45:00+00:00,69.92,69.7820195773444,70.1959608453112,2025-03-13 17:00:00+00:00,69.2720195773444,-4.696176531310978,stop_hit,ema21,holdout
2025-03-13 18:15:00+00:00,69.79,69.65424796084409,70.06150407831184,2025-03-13 18:30:00+00:00,69.14424796084408,-4.756849644182845,stop_hit,ema21,holdout
2025-03-14 14:15:00+00:00,70.53,70.36874041453777,70.85251917092447,2025-03-14 14:30:00+00:00,69.85874041453776,-4.162602697620403,stop_hit,ema21,holdout
2025-03-18 15:45:00+00:00,71.16000000000001,71.06531683201956,71.34936633596091,2025-03-18 16:00:00+00:00,70.55531683201956,-6.386385044755944,stop_hit,h_ema50,holdout
2025-03-18 18:30:00+00:00,71.43,71.33860091408962,71.61279817182077,2025-03-18 18:45:00+00:00,70.82860091408962,-6.579924513687885,stop_hit,h_ema21,holdout
2025-03-19 17:45:00+00:00,71.62,71.54656548813469,71.76686902373064,2025-03-19 18:00:00+00:00,71.03656548813468,-7.944963438109125,stop_hit,h_ema21,holdout
2025-03-19 18:45:00+00:00,72.10000000000001,71.9942028557532,72.31159428849362,2025-03-19 19:00:00+00:00,71.4842028557532,-5.820545995176006,stop_hit,h_ema21,holdout
2025-03-20 15:45:00+00:00,71.78,71.63971117943976,72.06057764112049,2025-03-20 16:00:00+00:00,71.12971117943975,-4.635357386022058,stop_hit,h_ema21,holdout
2025-03-20 18:15:00+00:00,71.71000000000001,71.60640318169277,71.91719363661448,2025-03-20 18:30:00+00:00,71.09640318169276,-5.922931112493161,stop_hit,h_ema21,holdout
2025-03-21 15:30:00+00:00,71.79,71.6977590744278,71.97448185114443,2025-03-21 15:45:00+00:00,71.18775907442779,-6.528999159930802,stop_hit,h_ema21,holdout
2025-03-21 16:15:00+00:00,71.72,71.62207969625287,71.91584060749426,2025-03-21 16:30:00+00:00,71.11207969625286,-6.208317177171224,stop_hit,h_ema21,holdout
2025-03-21 17:45:00+00:00,71.9,71.81231428823644,72.07537142352714,2025-03-21 18:00:00+00:00,71.30231428823643,-6.8162269512636104,stop_hit,h_ema21,holdout
2025-03-21 18:45:00+00:00,71.9,71.81722975807791,72.06554048384419,2025-03-21 19:00:00+00:00,71.30722975807791,-7.161634763373657,stop_hit,h_ema21,holdout
2025-03-24 14:30:00+00:00,71.65,71.5564537382064,71.83709252358722,2025-03-24 14:45:00+00:00,71.0464537382064,-6.451847997146452,stop_hit,h_ema21,holdout
2025-03-24 17:00:00+00:00,71.52000000000001,71.43953324453258,71.68093351093486,2025-03-24 17:15:00+00:00,70.92953324453258,-7.338021174551458,stop_hit,h_ema21,holdout
2025-03-24 18:45:00+00:00,71.56,71.48834549410878,71.70330901178244,2025-03-24 19:00:00+00:00,70.97834549410878,-8.117486802215389,stop_hit,h_ema21,holdout
2025-03-25 14:30:00+00:00,71.76,71.68247858240821,71.9150428351836,2025-03-25 14:45:00+00:00,71.1724785824082,-7.578827062806106,stop_hit,h_ema21,holdout
2025-03-27 14:45:00+00:00,71.31,71.21883010978615,71.4923397804277,2025-03-27 15:00:00+00:00,70.70883010978615,-6.593952112959095,stop_hit,ema21,holdout
2025-03-27 16:15:00+00:00,71.21000000000001,71.12589390015359,71.37821219969285,2025-03-27 16:30:00+00:00,70.61589390015358,-7.0637694641799005,stop_hit,ema21,holdout
2025-03-27 17:15:00+00:00,71.15,71.06515112667344,71.31969774665313,2025-03-27 17:30:00+00:00,70.55515112667344,-7.010686765835196,stop_hit,ema21,holdout
2025-03-27 18:15:00+00:00,71.17,71.08827965766659,71.33344068466683,2025-03-27 18:30:00+00:00,70.57827965766658,-7.240796176786048,stop_hit,ema21,holdout
2025-03-28 15:15:00+00:00,69.68,69.52985708365546,69.9802858326891,2025-03-28 15:30:00+00:00,69.01985708365545,-4.3967636463757795,stop_hit,ema50,holdout
2025-03-28 17:45:00+00:00,69.55000000000001,69.43781173462118,69.77437653075768,2025-03-28 18:00:00+00:00,68.92781173462117,-5.545929989004246,stop_hit,ema50,holdout
2025-03-31 15:45:00+00:00,69.0,68.82096139849362,69.35807720301275,2025-03-31 16:00:00+00:00,68.31096139849362,-3.848547719368992,stop_hit,ema200,holdout
2025-03-31 16:30:00+00:00,68.96000000000001,68.78835721300675,69.30328557398653,2025-03-31 16:45:00+00:00,68.27835721300674,-3.971287106984758,stop_hit,ema200,holdout
2025-03-31 17:15:00+00:00,68.95,68.79438440123026,69.26123119753949,2025-03-31 17:30:00+00:00,68.28438440123026,-4.277306414215134,stop_hit,ema200,holdout
2025-03-31 18:15:00+00:00,68.99000000000001,68.84378001050442,69.28243997899119,2025-03-31 18:30:00+00:00,68.33378001050441,-4.487895203380392,stop_hit,ema200,holdout
2025-03-31 19:15:00+00:00,69.08,68.94762575177052,69.34474849645896,2025-03-31 19:30:00+00:00,68.43762575177051,-4.852713098063283,stop_hit,ema200,holdout
2025-04-01 15:00:00+00:00,68.67,68.45509257438063,69.09981485123875,2025-04-01 15:15:00+00:00,67.94509257438062,-3.373114835516559,stop_hit,ema200,holdout
2025-04-01 17:00:00+00:00,68.71000000000001,68.53788463002483,69.05423073995036,2025-04-01 17:15:00+00:00,68.02788463002483,-3.9631287436651834,stop_hit,ema200,holdout
2025-04-01 19:00:00+00:00,68.52000000000001,68.38121313575115,68.79757372849772,2025-04-01 19:15:00+00:00,67.87121313575115,-4.674699351125409,stop_hit,ema200,holdout
2025-05-06 13:45:00+00:00,73.0,72.90572600076963,73.18854799846073,2025-05-06 14:00:00+00:00,72.39572600076963,-6.4097630753286845,stop_hit,h_ema21,holdout
2025-05-06 18:30:00+00:00,72.98,72.8664271964604,73.2071456070792,2025-05-06 18:45:00+00:00,72.3564271964604,-5.490511672736809,stop_hit,h_ema21,holdout
2025-05-07 14:30:00+00:00,72.68,72.54974074499991,72.9405185100002,2025-05-07 14:45:00+00:00,72.0397407449999,-4.9152688229302495,stop_hit,h_ema21,holdout
2025-05-07 15:45:00+00:00,72.69000000000001,72.5627045844612,72.94459083107763,2025-05-07 16:00:00+00:00,72.0527045844612,-5.006428651348509,stop_hit,h_ema50,holdout
2025-05-07 16:45:00+00:00,72.67,72.5494009172427,72.91119816551459,2025-05-07 17:00:00+00:00,72.0394009172427,-5.228887884880341,stop_hit,h_ema21,holdout
2025-05-07 18:30:00+00:00,72.53,72.40558264295454,72.77883471409092,2025-05-07 18:45:00+00:00,71.89558264295454,-5.099106524290361,stop_hit,h_ema21,holdout
2025-05-08 16:45:00+00:00,72.76,72.61004666789725,73.05990666420551,2025-05-08 17:00:00+00:00,72.10004666789725,-4.401058134877137,stop_hit,h_ema21,holdout
2025-05-09 13:45:00+00:00,72.72,72.5729727917326,73.0140544165348,2025-05-09 14:00:00+00:00,72.06297279173259,-4.468745724073414,stop_hit,h_ema21,holdout
2025-05-09 17:30:00+00:00,72.38000000000001,72.26416878784127,72.61166242431749,2025-05-09 17:45:00+00:00,71.75416878784127,-5.402958326129625,stop_hit,h_ema21,holdout
2025-05-13 18:45:00+00:00,72.87,72.78532565868917,73.03934868262166,2025-05-13 19:00:00+00:00,72.27532565868917,-7.023076083082272,stop_hit,h_ema21,holdout
2025-05-14 16:15:00+00:00,72.04,71.92757235969361,72.26485528061279,2025-05-14 16:30:00+00:00,71.41757235969361,-5.53625103764634,stop_hit,h_ema200,holdout
2025-05-14 17:30:00+00:00,72.01,71.88845015125342,72.25309969749317,2025-05-14 17:45:00+00:00,71.37845015125342,-5.1958094169520335,stop_hit,h_ema200,holdout
2025-05-14 19:15:00+00:00,72.05000000000001,71.94374602963182,72.26250794073638,2025-05-14 19:30:00+00:00,71.43374602963182,-5.799820639480825,stop_hit,h_ema200,holdout
2025-05-15 13:45:00+00:00,72.55000000000001,72.41200099834222,72.82599800331559,2025-05-15 14:00:00+00:00,71.90200099834222,-4.695678909798973,stop_hit,h_ema200,holdout
2025-05-16 15:45:00+00:00,72.84,72.75424529671726,73.0115094065655,2025-05-16 16:00:00+00:00,72.24424529671725,-6.947195669472057,stop_hit,h_ema21,holdout
2025-05-19 14:00:00+00:00,72.78,72.6918531037479,72.9562937925042,2025-05-19 14:15:00+00:00,72.1818531037479,-6.785796456649083,stop_hit,h_ema50,holdout
2025-05-19 15:45:00+00:00,72.92,72.83481576432587,73.09036847134827,2025-05-19 16:00:00+00:00,72.32481576432586,-6.987023255699215,stop_hit,h_ema21,holdout
2025-05-19 17:00:00+00:00,72.95,72.87054737160084,73.10890525679834,2025-05-19 17:15:00+00:00,72.36054737160083,-7.418919175811062,stop_hit,h_ema21,holdout
2025-05-21 15:45:00+00:00,73.5,73.40948929672084,73.68102140655833,2025-05-21 16:00:00+00:00,72.89948929672083,-6.634692710617853,stop_hit,h_ema21,holdout
2025-05-22 15:15:00+00:00,72.86,72.73460809550934,73.11078380898131,2025-05-22 15:30:00+00:00,72.22460809550934,-5.067248217272371,stop_hit,h_ema200,holdout
2025-05-22 17:30:00+00:00,72.9,72.79584834960073,73.10830330079855,2025-05-22 17:45:00+00:00,72.28584834960073,-5.896705890351986,stop_hit,h_ema21,holdout
2025-05-23 13:45:00+00:00,73.17,73.06811089419656,73.37377821160688,2025-05-23 14:00:00+00:00,72.55811089419656,-6.005441906457494,stop_hit,h_ema21,holdout
2025-05-29 13:45:00+00:00,74.21000000000001,74.09822724796781,74.4335455040644,2025-05-29 14:00:00+00:00,73.58822724796781,-5.562829408128961,stop_hit,h_ema21,holdout
2025-05-29 17:45:00+00:00,74.47,74.35853449146664,74.69293101706671,2025-05-29 18:00:00+00:00,73.84853449146664,-5.575406389927201,stop_hit,h_ema21,holdout
2025-05-30 16:15:00+00:00,74.49000000000001,74.36904674143993,74.73190651712017,2025-05-30 16:30:00+00:00,73.85904674143993,-5.216504838905887,stop_hit,h_ema21,holdout
2025-05-30 17:15:00+00:00,74.23,74.09462421861375,74.50075156277252,2025-05-30 17:30:00+00:00,73.58462421861374,-4.7672912745364435,stop_hit,h_ema21,holdout
2025-05-30 18:15:00+00:00,74.4,74.27159574937077,74.65680850125847,2025-05-30 18:30:00+00:00,73.76159574937077,-4.9718311309851995,stop_hit,h_ema21,holdout
2025-06-03 18:30:00+00:00,74.73,74.64569769683028,74.89860460633945,2025-06-03 18:45:00+00:00,74.13569769683028,-7.049656780707981,stop_hit,h_ema21,holdout
2025-06-04 14:15:00+00:00,74.54,74.45346812372546,74.7130637525491,2025-06-04 14:30:00+00:00,73.94346812372545,-6.893781828812704,stop_hit,h_ema21,holdout
2025-06-04 16:00:00+00:00,74.58,74.49750547397177,74.74498905205645,2025-06-04 16:15:00+00:00,73.98750547397177,-7.18222837992299,stop_hit,h_ema21,holdout
2025-06-04 18:30:00+00:00,74.74000000000001,74.67465872940161,74.8706825411968,2025-06-04 18:45:00+00:00,74.16465872940161,-8.805174208114186,stop_hit,h_ema21,holdout
2025-06-06 15:45:00+00:00,74.33,74.21583734343261,74.55832531313477,2025-06-06 16:00:00+00:00,73.7058373434326,-5.467310198751065,stop_hit,h_ema21,holdout
2025-06-06 17:30:00+00:00,74.22,74.12489519572004,74.41020960855991,2025-06-06 17:45:00+00:00,73.61489519572004,-6.362505121179176,stop_hit,h_ema21,holdout
2025-06-10 13:45:00+00:00,74.47,74.41430093268197,74.58139813463606,2025-06-10 14:00:00+00:00,73.90430093268196,-10.156347216516284,stop_hit,h_ema21,holdout
2025-06-10 14:30:00+00:00,74.38000000000001,74.31667243043087,74.50665513913829,2025-06-10 14:45:00+00:00,73.80667243043087,-9.05336448990355,stop_hit,h_ema21,holdout
2025-06-10 16:15:00+00:00,74.30000000000001,74.2301812315652,74.43963753686964,2025-06-10 16:30:00+00:00,73.72018123156519,-8.304626126084754,stop_hit,h_ema200,holdout
2025-06-10 18:45:00+00:00,74.25,74.18901242675032,74.37197514649935,2025-06-10 19:00:00+00:00,73.67901242675032,-9.362359294279903,stop_hit,h_ema21,holdout
2025-06-11 14:00:00+00:00,74.47,74.3965260350624,74.61694792987521,2025-06-11 14:15:00+00:00,73.88652603506239,-7.941234224028899,stop_hit,h_ema21,holdout
2025-06-11 17:15:00+00:00,74.48,74.40140521444607,74.63718957110787,2025-06-11 17:30:00+00:00,73.89140521444607,-7.488980107338568,stop_hit,h_ema21,holdout
2025-06-11 18:45:00+00:00,74.38000000000001,74.30370910660834,74.53258178678335,2025-06-11 19:00:00+00:00,73.79370910660833,-7.6849394118601015,stop_hit,h_ema21,holdout
2025-06-12 13:45:00+00:00,74.69000000000001,74.57861725598485,74.91276548803033,2025-06-12 14:00:00+00:00,74.06861725598485,-5.578806210148606,stop_hit,h_ema21,holdout
2025-06-12 16:15:00+00:00,74.66000000000001,74.56198125669938,74.85603748660127,2025-06-12 16:30:00+00:00,74.05198125669938,-6.203086499852506,stop_hit,h_ema21,holdout
2025-06-12 19:00:00+00:00,74.7,74.62768562545317,74.84462874909367,2025-06-12 19:15:00+00:00,74.11768562545316,-8.052539736338318,stop_hit,h_ema21,holdout
2025-06-13 15:30:00+00:00,74.37,74.2520271661387,74.60594566772261,2025-06-13 15:45:00+00:00,73.7420271661387,-5.3230291526234055,stop_hit,ema21,holdout
2025-06-13 17:00:00+00:00,74.39,74.29413528453317,74.58172943093366,2025-06-13 17:15:00+00:00,73.78413528453316,-6.319997013671444,stop_hit,h_ema21,holdout
2025-06-13 18:00:00+00:00,74.26,74.16691555241442,74.44616889517117,2025-06-13 18:15:00+00:00,73.65691555241442,-6.478895919010635,stop_hit,h_ema21,holdout
2025-07-01 15:30:00+00:00,75.12,75.01111036000235,75.33777927999532,2025-07-01 15:45:00+00:00,74.50111036000234,-5.683641161923049,stop_hit,h_ema21,holdout
2025-07-01 18:45:00+00:00,75.23,75.14546910380692,75.39906179238618,2025-07-01 19:00:00+00:00,74.63546910380691,-7.033296971500868,stop_hit,h_ema21,holdout
2025-07-02 15:00:00+00:00,74.81,74.70907577198703,75.01184845602594,2025-07-02 15:15:00+00:00,74.19907577198703,-6.053296022580999,stop_hit,h_ema200,holdout
2025-07-02 15:45:00+00:00,74.92,74.8259546177316,75.10809076453681,2025-07-02 16:00:00+00:00,74.31595461773159,-6.4229137858621135,stop_hit,h_ema21,holdout
2025-07-02 18:15:00+00:00,74.91000000000001,74.84417705940372,75.0416458811926,2025-07-02 18:30:00+00:00,74.33417705940371,-8.74805858534889,stop_hit,h_ema21,holdout
2025-07-03 14:15:00+00:00,75.12,75.04376105142727,75.27247789714548,2025-07-03 14:30:00+00:00,74.53376105142726,-7.689494143710974,stop_hit,h_ema21,holdout
2025-07-07 17:15:00+00:00,73.51,73.3771427820438,73.7757144359124,2025-07-07 17:30:00+00:00,72.8671427820438,-4.838707507544978,stop_hit,ema21,holdout
2025-07-08 14:00:00+00:00,73.54,73.41441017911023,73.79117964177955,2025-07-08 14:15:00+00:00,72.90441017911023,-5.060838660225686,stop_hit,h_ema21,holdout
2025-07-09 15:45:00+00:00,73.51,73.42931254718845,73.67137490562313,2025-07-09 16:00:00+00:00,72.91931254718844,-7.32068533866195,stop_hit,ema21,holdout
2025-07-09 16:45:00+00:00,73.62,73.54780080331761,73.76439839336479,2025-07-09 17:00:00+00:00,73.03780080331761,-8.063790505087342,stop_hit,donchian_low,holdout
2025-07-10 15:30:00+00:00,73.33,73.2342686058977,73.5214627882046,2025-07-10 15:45:00+00:00,72.72426860589769,-6.327405965226021,stop_hit,ema50,holdout
2025-07-10 16:30:00+00:00,73.4,73.31428794390473,73.57142411219056,2025-07-10 16:45:00+00:00,72.80428794390473,-6.9501547767458,stop_hit,donchian_low,holdout
2025-07-10 17:15:00+00:00,73.39,73.31253666645725,73.5449266670855,2025-07-10 17:30:00+00:00,72.80253666645724,-7.583760040723445,stop_hit,donchian_low,holdout
2025-07-11 15:00:00+00:00,72.82000000000001,72.72978895352985,73.00042209294033,2025-07-11 15:15:00+00:00,72.21978895352984,-6.653409642783678,stop_hit,ema50,holdout
2025-07-11 17:00:00+00:00,72.84,72.75522813057826,73.00954373884349,2025-07-11 17:15:00+00:00,72.24522813057825,-7.016146670810512,stop_hit,ema50,holdout
2025-07-11 18:00:00+00:00,72.88000000000001,72.8077519949356,73.02449601012883,2025-07-11 18:15:00+00:00,72.2977519949356,-8.059018439960214,stop_hit,ema50,holdout
2025-07-14 14:15:00+00:00,72.85000000000001,72.77896533221256,72.9920693355749,2025-07-14 14:30:00+00:00,72.26896533221256,-8.179592949263455,stop_hit,ema50,holdout
2025-07-14 18:15:00+00:00,72.94000000000001,72.88758494608207,73.04483010783589,2025-07-14 18:30:00+00:00,72.37758494608207,-10.730029101915058,stop_hit,ema50,holdout
2025-07-15 18:15:00+00:00,72.31,72.2313543764746,72.46729124705081,2025-07-15 18:30:00+00:00,71.7213543764746,-7.484785511749019,stop_hit,h_ema21,holdout
2025-07-16 15:15:00+00:00,72.30000000000001,72.20609549382952,72.48780901234099,2025-07-16 15:30:00+00:00,71.69609549382952,-6.431049273333825,stop_hit,ema100,holdout
2025-07-16 17:00:00+00:00,72.30000000000001,72.18301170956413,72.53397658087178,2025-07-16 17:15:00+00:00,71.67301170956412,-5.359410656398229,stop_hit,donchian_low,holdout
2025-07-21 16:15:00+00:00,73.43,73.34201786417198,73.60596427165606,2025-07-21 16:30:00+00:00,72.83201786417197,-6.796631272930933,stop_hit,ema21,holdout
2025-07-22 18:45:00+00:00,73.49000000000001,73.426966848431,73.61606630313804,2025-07-22 19:00:00+00:00,72.91696684843099,-9.090980496851705,stop_hit,ema21,holdout
2025-07-29 17:15:00+00:00,74.47,74.39532055762315,74.6193588847537,2025-07-29 17:30:00+00:00,73.88532055762315,-7.82918864640741,stop_hit,ema21,holdout
2025-07-29 19:15:00+00:00,74.48,74.42054734222535,74.59890531554932,2025-07-29 19:30:00+00:00,73.91054734222534,-9.578254010662738,stop_hit,ema21,holdout
2025-07-30 13:45:00+00:00,74.73,74.64124043735158,74.90751912529684,2025-07-30 14:00:00+00:00,74.13124043735158,-6.745859767472437,stop_hit,ema21,holdout
2025-07-30 16:00:00+00:00,74.69000000000001,74.61416690835549,74.84166618328906,2025-07-30 16:15:00+00:00,74.10416690835548,-7.725296159500829,stop_hit,ema21,holdout
2025-07-30 17:45:00+00:00,74.84,74.7767848125965,74.966430374807,2025-07-30 18:00:00+00:00,74.2667848125965,-9.067681532678108,stop_hit,ema21,holdout
2025-07-30 18:30:00+00:00,74.86,74.79534483719917,74.98931032560166,2025-07-30 18:45:00+00:00,74.28534483719916,-8.8880011727917,stop_hit,h_ema50,holdout
2025-07-31 16:30:00+00:00,74.27000000000001,74.16265412128999,74.48469175742005,2025-07-31 16:45:00+00:00,73.65265412128998,-5.750997487082813,stop_hit,ema21,holdout
2025-07-31 18:30:00+00:00,74.06,73.94968905237192,74.28062189525616,2025-07-31 18:45:00+00:00,73.43968905237192,-5.62329452303777,stop_hit,ema21,holdout
2025-07-31 19:15:00+00:00,74.11,74.00924812247125,74.3115037550575,2025-07-31 19:30:00+00:00,73.49924812247124,-6.0619404075568735,stop_hit,ema21,holdout
2025-08-01 15:15:00+00:00,74.24000000000001,74.08255244702995,74.55489510594012,2025-08-01 15:30:00+00:00,73.57255244702995,-4.239173873327852,stop_hit,ema21,holdout
2025-08-01 18:30:00+00:00,74.41000000000001,74.28194883330112,74.6661023333978,2025-08-01 18:45:00+00:00,73.77194883330111,-4.982782923011066,stop_hit,ema21,holdout
2025-08-06 14:45:00+00:00,76.24000000000001,76.12272007665662,76.47455984668679,2025-08-06 15:00:00+00:00,75.61272007665661,-5.348570373010502,stop_hit,h_ema21,holdout
2025-08-07 19:00:00+00:00,76.9,76.79507644887448,77.10984710225105,2025-08-07 19:15:00+00:00,76.28507644887448,-5.860681844344709,stop_hit,h_ema21,holdout
2025-08-12 14:15:00+00:00,79.4,79.26002707246269,79.67994585507464,2025-08-12 14:30:00+00:00,78.75002707246269,-4.643561715632808,stop_hit,h_ema21,holdout
2025-08-13 15:30:00+00:00,79.76,79.67887067464616,79.92225865070769,2025-08-13 15:45:00+00:00,79.16887067464616,-7.2862595957215275,stop_hit,h_ema21,holdout
2025-08-13 17:30:00+00:00,79.76,79.67974889304564,79.92050221390873,2025-08-13 17:45:00+00:00,79.16974889304564,-7.355052526440833,stop_hit,h_ema21,holdout
2025-09-02 14:30:00+00:00,78.64,78.49381190037118,78.93237619925763,2025-09-02 14:45:00+00:00,77.98381190037118,-4.488656062257728,stop_hit,h_ema21,holdout
2025-09-02 16:15:00+00:00,78.34,78.21518166500987,78.58963666998028,2025-09-02 16:30:00+00:00,77.70518166500986,-5.085938175992332,stop_hit,h_ema200,holdout
2025-09-02 17:15:00+00:00,78.44000000000001,78.33442611241011,78.65114777517981,2025-09-02 17:30:00+00:00,77.82442611241011,-5.830739983556355,stop_hit,h_ema200,holdout
2025-09-03 14:30:00+00:00,78.33,78.20941866411806,78.57116267176387,2025-09-03 14:45:00+00:00,77.69941866411806,-5.2295102825809945,stop_hit,h_ema50,holdout
2025-09-03 18:15:00+00:00,78.22,78.1319066942853,78.39618661142939,2025-09-03 18:30:00+00:00,77.6219066942853,-6.789316178595179,stop_hit,h_ema21,holdout
2025-09-05 16:15:00+00:00,79.89,79.73618484750584,80.19763030498832,2025-09-05 16:30:00+00:00,79.22618484750583,-4.315668136267426,stop_hit,h_ema21,holdout
2025-09-05 19:00:00+00:00,79.66000000000001,79.5512120420462,79.87757591590763,2025-09-05 19:15:00+00:00,79.0412120420462,-5.688018872608611,stop_hit,h_ema21,holdout
2025-09-08 14:30:00+00:00,81.05000000000001,80.87229312234597,81.4054137553081,2025-09-08 14:45:00+00:00,80.36229312234596,-3.869894551818397,stop_hit,h_ema21,holdout
2025-09-10 14:15:00+00:00,81.32000000000001,81.20604285064091,81.5479142987182,2025-09-10 14:30:00+00:00,80.69604285064091,-5.475366423855721,stop_hit,h_ema21,holdout
2025-09-10 18:15:00+00:00,80.99000000000001,80.90742763135765,81.15514473728473,2025-09-10 18:30:00+00:00,80.39742763135764,-7.176400270276035,stop_hit,h_ema21,holdout
2025-09-15 17:45:00+00:00,81.88000000000001,81.79748374349796,82.0450325130041,2025-09-15 18:00:00+00:00,81.28748374349796,-7.180600303739636,stop_hit,h_ema21,holdout
2025-09-16 18:00:00+00:00,81.9,81.84057694483892,82.01884611032219,2025-09-16 18:15:00+00:00,81.33057694483891,-9.582527414947629,stop_hit,h_ema21,holdout
2025-09-17 16:30:00+00:00,81.88000000000001,81.82049969208367,81.99900061583268,2025-09-17 16:45:00+00:00,81.31049969208367,-9.57138421396251,stop_hit,h_ema21,holdout
2025-09-17 19:00:00+00:00,81.71000000000001,81.55220514966025,82.02558970067952,2025-09-17 19:15:00+00:00,81.04220514966025,-4.232044638351009,stop_hit,h_ema21,holdout
2025-09-18 14:00:00+00:00,81.80000000000001,81.62026221353167,82.15947557293669,2025-09-18 14:15:00+00:00,81.11026221353167,-3.8374667899331674,stop_hit,h_ema21,holdout
2025-09-18 16:15:00+00:00,82.10000000000001,81.95037316483008,82.39925367033986,2025-09-18 16:30:00+00:00,81.44037316483008,-4.408479497817466,stop_hit,h_ema21,holdout
2025-09-18 19:00:00+00:00,82.16000000000001,82.06624085798796,82.3475182840241,2025-09-18 19:15:00+00:00,81.55624085798796,-6.439469571238996,stop_hit,h_ema21,holdout
2025-09-19 14:00:00+00:00,81.36,81.20778752761179,81.66442494477643,2025-09-19 14:15:00+00:00,80.69778752761178,-4.35057956813987,stop_hit,h_ema21,holdout
2025-09-22 13:45:00+00:00,81.36,81.28435201339838,81.51129597320325,2025-09-22 14:00:00+00:00,80.77435201339837,-7.741752463099391,stop_hit,h_ema21,holdout
2025-09-22 15:30:00+00:00,81.52000000000001,81.44170429859454,81.67659140281094,2025-09-22 15:45:00+00:00,80.93170429859454,-7.513767561247,stop_hit,h_ema21,holdout
2025-09-23 16:30:00+00:00,81.72,81.6542085955881,81.85158280882379,2025-09-23 16:45:00+00:00,81.1442085955881,-8.751772508260729,stop_hit,h_ema21,holdout
2025-09-23 18:45:00+00:00,81.64,81.57760671487888,81.76478657024224,2025-09-23 19:00:00+00:00,81.06760671487888,-9.173956524488046,stop_hit,h_ema50,holdout
2025-09-24 14:45:00+00:00,81.7,81.63245818243595,81.8350836351281,2025-09-24 15:00:00+00:00,81.12245818243595,-8.550877639861865,stop_hit,h_ema21,holdout
2025-09-24 16:30:00+00:00,81.44000000000001,81.35811288127157,81.6037742374569,2025-09-24 16:45:00+00:00,80.84811288127156,-7.22808578344621,stop_hit,h_ema200,holdout
2025-09-24 17:15:00+00:00,81.54,81.45676166186357,81.70647667627289,2025-09-24 17:30:00+00:00,80.94676166186356,-7.126984409083742,stop_hit,h_ema21,holdout
2025-09-24 19:00:00+00:00,81.42,81.34780552493915,81.56438895012171,2025-09-24 19:15:00+00:00,80.83780552493914,-8.064252487051329,stop_hit,h_ema21,holdout
2025-09-25 18:30:00+00:00,80.82000000000001,80.7206142634378,81.01877147312443,2025-09-25 18:45:00+00:00,80.21061426343779,-6.131521057659649,stop_hit,ema21,holdout
2025-09-26 14:45:00+00:00,80.85000000000001,80.74405669642927,81.06188660714149,2025-09-26 15:00:00+00:00,80.23405669642926,-5.813895572545273,stop_hit,ema21,holdout
2025-09-26 15:30:00+00:00,80.92,80.81607236226498,81.12785527547005,2025-09-26 15:45:00+00:00,80.30607236226497,-5.907260581639511,stop_hit,ema21,holdout
2025-09-26 17:00:00+00:00,80.97,80.87835877042514,81.15328245914972,2025-09-26 17:15:00+00:00,80.36835877042513,-6.565180676492209,stop_hit,h_ema21,holdout
2025-09-26 17:45:00+00:00,80.95,80.86875153739943,81.11249692520114,2025-09-26 18:00:00+00:00,80.35875153739943,-7.277041850099305,stop_hit,h_ema21,holdout
2025-09-26 18:30:00+00:00,80.95,80.8724697987123,81.1050604025754,2025-09-26 18:45:00+00:00,80.3624697987123,-7.57808172208256,stop_hit,h_ema21,holdout
2025-09-30 15:00:00+00:00,80.52000000000001,80.43030740004355,80.69938519991294,2025-09-30 15:15:00+00:00,79.92030740004354,-6.686087818254264,stop_hit,ema21,holdout
2025-09-30 16:00:00+00:00,80.53,80.43984875189098,80.71030249621805,2025-09-30 16:15:00+00:00,79.92984875189097,-6.657159614509618,stop_hit,ema21,holdout
2025-09-30 18:45:00+00:00,80.68,80.60000813849113,80.83998372301775,2025-09-30 19:00:00+00:00,80.09000813849113,-7.37564860199478,stop_hit,ema21,holdout
2025-10-01 14:30:00+00:00,81.12,81.0003469419405,81.359306116119,2025-10-01 14:45:00+00:00,80.4903469419405,-5.262323155555331,stop_hit,ema21,holdout
2025-10-02 16:00:00+00:00,80.55000000000001,80.44059360737197,80.7688127852561,2025-10-02 16:15:00+00:00,79.93059360737196,-5.6615192014773585,stop_hit,ema21,holdout
2025-10-02 17:00:00+00:00,80.66000000000001,80.56444877186982,80.85110245626039,2025-10-02 17:15:00+00:00,80.05444877186982,-6.337451019521368,stop_hit,ema21,holdout
2025-10-02 19:15:00+00:00,80.71000000000001,80.64097340198076,80.8480531960385,2025-10-02 19:30:00+00:00,80.13097340198075,-8.388456256496703,stop_hit,ema21,holdout
2025-10-09 15:00:00+00:00,82.21000000000001,82.10805417752502,82.41389164494998,2025-10-09 15:15:00+00:00,81.59805417752501,-6.002657172393014,stop_hit,h_ema21,holdout
2025-10-09 16:00:00+00:00,82.30000000000001,82.18737935662985,82.52524128674034,2025-10-09 16:15:00+00:00,81.67737935662984,-5.528477060140085,stop_hit,h_ema21,holdout
2025-10-09 18:00:00+00:00,82.05000000000001,81.9419446495707,82.26611070085863,2025-10-09 18:15:00+00:00,81.4319446495707,-5.719803304267147,stop_hit,h_ema21,holdout
2025-10-09 19:15:00+00:00,82.03,81.93168481654416,82.22663036691168,2025-10-09 19:30:00+00:00,81.42168481654416,-6.1873981421098465,stop_hit,h_ema21,holdout
2025-10-28 13:45:00+00:00,84.08,83.52545617533507,85.18908764932986,2025-10-29 13:30:00+00:00,83.01545617533506,-1.9196748341903513,stop_hit,ema50,holdout
2025-10-29 16:30:00+00:00,84.16000000000001,84.03762732856863,84.40474534286277,2025-10-29 16:45:00+00:00,83.52762732856863,-5.167597177005262,stop_hit,h_ema21,holdout
2025-10-29 19:00:00+00:00,83.68,83.49796961202907,84.04406077594189,2025-10-29 19:15:00+00:00,82.98796961202906,-3.8017300060988912,stop_hit,h_ema21,holdout
2025-10-30 15:15:00+00:00,84.01,83.8320159175579,84.36596816488422,2025-10-30 15:30:00+00:00,83.32201591755789,-3.86542477845393,stop_hit,h_ema21,holdout
2025-10-30 16:15:00+00:00,84.05000000000001,83.88655707573334,84.37688584853336,2025-10-30 16:30:00+00:00,83.37655707573333,-4.120355330695642,stop_hit,h_ema21,holdout
2025-10-31 14:45:00+00:00,84.27000000000001,84.12471251406613,84.56057497186777,2025-10-31 15:00:00+00:00,83.61471251406613,-4.510281678575627,stop_hit,h_ema50,holdout
2025-10-31 17:45:00+00:00,83.80000000000001,83.67379749629734,84.05240500740535,2025-10-31 18:00:00+00:00,83.16379749629733,-5.041124264868355,stop_hit,h_ema21,holdout
2025-10-31 18:45:00+00:00,83.92,83.80960329789015,84.1407934042197,2025-10-31 19:00:00+00:00,83.29960329789014,-5.619703218059164,stop_hit,h_ema21,holdout
2025-11-03 15:45:00+00:00,83.92,83.8091607052001,84.1416785895998,2025-11-03 16:00:00+00:00,83.2991607052001,-5.601256268552651,stop_hit,h_ema21,holdout
2025-11-03 17:45:00+00:00,84.15,84.04823851881021,84.3535229623796,2025-11-03 18:00:00+00:00,83.5382385188102,-6.011719503657727,stop_hit,h_ema21,holdout
2025-11-04 15:45:00+00:00,83.82000000000001,83.69801947425381,84.0639610514924,2025-11-04 16:00:00+00:00,83.1880194742538,-5.1809952603513105,stop_hit,h_ema21,holdout
2025-11-05 15:00:00+00:00,83.25,83.10765701250551,83.53468597498897,2025-11-05 15:15:00+00:00,82.59765701250551,-4.5828951532983435,stop_hit,ema21,holdout
2025-11-06 15:30:00+00:00,83.65,83.50861709408241,83.9327658118352,2025-11-06 15:45:00+00:00,82.9986170940824,-4.607225333855124,stop_hit,h_ema21,holdout
2025-11-07 15:00:00+00:00,83.26,83.10497629137605,83.57004741724792,2025-11-07 15:15:00+00:00,82.59497629137604,-4.289819373610243,stop_hit,ema21,holdout
2025-11-07 17:30:00+00:00,83.05000000000001,82.89567935494529,83.35864129010946,2025-11-07 17:45:00+00:00,82.38567935494528,-4.30480733682231,stop_hit,ema21,holdout
2025-11-07 19:15:00+00:00,83.36,83.2211672214248,83.63766555715038,2025-11-07 19:30:00+00:00,82.7111672214248,-4.673484066471999,stop_hit,ema21,holdout
2025-11-11 16:45:00+00:00,84.19000000000001,84.08493756491492,84.40012487017019,2025-11-11 17:00:00+00:00,83.57493756491492,-5.854256419879906,stop_hit,h_ema21,holdout
2025-11-12 15:00:00+00:00,84.83,84.72360934910583,85.04278130178834,2025-11-12 15:15:00+00:00,84.21360934910582,-5.793654289297638,stop_hit,h_ema21,holdout
2025-11-13 17:30:00+00:00,84.10000000000001,83.98810619925764,84.32378760148474,2025-11-13 17:45:00+00:00,83.47810619925764,-5.557893257860438,stop_hit,h_ema200,holdout
2025-11-14 14:45:00+00:00,84.21000000000001,84.05169195076378,84.52661609847246,2025-11-14 15:00:00+00:00,83.54169195076378,-4.221567080515207,stop_hit,ema21,holdout
2025-11-17 17:00:00+00:00,83.84,83.67499644746711,84.17000710506579,2025-11-17 17:15:00+00:00,83.1649964474671,-4.090842543516348,stop_hit,ema21,holdout
2025-11-18 16:15:00+00:00,81.07000000000001,80.80561270758268,81.59877458483466,2025-11-18 16:30:00+00:00,80.29561270758268,-2.9289883236709793,stop_hit,ema50,holdout
2025-11-18 17:45:00+00:00,81.35000000000001,81.11041835479297,81.82916329041409,2025-11-18 18:00:00+00:00,80.60041835479296,-3.128710651265787,stop_hit,ema50,holdout
2025-11-18 19:15:00+00:00,81.52000000000001,81.31775405000786,81.9244918999843,2025-11-18 19:30:00+00:00,80.80775405000786,-3.5216821400864076,stop_hit,ema50,holdout
2025-11-19 14:45:00+00:00,81.43,81.24909623897061,81.7918075220588,2025-11-19 15:00:00+00:00,80.7390962389706,-3.819178535028499,stop_hit,ema50,holdout
2025-11-19 18:00:00+00:00,81.16000000000001,80.99704438635574,81.48591122728855,2025-11-19 18:15:00+00:00,80.48704438635573,-4.129686597439494,stop_hit,ema50,holdout
2025-11-20 15:00:00+00:00,81.79,81.60708560233942,82.15582879532117,2025-11-20 15:15:00+00:00,81.09708560233942,-3.788189483839138,stop_hit,ema50,holdout
2025-11-20 18:15:00+00:00,80.69000000000001,80.44247918057401,81.18504163885201,2025-11-20 18:30:00+00:00,79.932479180574,-3.0604327392850927,stop_hit,ema50,holdout
2025-11-21 14:45:00+00:00,81.18,80.88478311260712,81.77043377478577,2025-11-21 15:00:00+00:00,80.37478311260712,-2.727543449508982,stop_hit,ema50,holdout
2025-11-21 16:30:00+00:00,81.12,80.84303479924868,81.67393040150264,2025-11-21 16:45:00+00:00,80.33303479924868,-2.841386566314231,stop_hit,ema50,holdout
2025-11-24 16:45:00+00:00,82.09,81.93143059169196,82.40713881661608,2025-11-24 17:00:00+00:00,81.42143059169196,-4.216257192618579,stop_hit,ema21,holdout
2025-11-24 17:30:00+00:00,82.0,81.85677223394579,82.28645553210842,2025-11-24 17:45:00+00:00,81.34677223394579,-4.560762092784278,stop_hit,ema21,holdout
2025-11-24 18:45:00+00:00,82.26,82.13514542500602,82.50970914998798,2025-11-24 19:00:00+00:00,81.62514542500601,-5.084752200906993,stop_hit,ema21,holdout
2025-11-25 15:00:00+00:00,81.81,81.66591504832459,82.09816990335082,2025-11-25 15:15:00+00:00,81.15591504832459,-4.539578519961732,stop_hit,ema21,holdout
2025-11-25 18:15:00+00:00,82.4,82.27171970302734,82.65656059394533,2025-11-25 18:30:00+00:00,81.76171970302734,-4.975669000116931,stop_hit,ema21,holdout
2025-11-26 15:15:00+00:00,83.33,83.16871748099562,83.65256503800875,2025-11-26 15:30:00+00:00,82.65871748099562,-4.162152991832767,stop_hit,ema21,holdout
2025-11-28 16:00:00+00:00,83.48,83.37874832478472,83.68250335043057,2025-11-28 16:15:00+00:00,82.86874832478472,-6.036953698945197,stop_hit,h_ema21,holdout
2025-11-28 17:45:00+00:00,83.5,83.4170348940917,83.6659302118166,2025-12-01 14:30:00+00:00,82.9070348940917,-7.147162646470875,stop_hit,h_ema21,holdout
2025-12-01 15:00:00+00:00,83.35000000000001,83.22150352125347,83.60699295749309,2025-12-01 15:15:00+00:00,82.71150352125346,-4.968980356309825,stop_hit,ema21,holdout
2025-12-01 16:00:00+00:00,83.30000000000001,83.17032465822888,83.55935068354228,2025-12-01 16:15:00+00:00,82.66032465822887,-4.932898830527982,stop_hit,ema21,holdout
2025-12-01 18:45:00+00:00,83.30000000000001,83.20738105102568,83.48523789794868,2025-12-01 19:00:00+00:00,82.69738105102567,-6.5064325998920065,stop_hit,ema21,holdout
2025-12-02 14:45:00+00:00,83.12,83.0248223669981,83.31035526600382,2025-12-02 15:00:00+00:00,82.51482236699809,-6.358401800029743,stop_hit,ema21,holdout
2025-12-02 15:45:00+00:00,83.09,82.98484620012059,83.30030759975884,2025-12-02 16:00:00+00:00,82.47484620012058,-5.850038710772557,stop_hit,ema21,holdout
2025-12-02 17:30:00+00:00,82.94000000000001,82.83356045161588,83.15287909676827,2025-12-02 17:45:00+00:00,82.32356045161588,-5.791452122283158,stop_hit,ema21,holdout
2025-12-02 19:15:00+00:00,82.89,82.79722584355746,83.07554831288509,2025-12-02 19:30:00+00:00,82.28722584355745,-6.497220557492755,stop_hit,ema21,holdout
2025-12-03 15:30:00+00:00,82.82000000000001,82.71476047131952,83.03047905736098,2025-12-03 15:45:00+00:00,82.20476047131952,-5.846087837854174,stop_hit,ema21,holdout
2025-12-05 17:30:00+00:00,84.08,83.98308667706928,84.27382664586143,2025-12-05 17:45:00+00:00,83.47308667706928,-6.262434354506651,stop_hit,h_ema21,holdout
2025-12-08 18:00:00+00:00,83.80000000000001,83.71565821283362,83.9686835743328,2025-12-08 18:15:00+00:00,83.20565821283361,-7.046824677711022,stop_hit,h_ema21,holdout
2025-12-09 18:30:00+00:00,83.93,83.84782689638081,84.0943462072384,2025-12-09 18:45:00+00:00,83.3378268963808,-7.206410340339831,stop_hit,h_ema21,holdout
2025-12-10 16:15:00+00:00,83.76,83.68094220086925,83.91811559826151,2025-12-10 16:30:00+00:00,83.17094220086925,-7.450976445176905,stop_hit,ema21,holdout
2025-12-11 14:45:00+00:00,84.62,84.46715780682246,84.9256843863551,2025-12-11 15:00:00+00:00,83.95715780682245,-4.336774940199702,stop_hit,h_ema21,holdout
2025-12-29 15:30:00+00:00,81.5,81.21919075977642,82.06161848044715,2025-12-29 15:45:00+00:00,80.70919075977642,-2.816179551619994,stop_hit,h_ema21,holdout
2025-12-30 16:30:00+00:00,81.75,81.66189899689384,81.92620200621232,2025-12-30 16:45:00+00:00,81.15189899689383,-6.788810365592107,stop_hit,ema50,holdout
2026-01-02 17:00:00+00:00,81.62,81.47949068454705,81.90101863090592,2026-01-02 17:15:00+00:00,80.96949068454704,-4.629652584641234,stop_hit,ema50,holdout
2026-01-02 18:45:00+00:00,81.45,81.33302855353942,81.68394289292117,2026-01-02 19:00:00+00:00,80.82302855353942,-5.360038414775611,stop_hit,ema50,holdout
2026-01-06 19:00:00+00:00,83.48,83.41328805215255,83.61342389569491,2026-01-06 19:15:00+00:00,82.90328805215255,-8.64480751133525,stop_hit,h_ema21,holdout
2026-01-07 15:45:00+00:00,83.48,83.40374169127848,83.63251661744304,2026-01-07 16:00:00+00:00,82.89374169127848,-7.6877958421871,stop_hit,ema21,holdout
2026-01-08 15:15:00+00:00,83.26,83.15592251325255,83.46815497349492,2026-01-08 15:30:00+00:00,82.64592251325254,-5.90019519050759,stop_hit,ema21,holdout
2026-01-08 17:45:00+00:00,83.35000000000001,83.26151324867598,83.52697350264806,2026-01-08 18:00:00+00:00,82.75151324867598,-6.763574686253918,stop_hit,ema21,holdout
2026-01-13 16:45:00+00:00,84.94000000000001,84.80898870778286,85.20202258443432,2026-01-13 17:00:00+00:00,84.29898870778285,-4.892794211621655,stop_hit,h_ema50,holdout
2026-01-14 15:00:00+00:00,85.65,85.51703171663324,85.91593656673354,2026-01-14 15:15:00+00:00,85.00703171663324,-4.83550112167184,stop_hit,h_ema21,holdout
2026-01-14 18:15:00+00:00,85.49000000000001,85.3749239125138,85.72015217497244,2026-01-14 18:30:00+00:00,84.86492391251379,-5.431850362144913,stop_hit,h_ema21,holdout
2026-01-14 19:00:00+00:00,85.52000000000001,85.41295110633848,85.73409778732307,2026-01-14 19:15:00+00:00,84.90295110633848,-5.7641781484687495,stop_hit,h_ema21,holdout
2026-01-16 16:00:00+00:00,85.94000000000001,85.83260322188607,86.15479355622789,2026-01-16 16:15:00+00:00,85.32260322188607,-5.748745809291837,stop_hit,h_ema21,holdout
2026-01-20 15:30:00+00:00,84.59,84.40629156638397,84.95741686723207,2026-01-20 15:45:00+00:00,83.89629156638397,-3.776138198782699,stop_hit,ema21,holdout
2026-01-21 14:45:00+00:00,84.89,84.73313396317369,85.20373207365263,2026-01-21 15:00:00+00:00,84.22313396317368,-4.251181774705545,stop_hit,ema21,holdout
2026-01-21 17:30:00+00:00,84.71000000000001,84.55860499209216,85.01279001581571,2026-01-21 17:45:00+00:00,84.04860499209215,-4.368671180429041,stop_hit,ema21,holdout
2026-01-23 15:00:00+00:00,84.61,84.4746799023165,84.88064019536701,2026-01-23 15:15:00+00:00,83.96467990231649,-4.768841500490401,stop_hit,ema21,holdout
2026-01-23 16:45:00+00:00,84.87,84.73432815087966,85.14134369824069,2026-01-23 17:00:00+00:00,84.22432815087966,-4.759070163093522,stop_hit,ema21,holdout
2026-01-23 18:30:00+00:00,85.15,84.99624215915497,85.45751568169007,2026-01-23 18:45:00+00:00,84.48624215915497,-4.3169040173633855,stop_hit,ema21,holdout
2026-01-27 15:15:00+00:00,86.13000000000001,85.9740054521743,86.44198909565144,2026-01-27 15:30:00+00:00,85.46400545217429,-4.269345032300796,stop_hit,h_ema21,holdout
2026-01-28 17:45:00+00:00,85.57000000000001,85.43890513171121,85.8321897365776,2026-01-28 18:00:00+00:00,84.9289051317112,-4.890312463463403,stop_hit,h_ema200,holdout
2026-01-28 18:30:00+00:00,85.54,85.41914160873526,85.7817167825295,2026-01-28 18:45:00+00:00,84.90914160873525,-5.219814566973857,stop_hit,h_ema21,holdout
2026-01-30 15:45:00+00:00,86.54,86.3672704115814,86.88545917683722,2026-01-30 16:00:00+00:00,85.8572704115814,-3.9525919946270918,stop_hit,h_ema21,holdout
2026-01-30 17:30:00+00:00,86.27000000000001,86.0920598031227,86.62588039375464,2026-01-30 17:45:00+00:00,85.58205980312269,-3.8661314809696106,stop_hit,h_ema21,holdout
2026-01-30 19:00:00+00:00,86.41000000000001,86.22426599145696,86.78146801708611,2026-01-30 19:15:00+00:00,85.71426599145695,-3.7458622360039873,stop_hit,h_ema21,holdout
2026-02-02 15:15:00+00:00,86.09,85.89089228311515,86.48821543376971,2026-02-02 15:30:00+00:00,85.38089228311514,-3.5614275929593666,stop_hit,h_ema21,holdout
2026-02-02 18:00:00+00:00,86.485,86.34139907595683,86.77220184808634,2026-02-02 18:15:00+00:00,85.83139907595682,-4.551509180029273,stop_hit,h_ema21,holdout
2026-02-03 19:15:00+00:00,86.67,86.50333545349143,87.00332909301714,2026-02-03 19:30:00+00:00,85.99333545349143,-4.060038926597855,stop_hit,h_ema21,holdout
2026-02-04 18:00:00+00:00,87.92,87.67049385622404,88.41901228755192,2026-02-04 18:15:00+00:00,87.16049385622404,-3.044037843244256,stop_hit,h_ema21,holdout
2026-02-05 17:00:00+00:00,87.08,86.82774413773627,87.58451172452745,2026-02-05 17:15:00+00:00,86.31774413773627,-3.0217567806880954,stop_hit,h_ema200,holdout
2026-02-05 19:15:00+00:00,86.98,86.76377663614117,87.41244672771766,2026-02-05 19:30:00+00:00,86.25377663614117,-3.358672027380805,stop_hit,h_ema21,holdout
2026-02-06 14:45:00+00:00,89.62,89.23303188749381,90.3939362250124,2026-02-06 15:00:00+00:00,88.7230318874938,-2.3179380510114753,stop_hit,h_ema21,holdout
2026-02-26 18:15:00+00:00,92.71000000000001,92.55672790066536,93.0165441986693,2026-02-26 18:30:00+00:00,92.04672790066536,-4.327415767213501,stop_hit,h_ema21,holdout
2026-02-26 19:15:00+00:00,93.0,92.84441731494438,93.31116537011124,2026-02-26 19:30:00+00:00,92.33441731494437,-4.27799973253889,stop_hit,h_ema21,holdout
2026-02-27 15:15:00+00:00,92.99000000000001,92.81796468145406,93.33407063709191,2026-02-27 15:30:00+00:00,92.30796468145405,-3.9645075459536026,stop_hit,h_ema21,holdout
2026-02-27 16:15:00+00:00,93.19000000000001,93.01956110128617,93.53087779742769,2026-02-27 16:30:00+00:00,92.50956110128617,-3.9922746734961843,stop_hit,h_ema21,holdout
2026-02-27 18:30:00+00:00,92.88000000000001,92.72989452379647,93.18021095240708,2026-02-27 18:45:00+00:00,92.21989452379647,-4.397610886017721,stop_hit,h_ema21,holdout
2026-03-02 15:15:00+00:00,90.43,90.06514564187997,91.15970871624009,2026-03-02 15:30:00+00:00,89.55514564187996,-2.3978180297142266,stop_hit,h_ema21,holdout
2026-03-02 16:45:00+00:00,90.74000000000001,90.40318552571327,91.41362894857349,2026-03-02 17:00:00+00:00,89.89318552571326,-2.514186707919883,stop_hit,h_ema200,holdout
2026-03-02 18:00:00+00:00,90.65,90.37592835834522,91.19814328330958,2026-03-02 18:15:00+00:00,89.86592835834522,-2.8608273257340127,stop_hit,h_ema200,holdout
2026-03-02 19:15:00+00:00,90.61,90.37792057988314,91.07415884023372,2026-03-02 19:30:00+00:00,89.86792057988313,-3.197523588016552,stop_hit,h_ema200,holdout
2026-03-03 16:45:00+00:00,85.63000000000001,85.09596174079462,86.69807651841079,2026-03-03 19:30:00+00:00,86.18807651841078,2.0,scaleout_tier_1,ema50,holdout
2026-03-03 16:45:00+00:00,85.63000000000001,85.09596174079462,87.23211477761618,2026-03-04 14:30:00+00:00,86.72211477761617,3.0,scaleout_tier_2,ema50,holdout
2026-03-03 16:45:00+00:00,85.63000000000001,85.09596174079462,87.76615303682156,2026-03-04 15:15:00+00:00,87.25615303682156,4.0,scaleout_tier_3,ema50,holdout
2026-03-03 16:45:00+00:00,85.63000000000001,85.09596174079462,88.30019129602695,2026-03-04 17:00:00+00:00,87.79019129602695,5.0,scaleout_tier_4,ema50,holdout
2026-03-03 16:45:00+00:00,85.63000000000001,85.09596174079462,86.69807651841079,2026-03-05 14:30:00+00:00,85.75,0.22470300195072526,trail_exit,ema50,holdout
2026-03-05 15:00:00+00:00,87.28,86.91375308227687,88.01249383544626,2026-03-05 15:15:00+00:00,86.40375308227686,-2.392503186567553,stop_hit,ema21,holdout
2026-03-06 16:45:00+00:00,85.27000000000001,84.88276410335446,86.04447179329111,2026-03-06 17:00:00+00:00,84.37276410335446,-2.3170266610557184,stop_hit,ema50,holdout
2026-03-06 18:00:00+00:00,84.98,84.6238518776157,85.6922962447686,2026-03-06 20:30:00+00:00,84.1138518776157,-2.43198845633586,stop_hit,ema50,holdout
2026-03-09 15:15:00+00:00,84.41000000000001,84.0315149277758,85.16697014444843,2026-03-09 15:45:00+00:00,83.5215149277758,-2.347477185831756,stop_hit,ema100,holdout
2026-03-09 18:00:00+00:00,84.39,84.09126467248942,84.98747065502117,2026-03-09 18:15:00+00:00,83.58126467248941,-2.707196816158059,stop_hit,ema100,holdout
2026-03-10 14:30:00+00:00,87.18,86.7624811543387,88.01503769132262,2026-03-10 18:00:00+00:00,86.52,-1.5807669686254295,trail_exit,ema21,holdout
2026-03-11 14:15:00+00:00,86.35000000000001,85.93500225185961,87.1799954962808,2026-03-11 14:30:00+00:00,85.42500225185961,-2.228922330989305,stop_hit,ema21,holdout
2026-03-11 16:45:00+00:00,85.86,85.52863457106297,86.52273085787407,2026-03-11 17:00:00+00:00,85.01863457106296,-2.539086324231235,stop_hit,ema50,holdout
2026-03-11 18:00:00+00:00,85.84,85.53378061557997,86.45243876884007,2026-03-11 18:15:00+00:00,85.02378061557997,-2.6654726184820907,stop_hit,ema50,holdout
2026-03-12 16:30:00+00:00,84.89,84.52834690987721,85.61330618024557,2026-03-12 16:45:00+00:00,84.01834690987721,-2.4101911857765494,stop_hit,ema50,holdout
2026-03-13 13:45:00+00:00,85.29,85.02308037164056,85.8238392567189,2026-03-13 14:00:00+00:00,84.51308037164056,-2.9106875096994225,stop_hit,ema50,holdout
2026-03-13 15:15:00+00:00,84.56,84.26435105636762,85.15129788726477,2026-03-13 15:30:00+00:00,83.75435105636761,-2.725018847468454,stop_hit,ema50,holdout
2026-03-13 18:45:00+00:00,84.18,83.93253337386845,84.67493325226312,2026-03-13 19:00:00+00:00,83.42253337386845,-3.0608839582630667,stop_hit,ema100,holdout
2026-03-16 13:45:00+00:00,85.43,85.10742578583708,86.07514842832586,2026-03-16 14:00:00+00:00,84.59742578583707,-2.5810315195944726,stop_hit,ema50,holdout
2026-03-16 15:00:00+00:00,85.52000000000001,85.21947198767778,86.12105602464447,2026-03-16 15:15:00+00:00,84.70947198767777,-2.6970131870874425,stop_hit,ema50,holdout
2026-03-16 17:15:00+00:00,85.34,85.08730676694691,85.84538646610619,2026-03-16 17:30:00+00:00,84.5773067669469,-3.018257449311465,stop_hit,ema50,holdout
2026-03-17 17:15:00+00:00,85.62,85.41705119657242,86.02589760685518,2026-03-17 17:30:00+00:00,84.90705119657241,-3.51294903634143,stop_hit,ema50,holdout
2026-03-18 14:00:00+00:00,85.47,85.30278002475158,85.80443995049683,2026-03-18 14:15:00+00:00,84.79278002475158,-4.049874868372462,stop_hit,ema50,holdout
2026-03-18 14:45:00+00:00,85.30000000000001,85.11236068308281,85.67527863383441,2026-03-18 15:00:00+00:00,84.60236068308281,-3.7179804764747493,stop_hit,ema50,holdout
2026-03-18 17:00:00+00:00,85.42,85.24928624133459,85.76142751733083,2026-03-18 17:15:00+00:00,84.73928624133458,-3.9874569219670564,stop_hit,ema50,holdout
2026-03-19 16:00:00+00:00,83.76,83.39400869676086,84.49198260647829,2026-03-19 16:15:00+00:00,82.88400869676086,-2.3934757342219335,stop_hit,ema100,holdout
2026-03-19 17:30:00+00:00,83.80000000000001,83.45026896924374,84.49946206151256,2026-03-19 17:45:00+00:00,82.94026896924373,-2.458263508665954,stop_hit,ema100,holdout
2026-03-19 19:00:00+00:00,84.13000000000001,83.8220764617058,84.74584707658842,2026-03-20 13:30:00+00:00,83.3120764617058,-2.6562553250239915,stop_hit,ema100,holdout
2026-03-23 13:45:00+00:00,84.12,83.6506637941816,85.05867241163682,2026-03-23 15:45:00+00:00,83.14066379418159,-2.086641076647154,stop_hit,ema100,holdout
2026-03-23 16:45:00+00:00,83.68,83.24282954684818,84.55434090630365,2026-03-23 17:00:00+00:00,82.73282954684818,-2.166593021836475,stop_hit,ema21,holdout
2026-03-24 14:00:00+00:00,83.53,83.1594970772822,84.27100584543561,2026-03-24 14:15:00+00:00,82.64949707728219,-2.376507359939099,stop_hit,ema100,holdout
2026-03-24 18:00:00+00:00,83.89,83.55048091094389,84.56903817811222,2026-03-24 18:15:00+00:00,83.04048091094388,-2.5021246711572065,stop_hit,ema100,holdout
2026-03-25 14:15:00+00:00,85.59,85.18148627571871,86.40702744856259,2026-03-25 14:30:00+00:00,84.6714862757187,-2.248428069086933,stop_hit,ema21,holdout
2026-03-25 16:30:00+00:00,85.36,84.99152555889286,86.09694888221428,2026-03-25 16:45:00+00:00,84.48152555889286,-2.384085144325425,stop_hit,ema21,holdout
2026-03-27 14:15:00+00:00,82.65,82.39505299209297,83.15989401581407,2026-03-27 14:30:00+00:00,81.88505299209297,-3.000415710648287,stop_hit,ema100,holdout
2026-03-27 15:30:00+00:00,82.79,82.5164033598225,83.33719328035501,2026-03-27 15:45:00+00:00,82.0064033598225,-2.864057978450071,stop_hit,ema100,holdout
2026-03-27 18:30:00+00:00,81.87,81.64521809278452,82.31956381443098,2026-03-27 18:45:00+00:00,81.13521809278451,-3.2688658812343574,stop_hit,donchian_low,holdout
2026-03-30 13:45:00+00:00,82.83,82.54863114126059,83.39273771747882,2026-03-30 14:00:00+00:00,82.03863114126058,-2.8125673263377644,stop_hit,ema100,holdout
2026-03-30 15:30:00+00:00,82.88000000000001,82.59265974797802,83.45468050404399,2026-03-30 15:45:00+00:00,82.08265974797801,-2.774899257626366,stop_hit,ema100,holdout
2026-03-31 14:30:00+00:00,83.32000000000001,83.02522931625626,83.9095413674875,2026-03-31 14:45:00+00:00,82.51522931625625,-2.73015848632817,stop_hit,ema100,holdout
2026-03-31 15:15:00+00:00,83.22,82.90392449264394,83.85215101471212,2026-03-31 15:30:00+00:00,82.39392449264393,-2.613538499917639,stop_hit,ema100,holdout
2026-03-31 16:15:00+00:00,83.01,82.714235928634,83.60152814273202,2026-03-31 16:30:00+00:00,82.20423592863399,-2.7243473747319347,stop_hit,ema100,holdout
2026-03-31 18:15:00+00:00,84.32000000000001,83.95846057566152,85.04307884867698,2026-03-31 18:30:00+00:00,83.44846057566151,-2.410634541262426,stop_hit,ema21,holdout
2026-04-02 14:45:00+00:00,86.10000000000001,85.62792307955087,87.04415384089829,2026-04-02 15:00:00+00:00,85.11792307955086,-2.080332415985904,stop_hit,ema21,holdout
2026-04-06 14:30:00+00:00,85.9,85.63668237705542,86.42663524588917,2026-04-06 14:45:00+00:00,85.12668237705542,-2.936824411130799,stop_hit,ema21,holdout
2026-04-06 16:45:00+00:00,86.16000000000001,85.94640728728261,86.58718542543481,2026-04-06 17:00:00+00:00,85.4364072872826,-3.387721910132652,stop_hit,ema21,holdout
2026-04-06 18:15:00+00:00,86.10000000000001,85.87292092393493,86.55415815213017,2026-04-06 18:30:00+00:00,85.36292092393492,-3.2459136651315177,stop_hit,ema21,holdout
2026-04-07 14:30:00+00:00,85.05000000000001,84.79123151221506,85.56753697556991,2026-04-07 14:45:00+00:00,84.28123151221506,-2.9708736730874463,stop_hit,ema21,holdout
2026-04-07 16:15:00+00:00,84.88000000000001,84.58456318514146,85.4708736297171,2026-04-07 16:30:00+00:00,84.07456318514146,-2.7262574410172573,stop_hit,ema21,holdout
2026-04-09 15:30:00+00:00,88.03,87.68887794307173,88.71224411385654,2026-04-10 13:30:00+00:00,87.5,-1.5536960722286188,trail_exit,h_ema50,holdout
2026-04-10 15:15:00+00:00,88.80000000000001,88.5845118974598,89.23097620508042,2026-04-10 15:30:00+00:00,88.0745118974598,-3.3667199905147815,stop_hit,h_ema21,holdout
2026-04-10 17:00:00+00:00,88.48,88.28568368929713,88.86863262140575,2026-04-10 17:15:00+00:00,87.77568368929713,-3.6245866759987972,stop_hit,h_ema21,holdout
2026-04-13 14:30:00+00:00,87.93,87.68481341667228,88.42037316665545,2026-04-13 14:45:00+00:00,87.17481341667228,-3.0800485617042366,stop_hit,ema21,holdout
2026-04-13 16:15:00+00:00,87.91000000000001,87.68880439120863,88.35239121758276,2026-04-13 16:30:00+00:00,87.17880439120863,-3.3056515578526646,stop_hit,h_ema21,holdout
2026-04-13 18:15:00+00:00,88.62,88.4358250086038,88.98834998279241,2026-04-13 18:30:00+00:00,87.9258250086038,-3.7691055997004086,stop_hit,h_ema21,holdout
2026-04-15 14:00:00+00:00,89.36,89.19135586483391,89.69728827033218,2026-04-15 14:15:00+00:00,88.6813558648339,-4.024119394947996,stop_hit,h_ema21,holdout
2026-04-15 16:15:00+00:00,89.59,89.43411513043556,89.9017697391289,2026-04-15 16:30:00+00:00,88.92411513043555,-4.271645294536823,stop_hit,h_ema21,holdout
2026-04-15 18:15:00+00:00,89.49000000000001,89.34869343713795,89.77261312572412,2026-04-15 18:30:00+00:00,88.83869343713795,-4.609174193118474,stop_hit,h_ema21,holdout
2026-04-16 15:45:00+00:00,89.96000000000001,89.77053686272981,90.3389262745404,2026-04-16 16:00:00+00:00,89.26053686272981,-3.691816505037016,stop_hit,h_ema21,holdout
2026-04-20 15:30:00+00:00,89.95,89.71091845964852,90.42816308070296,2026-04-20 15:45:00+00:00,89.20091845964852,-3.133163435580369,stop_hit,h_ema200,holdout
2026-04-20 19:15:00+00:00,89.77000000000001,89.61558881825022,90.0788223634996,2026-04-20 19:30:00+00:00,89.10558881825021,-4.302869612295336,stop_hit,h_ema21,holdout
2026-04-21 19:00:00+00:00,88.13000000000001,87.89849463475637,88.59301073048728,2026-04-21 19:15:00+00:00,87.38849463475637,-3.202972702007508,stop_hit,ema21,holdout
2026-04-22 13:45:00+00:00,88.22,87.91562001402427,88.82875997195146,2026-04-22 14:00:00+00:00,87.40562001402427,-2.6755372347006836,stop_hit,ema21,holdout
2026-04-22 17:15:00+00:00,88.15,87.94374716029525,88.56250567940953,2026-04-22 17:30:00+00:00,87.43374716029524,-3.4726932280304257,stop_hit,ema21,holdout
2026-04-22 18:45:00+00:00,88.25,88.08129269015215,88.58741461969569,2026-04-22 19:00:00+00:00,87.57129269015215,-4.022986973474732,stop_hit,ema21,holdout
2026-04-23 18:15:00+00:00,87.58,87.30507226322788,88.12985547354423,2026-04-23 18:30:00+00:00,86.79507226322788,-2.855032911512825,stop_hit,ema21,holdout
2026-04-24 14:15:00+00:00,87.42,87.1559271573095,87.948145685381,2026-04-24 14:30:00+00:00,86.6459271573095,-2.9312853029637216,stop_hit,ema21,holdout
2026-04-27 17:45:00+00:00,88.22,88.08352863766328,88.49294272467344,2026-04-27 18:00:00+00:00,87.57352863766327,-4.737047767880145,stop_hit,ema21,holdout
2026-04-27 19:15:00+00:00,88.18,88.06848106576965,88.40303786846073,2026-04-27 19:30:00+00:00,87.55848106576964,-5.573214436810484,stop_hit,ema21,holdout
2026-04-28 17:00:00+00:00,88.08,87.93783058290049,88.36433883419902,2026-04-28 17:15:00+00:00,87.42783058290048,-4.58726940297601,stop_hit,ema21,holdout
2026-04-28 19:15:00+00:00,88.2,88.0834309942221,88.43313801155581,2026-04-28 19:30:00+00:00,87.5734309942221,-5.3750909308748245,stop_hit,ema21,holdout
2026-04-29 18:00:00+00:00,87.46000000000001,87.31752117473178,87.74495765053646,2026-04-29 18:15:00+00:00,86.80752117473178,-4.579479259741859,stop_hit,ema21,holdout
2026-04-29 19:00:00+00:00,87.27000000000001,87.09183184796737,87.62633630406529,2026-04-29 19:15:00+00:00,86.58183184796736,-3.862464442615838,stop_hit,ema21,holdout
2026-05-01 18:00:00+00:00,88.97,88.80234839326167,89.30530321347666,2026-05-01 18:15:00+00:00,88.29234839326166,-4.042022739430143,stop_hit,h_ema21,holdout
2026-05-04 14:30:00+00:00,89.30000000000001,89.11902118212491,89.66195763575021,2026-05-04 14:45:00+00:00,88.6090211821249,-3.8180093448945653,stop_hit,ema21,holdout
2026-05-04 17:15:00+00:00,88.52000000000001,88.29077839681537,88.97844320636929,2026-05-04 17:30:00+00:00,87.78077839681536,-3.2249211807021254,stop_hit,ema21,holdout
2026-05-04 18:15:00+00:00,88.63000000000001,88.4269200799522,89.03615984009564,2026-05-04 18:30:00+00:00,87.91692007995219,-3.511326574680212,stop_hit,ema21,holdout
2026-05-05 14:30:00+00:00,89.32000000000001,89.10698099688176,89.7460380062365,2026-05-05 14:45:00+00:00,88.59698099688175,-3.394152599225626,stop_hit,ema21,holdout
2026-05-07 16:30:00+00:00,91.95,91.78410794059957,92.28178411880087,2026-05-07 16:45:00+00:00,91.27410794059956,-4.074288195850018,stop_hit,h_ema21,holdout
2026-05-07 18:00:00+00:00,91.68,91.49761381772495,92.04477236455011,2026-05-07 18:15:00+00:00,90.98761381772495,-3.796264462791837,stop_hit,h_ema21,holdout
2026-05-07 19:00:00+00:00,91.7,91.50310777405357,92.09378445189286,2026-05-07 19:15:00+00:00,90.99310777405357,-3.5902495517459907,stop_hit,h_ema21,holdout
