entry_date,entry_price,stop,target,exit_date,exit_price,R_multiple,exit_reason,zone_triggered,period
2023-02-02 15:30:00+00:00,179.29999999999998,178.68611347407457,180.5277730518508,2023-02-02 16:15:00+00:00,178.42611347407458,-1.423531042008214,stop_hit,h_ema21,train
2023-02-03 15:45:00+00:00,174.85,174.28657881023585,175.97684237952828,2023-02-03 16:00:00+00:00,174.02657881023586,-1.4614664920728868,stop_hit,ema21,train
2023-02-06 14:45:00+00:00,174.31,173.954232782167,175.021534435666,2023-02-06 15:00:00+00:00,173.694232782167,-1.7308149457492545,stop_hit,h_ema21,train
2023-02-06 16:15:00+00:00,173.91,173.54434462841516,174.64131074316967,2023-02-06 17:00:00+00:00,173.28434462841517,-1.7110520457366454,stop_hit,h_ema21,train
2023-02-06 18:00:00+00:00,173.78879999999998,173.48840881813743,174.38958236372508,2023-02-06 18:15:00+00:00,173.22840881813744,-1.8655380573686686,stop_hit,h_ema21,train
2023-02-07 17:45:00+00:00,174.92,174.5842555799373,175.59148884012538,2023-02-07 18:00:00+00:00,174.3242555799373,-1.7743985736276402,stop_hit,ema21,train
2023-02-08 17:00:00+00:00,174.67,174.30857055969577,175.39285888060843,2023-02-08 17:30:00+00:00,174.04857055969578,-1.7193658595745405,stop_hit,ema21,train
2023-02-09 18:00:00+00:00,174.01,173.64235915882412,174.74528168235173,2023-02-09 18:15:00+00:00,173.38235915882413,-1.7072119603698042,stop_hit,ema21,train
2023-02-10 14:45:00+00:00,173.66,173.32078687716196,174.33842624567606,2023-02-10 15:00:00+00:00,173.06078687716197,-1.7664797806897818,stop_hit,donchian_low,train
2023-02-10 17:15:00+00:00,173.13,172.80835034823474,173.7732993035305,2023-02-13 14:30:00+00:00,172.54835034823475,-1.8083329130719605,stop_hit,donchian_low,train
2023-02-13 15:30:00+00:00,173.0101,172.7430961021501,173.54410779569977,2023-02-13 15:45:00+00:00,172.4830961021501,-1.9737685557915108,stop_hit,ema50,train
2023-02-13 17:15:00+00:00,172.57999999999998,172.32403214210484,173.09193571579027,2023-02-13 17:30:00+00:00,172.06403214210485,-2.015752532907859,stop_hit,ema50,train
2023-02-13 18:45:00+00:00,172.765,172.5418759190209,173.21124816195817,2023-02-13 19:00:00+00:00,172.2818759190209,-2.1652709060316813,stop_hit,ema50,train
2023-02-14 15:00:00+00:00,172.89999999999998,172.6032705392007,173.49345892159852,2023-02-14 15:30:00+00:00,172.34327053920072,-1.8762190289419036,stop_hit,ema50,train
2023-02-15 16:45:00+00:00,170.98,170.59834098615775,171.74331802768447,2023-02-15 17:15:00+00:00,170.33834098615776,-1.6812363669405272,stop_hit,ema50,train
2023-02-15 18:45:00+00:00,171.01,170.71860743753462,171.59278512493074,2023-02-15 19:30:00+00:00,170.45860743753462,-1.8922671114191016,stop_hit,ema50,train
2023-02-16 15:15:00+00:00,170.58499999999998,170.31201593697133,171.13096812605727,2023-02-16 16:45:00+00:00,170.87096812605728,2.0,scaleout_tier_1,ema50,train
2023-02-16 15:15:00+00:00,170.58499999999998,170.31201593697133,171.4039521890859,2023-02-16 18:30:00+00:00,171.14395218908592,3.0,scaleout_tier_2,ema50,train
2023-02-16 15:15:00+00:00,170.58499999999998,170.31201593697133,171.13096812605727,2023-02-16 20:45:00+00:00,170.52,-0.23810913823620813,trail_exit,ema50,train
2023-02-17 15:15:00+00:00,170.82999999999998,170.4644951131345,171.56100977373097,2023-02-21 14:45:00+00:00,170.4,-1.1764548586137458,trail_exit,ema50,train
2023-02-21 15:30:00+00:00,171.28,170.99785227124454,171.84429545751092,2023-02-21 15:45:00+00:00,170.73785227124455,-1.9215030762318626,stop_hit,ema50,train
2023-02-21 16:30:00+00:00,171.03,170.74287802267324,171.60424395465353,2023-02-21 16:45:00+00:00,170.48287802267325,-1.9055384837507399,stop_hit,ema50,train
2023-02-21 17:30:00+00:00,170.84,170.57681525680889,171.36636948638224,2023-02-21 18:15:00+00:00,170.3168152568089,-1.987899210446197,stop_hit,ema50,train
2023-02-22 15:30:00+00:00,171.01999999999998,170.7682903271935,171.52341934561292,2023-02-22 15:45:00+00:00,170.50829032719352,-2.032936069166857,stop_hit,ema50,train
2023-02-22 17:30:00+00:00,170.67,170.45596905486462,171.0980618902707,2023-02-22 17:45:00+00:00,170.19596905486463,-2.2147776100112764,stop_hit,ema50,train
2023-02-23 15:00:00+00:00,170.25,169.97668586779724,170.7966282644055,2023-02-23 15:15:00+00:00,169.71668586779725,-1.9512863381945853,stop_hit,ema100,train
2023-02-23 18:45:00+00:00,169.70999999999998,169.4613458787081,170.20730824258374,2023-02-24 14:30:00+00:00,169.2013458787081,-2.045629160092604,stop_hit,ema100,train
2023-02-24 15:00:00+00:00,168.85999999999999,168.57172302584962,169.4365539483007,2023-02-24 15:15:00+00:00,168.31172302584963,-1.9019103962995543,stop_hit,ema100,train
2023-02-24 16:30:00+00:00,168.88,168.58150968321,169.47698063358,2023-02-24 16:45:00+00:00,168.32150968321,-1.8710500320280203,stop_hit,ema100,train
2023-03-13 14:15:00+00:00,177.66,176.78573574362048,179.40852851275903,2023-03-14 13:30:00+00:00,176.5257357436205,-1.297392919935554,stop_hit,ema100,train
2023-03-14 16:45:00+00:00,177.48999999999998,177.11439667296062,178.2412066540787,2023-03-14 19:30:00+00:00,176.85439667296063,-1.6922196404632672,stop_hit,h_ema21,train
2023-03-15 18:15:00+00:00,179.26999999999998,178.81218386198123,180.1856322760375,2023-03-15 18:30:00+00:00,178.55218386198123,-1.567913575797406,stop_hit,h_ema21,train
2023-03-15 19:00:00+00:00,178.37,177.82808234138952,179.45383531722098,2023-03-16 14:30:00+00:00,179.193835317221,2.0,scaleout_tier_1,h_ema21,train
2023-03-15 19:00:00+00:00,178.37,177.82808234138952,179.45383531722098,2023-03-16 15:15:00+00:00,178.11,-0.4797776855374086,stop_hit,h_ema21,train
2023-03-16 16:00:00+00:00,178.618,178.0379585613564,179.7780828772872,2023-03-16 16:45:00+00:00,177.7779585613564,-1.4482438368679087,stop_hit,h_ema21,train
2023-03-20 15:30:00+00:00,183.52499999999998,182.99687824659668,184.58124350680657,2023-03-21 13:30:00+00:00,182.7368782465967,-1.4923107187395919,stop_hit,h_ema21,train
2023-03-21 14:30:00+00:00,181.78,181.2462551609451,182.84748967810978,2023-03-21 15:00:00+00:00,180.98625516094512,-1.4871241480486759,stop_hit,h_ema21,train
2023-03-22 14:00:00+00:00,180.88,180.5429595483528,181.5540809032944,2023-03-22 18:00:00+00:00,181.2940809032944,2.0,scaleout_tier_1,h_ema21,train
2023-03-22 14:00:00+00:00,180.88,180.5429595483528,181.5540809032944,2023-03-22 18:00:00+00:00,181.32000000000002,1.3054812793231203,trail_exit,h_ema21,train
2023-03-24 14:45:00+00:00,185.92,185.35960088592208,187.0407982281558,2023-03-24 15:00:00+00:00,185.0996008859221,-1.463955051798751,stop_hit,h_ema21,train
2023-03-24 19:00:00+00:00,184.135,183.71952123806747,184.96595752386503,2023-03-24 19:45:00+00:00,183.45952123806748,-1.6257840925265379,stop_hit,h_ema50,train
2023-03-27 15:15:00+00:00,182.26999999999998,181.77332711144737,183.2633457771052,2023-03-27 15:30:00+00:00,181.51332711144738,-1.5234833750593388,stop_hit,h_ema200,train
2023-03-27 16:15:00+00:00,182.32,181.88886513249815,183.18226973500367,2023-03-27 16:30:00+00:00,181.62886513249816,-1.603059551890411,stop_hit,h_ema200,train
2023-03-27 19:00:00+00:00,182.09,181.79122734064768,182.68754531870465,2023-03-28 14:30:00+00:00,182.42754531870466,2.0,scaleout_tier_1,h_ema21,train
2023-03-27 19:00:00+00:00,182.09,181.79122734064768,182.98631797805697,2023-03-28 14:45:00+00:00,182.72631797805698,3.0,scaleout_tier_2,h_ema21,train
2023-03-27 19:00:00+00:00,182.09,181.79122734064768,183.2850906374093,2023-03-28 17:30:00+00:00,183.0250906374093,4.0,scaleout_tier_3,h_ema21,train
2023-03-27 19:00:00+00:00,182.09,181.79122734064768,182.68754531870465,2023-03-29 13:30:00+00:00,182.46,1.238399794686994,trail_exit,h_ema21,train
2023-03-29 14:15:00+00:00,183.135,182.84097715280612,183.72304569438774,2023-03-29 14:30:00+00:00,182.58097715280613,-1.8842850223423366,stop_hit,h_ema21,train
2023-03-29 16:15:00+00:00,182.76,182.44484223010815,183.39031553978367,2023-03-29 16:30:00+00:00,182.18484223010816,-1.8249836267378747,stop_hit,h_ema21,train
2023-03-31 18:45:00+00:00,183.465,183.20439163962044,183.98621672075913,2023-03-31 19:00:00+00:00,182.94439163962045,-1.9976656144926166,stop_hit,h_ema50,train
2023-04-03 18:15:00+00:00,184.79,184.49664976043434,185.3767004791313,2023-04-03 18:30:00+00:00,184.23664976043435,-1.8863125538433398,stop_hit,h_ema21,train
2023-04-03 19:15:00+00:00,184.7,184.43915172344245,185.22169655311507,2023-04-04 14:00:00+00:00,184.96169655311508,2.0,scaleout_tier_1,h_ema21,train
2023-04-03 19:15:00+00:00,184.7,184.43915172344245,185.4825448296726,2023-04-04 14:00:00+00:00,185.22254482967261,3.0,scaleout_tier_2,h_ema21,train
2023-04-03 19:15:00+00:00,184.7,184.43915172344245,185.74339310623014,2023-04-04 14:00:00+00:00,185.48339310623015,4.0,scaleout_tier_3,h_ema21,train
2023-04-03 19:15:00+00:00,184.7,184.43915172344245,186.00424138278768,2023-04-04 14:00:00+00:00,185.7442413827877,5.0,scaleout_tier_4,h_ema21,train
2023-04-03 19:15:00+00:00,184.7,184.43915172344245,186.26508965934522,2023-04-04 14:00:00+00:00,186.00508965934523,6.0,scaleout_tier_5,h_ema21,train
2023-04-03 19:15:00+00:00,184.7,184.43915172344245,186.52593793590276,2023-04-04 14:00:00+00:00,186.26593793590277,7.0,scaleout_tier_6,h_ema21,train
2023-04-03 19:15:00+00:00,184.7,184.43915172344245,186.7867862124603,2023-04-04 14:00:00+00:00,186.5267862124603,8.0,scaleout_tier_7,h_ema21,train
2023-04-03 19:15:00+00:00,184.7,184.43915172344245,187.04763448901784,2023-04-04 14:00:00+00:00,186.78763448901785,9.0,scaleout_tier_8,h_ema21,train
2023-04-03 19:15:00+00:00,184.7,184.43915172344245,187.30848276557538,2023-04-04 14:00:00+00:00,187.0484827655754,10.0,scaleout_tier_9,h_ema21,train
2023-04-06 14:45:00+00:00,187.14999999999998,186.7713309856589,187.90733802868215,2023-04-06 15:00:00+00:00,186.5113309856589,-1.6866154614008015,stop_hit,h_ema21,train
2023-04-06 15:30:00+00:00,187.06799999999998,186.71671872284716,187.77056255430563,2023-04-06 17:30:00+00:00,186.45671872284717,-1.7401476164836427,stop_hit,h_ema50,train
2023-04-10 19:00:00+00:00,185.26,185.03888247973146,185.70223504053706,2023-04-10 19:15:00+00:00,184.77888247973146,-2.1758453137690528,stop_hit,h_ema21,train
2023-04-11 14:30:00+00:00,186.42999999999998,186.1646029517959,186.96079409640814,2023-04-11 14:45:00+00:00,185.9046029517959,-1.9796642493177314,stop_hit,h_ema21,train
2023-04-12 14:15:00+00:00,187.1,186.77225817393364,187.7554836521327,2023-04-12 14:30:00+00:00,186.51225817393365,-1.7933073514619051,stop_hit,h_ema21,train
2023-04-12 16:15:00+00:00,186.89,186.55750279825236,187.55499440349524,2023-04-12 16:30:00+00:00,186.29750279825237,-1.7819614680466869,stop_hit,h_ema21,train
2023-04-13 14:00:00+00:00,190.465,190.01508834657162,191.36482330685678,2023-04-13 14:15:00+00:00,189.75508834657163,-1.577891232687031,stop_hit,h_ema21,train
2023-04-17 17:15:00+00:00,185.655,185.3171419386105,186.33071612277902,2023-04-17 18:15:00+00:00,185.0571419386105,-1.7695539331833232,stop_hit,ema21,train
2023-04-17 18:45:00+00:00,185.81,185.53778241402426,186.35443517195148,2023-04-17 19:00:00+00:00,185.27778241402427,-1.9551183075408047,stop_hit,h_ema21,train
2023-04-18 17:00:00+00:00,186.795,186.51915297766652,187.34669404466692,2023-04-18 17:15:00+00:00,186.25915297766653,-1.9425514105629262,stop_hit,h_ema21,train
2023-04-19 16:45:00+00:00,185.75,185.45796053213977,186.33407893572047,2023-04-19 17:00:00+00:00,185.19796053213977,-1.8902906237468644,stop_hit,ema21,train
2023-04-20 14:15:00+00:00,187.09,186.7764145102513,187.7171709794974,2023-04-20 14:30:00+00:00,186.5164145102513,-1.8291199959805085,stop_hit,ema21,train
2023-04-20 17:15:00+00:00,186.78,186.4933507428123,187.35329851437538,2023-04-20 17:30:00+00:00,186.23335074281232,-1.907031828900745,stop_hit,h_ema21,train
2023-04-21 18:00:00+00:00,184.34,184.02162838204214,184.97674323591573,2023-04-21 18:15:00+00:00,183.76162838204215,-1.8166557109195596,stop_hit,ema21,train
2023-04-21 19:15:00+00:00,184.32,184.05169474931122,184.85661050137753,2023-04-24 13:30:00+00:00,183.79169474931123,-1.9690455156302096,stop_hit,ema21,train
2023-04-24 14:15:00+00:00,184.16,183.87201024507064,184.7359795098587,2023-04-24 17:00:00+00:00,184.47597950985872,2.0,scaleout_tier_1,ema21,train
2023-04-24 14:15:00+00:00,184.16,183.87201024507064,185.02396926478806,2023-04-25 16:00:00+00:00,184.76396926478807,3.0,scaleout_tier_2,ema21,train
2023-04-24 14:15:00+00:00,184.16,183.87201024507064,185.31195901971742,2023-04-25 17:30:00+00:00,185.05195901971743,4.0,scaleout_tier_3,ema21,train
2023-04-24 14:15:00+00:00,184.16,183.87201024507064,185.59994877464678,2023-04-25 17:45:00+00:00,185.33994877464679,5.0,scaleout_tier_4,ema21,train
2023-04-24 14:15:00+00:00,184.16,183.87201024507064,185.88793852957613,2023-04-25 18:00:00+00:00,185.62793852957614,6.0,scaleout_tier_5,ema21,train
2023-04-24 14:15:00+00:00,184.16,183.87201024507064,184.7359795098587,2023-04-25 18:45:00+00:00,185.21,3.6459630317667964,trail_exit,ema21,train
2023-04-25 19:15:00+00:00,185.89,185.60303754230455,186.46392491539086,2023-04-26 14:30:00+00:00,185.52,-1.2893672676607353,trail_exit,ema21,train
2023-04-26 17:15:00+00:00,184.88,184.5525149819892,185.5349700360216,2023-04-26 17:30:00+00:00,184.2925149819892,-1.7939294492898383,stop_hit,ema21,train
2023-04-26 18:00:00+00:00,185.03,184.71280740358247,185.66438519283506,2023-04-26 18:15:00+00:00,184.45280740358248,-1.81969126308909,stop_hit,ema21,train
2023-04-26 19:00:00+00:00,185.22,184.90511928763323,185.84976142473354,2023-04-26 19:15:00+00:00,184.64511928763324,-1.8257095140751065,stop_hit,ema21,train
2023-05-15 15:30:00+00:00,187.51,187.24818886869198,188.033622262616,2023-05-15 18:30:00+00:00,187.02,-1.8715781775661784,trail_exit,h_ema21,train
2023-05-16 18:15:00+00:00,185.075,184.79182424834397,185.64135150331202,2023-05-16 18:45:00+00:00,184.53182424834398,-1.9181577111723225,stop_hit,ema21,train
2023-05-17 14:15:00+00:00,184.32999999999998,184.02276281112714,184.94447437774568,2023-05-17 15:00:00+00:00,183.76276281112715,-1.8462517215244878,stop_hit,ema21,train
2023-05-17 17:00:00+00:00,184.57999999999998,184.31800422437902,185.1039915512419,2023-05-17 17:15:00+00:00,184.05800422437903,-1.9923824129750223,stop_hit,ema21,train
2023-05-17 17:45:00+00:00,184.42,184.1717420848982,184.91651583020356,2023-05-17 18:00:00+00:00,183.9117420848982,-2.047297927614464,stop_hit,ema21,train
2023-05-17 18:30:00+00:00,184.5301,184.30057279902383,184.98915440195236,2023-05-17 18:45:00+00:00,184.04057279902383,-2.132763345234078,stop_hit,ema21,train
2023-05-18 17:30:00+00:00,182.12,181.84323859845426,182.6735228030915,2023-05-18 17:45:00+00:00,181.58323859845427,-1.939437358489529,stop_hit,ema50,train
2023-05-19 13:45:00+00:00,182.23999999999998,182.02218794337077,182.6756241132584,2023-05-19 14:00:00+00:00,181.76218794337078,-2.19368966081889,stop_hit,ema50,train
2023-05-19 15:15:00+00:00,183.04999999999998,182.77151879674304,183.60696240651387,2023-05-19 15:30:00+00:00,183.34696240651388,2.0,scaleout_tier_1,ema50,train
2023-05-19 15:15:00+00:00,183.04999999999998,182.77151879674304,183.88544360977082,2023-05-19 17:15:00+00:00,183.62544360977083,3.0,scaleout_tier_2,ema50,train
2023-05-19 15:15:00+00:00,183.04999999999998,182.77151879674304,184.16392481302776,2023-05-19 17:45:00+00:00,183.90392481302777,4.0,scaleout_tier_3,ema50,train
2023-05-19 15:15:00+00:00,183.04999999999998,182.77151879674304,183.60696240651387,2023-05-19 19:00:00+00:00,183.38,1.1849991889597415,trail_exit,ema50,train
2023-05-22 17:15:00+00:00,184.06,183.801953813441,184.576092373118,2023-05-22 17:30:00+00:00,183.541953813441,-2.0075715648700143,stop_hit,ema21,train
2023-05-22 18:00:00+00:00,183.755,183.50956560791906,184.24586878416187,2023-05-22 18:15:00+00:00,183.24956560791907,-2.0593462382983785,stop_hit,ema21,train
2023-05-23 14:15:00+00:00,183.48499999999999,183.21150926934004,184.03198146131987,2023-05-23 14:30:00+00:00,182.95150926934005,-1.950672073501726,stop_hit,ema50,train
2023-05-23 15:00:00+00:00,183.14999999999998,182.86732400318516,183.7153519936296,2023-05-23 15:15:00+00:00,182.60732400318517,-1.9197809609930163,stop_hit,ema50,train
2023-05-23 16:15:00+00:00,183.14,182.8820943117351,183.65581137652975,2023-05-24 14:00:00+00:00,182.6220943117351,-2.0081204557727927,stop_hit,ema50,train
2023-05-24 14:45:00+00:00,183.35,183.08251118503978,183.88497762992043,2023-05-24 15:00:00+00:00,182.8225111850398,-1.9720032594209977,stop_hit,ema21,train
2023-05-24 15:30:00+00:00,183.26989999999998,183.0116554932698,183.7863890134603,2023-05-24 15:45:00+00:00,182.75165549326982,-2.0067977952059994,stop_hit,ema50,train
2023-05-24 17:15:00+00:00,182.48,182.17757251676392,183.08485496647214,2023-05-24 18:00:00+00:00,181.91757251676393,-1.8597102261272875,stop_hit,ema50,train
2023-05-24 18:45:00+00:00,182.76,182.48146529906606,183.31706940186785,2023-05-24 19:00:00+00:00,182.22146529906607,-1.933456402840315,stop_hit,ema50,train
2023-05-25 15:30:00+00:00,180.9835,180.64700666520739,181.6564866695852,2023-05-25 15:45:00+00:00,180.3870066652074,-1.7726750372640765,stop_hit,ema50,train
2023-05-26 13:45:00+00:00,181.415,181.15904344396372,181.92691311207253,2023-05-26 14:00:00+00:00,180.89904344396373,-2.0157973838464636,stop_hit,ema50,train
2023-05-26 15:30:00+00:00,180.67999999999998,180.36848211414065,181.30303577171864,2023-05-26 15:45:00+00:00,180.10848211414066,-1.834623024237512,stop_hit,ema50,train
2023-05-26 19:00:00+00:00,181.04999999999998,180.84272263485823,181.46455473028348,2023-05-26 19:15:00+00:00,180.58272263485824,-2.2543578977964462,stop_hit,ema50,train
2023-05-30 14:15:00+00:00,181.95999999999998,181.6948034840677,182.49039303186453,2023-05-30 18:30:00+00:00,181.6305,-1.2424748448962093,trail_exit,ema50,train
2023-05-31 17:45:00+00:00,183.07,182.78269733054626,183.64460533890747,2023-05-31 18:00:00+00:00,182.52269733054626,-1.9049689670281926,stop_hit,ema21,train
2023-06-05 14:15:00+00:00,182.34,182.0430320708398,182.93393585832038,2023-06-05 14:30:00+00:00,181.78303207083982,-1.8755154158742264,stop_hit,ema21,train
2023-06-06 14:15:00+00:00,182.26999999999998,182.01060661485596,182.78878677028803,2023-06-06 14:30:00+00:00,181.75060661485597,-2.0023385903061155,stop_hit,ema21,train
2023-06-06 15:30:00+00:00,182.32999999999998,182.07224144153054,182.84551711693888,2023-06-07 13:30:00+00:00,181.81224144153055,-2.0086958956624095,stop_hit,ema21,train
2023-06-07 15:15:00+00:00,182.13,181.86051552698518,182.66896894602962,2023-06-07 15:30:00+00:00,181.6005155269852,-1.9648051225040297,stop_hit,ema21,train
2023-06-07 17:30:00+00:00,180.73,180.45396087864356,181.28207824271286,2023-06-07 18:15:00+00:00,180.19396087864357,-1.9418954774322297,stop_hit,donchian_low,train
2023-06-08 13:45:00+00:00,182.81,182.44358328554006,183.5428334289199,2023-06-08 17:00:00+00:00,182.18358328554007,-1.7095746174767177,stop_hit,ema21,train
2023-06-08 18:45:00+00:00,182.6799,182.45150838958034,183.13668322083933,2023-06-08 19:00:00+00:00,182.19150838958035,-2.138395580828244,stop_hit,ema21,train
2023-06-12 15:15:00+00:00,181.98999999999998,181.74288630572474,182.48422738855047,2023-06-12 15:30:00+00:00,181.48288630572475,-2.0521472748102556,stop_hit,ema21,train
2023-06-12 16:45:00+00:00,181.7669,181.53950036847542,182.22169926304915,2023-06-12 17:00:00+00:00,181.27950036847542,-2.143361571242875,stop_hit,ema21,train
2023-06-12 18:45:00+00:00,182.065,181.8838873666466,182.42722526670678,2023-06-12 19:00:00+00:00,181.6238873666466,-2.4355707560867366,stop_hit,ema21,train
2023-06-13 14:30:00+00:00,181.66,181.41399491427345,182.1520101714531,2023-06-13 14:45:00+00:00,181.15399491427345,-2.056888719321013,stop_hit,ema21,train
2023-06-13 16:15:00+00:00,180.97,180.68224560168022,181.54550879663955,2023-06-13 16:30:00+00:00,180.42224560168023,-1.9035483089681817,stop_hit,ema50,train
2023-06-13 17:30:00+00:00,180.92999999999998,180.68063971891297,181.428720562174,2023-06-13 17:45:00+00:00,180.42063971891298,-2.0426680579064285,stop_hit,donchian_low,train
2023-06-13 19:15:00+00:00,180.58499999999998,180.36619793383477,181.0226041323304,2023-06-13 19:30:00+00:00,180.10619793383478,-2.1882885959754756,stop_hit,donchian_low,train
2023-06-14 14:15:00+00:00,182.1,181.814059126328,182.67188174734397,2023-06-14 14:30:00+00:00,181.554059126328,-1.9092788892372328,stop_hit,ema21,train
2023-06-14 16:15:00+00:00,181.98499999999999,181.74799917127814,182.45900165744368,2023-06-14 16:30:00+00:00,181.48799917127815,-2.0970425774550217,stop_hit,ema21,train
2023-06-14 18:45:00+00:00,181.26999999999998,180.94796527959608,181.9140694408078,2023-06-14 19:00:00+00:00,180.68796527959609,-1.8073663599809702,stop_hit,ema21,train
2023-06-15 13:45:00+00:00,180.95999999999998,180.60865037808992,181.6626992438201,2023-06-15 14:15:00+00:00,181.4026992438201,2.0,scaleout_tier_1,ema50,train
2023-06-15 13:45:00+00:00,180.95999999999998,180.60865037808992,182.01404886573016,2023-06-16 13:30:00+00:00,181.75404886573017,3.0,scaleout_tier_2,ema50,train
2023-06-15 13:45:00+00:00,180.95999999999998,180.60865037808992,181.6626992438201,2023-06-16 14:00:00+00:00,181.6699,2.0204945607761484,trail_exit,ema50,train
2023-06-20 17:00:00+00:00,180.17999999999998,179.90686693927017,180.7262661214596,2023-06-20 17:15:00+00:00,179.64686693927018,-1.9519169861944845,stop_hit,ema100,train
2023-06-20 18:00:00+00:00,180.23499999999999,179.99729317868844,180.71041364262308,2023-06-20 18:15:00+00:00,179.73729317868845,-2.093784345629799,stop_hit,donchian_low,train
2023-06-20 19:00:00+00:00,180.25,180.03859595940548,180.67280808118903,2023-06-20 19:15:00+00:00,179.7785959594055,-2.2298724247124695,stop_hit,donchian_low,train
2023-06-21 14:30:00+00:00,179.57999999999998,179.2297161102108,180.28056777957835,2023-06-21 15:00:00+00:00,178.9697161102108,-1.742255089597388,stop_hit,ema100,train
2023-06-21 15:30:00+00:00,179.57,179.23678732360816,180.23642535278367,2023-06-22 13:30:00+00:00,178.97678732360816,-1.7802824394779222,stop_hit,ema100,train
2023-06-22 16:15:00+00:00,178.17,177.84145073186792,178.82709853626412,2023-06-22 17:00:00+00:00,177.58145073186793,-1.7913577208014977,stop_hit,ema100,train
2023-06-23 13:45:00+00:00,179.95999999999998,179.62249957936854,180.63500084126287,2023-06-23 14:00:00+00:00,179.36249957936855,-1.7703694102470942,stop_hit,ema100,train
2023-06-23 18:45:00+00:00,178.56,178.3419757044942,178.99604859101163,2023-06-23 19:00:00+00:00,178.0819757044942,-2.1925276465028563,stop_hit,ema100,train
2023-07-11 14:00:00+00:00,179.785,179.5071067060558,180.3407865878884,2023-07-11 14:15:00+00:00,179.2471067060558,-1.9356109185283012,stop_hit,ema100,train
2023-07-11 18:15:00+00:00,179.66,179.48178356365995,180.0164328726801,2023-07-11 18:30:00+00:00,179.22178356365995,-2.4589002301891516,stop_hit,ema100,train
2023-07-12 16:00:00+00:00,181.82999999999998,181.55132007094122,182.38735985811752,2023-07-13 15:45:00+00:00,181.29132007094123,-1.9329699518660424,stop_hit,ema21,train
2023-07-13 19:00:00+00:00,182.225,182.04999703890795,182.5750059221841,2023-07-13 19:15:00+00:00,181.78999703890796,-2.4856891470724114,stop_hit,ema21,train
2023-07-14 14:30:00+00:00,181.78,181.5425462457528,182.25490750849443,2023-07-14 19:15:00+00:00,181.43,-1.4739712206681308,trail_exit,ema21,train
2023-07-17 14:00:00+00:00,181.35999999999999,181.1367968371448,181.80640632571036,2023-07-17 14:30:00+00:00,180.8767968371448,-2.164858045352519,stop_hit,ema21,train
2023-07-17 15:45:00+00:00,181.64999999999998,181.42266135713623,182.10467728572746,2023-07-17 16:00:00+00:00,181.16266135713624,-2.1436683034825035,stop_hit,ema21,train
2023-07-17 18:45:00+00:00,181.82,181.66308876624973,182.13382246750052,2023-07-17 19:00:00+00:00,181.40308876624974,-2.656987799954461,stop_hit,ema21,train
2023-07-18 18:30:00+00:00,183.85999999999999,183.6276791484503,184.32464170309933,2023-07-18 18:45:00+00:00,183.36767914845032,-2.119141903387866,stop_hit,h_ema21,train
2023-07-19 15:00:00+00:00,183.595,183.34157543502195,184.1018491299561,2023-07-19 15:30:00+00:00,183.08157543502196,-2.02594632064383,stop_hit,h_ema21,train
2023-07-19 18:45:00+00:00,183.84,183.6526138065289,184.2147723869422,2023-07-19 19:00:00+00:00,183.3926138065289,-2.387508840346296,stop_hit,h_ema21,train
2023-07-20 14:00:00+00:00,183.70999999999998,183.51157029182724,184.10685941634546,2023-07-20 14:15:00+00:00,183.25157029182725,-2.310287670098537,stop_hit,h_ema21,train
2023-07-20 15:00:00+00:00,183.2,182.9290860033548,183.74182799329037,2023-07-20 15:15:00+00:00,182.6690860033548,-1.9597141647151797,stop_hit,h_ema21,train
2023-07-20 17:00:00+00:00,182.98,182.73891866889838,183.4621626622032,2023-07-20 17:15:00+00:00,182.4789186688984,-2.0784742178580626,stop_hit,ema21,train
2023-07-20 18:45:00+00:00,183.227,183.0384547408289,183.6040905183422,2023-07-20 19:00:00+00:00,182.77845474082892,-2.37897924956075,stop_hit,h_ema21,train
2023-07-21 15:45:00+00:00,182.44029999999998,182.17719193700728,182.96651612598538,2023-07-21 16:00:00+00:00,181.9171919370073,-1.988187123734041,stop_hit,ema21,train
2023-07-21 16:30:00+00:00,182.42999999999998,182.1888471521884,182.91230569562313,2023-07-21 16:45:00+00:00,181.9288471521884,-2.078154383659363,stop_hit,ema21,train
2023-07-21 18:15:00+00:00,182.57999999999998,182.38667169244366,182.96665661511264,2023-07-21 18:30:00+00:00,182.12667169244367,-2.3448625464444066,stop_hit,ema21,train
2023-07-24 14:15:00+00:00,182.32999999999998,182.13139723822167,182.72720552355662,2023-07-24 14:30:00+00:00,181.87139723822168,-2.3091459437518047,stop_hit,ema21,train
2023-07-24 16:30:00+00:00,182.1957,181.99022205104546,182.60665589790904,2023-07-24 16:45:00+00:00,181.73022205104547,-2.26534258942566,stop_hit,ema21,train
2023-07-25 13:45:00+00:00,182.04,181.84540488291756,182.42919023416485,2023-07-25 14:00:00+00:00,181.58540488291757,-2.3361075236531104,stop_hit,ema21,train
2023-07-25 15:30:00+00:00,182.54,182.27553243376138,183.0689351324772,2023-07-25 15:45:00+00:00,182.0155324337614,-1.983107318972391,stop_hit,ema21,train
2023-07-26 18:45:00+00:00,183.73999999999998,183.45302750771776,184.31394498456442,2023-07-26 19:00:00+00:00,183.19302750771777,-1.906010182133761,stop_hit,ema21,train
2023-07-27 17:15:00+00:00,181.19,180.85121758546293,181.86756482907413,2023-07-27 17:30:00+00:00,180.59121758546294,-1.7674542386011176,stop_hit,ema50,train
2023-07-28 13:45:00+00:00,181.82999999999998,181.51682214252986,182.45635571494023,2023-07-28 14:00:00+00:00,181.25682214252987,-1.830199178512468,stop_hit,ema21,train
2023-07-28 16:15:00+00:00,182.375,182.10052017495178,182.92395965009644,2023-07-28 16:30:00+00:00,181.8405201749518,-1.947246304730473,stop_hit,ema21,train
2023-07-28 17:15:00+00:00,182.41,182.16838558717194,182.8932288256561,2023-07-28 17:30:00+00:00,181.90838558717195,-2.076094745163313,stop_hit,ema21,train
2023-07-31 15:00:00+00:00,182.88,182.63308432763057,183.37383134473885,2023-07-31 18:30:00+00:00,182.37308432763058,-2.0529910779052907,stop_hit,ema21,train
2023-08-01 14:00:00+00:00,181.14,180.8654991184209,181.68900176315816,2023-08-01 14:15:00+00:00,180.6054991184209,-1.9471736429563413,stop_hit,ema21,train
2023-08-01 17:00:00+00:00,180.60999999999999,180.3644943048015,181.10101139039696,2023-08-01 17:15:00+00:00,180.1044943048015,-2.0590385684934267,stop_hit,ema100,train
2023-08-01 19:15:00+00:00,180.795,180.61295006684034,181.15909986631928,2023-08-01 19:30:00+00:00,180.35295006684035,-2.4281795960451515,stop_hit,ema100,train
2023-08-02 13:45:00+00:00,180.97,180.79951893375227,181.31096213249546,2023-08-02 14:00:00+00:00,180.53951893375228,-2.5250960456932896,stop_hit,h_ema21,train
2023-08-02 15:45:00+00:00,179.85999999999999,179.63222169486184,180.31555661027627,2023-08-02 16:30:00+00:00,179.37222169486185,-2.1414607718777434,stop_hit,ema100,train
2023-08-02 17:00:00+00:00,179.94,179.72843876463367,180.36312247073266,2023-08-02 18:00:00+00:00,179.46843876463367,-2.2289586017484897,stop_hit,ema100,train
2023-08-02 19:00:00+00:00,180.01,179.83875750556763,180.35248498886472,2023-08-02 19:15:00+00:00,179.57875750556764,-2.518314720080682,stop_hit,ema100,train
2023-08-03 13:45:00+00:00,179.89999999999998,179.72676550714493,180.24646898571007,2023-08-03 14:00:00+00:00,179.46676550714494,-2.5008558383205357,stop_hit,ema100,train
2023-08-03 14:30:00+00:00,180.14999999999998,179.92412675626727,180.6017464874654,2023-08-03 14:45:00+00:00,179.66412675626728,-2.1510880868548945,stop_hit,ema100,train
2023-08-03 16:15:00+00:00,179.79,179.5715358088333,180.2269283823334,2023-08-03 17:15:00+00:00,179.3115358088333,-2.1901263937648867,stop_hit,ema100,train
2023-08-04 14:45:00+00:00,180.54,180.30432741550553,181.01134516898892,2023-08-04 15:00:00+00:00,180.04432741550553,-2.103225479356068,stop_hit,ema21,train
2023-08-07 14:30:00+00:00,179.99949999999998,179.80913397051393,180.3802320589721,2023-08-07 14:45:00+00:00,179.54913397051394,-2.3657898980292273,stop_hit,ema100,train
2023-08-07 16:30:00+00:00,179.82,179.64305444948457,180.17389110103085,2023-08-07 16:45:00+00:00,179.38305444948458,-2.469378570089124,stop_hit,ema100,train
2023-08-08 14:45:00+00:00,179.51999999999998,179.2875621298084,179.98487574038313,2023-08-08 15:00:00+00:00,179.02756212980842,-2.1185784820076843,stop_hit,ema100,train
2023-08-08 16:30:00+00:00,179.20499999999998,178.98163591161563,179.6517281767687,2023-08-08 16:45:00+00:00,178.72163591161564,-2.1640188083976652,stop_hit,ema100,train
2023-08-08 17:45:00+00:00,179.04,178.83750671061816,179.44498657876366,2023-08-08 18:00:00+00:00,178.57750671061817,-2.283993167347477,stop_hit,ema100,train
2023-08-09 14:15:00+00:00,178.95,178.75238950651567,179.34522098696863,2023-08-09 14:30:00+00:00,178.49238950651568,-2.315719602818675,stop_hit,ema100,train
2023-08-09 16:45:00+00:00,178.25,178.04223835943583,178.66552328112834,2023-08-09 17:00:00+00:00,177.78223835943584,-2.2514340919428957,stop_hit,donchian_low,train
2023-08-09 19:00:00+00:00,178.10999999999999,177.9569401828937,178.41611963421255,2023-08-09 19:15:00+00:00,177.6969401828937,-2.6986822858899115,stop_hit,donchian_low,train
2023-08-10 13:45:00+00:00,178.89999999999998,178.7095411847131,179.28091763057375,2023-08-10 14:00:00+00:00,178.4495411847131,-2.3651245263095473,stop_hit,donchian_low,train
2023-08-10 15:30:00+00:00,178.13,177.89011215530766,178.60977568938466,2023-08-10 17:15:00+00:00,177.63011215530767,-2.0838398266216958,stop_hit,donchian_low,train
2023-08-10 19:00:00+00:00,177.995,177.79460585010332,178.39578829979337,2023-08-10 19:15:00+00:00,177.53460585010333,-2.2974430647503503,stop_hit,donchian_low,train
2023-08-11 13:45:00+00:00,178.2,178.00634338910572,178.58731322178852,2023-08-11 14:00:00+00:00,177.74634338910573,-2.342582619820544,stop_hit,donchian_low,train
2023-08-11 18:30:00+00:00,177.84009999999998,177.68410383314,178.15209233371993,2023-08-11 18:45:00+00:00,177.42410383314,-2.666707620023549,stop_hit,donchian_low,train
2023-08-14 14:15:00+00:00,177.29,177.08282343485038,177.7043531302992,2023-08-14 14:30:00+00:00,176.8228234348504,-2.254968194941527,stop_hit,ema200,train
2023-08-14 15:15:00+00:00,177.42,177.20528243759793,177.8494351248041,2023-08-14 18:15:00+00:00,176.94528243759794,-2.210893031251641,stop_hit,ema200,train
2023-08-15 14:30:00+00:00,177.23,177.03465824890563,177.6206835021887,2023-08-15 14:45:00+00:00,176.77465824890564,-2.331000661883063,stop_hit,ema200,train
2023-08-16 13:45:00+00:00,177.04999999999998,176.89745339943457,177.3550932011308,2023-08-16 14:00:00+00:00,176.63745339943458,-2.7043972073864557,stop_hit,ema200,train
2023-08-24 14:00:00+00:00,178.07,177.90355316261954,178.4028936747609,2023-08-24 14:30:00+00:00,177.64355316261955,-2.562060319630513,stop_hit,ema21,train
2023-08-24 16:00:00+00:00,178.51999999999998,178.32987193025738,178.90025613948518,2023-08-24 16:15:00+00:00,178.0698719302574,-2.3674992879903884,stop_hit,ema21,train
2023-08-24 17:30:00+00:00,178.35,178.1807644774942,178.6884710450116,2023-08-24 17:45:00+00:00,177.9207644774942,-2.536320484909301,stop_hit,ema21,train
2023-08-24 18:15:00+00:00,178.23499999999999,178.07620406598204,178.55259186803588,2023-08-24 18:30:00+00:00,177.81620406598205,-2.6373215196467736,stop_hit,ema21,train
2023-09-11 15:30:00+00:00,178.67999999999998,178.4627025028861,179.11459499422776,2023-09-11 15:45:00+00:00,178.2027025028861,-2.196516312673955,stop_hit,ema21,train
2023-09-11 18:30:00+00:00,178.66,178.52248858871403,178.93502282257194,2023-09-11 18:45:00+00:00,178.26248858871404,-2.8907521751725134,stop_hit,ema21,train
2023-09-12 16:15:00+00:00,177.89,177.6963384942719,178.27732301145613,2023-09-12 16:30:00+00:00,177.43633849427192,-2.3425486857727202,stop_hit,ema21,train
2023-09-12 17:45:00+00:00,177.70999999999998,177.54067671458083,178.0486465708383,2023-09-12 18:00:00+00:00,177.28067671458084,-2.5355241859167243,stop_hit,ema21,train
2023-09-12 18:30:00+00:00,177.7501,177.5952129525999,178.05987409480022,2023-09-12 18:45:00+00:00,177.3352129525999,-2.6786426261219285,stop_hit,ema21,train
2023-09-13 14:30:00+00:00,177.69,177.5292377732383,178.0115244535234,2023-09-13 14:45:00+00:00,177.2692377732383,-2.617295338819765,stop_hit,ema21,train
2023-09-13 16:30:00+00:00,177.595,177.4225728383936,177.9398543232128,2023-09-13 16:45:00+00:00,177.1625728383936,-2.5078830827911136,stop_hit,ema21,train
2023-09-13 17:30:00+00:00,177.51,177.34653042319238,177.83693915361522,2023-09-13 17:45:00+00:00,177.0865304231924,-2.590510020748279,stop_hit,ema21,train
2023-09-13 18:30:00+00:00,177.48999999999998,177.34940374366923,177.7711925126615,2023-09-13 18:45:00+00:00,177.08940374366924,-2.849266877976759,stop_hit,h_ema21,train
2023-09-14 14:45:00+00:00,177.18949999999998,176.9919213005418,177.58465739891633,2023-09-14 15:30:00+00:00,176.7319213005418,-2.315931326165184,stop_hit,ema200,train
2023-09-15 14:45:00+00:00,179.3199,179.04560951973602,179.86848096052793,2023-09-15 15:00:00+00:00,178.78560951973603,-1.9479001959884732,stop_hit,ema21,train
2023-09-15 18:00:00+00:00,178.82999999999998,178.63226699727622,179.22546600544752,2023-09-15 18:15:00+00:00,178.37226699727623,-2.31490442373554,stop_hit,ema21,train
2023-09-15 18:45:00+00:00,178.82999999999998,178.6573234668425,179.17535306631493,2023-09-15 19:00:00+00:00,178.39732346684252,-2.505705467012624,stop_hit,ema21,train
2023-09-18 16:30:00+00:00,179.26,179.08866571802173,179.6026685639565,2023-09-19 14:00:00+00:00,178.99,-1.5758667610620942,trail_exit,ema50,train
2023-09-19 14:45:00+00:00,179.7899,179.62815086074465,180.11339827851066,2023-09-19 15:00:00+00:00,179.36815086074466,-2.607427410105465,stop_hit,ema50,train
2023-09-20 14:15:00+00:00,180.5401,180.3611098408239,180.89808031835219,2023-09-20 14:30:00+00:00,180.1011098408239,-2.452593825251567,stop_hit,ema50,train
2023-09-21 18:00:00+00:00,178.44,178.21980189586785,178.8803962082643,2023-09-21 18:15:00+00:00,177.95980189586786,-2.180754943484673,stop_hit,ema21,train
2023-09-21 18:45:00+00:00,178.515,178.32234539548892,178.9003092090221,2023-09-21 19:00:00+00:00,178.06234539548893,-2.3495654602174905,stop_hit,ema21,train
2023-09-22 13:45:00+00:00,179.03,178.82610846140514,179.43778307718972,2023-09-22 14:00:00+00:00,178.56610846140515,-2.2751877875453217,stop_hit,ema21,train
2023-09-22 19:00:00+00:00,178.82999999999998,178.7082686453486,179.07346270930276,2023-09-22 19:15:00+00:00,178.4482686453486,-3.1358507078523394,stop_hit,ema21,train
2023-09-25 14:00:00+00:00,178.855,178.72131093146862,179.12237813706273,2023-09-25 14:15:00+00:00,178.46131093146863,-2.9448112164756894,stop_hit,ema21,train
2023-09-25 17:00:00+00:00,178.06,177.89354966951998,178.39290066096004,2023-09-25 17:15:00+00:00,177.63354966952,-2.562027538486646,stop_hit,ema21,train
2023-09-26 15:45:00+00:00,176.88,176.66690419612527,177.30619160774944,2023-09-26 16:00:00+00:00,176.40690419612528,-2.2201084923889125,stop_hit,ema200,train
2023-09-26 19:00:00+00:00,176.5,176.34370761856866,176.81258476286268,2023-09-26 19:15:00+00:00,176.08370761856867,-2.6635487770989434,stop_hit,ema200,train
2023-10-16 14:15:00+00:00,178.22,177.9138150737612,178.83236985247757,2023-10-16 14:30:00+00:00,177.65381507376122,-1.8491600262425198,stop_hit,ema100,train
2023-10-17 19:00:00+00:00,178.53,178.31905617476866,178.95188765046268,2023-10-17 19:45:00+00:00,178.05905617476867,-2.2325556328318785,stop_hit,ema100,train
2023-10-19 15:15:00+00:00,181.5,181.20514060808964,182.08971878382073,2023-10-19 16:00:00+00:00,180.94514060808964,-1.8817762198974808,stop_hit,h_ema21,train
2023-10-19 17:00:00+00:00,182.225,181.8521734966623,182.9706530066754,2023-10-19 18:00:00+00:00,182.71065300667541,2.0,scaleout_tier_1,h_ema21,train
2023-10-19 17:00:00+00:00,182.225,181.8521734966623,183.3434795100131,2023-10-19 19:15:00+00:00,183.08347951001312,3.0,scaleout_tier_2,h_ema21,train
2023-10-19 17:00:00+00:00,182.225,181.8521734966623,183.71630601335082,2023-10-20 13:45:00+00:00,183.45630601335083,4.0,scaleout_tier_3,h_ema21,train
2023-10-19 17:00:00+00:00,182.225,181.8521734966623,184.08913251668852,2023-10-20 13:45:00+00:00,183.82913251668853,5.0,scaleout_tier_4,h_ema21,train
2023-10-19 17:00:00+00:00,182.225,181.8521734966623,184.46195902002623,2023-10-20 14:00:00+00:00,184.20195902002624,6.0,scaleout_tier_5,h_ema21,train
2023-10-19 17:00:00+00:00,182.225,181.8521734966623,184.83478552336393,2023-10-20 15:00:00+00:00,184.57478552336394,7.0,scaleout_tier_6,h_ema21,train
2023-10-19 17:00:00+00:00,182.225,181.8521734966623,182.9706530066754,2023-10-20 16:45:00+00:00,183.61,3.7148646558141514,trail_exit,h_ema21,train
2023-10-23 14:00:00+00:00,183.39999999999998,183.0106293639405,184.17874127211894,2023-10-23 14:15:00+00:00,182.7506293639405,-1.667744241402611,stop_hit,h_ema21,train
2023-10-23 15:15:00+00:00,183.64999999999998,183.3027588921758,184.34448221564833,2023-10-23 15:30:00+00:00,183.0427588921758,-1.7487592745834737,stop_hit,h_ema21,train
2023-10-23 16:15:00+00:00,183.51,183.18456910452502,184.16086179094992,2023-10-23 16:45:00+00:00,182.92456910452503,-1.7989407386183207,stop_hit,h_ema21,train
2023-11-09 14:45:00+00:00,181.655,181.41000364495423,182.14499271009154,2023-11-09 15:00:00+00:00,181.15000364495424,-2.0612402782540045,stop_hit,h_ema21,train
2023-11-09 15:45:00+00:00,182.33499999999998,182.0385863937822,182.92782721243555,2023-11-09 16:00:00+00:00,181.7785863937822,-1.8771527168323106,stop_hit,h_ema21,train
2023-11-09 18:00:00+00:00,182.17,181.8966498447959,182.71670031040819,2023-11-09 19:00:00+00:00,181.6366498447959,-1.9511609744865877,stop_hit,h_ema21,train
2023-11-10 15:15:00+00:00,180.76,180.420049971758,181.43990005648396,2023-11-10 15:30:00+00:00,180.160049971758,-1.7648182921017885,stop_hit,h_ema21,train
2023-11-13 16:00:00+00:00,180.005,179.79022588395244,180.4345482320951,2023-11-13 17:15:00+00:00,180.1745482320951,2.0,scaleout_tier_1,h_ema21,train
2023-11-13 16:00:00+00:00,180.005,179.79022588395244,180.64932234814265,2023-11-14 14:30:00+00:00,180.38932234814266,3.0,scaleout_tier_2,h_ema21,train
2023-11-13 16:00:00+00:00,180.005,179.79022588395244,180.8640964641902,2023-11-14 14:30:00+00:00,180.6040964641902,4.0,scaleout_tier_3,h_ema21,train
2023-11-13 16:00:00+00:00,180.005,179.79022588395244,181.07887058023775,2023-11-14 14:30:00+00:00,180.81887058023776,5.0,scaleout_tier_4,h_ema21,train
2023-11-13 16:00:00+00:00,180.005,179.79022588395244,181.2936446962853,2023-11-14 14:30:00+00:00,181.0336446962853,6.0,scaleout_tier_5,h_ema21,train
2023-11-13 16:00:00+00:00,180.005,179.79022588395244,181.50841881233285,2023-11-14 14:30:00+00:00,181.24841881233286,7.0,scaleout_tier_6,h_ema21,train
2023-11-13 16:00:00+00:00,180.005,179.79022588395244,181.7231929283804,2023-11-14 14:30:00+00:00,181.4631929283804,8.0,scaleout_tier_7,h_ema21,train
2023-11-13 16:00:00+00:00,180.005,179.79022588395244,181.93796704442795,2023-11-14 14:30:00+00:00,181.67796704442796,9.0,scaleout_tier_8,h_ema21,train
2023-11-13 16:00:00+00:00,180.005,179.79022588395244,182.1527411604755,2023-11-14 14:30:00+00:00,181.8927411604755,10.0,scaleout_tier_9,h_ema21,train
2023-11-13 16:00:00+00:00,180.005,179.79022588395244,182.36751527652305,2023-11-14 14:30:00+00:00,182.10751527652306,11.0,scaleout_tier_10,h_ema21,train
2023-11-15 15:15:00+00:00,181.82999999999998,181.61215365662355,182.26569268675286,2023-11-15 15:30:00+00:00,181.56050000000002,-1.2371105056111582,trail_exit,h_ema21,train
2023-11-22 15:45:00+00:00,185.29,185.01752571550458,185.83494856899082,2023-11-22 16:00:00+00:00,184.75752571550458,-1.9542184888437228,stop_hit,h_ema21,train
2023-11-22 18:00:00+00:00,184.95999999999998,184.7235209537116,185.4329580925767,2023-11-22 18:15:00+00:00,184.46352095371162,-2.09946316208897,stop_hit,h_ema50,train
2023-11-27 17:00:00+00:00,186.67,186.390646991112,187.22870601777598,2023-11-27 17:15:00+00:00,186.130646991112,-1.930722031722367,stop_hit,h_ema21,train
2023-11-29 16:45:00+00:00,189.48,189.23668992372995,189.96662015254006,2023-11-29 20:15:00+00:00,189.16500000000002,-1.2946442861263592,trail_exit,h_ema21,train
2023-11-30 15:45:00+00:00,189.13,188.84557345373702,189.69885309252595,2023-11-30 16:00:00+00:00,188.58557345373703,-1.9141200194429027,stop_hit,h_ema21,train
2023-11-30 16:30:00+00:00,189.32,189.05086912458464,189.8582617508307,2023-11-30 16:45:00+00:00,188.79086912458465,-1.9660727317099016,stop_hit,h_ema21,train
2023-11-30 19:15:00+00:00,189.0,188.7778142851031,189.44437142979382,2023-11-30 19:30:00+00:00,188.5178142851031,-2.170192242649924,stop_hit,h_ema21,train
2023-12-01 16:00:00+00:00,190.23,189.94468504180693,190.8006299163861,2023-12-01 16:45:00+00:00,190.5406299163861,2.0,scaleout_tier_1,h_ema21,train
2023-12-01 16:00:00+00:00,190.23,189.94468504180693,191.08594487457916,2023-12-01 17:00:00+00:00,190.82594487457916,3.0,scaleout_tier_2,h_ema21,train
2023-12-01 16:00:00+00:00,190.23,189.94468504180693,191.3712598327722,2023-12-01 17:45:00+00:00,191.11125983277222,4.0,scaleout_tier_3,h_ema21,train
2023-12-01 16:00:00+00:00,190.23,189.94468504180693,191.65657479096527,2023-12-01 17:45:00+00:00,191.39657479096527,5.0,scaleout_tier_4,h_ema21,train
2023-12-01 16:00:00+00:00,190.23,189.94468504180693,191.94188974915832,2023-12-01 18:30:00+00:00,191.68188974915833,6.0,scaleout_tier_5,h_ema21,train
2023-12-01 16:00:00+00:00,190.23,189.94468504180693,190.8006299163861,2023-12-04 14:30:00+00:00,189.97,-0.9112736382509072,stop_hit,h_ema21,train
2023-12-04 17:00:00+00:00,188.07999999999998,187.4586971311208,189.32260573775835,2023-12-04 18:15:00+00:00,187.1986971311208,-1.4184754537976383,stop_hit,h_ema200,train
2023-12-04 19:00:00+00:00,187.92999999999998,187.45937376004133,188.87125247991727,2023-12-05 14:30:00+00:00,187.19937376004134,-1.552455383751735,stop_hit,h_ema200,train
2023-12-05 17:30:00+00:00,187.41,186.98964801879146,188.25070396241708,2023-12-05 17:45:00+00:00,186.72964801879147,-1.618529260293893,stop_hit,h_ema21,train
2023-12-05 18:15:00+00:00,187.3399,186.95988042903966,188.0999391419207,2023-12-05 18:30:00+00:00,186.69988042903967,-1.684175289559293,stop_hit,h_ema21,train
2023-12-06 18:30:00+00:00,188.435,188.1453244401998,189.0143511196004,2023-12-06 19:00:00+00:00,187.8853244401998,-1.897555873126891,stop_hit,h_ema21,train
2023-12-07 17:30:00+00:00,187.91,187.61426991476068,188.50146017047862,2023-12-08 14:30:00+00:00,187.3542699147607,-1.8791800800029916,stop_hit,h_ema21,train
2023-12-08 18:00:00+00:00,185.38,185.02216195253436,186.09567609493126,2023-12-11 14:30:00+00:00,184.76216195253437,-1.7265856770721415,stop_hit,ema21,train
2023-12-12 14:45:00+00:00,184.07,183.8676282718468,184.47474345630638,2023-12-12 15:00:00+00:00,183.6076282718468,-2.2847644400366556,stop_hit,h_ema21,train
2023-12-12 18:15:00+00:00,183.75,183.5277779784408,184.19444404311838,2023-12-12 18:30:00+00:00,183.26777797844082,-2.1700010564917758,stop_hit,ema50,train
2023-12-15 15:15:00+00:00,189.04999999999998,188.74103890213436,189.66792219573122,2023-12-15 15:30:00+00:00,188.48103890213437,-1.8415298942039493,stop_hit,h_ema21,train
2023-12-15 16:30:00+00:00,188.98,188.6951489689753,189.54970206204936,2023-12-15 16:45:00+00:00,188.4351489689753,-1.9127577985752773,stop_hit,h_ema21,train
2023-12-15 17:30:00+00:00,188.815,188.56043405619803,189.32413188760393,2023-12-15 17:45:00+00:00,188.30043405619804,-2.021346359677452,stop_hit,h_ema21,train
2023-12-18 14:45:00+00:00,187.62,187.32474130155214,188.21051739689574,2023-12-18 15:00:00+00:00,187.06474130155215,-1.8805837096985587,stop_hit,h_ema21,train
2023-12-18 17:30:00+00:00,187.73739999999998,187.49845677995515,188.21528644008964,2023-12-18 17:45:00+00:00,187.95528644008965,2.0,scaleout_tier_1,h_ema21,train
2023-12-18 17:30:00+00:00,187.73739999999998,187.49845677995515,188.45422966013447,2023-12-18 17:45:00+00:00,188.19422966013448,3.0,scaleout_tier_2,h_ema21,train
2023-12-18 17:30:00+00:00,187.73739999999998,187.49845677995515,188.21528644008964,2023-12-18 18:30:00+00:00,187.4774,-1.0881246178536015,stop_hit,h_ema21,train
2023-12-20 15:00:00+00:00,189.17999999999998,188.97094806353252,189.5981038729349,2023-12-20 15:15:00+00:00,188.71094806353253,-2.2437100769954386,stop_hit,h_ema21,train
2023-12-20 15:45:00+00:00,188.76999999999998,188.51888953920587,189.2722209215882,2023-12-20 16:00:00+00:00,188.25888953920588,-2.0354009115262244,stop_hit,h_ema21,train
2023-12-20 17:00:00+00:00,188.85999999999999,188.62643335083663,189.3271332983267,2023-12-20 17:15:00+00:00,188.36643335083664,-2.113172625164279,stop_hit,h_ema21,train
2023-12-20 17:45:00+00:00,188.79,188.57152845181784,189.2269430963643,2023-12-20 18:00:00+00:00,188.31152845181785,-2.1900863163344964,stop_hit,h_ema21,train
2023-12-21 14:45:00+00:00,189.57,189.28160182950234,190.1467963409953,2023-12-21 15:00:00+00:00,189.02160182950234,-1.9015313777869565,stop_hit,h_ema21,train
2023-12-21 16:00:00+00:00,189.45999999999998,189.15985065389683,190.0602986922063,2023-12-21 17:00:00+00:00,188.89985065389683,-1.8662354370435141,stop_hit,h_ema21,train
2023-12-22 17:30:00+00:00,190.66,190.3156251768214,191.34874964635716,2023-12-22 19:15:00+00:00,190.05562517682142,-1.7549913132446449,stop_hit,h_ema21,train
2024-01-08 19:15:00+00:00,188.19,187.92112332315966,188.72775335368067,2024-01-08 19:45:00+00:00,187.66112332315967,-1.9669860660855472,stop_hit,ema21,train
2024-01-09 14:45:00+00:00,188.94,188.67314218885056,189.47371562229887,2024-01-09 15:00:00+00:00,188.41314218885057,-1.9743016285717627,stop_hit,ema21,train
2024-01-09 16:30:00+00:00,188.32999999999998,188.0459820752615,188.89803584947697,2024-01-09 16:45:00+00:00,187.7859820752615,-1.9154351798020641,stop_hit,ema21,train
2024-01-10 15:45:00+00:00,188.31,188.08190475185265,188.7661904962947,2024-01-10 16:00:00+00:00,187.82190475185266,-2.1398746888055507,stop_hit,ema21,train
2024-01-10 17:00:00+00:00,188.095,187.87243361198017,188.54013277603966,2024-01-10 17:15:00+00:00,187.61243361198018,-2.168190769114821,stop_hit,ema21,train
2024-01-10 19:00:00+00:00,187.78,187.57105896716138,188.19788206567725,2024-01-10 19:15:00+00:00,187.3110589671614,-2.2443702247839603,stop_hit,ema21,train
2024-01-11 18:15:00+00:00,187.10999999999999,186.78310399610484,187.76379200779027,2024-01-11 18:30:00+00:00,186.52310399610485,-1.7953599826915891,stop_hit,ema21,train
2024-01-11 19:00:00+00:00,187.19,186.89126504352856,187.78746991294287,2024-01-11 20:30:00+00:00,187.52746991294288,2.0,scaleout_tier_1,ema21,train
2024-01-11 19:00:00+00:00,187.19,186.89126504352856,188.0862048694143,2024-01-12 14:30:00+00:00,187.8262048694143,3.0,scaleout_tier_2,ema21,train
2024-01-11 19:00:00+00:00,187.19,186.89126504352856,188.38493982588574,2024-01-12 14:30:00+00:00,188.12493982588575,4.0,scaleout_tier_3,ema21,train
2024-01-11 19:00:00+00:00,187.19,186.89126504352856,188.68367478235717,2024-01-12 14:30:00+00:00,188.42367478235718,5.0,scaleout_tier_4,ema21,train
2024-01-11 19:00:00+00:00,187.19,186.89126504352856,188.9824097388286,2024-01-12 14:30:00+00:00,188.72240973882862,6.0,scaleout_tier_5,ema21,train
2024-01-11 19:00:00+00:00,187.19,186.89126504352856,189.28114469530004,2024-01-12 14:30:00+00:00,189.02114469530005,7.0,scaleout_tier_6,ema21,train
2024-01-11 19:00:00+00:00,187.19,186.89126504352856,189.57987965177148,2024-01-12 14:30:00+00:00,189.3198796517715,8.0,scaleout_tier_7,ema21,train
2024-01-11 19:00:00+00:00,187.19,186.89126504352856,189.8786146082429,2024-01-12 14:30:00+00:00,189.61861460824292,9.0,scaleout_tier_8,ema21,train
2024-01-11 19:00:00+00:00,187.19,186.89126504352856,190.17734956471435,2024-01-12 14:30:00+00:00,189.91734956471436,10.0,scaleout_tier_9,ema21,train
2024-01-11 19:00:00+00:00,187.19,186.89126504352856,190.47608452118578,2024-01-12 14:30:00+00:00,190.2160845211858,11.0,scaleout_tier_10,ema21,train
2024-01-11 19:00:00+00:00,187.19,186.89126504352856,190.77481947765722,2024-01-12 14:30:00+00:00,190.51481947765723,12.0,scaleout_tier_11,ema21,train
2024-01-16 16:30:00+00:00,188.97039999999998,188.6447100750332,189.62177984993355,2024-01-16 16:45:00+00:00,188.3847100750332,-1.7983053207019215,stop_hit,ema21,train
2024-01-16 17:45:00+00:00,188.07,187.72037008777835,188.76925982444328,2024-01-16 18:00:00+00:00,187.46037008777836,-1.7436434667385285,stop_hit,ema21,train
2024-01-17 16:15:00+00:00,186.51999999999998,186.18922215715745,187.18155568568505,2024-01-17 16:30:00+00:00,185.92922215715745,-1.7860260462601822,stop_hit,ema21,train
2024-01-17 19:00:00+00:00,186.0,185.7168235086925,186.566352982615,2024-01-17 19:30:00+00:00,185.4568235086925,-1.918155312962253,stop_hit,ema50,train
2024-01-18 14:45:00+00:00,186.6,186.35676651126752,187.08646697746494,2024-01-18 18:30:00+00:00,186.82646697746495,2.0,scaleout_tier_1,ema21,train
2024-01-18 14:45:00+00:00,186.6,186.35676651126752,187.3297004661974,2024-01-18 20:30:00+00:00,187.06970046619742,3.0,scaleout_tier_2,ema21,train
2024-01-18 14:45:00+00:00,186.6,186.35676651126752,187.57293395492988,2024-01-19 14:30:00+00:00,187.3129339549299,4.0,scaleout_tier_3,ema21,train
2024-01-18 14:45:00+00:00,186.6,186.35676651126752,187.81616744366235,2024-01-19 14:30:00+00:00,187.55616744366236,5.0,scaleout_tier_4,ema21,train
2024-01-18 14:45:00+00:00,186.6,186.35676651126752,188.05940093239482,2024-01-19 14:45:00+00:00,187.79940093239483,6.0,scaleout_tier_5,ema21,train
2024-01-18 14:45:00+00:00,186.6,186.35676651126752,187.08646697746494,2024-01-19 15:00:00+00:00,187.3075,2.908727756555669,trail_exit,ema21,train
2024-01-22 15:00:00+00:00,187.66,187.3992356695846,188.18152866083076,2024-01-22 16:00:00+00:00,187.13923566958462,-1.9970688843287137,stop_hit,ema21,train
2024-01-22 19:00:00+00:00,187.535,187.33743209352892,187.93013581294215,2024-01-22 19:15:00+00:00,187.07743209352893,-2.3160032145102027,stop_hit,ema21,train
2024-01-23 15:15:00+00:00,187.79999999999998,187.61036865290927,188.1792626941814,2024-01-23 15:30:00+00:00,187.35036865290928,-2.3710813322209843,stop_hit,ema21,train
2024-01-23 16:00:00+00:00,187.89999999999998,187.70607140322215,188.28785719355562,2024-01-23 16:15:00+00:00,187.44607140322216,-2.3406996405891762,stop_hit,ema21,train
2024-01-23 19:15:00+00:00,188.07,187.89000569456792,188.42998861086414,2024-01-24 14:30:00+00:00,187.63000569456793,-2.4444901430401527,stop_hit,ema21,train
2024-01-24 17:00:00+00:00,186.98,186.6951895738775,187.54962085224494,2024-01-24 18:15:00+00:00,186.43518957387752,-1.9128879287873537,stop_hit,ema21,train
2024-01-25 14:45:00+00:00,187.72,187.4462617487541,188.2674765024918,2024-01-25 15:00:00+00:00,187.1862617487541,-1.9498124533806203,stop_hit,ema21,train
2024-01-26 15:45:00+00:00,187.30499999999998,187.0899922279098,187.73501554418036,2024-01-26 16:00:00+00:00,186.8299922279098,-2.209258611781387,stop_hit,ema21,train
2024-01-26 18:30:00+00:00,187.17999999999998,186.99489713430222,187.5502057313955,2024-01-26 18:45:00+00:00,186.73489713430223,-2.4046243909833787,stop_hit,ema21,train
2024-01-29 19:15:00+00:00,188.045,187.8370200375652,188.46095992486957,2024-01-29 19:30:00+00:00,187.5770200375652,-2.2501204296616297,stop_hit,ema21,train
2024-01-30 19:00:00+00:00,188.57,188.34186056252003,189.02627887495993,2024-01-31 14:30:00+00:00,188.76627887495994,2.0,scaleout_tier_1,ema21,train
2024-01-30 19:00:00+00:00,188.57,188.34186056252003,189.2544183124399,2024-01-31 14:30:00+00:00,188.9944183124399,3.0,scaleout_tier_2,ema21,train
2024-01-30 19:00:00+00:00,188.57,188.34186056252003,189.48255774991986,2024-01-31 14:30:00+00:00,189.22255774991987,4.0,scaleout_tier_3,ema21,train
2024-01-30 19:00:00+00:00,188.57,188.34186056252003,189.71069718739983,2024-01-31 14:30:00+00:00,189.45069718739984,5.0,scaleout_tier_4,ema21,train
2024-02-01 14:45:00+00:00,190.06,189.56963631206213,191.04072737587575,2024-02-01 15:00:00+00:00,189.30963631206214,-1.5302187058209176,stop_hit,ema21,train
2024-02-01 18:45:00+00:00,190.88,190.38244457967073,191.87511084065852,2024-02-01 19:30:00+00:00,190.12244457967074,-1.5225548539455822,stop_hit,h_ema21,train
2024-02-02 16:45:00+00:00,188.845,188.4299909228966,189.6750181542068,2024-02-02 17:15:00+00:00,188.1699909228966,-1.626492321119058,stop_hit,ema21,train
2024-02-02 17:45:00+00:00,188.89,188.53241920681094,189.60516158637807,2024-02-02 18:00:00+00:00,188.27241920681095,-1.7271084044565435,stop_hit,ema21,train
2024-02-02 18:30:00+00:00,188.89999999999998,188.56957164626954,189.56085670746086,2024-02-05 14:30:00+00:00,188.30957164626955,-1.7868574142160216,stop_hit,ema21,train
2024-02-05 17:30:00+00:00,187.67999999999998,187.38759668300642,188.2648066339871,2024-02-06 15:00:00+00:00,188.0048066339871,2.0,scaleout_tier_1,ema21,train
2024-02-05 17:30:00+00:00,187.67999999999998,187.38759668300642,188.55720995098065,2024-02-06 15:30:00+00:00,188.29720995098066,3.0,scaleout_tier_2,ema21,train
2024-02-05 17:30:00+00:00,187.67999999999998,187.38759668300642,188.8496132679742,2024-02-07 14:30:00+00:00,188.58961326797422,4.0,scaleout_tier_3,ema21,train
2024-02-05 17:30:00+00:00,187.67999999999998,187.38759668300642,189.14201658496776,2024-02-07 14:45:00+00:00,188.88201658496777,5.0,scaleout_tier_4,ema21,train
2024-02-05 17:30:00+00:00,187.67999999999998,187.38759668300642,188.2648066339871,2024-02-07 17:00:00+00:00,188.29000000000002,2.0861596450818762,trail_exit,ema21,train
2024-02-08 16:00:00+00:00,188.48999999999998,188.27895603486053,188.9120879302789,2024-02-08 16:15:00+00:00,188.01895603486054,-2.231970787831763,stop_hit,ema21,train
2024-02-08 17:00:00+00:00,188.48,188.2676995057177,188.90460098856457,2024-02-08 17:15:00+00:00,188.0076995057177,-2.2246792023681192,stop_hit,ema21,train
2024-02-08 18:15:00+00:00,188.63,188.4213087102406,189.0473825795188,2024-02-08 18:30:00+00:00,188.1613087102406,-2.2458593758261025,stop_hit,ema21,train
2024-02-09 17:45:00+00:00,187.73,187.52602347674315,188.13795304651367,2024-02-09 18:15:00+00:00,187.26602347674316,-2.2746564940348866,stop_hit,ema21,train
2024-02-09 19:00:00+00:00,187.70999999999998,187.5269240676325,188.07615186473492,2024-02-09 19:45:00+00:00,187.26692406763252,-2.420175752420122,stop_hit,ema21,train
2024-02-12 16:15:00+00:00,186.81,186.58440945137667,187.26118109724666,2024-02-12 18:45:00+00:00,187.00118109724667,2.0,scaleout_tier_1,ema50,train
2024-02-12 16:15:00+00:00,186.81,186.58440945137667,187.26118109724666,2024-02-13 14:30:00+00:00,186.55,-1.1525305540797024,stop_hit,ema50,train
2024-02-13 17:00:00+00:00,185.0394,184.7268819785751,185.6644360428498,2024-02-13 17:15:00+00:00,184.46688197857512,-1.831952022525128,stop_hit,ema100,train
2024-02-14 16:00:00+00:00,184.39,184.15971584827358,184.8505683034528,2024-02-14 19:30:00+00:00,184.04500000000002,-1.4981491232182202,trail_exit,ema100,train
2024-02-15 15:15:00+00:00,186.05069999999998,185.7583520484627,186.6353959030745,2024-02-15 15:30:00+00:00,185.49835204846272,-1.88935119481023,stop_hit,ema50,train
2024-02-16 15:15:00+00:00,185.95,185.69072321022475,186.46855357955047,2024-02-16 17:45:00+00:00,186.20855357955048,2.0,scaleout_tier_1,ema50,train
2024-02-16 15:15:00+00:00,185.95,185.69072321022475,186.72783036932572,2024-02-20 14:30:00+00:00,186.46783036932572,3.0,scaleout_tier_2,ema50,train
2024-02-16 15:15:00+00:00,185.95,185.69072321022475,186.98710715910096,2024-02-20 14:30:00+00:00,186.72710715910097,4.0,scaleout_tier_3,ema50,train
2024-02-16 15:15:00+00:00,185.95,185.69072321022475,187.2463839488762,2024-02-20 14:30:00+00:00,186.9863839488762,5.0,scaleout_tier_4,ema50,train
2024-02-16 15:15:00+00:00,185.95,185.69072321022475,187.50566073865144,2024-02-20 14:30:00+00:00,187.24566073865145,6.0,scaleout_tier_5,ema50,train
2024-02-20 16:30:00+00:00,188.06,187.80321384463693,188.57357231072615,2024-02-20 16:45:00+00:00,187.54321384463694,-2.0125156460727927,stop_hit,ema21,train
2024-03-12 14:30:00+00:00,200.39999999999998,199.92387161407612,201.3522567718477,2024-03-12 15:15:00+00:00,199.66387161407613,-1.5460712019836813,stop_hit,h_ema21,train
2024-03-12 15:45:00+00:00,200.54,200.0971551719618,201.4256896560764,2024-03-12 17:15:00+00:00,199.8371551719618,-1.5871131004324628,stop_hit,h_ema50,train
2024-03-12 18:30:00+00:00,199.84,199.48959624975254,200.54080750049494,2024-03-12 18:45:00+00:00,199.22959624975255,-1.7420011909586324,stop_hit,h_ema21,train
2024-03-14 17:15:00+00:00,200.48,200.1745413650022,201.09091726999557,2024-03-14 17:30:00+00:00,199.9145413650022,-1.8511790802766834,stop_hit,h_ema21,train
2024-03-15 14:00:00+00:00,200.29999999999998,200.04803147166737,200.8039370566652,2024-03-15 14:30:00+00:00,199.78803147166738,-2.0318749000937837,stop_hit,h_ema21,train
2024-03-15 15:00:00+00:00,200.66,200.3697034272775,201.240593145445,2024-03-15 15:15:00+00:00,200.1097034272775,-1.8956357891573623,stop_hit,h_ema21,train
2024-03-15 16:15:00+00:00,200.45,200.1657820116323,201.01843597673536,2024-03-15 16:30:00+00:00,199.9057820116323,-1.9147907966459705,stop_hit,h_ema21,train
2024-03-15 18:15:00+00:00,200.09,199.8333975963484,200.60320480730323,2024-03-15 18:30:00+00:00,199.5733975963484,-2.013240703516524,stop_hit,h_ema21,train
2024-03-18 14:00:00+00:00,199.95,199.74680194527147,200.35639610945702,2024-03-18 16:00:00+00:00,199.48680194527148,-2.279539808328204,stop_hit,h_ema21,train
2024-03-18 16:30:00+00:00,200.10999999999999,199.87234696011942,200.58530607976112,2024-03-18 17:30:00+00:00,199.61234696011942,-2.094031871549597,stop_hit,h_ema21,train
2024-03-19 14:15:00+00:00,199.51,199.2816296704167,199.9667406591666,2024-03-19 15:00:00+00:00,199.0216296704167,-2.138501662954226,stop_hit,h_ema21,train
2024-03-19 15:30:00+00:00,199.66,199.42829138383192,200.12341723233615,2024-03-19 15:45:00+00:00,199.16829138383193,-2.122098971975177,stop_hit,h_ema21,train
2024-03-19 16:30:00+00:00,199.82999999999998,199.60743466820136,200.27513066359722,2024-03-19 16:45:00+00:00,199.34743466820137,-2.168196312960557,stop_hit,h_ema21,train
2024-03-19 18:45:00+00:00,199.95999999999998,199.77463983006098,200.33072033987798,2024-03-19 19:00:00+00:00,199.514639830061,-2.4026745879956324,stop_hit,h_ema21,train
2024-03-20 15:15:00+00:00,200.1,199.84810061939967,200.60379876120064,2024-03-20 15:30:00+00:00,199.58810061939968,-2.032158155293454,stop_hit,h_ema21,train
2024-03-21 17:00:00+00:00,202.1,201.58287707900809,203.1342458419838,2024-03-22 13:30:00+00:00,201.3228770790081,-1.5027818134637643,stop_hit,h_ema21,train
2024-03-25 14:15:00+00:00,202.1,201.76162828941472,202.77674342117055,2024-03-25 14:30:00+00:00,201.50162828941473,-1.7683857481769722,stop_hit,h_ema21,train
2024-03-27 18:45:00+00:00,203.07999999999998,202.87322451364741,203.49355097270512,2024-03-27 19:00:00+00:00,202.61322451364742,-2.2574024348160373,stop_hit,h_ema21,train
2024-04-02 17:45:00+00:00,209.75,209.30713026431496,210.63573947137007,2024-04-02 19:30:00+00:00,210.37573947137008,2.0,scaleout_tier_1,h_ema21,train
2024-04-02 17:45:00+00:00,209.75,209.30713026431496,211.0786092070551,2024-04-03 14:30:00+00:00,210.81860920705512,3.0,scaleout_tier_2,h_ema21,train
2024-04-02 17:45:00+00:00,209.75,209.30713026431496,211.52147894274015,2024-04-03 15:15:00+00:00,211.26147894274015,4.0,scaleout_tier_3,h_ema21,train
2024-04-02 17:45:00+00:00,209.75,209.30713026431496,211.96434867842518,2024-04-03 16:15:00+00:00,211.7043486784252,5.0,scaleout_tier_4,h_ema21,train
2024-04-02 17:45:00+00:00,209.75,209.30713026431496,212.40721841411022,2024-04-03 17:15:00+00:00,212.14721841411023,6.0,scaleout_tier_5,h_ema21,train
2024-04-02 17:45:00+00:00,209.75,209.30713026431496,210.63573947137007,2024-04-04 13:30:00+00:00,211.52,3.9966605468358596,trail_exit,h_ema21,train
2024-04-04 17:15:00+00:00,212.31,211.94560223001275,213.0387955399745,2024-04-04 17:30:00+00:00,211.68560223001276,-1.713506012973374,stop_hit,h_ema21,train
2024-04-05 13:45:00+00:00,212.67999999999998,212.11599820495283,213.80800359009427,2024-04-05 14:15:00+00:00,213.54800359009428,2.0,scaleout_tier_1,h_ema21,train
2024-04-05 13:45:00+00:00,212.67999999999998,212.11599820495283,214.37200538514142,2024-04-05 14:30:00+00:00,214.11200538514143,3.0,scaleout_tier_2,h_ema21,train
2024-04-05 13:45:00+00:00,212.67999999999998,212.11599820495283,214.93600718018857,2024-04-05 14:30:00+00:00,214.67600718018858,4.0,scaleout_tier_3,h_ema21,train
2024-04-05 13:45:00+00:00,212.67999999999998,212.11599820495283,215.50000897523572,2024-04-05 17:30:00+00:00,215.24000897523572,5.0,scaleout_tier_4,h_ema21,train
2024-04-05 13:45:00+00:00,212.67999999999998,212.11599820495283,213.80800359009427,2024-04-08 14:00:00+00:00,214.54000000000002,3.2978618442952943,trail_exit,h_ema21,train
2024-04-09 17:45:00+00:00,217.57,217.0666230370378,218.57675392592438,2024-04-10 13:30:00+00:00,216.8066230370378,-1.5165115194584673,stop_hit,h_ema21,train
2024-04-10 14:15:00+00:00,217.10999999999999,216.48298844127308,218.3640231174538,2024-04-10 15:00:00+00:00,216.2229884412731,-1.4146654019072613,stop_hit,h_ema21,train
2024-04-10 15:30:00+00:00,216.63,215.91219366805052,218.06561266389895,2024-04-10 17:00:00+00:00,215.65219366805053,-1.36221469277634,stop_hit,h_ema21,train
2024-04-10 17:45:00+00:00,216.42,215.7383710440833,217.78325791183337,2024-04-10 18:45:00+00:00,215.4783710440833,-1.3814391946573457,stop_hit,h_ema21,train
2024-04-10 19:15:00+00:00,215.85999999999999,215.25613651636976,217.06772696726043,2024-04-11 16:00:00+00:00,216.80772696726044,2.0,scaleout_tier_1,h_ema21,train
2024-04-10 19:15:00+00:00,215.85999999999999,215.25613651636976,217.67159045089065,2024-04-11 17:00:00+00:00,217.41159045089066,3.0,scaleout_tier_2,h_ema21,train
2024-04-10 19:15:00+00:00,215.85999999999999,215.25613651636976,218.27545393452087,2024-04-11 18:00:00+00:00,218.01545393452088,4.0,scaleout_tier_3,h_ema21,train
2024-04-10 19:15:00+00:00,215.85999999999999,215.25613651636976,218.8793174181511,2024-04-11 19:15:00+00:00,218.6193174181511,5.0,scaleout_tier_4,h_ema21,train
2024-04-10 19:15:00+00:00,215.85999999999999,215.25613651636976,219.4831809017813,2024-04-11 19:45:00+00:00,219.22318090178132,6.0,scaleout_tier_5,h_ema21,train
2024-04-10 19:15:00+00:00,215.85999999999999,215.25613651636976,220.08704438541153,2024-04-12 13:30:00+00:00,219.82704438541154,7.0,scaleout_tier_6,h_ema21,train
2024-04-10 19:15:00+00:00,215.85999999999999,215.25613651636976,220.69090786904175,2024-04-12 13:30:00+00:00,220.43090786904176,8.0,scaleout_tier_7,h_ema21,train
2024-04-10 19:15:00+00:00,215.85999999999999,215.25613651636976,221.29477135267197,2024-04-12 13:30:00+00:00,221.03477135267198,9.0,scaleout_tier_8,h_ema21,train
2024-04-10 19:15:00+00:00,215.85999999999999,215.25613651636976,221.8986348363022,2024-04-12 13:30:00+00:00,221.6386348363022,10.0,scaleout_tier_9,h_ema21,train
2024-04-12 16:00:00+00:00,222.01999999999998,221.09994785244152,223.8601042951169,2024-04-12 16:15:00+00:00,220.83994785244153,-1.2825926776976184,stop_hit,h_ema21,train
2024-04-15 14:00:00+00:00,217.67,216.83439085611676,219.34121828776645,2024-04-15 14:15:00+00:00,216.57439085611676,-1.3111502571545857,stop_hit,h_ema21,train
2024-04-15 14:45:00+00:00,217.7,216.7274186264171,219.64516274716578,2024-04-15 18:45:00+00:00,219.3851627471658,2.0,scaleout_tier_1,h_ema21,train
2024-04-15 14:45:00+00:00,217.7,216.7274186264171,220.61774412074868,2024-04-15 19:15:00+00:00,220.3577441207487,3.0,scaleout_tier_2,h_ema21,train
2024-04-15 14:45:00+00:00,217.7,216.7274186264171,219.64516274716578,2024-04-16 13:45:00+00:00,218.76000000000002,1.0898830974883786,trail_exit,h_ema21,train
2024-04-17 13:45:00+00:00,221.84,221.26657324044825,222.9868535191035,2024-04-17 14:00:00+00:00,221.00657324044826,-1.4534144869751693,stop_hit,h_ema21,train
2024-04-17 17:45:00+00:00,219.95,219.3571530141542,221.13569397169158,2024-04-17 19:00:00+00:00,219.0971530141542,-1.4385617304422273,stop_hit,h_ema50,train
2024-04-18 16:00:00+00:00,220.98,220.38725411866128,222.16549176267742,2024-04-18 18:00:00+00:00,220.12725411866128,-1.4386365357997624,stop_hit,h_ema21,train
2024-05-06 17:00:00+00:00,215.48999999999998,214.94042697415577,216.5891460516884,2024-05-06 17:15:00+00:00,214.68042697415578,-1.473094543897236,stop_hit,ema21,train
2024-05-07 16:30:00+00:00,214.56,214.215279464447,215.249441071106,2024-05-07 16:45:00+00:00,213.95527946444702,-1.7542341496508282,stop_hit,ema21,train
2024-05-07 18:30:00+00:00,214.5,214.2041868515319,215.09162629693623,2024-05-07 18:45:00+00:00,213.9441868515319,-1.8789332095155913,stop_hit,ema21,train
2024-05-08 14:15:00+00:00,214.32,214.02079811964984,214.9184037607003,2024-05-08 17:45:00+00:00,213.87,-1.5040012431518044,trail_exit,ema21,train
2024-05-08 19:00:00+00:00,214.28,214.05491116265839,214.73017767468323,2024-05-08 19:15:00+00:00,213.7949111626584,-2.155099484588791,stop_hit,ema21,train
2024-05-09 13:45:00+00:00,214.89,214.60230967810458,215.4653806437908,2024-05-09 14:00:00+00:00,215.20538064379082,2.0,scaleout_tier_1,ema21,train
2024-05-09 13:45:00+00:00,214.89,214.60230967810458,215.75307096568622,2024-05-09 14:00:00+00:00,215.49307096568623,3.0,scaleout_tier_2,ema21,train
2024-05-09 13:45:00+00:00,214.89,214.60230967810458,216.04076128758163,2024-05-09 14:15:00+00:00,215.78076128758164,4.0,scaleout_tier_3,ema21,train
2024-05-09 13:45:00+00:00,214.89,214.60230967810458,216.32845160947704,2024-05-09 18:45:00+00:00,216.06845160947705,5.0,scaleout_tier_4,ema21,train
2024-05-09 13:45:00+00:00,214.89,214.60230967810458,216.61614193137245,2024-05-09 19:30:00+00:00,216.35614193137246,6.0,scaleout_tier_5,ema21,train
2024-05-09 13:45:00+00:00,214.89,214.60230967810458,216.90383225326786,2024-05-09 19:45:00+00:00,216.64383225326787,7.0,scaleout_tier_6,ema21,train
2024-05-09 13:45:00+00:00,214.89,214.60230967810458,217.19152257516328,2024-05-10 13:30:00+00:00,216.93152257516329,8.0,scaleout_tier_7,ema21,train
2024-05-09 13:45:00+00:00,214.89,214.60230967810458,217.4792128970587,2024-05-10 13:30:00+00:00,217.2192128970587,9.0,scaleout_tier_8,ema21,train
2024-05-09 13:45:00+00:00,214.89,214.60230967810458,217.7669032189541,2024-05-10 13:30:00+00:00,217.5069032189541,10.0,scaleout_tier_9,ema21,train
2024-05-09 13:45:00+00:00,214.89,214.60230967810458,218.0545935408495,2024-05-10 13:30:00+00:00,217.79459354084952,11.0,scaleout_tier_10,ema21,train
2024-05-09 13:45:00+00:00,214.89,214.60230967810458,218.34228386274492,2024-05-10 13:30:00+00:00,218.08228386274493,12.0,scaleout_tier_11,ema21,train
2024-05-09 13:45:00+00:00,214.89,214.60230967810458,218.62997418464033,2024-05-10 13:30:00+00:00,218.36997418464034,13.0,scaleout_tier_12,ema21,train
2024-05-14 13:45:00+00:00,217.53,217.22165367704812,218.14669264590376,2024-05-14 14:00:00+00:00,217.26000000000002,-0.875638786333509,trail_exit,h_ema21,train
2024-05-15 14:15:00+00:00,218.85999999999999,218.44305116811375,219.69389766377245,2024-05-15 15:00:00+00:00,219.43389766377246,2.0,scaleout_tier_1,h_ema21,train
2024-05-15 14:15:00+00:00,218.85999999999999,218.44305116811375,220.11084649565868,2024-05-15 15:00:00+00:00,219.8508464956587,3.0,scaleout_tier_2,h_ema21,train
2024-05-15 14:15:00+00:00,218.85999999999999,218.44305116811375,220.5277953275449,2024-05-15 15:15:00+00:00,220.26779532754492,4.0,scaleout_tier_3,h_ema21,train
2024-05-15 14:15:00+00:00,218.85999999999999,218.44305116811375,220.94474415943114,2024-05-15 17:00:00+00:00,220.68474415943115,5.0,scaleout_tier_4,h_ema21,train
2024-05-15 14:15:00+00:00,218.85999999999999,218.44305116811375,219.69389766377245,2024-05-16 13:30:00+00:00,219.36,1.1991879141094686,trail_exit,h_ema21,train
2024-05-16 15:15:00+00:00,220.26,219.8454099729772,221.08918005404558,2024-05-17 13:30:00+00:00,220.8291800540456,2.0,scaleout_tier_1,h_ema21,train
2024-05-16 15:15:00+00:00,220.26,219.8454099729772,221.50377008106838,2024-05-17 13:30:00+00:00,221.2437700810684,3.0,scaleout_tier_2,h_ema21,train
2024-05-16 15:15:00+00:00,220.26,219.8454099729772,221.91836010809118,2024-05-17 13:45:00+00:00,221.6583601080912,4.0,scaleout_tier_3,h_ema21,train
2024-05-16 15:15:00+00:00,220.26,219.8454099729772,222.33295013511398,2024-05-17 14:15:00+00:00,222.07295013511398,5.0,scaleout_tier_4,h_ema21,train
2024-05-16 15:15:00+00:00,220.26,219.8454099729772,222.74754016213677,2024-05-17 14:30:00+00:00,222.48754016213678,6.0,scaleout_tier_5,h_ema21,train
2024-05-16 15:15:00+00:00,220.26,219.8454099729772,223.16213018915957,2024-05-17 14:45:00+00:00,222.90213018915958,7.0,scaleout_tier_6,h_ema21,train
2024-05-16 15:15:00+00:00,220.26,219.8454099729772,223.57672021618237,2024-05-17 18:15:00+00:00,223.31672021618238,8.0,scaleout_tier_7,h_ema21,train
2024-05-16 15:15:00+00:00,220.26,219.8454099729772,223.99131024320516,2024-05-20 14:30:00+00:00,223.73131024320517,9.0,scaleout_tier_8,h_ema21,train
2024-05-16 15:15:00+00:00,220.26,219.8454099729772,224.40590027022796,2024-05-20 16:00:00+00:00,224.14590027022797,10.0,scaleout_tier_9,h_ema21,train
2024-05-16 15:15:00+00:00,220.26,219.8454099729772,224.82049029725076,2024-05-20 17:00:00+00:00,224.56049029725077,11.0,scaleout_tier_10,h_ema21,train
2024-05-16 15:15:00+00:00,220.26,219.8454099729772,225.23508032427355,2024-05-20 17:15:00+00:00,224.97508032427356,12.0,scaleout_tier_11,h_ema21,train
2024-05-16 15:15:00+00:00,220.26,219.8454099729772,221.08918005404558,2024-05-20 19:45:00+00:00,224.29000000000002,9.72044607281022,trail_exit,h_ema21,train
2024-05-21 16:45:00+00:00,224.29,223.88332396508952,225.10335206982094,2024-05-21 17:00:00+00:00,223.62332396508953,-1.6393295342746876,stop_hit,h_ema21,train
2024-05-21 17:30:00+00:00,224.38,223.99111980732567,225.15776038534864,2024-05-21 17:45:00+00:00,223.73111980732568,-1.6685863792958344,stop_hit,h_ema21,train
2024-05-21 18:45:00+00:00,224.12,223.78874380210138,224.78251239579726,2024-05-22 13:30:00+00:00,223.5287438021014,-1.7848909745669392,stop_hit,h_ema21,train
2024-05-22 14:00:00+00:00,223.38,222.99674942495795,224.14650115008408,2024-05-22 14:15:00+00:00,222.73674942495796,-1.6784073317345187,stop_hit,h_ema21,train
2024-05-22 15:15:00+00:00,221.56,221.0251673116873,222.62966537662538,2024-05-22 15:30:00+00:00,220.76516731168732,-1.4861333379233952,stop_hit,h_ema200,train
2024-05-22 16:00:00+00:00,221.60999999999999,221.0950118745543,222.63997625089135,2024-05-22 17:15:00+00:00,220.8350118745543,-1.5048660098230047,stop_hit,h_ema200,train
2024-05-23 15:45:00+00:00,217.23999999999998,216.646813437679,218.42637312464197,2024-05-23 16:30:00+00:00,216.386813437679,-1.438310670731775,stop_hit,ema21,train
2024-05-23 17:15:00+00:00,216.92,216.4261745348332,217.90765093033357,2024-05-23 17:30:00+00:00,216.1661745348332,-1.5265018075002956,stop_hit,ema21,train
2024-05-23 18:15:00+00:00,216.31,215.8047412767954,217.3205174464092,2024-05-23 19:45:00+00:00,215.5447412767954,-1.5145878498661836,stop_hit,ema21,train
2024-05-24 13:45:00+00:00,216.94,216.47469698414594,217.87060603170812,2024-05-24 14:00:00+00:00,216.21469698414595,-1.55877566046453,stop_hit,ema21,train
2024-05-24 14:45:00+00:00,216.54999999999998,216.09829473563596,217.45341052872803,2024-05-24 15:15:00+00:00,215.83829473563597,-1.575596568187128,stop_hit,ema21,train
2024-05-24 16:30:00+00:00,216.34,215.9578205810336,217.10435883793284,2024-05-24 16:45:00+00:00,215.6978205810336,-1.6803087426924954,stop_hit,ema21,train
2024-05-24 18:15:00+00:00,216.35,216.05114678990213,216.94770642019571,2024-05-24 18:30:00+00:00,215.79114678990214,-1.8699923280558146,stop_hit,h_ema21,train
2024-05-29 14:00:00+00:00,217.25,216.8428310795672,218.06433784086562,2024-05-29 14:15:00+00:00,216.5828310795672,-1.6385556140277553,stop_hit,ema21,train
2024-05-29 15:00:00+00:00,217.07,216.68111199665552,217.84777600668895,2024-05-29 15:15:00+00:00,216.42111199665553,-1.668572950988368,stop_hit,ema21,train
2024-05-29 17:00:00+00:00,216.92999999999998,216.5898348876857,217.61033022462854,2024-05-29 17:15:00+00:00,216.3298348876857,-1.7643347027304048,stop_hit,ema21,train
2024-05-29 19:15:00+00:00,216.64999999999998,216.3874528949562,217.17509421008754,2024-05-29 19:30:00+00:00,216.1274528949562,-1.9902984836059652,stop_hit,ema21,train
2024-05-30 13:45:00+00:00,217.35,217.0572363633081,217.93552727338377,2024-05-30 14:30:00+00:00,216.79723636330812,-1.8880884352233336,stop_hit,ema21,train
2024-05-31 16:15:00+00:00,216.12,215.68477863792344,216.99044272415313,2024-05-31 17:00:00+00:00,215.42477863792345,-1.5973971469586403,stop_hit,ema21,train
2024-06-04 15:45:00+00:00,215.63,215.13556759056402,216.61886481887194,2024-06-04 16:00:00+00:00,214.87556759056403,-1.5258554961973219,stop_hit,donchian_low,train
2024-06-04 16:45:00+00:00,215.37,214.92124286636036,216.2675142672793,2024-06-05 13:30:00+00:00,216.0075142672793,2.0,scaleout_tier_1,donchian_low,train
2024-06-04 16:45:00+00:00,215.37,214.92124286636036,216.71627140091894,2024-06-05 13:45:00+00:00,216.45627140091895,3.0,scaleout_tier_2,donchian_low,train
2024-06-04 16:45:00+00:00,215.37,214.92124286636036,217.1650285345586,2024-06-05 14:30:00+00:00,216.9050285345586,4.0,scaleout_tier_3,donchian_low,train
2024-06-04 16:45:00+00:00,215.37,214.92124286636036,217.61378566819823,2024-06-05 15:00:00+00:00,217.35378566819824,5.0,scaleout_tier_4,donchian_low,train
2024-06-04 16:45:00+00:00,215.37,214.92124286636036,218.06254280183788,2024-06-06 13:30:00+00:00,217.8025428018379,6.0,scaleout_tier_5,donchian_low,train
2024-06-04 16:45:00+00:00,215.37,214.92124286636036,218.51129993547752,2024-06-06 13:30:00+00:00,218.25129993547753,7.0,scaleout_tier_6,donchian_low,train
2024-06-04 16:45:00+00:00,215.37,214.92124286636036,218.96005706911717,2024-06-06 15:00:00+00:00,218.70005706911718,8.0,scaleout_tier_7,donchian_low,train
2024-06-04 16:45:00+00:00,215.37,214.92124286636036,219.40881420275682,2024-06-06 15:15:00+00:00,219.14881420275682,9.0,scaleout_tier_8,donchian_low,train
2024-06-04 16:45:00+00:00,215.37,214.92124286636036,219.85757133639646,2024-06-06 15:30:00+00:00,219.59757133639647,10.0,scaleout_tier_9,donchian_low,train
2024-06-04 16:45:00+00:00,215.37,214.92124286636036,216.2675142672793,2024-06-07 13:30:00+00:00,215.11,-0.5793779764374114,stop_hit,donchian_low,train
2024-06-07 16:15:00+00:00,213.76999999999998,213.16110566126025,214.98778867747944,2024-06-07 17:45:00+00:00,212.90110566126026,-1.4270034773818563,stop_hit,ema50,train
2024-06-10 13:45:00+00:00,213.35,212.807498895365,214.43500220926998,2024-06-11 16:15:00+00:00,213.14000000000001,-0.3870959859911659,trail_exit,ema50,train
2024-06-11 17:00:00+00:00,213.81,213.52744684284463,214.37510631431076,2024-06-11 17:15:00+00:00,213.26744684284463,-1.9201808347057903,stop_hit,ema50,train
2024-06-13 15:00:00+00:00,214.19,213.69139067344264,215.1872186531147,2024-06-13 15:15:00+00:00,213.43139067344265,-1.5214503342630152,stop_hit,ema21,train
2024-06-13 17:00:00+00:00,212.88,212.41432546657944,213.8113490668411,2024-06-14 13:30:00+00:00,213.5513490668411,2.0,scaleout_tier_1,ema50,train
2024-06-13 17:00:00+00:00,212.88,212.41432546657944,214.27702360026166,2024-06-14 13:30:00+00:00,214.01702360026167,3.0,scaleout_tier_2,ema50,train
2024-06-13 17:00:00+00:00,212.88,212.41432546657944,214.7426981336822,2024-06-14 13:30:00+00:00,214.48269813368222,4.0,scaleout_tier_3,ema50,train
2024-06-13 17:00:00+00:00,212.88,212.41432546657944,215.20837266710276,2024-06-14 13:30:00+00:00,214.94837266710277,5.0,scaleout_tier_4,ema50,train
2024-06-14 17:15:00+00:00,215.91,215.52556921983472,216.67886156033055,2024-06-17 13:30:00+00:00,215.26556921983473,-1.6763246165882233,stop_hit,ema21,train
2024-06-17 14:30:00+00:00,215.39999999999998,215.04916838337522,216.1016632332495,2024-06-17 14:45:00+00:00,214.78916838337523,-1.7410962629348203,stop_hit,ema21,train
2024-06-17 17:00:00+00:00,214.51999999999998,214.19893789005698,215.16212421988598,2024-06-17 17:15:00+00:00,213.938937890057,-1.8098121576730128,stop_hit,ema21,train
2024-06-17 17:45:00+00:00,214.42999999999998,214.1232895570172,215.04342088596556,2024-06-18 13:30:00+00:00,213.8632895570172,-1.8477050780255935,stop_hit,ema50,train
2024-06-18 15:30:00+00:00,215.35999999999999,215.03234130922152,216.0153173815569,2024-07-05 13:30:00+00:00,215.75531738155692,2.0,scaleout_tier_1,ema21,train
2024-06-18 15:30:00+00:00,215.35999999999999,215.03234130922152,216.34297607233538,2024-07-05 13:30:00+00:00,216.08297607233538,3.0,scaleout_tier_2,ema21,train
2024-06-18 15:30:00+00:00,215.35999999999999,215.03234130922152,216.67063476311384,2024-07-05 13:30:00+00:00,216.41063476311385,4.0,scaleout_tier_3,ema21,train
2024-06-18 15:30:00+00:00,215.35999999999999,215.03234130922152,216.9982934538923,2024-07-05 13:30:00+00:00,216.7382934538923,5.0,scaleout_tier_4,ema21,train
2024-06-18 15:30:00+00:00,215.35999999999999,215.03234130922152,217.32595214467077,2024-07-05 13:30:00+00:00,217.06595214467077,6.0,scaleout_tier_5,ema21,train
2024-06-18 15:30:00+00:00,215.35999999999999,215.03234130922152,217.65361083544923,2024-07-05 13:30:00+00:00,217.39361083544924,7.0,scaleout_tier_6,ema21,train
2024-06-18 15:30:00+00:00,215.35999999999999,215.03234130922152,217.9812695262277,2024-07-05 13:30:00+00:00,217.7212695262277,8.0,scaleout_tier_7,ema21,train
2024-06-18 15:30:00+00:00,215.35999999999999,215.03234130922152,218.30892821700616,2024-07-05 13:30:00+00:00,218.04892821700616,9.0,scaleout_tier_8,ema21,train
2024-06-18 15:30:00+00:00,215.35999999999999,215.03234130922152,218.63658690778462,2024-07-05 13:30:00+00:00,218.37658690778463,10.0,scaleout_tier_9,ema21,train
2024-06-18 15:30:00+00:00,215.35999999999999,215.03234130922152,218.96424559856308,2024-07-05 13:30:00+00:00,218.7042455985631,11.0,scaleout_tier_10,ema21,train
2024-06-18 15:30:00+00:00,215.35999999999999,215.03234130922152,219.29190428934155,2024-07-05 13:30:00+00:00,219.03190428934155,12.0,scaleout_tier_11,ema21,train
2024-06-18 15:30:00+00:00,215.35999999999999,215.03234130922152,219.61956298012,2024-07-05 13:30:00+00:00,219.35956298012002,13.0,scaleout_tier_12,ema21,train
2024-06-18 15:30:00+00:00,215.35999999999999,215.03234130922152,219.94722167089847,2024-07-05 13:30:00+00:00,219.68722167089848,14.0,scaleout_tier_13,ema21,train
2024-06-18 15:30:00+00:00,215.35999999999999,215.03234130922152,220.27488036167694,2024-07-05 13:30:00+00:00,220.01488036167694,15.0,scaleout_tier_14,ema21,train
2024-07-08 16:45:00+00:00,218.25,217.81425645975244,219.12148708049511,2024-07-08 17:00:00+00:00,217.92000000000002,-0.7573262011239511,trail_exit,ema21,train
2024-07-09 15:45:00+00:00,218.29999999999998,217.86914214649494,219.16171570701007,2024-07-10 13:30:00+00:00,218.90171570701008,2.0,scaleout_tier_1,ema21,train
2024-07-09 15:45:00+00:00,218.29999999999998,217.86914214649494,219.59257356051512,2024-07-10 13:30:00+00:00,219.33257356051513,3.0,scaleout_tier_2,ema21,train
2024-07-09 15:45:00+00:00,218.29999999999998,217.86914214649494,220.02343141402017,2024-07-10 13:30:00+00:00,219.76343141402018,4.0,scaleout_tier_3,ema21,train
2024-07-09 15:45:00+00:00,218.29999999999998,217.86914214649494,219.16171570701007,2024-07-10 14:45:00+00:00,219.35000000000002,2.4369986329789466,trail_exit,ema21,train
2024-07-17 15:30:00+00:00,228.14999999999998,227.56715652059407,229.3156869588118,2024-07-17 15:45:00+00:00,227.30715652059408,-1.446088888675581,stop_hit,h_ema21,train
2024-07-17 17:15:00+00:00,227.51999999999998,227.00071046537033,228.55857906925928,2024-07-17 17:30:00+00:00,226.74071046537034,-1.5006840744160568,stop_hit,h_ema21,train
2024-07-17 18:15:00+00:00,227.26,226.78696693048317,228.20606613903362,2024-07-18 16:30:00+00:00,226.76000000000002,-1.05700855229995,trail_exit,h_ema21,train
2024-07-18 17:00:00+00:00,227.31,226.94765008761192,228.03469982477617,2024-07-18 17:15:00+00:00,226.68765008761193,-1.7175384651991477,stop_hit,h_ema21,train
2024-07-18 17:45:00+00:00,227.26999999999998,226.9105347093598,227.98893058128033,2024-07-18 18:00:00+00:00,226.65053470935982,-1.7232965373011555,stop_hit,h_ema21,train
2024-07-19 15:15:00+00:00,222.82999999999998,222.23714733159719,224.01570533680558,2024-07-19 15:30:00+00:00,221.9771473315972,-1.4385575267805668,stop_hit,ema21,train
2024-07-22 14:15:00+00:00,221.62,221.29782142550397,222.26435714899208,2024-07-22 14:30:00+00:00,221.03782142550398,-1.807005867496599,stop_hit,ema21,train
2024-07-22 16:45:00+00:00,221.37,221.02961502929537,222.05076994140927,2024-07-23 13:30:00+00:00,221.79076994140928,2.0,scaleout_tier_1,ema21,train
2024-07-22 16:45:00+00:00,221.37,221.02961502929537,222.3911549121139,2024-07-23 14:30:00+00:00,222.1311549121139,3.0,scaleout_tier_2,ema21,train
2024-07-22 16:45:00+00:00,221.37,221.02961502929537,222.73153988281854,2024-07-24 13:30:00+00:00,222.47153988281855,4.0,scaleout_tier_3,ema21,train
2024-07-22 16:45:00+00:00,221.37,221.02961502929537,223.07192485352317,2024-07-24 13:30:00+00:00,222.81192485352318,5.0,scaleout_tier_4,ema21,train
2024-07-22 16:45:00+00:00,221.37,221.02961502929537,223.4123098242278,2024-07-24 13:30:00+00:00,223.1523098242278,6.0,scaleout_tier_5,ema21,train
2024-07-22 16:45:00+00:00,221.37,221.02961502929537,223.75269479493244,2024-07-24 13:30:00+00:00,223.49269479493245,7.0,scaleout_tier_6,ema21,train
2024-07-25 14:30:00+00:00,218.95999999999998,218.37282325006484,220.13435349987026,2024-07-25 14:45:00+00:00,218.49,-0.800440412621732,trail_exit,ema21,train
2024-07-26 16:15:00+00:00,220.89,220.44355574235956,221.78288851528083,2024-07-26 17:15:00+00:00,220.18355574235957,-1.5823795368634834,stop_hit,ema21,train
2024-07-29 15:45:00+00:00,220.01999999999998,219.6057164041455,220.84856719170892,2024-07-29 16:00:00+00:00,219.34571640414552,-1.627589416046595,stop_hit,ema21,train
2024-07-29 16:30:00+00:00,220.01999999999998,219.63334509471855,220.79330981056285,2024-07-30 13:30:00+00:00,220.53330981056286,2.0,scaleout_tier_1,ema21,train
2024-07-29 16:30:00+00:00,220.01999999999998,219.63334509471855,221.17996471584428,2024-07-30 13:30:00+00:00,220.9199647158443,3.0,scaleout_tier_2,ema21,train
2024-07-29 16:30:00+00:00,220.01999999999998,219.63334509471855,220.79330981056285,2024-07-30 15:15:00+00:00,220.34,0.8276113806628296,trail_exit,ema21,train
2024-08-01 19:00:00+00:00,225.73999999999998,225.2960653642728,226.62786927145433,2024-08-02 13:30:00+00:00,226.36786927145434,2.0,scaleout_tier_1,h_ema21,train
2024-08-01 19:00:00+00:00,225.73999999999998,225.2960653642728,227.0718039071815,2024-08-02 13:30:00+00:00,226.8118039071815,3.0,scaleout_tier_2,h_ema21,train
2024-08-01 19:00:00+00:00,225.73999999999998,225.2960653642728,227.51573854290868,2024-08-02 13:30:00+00:00,227.2557385429087,4.0,scaleout_tier_3,h_ema21,train
2024-08-01 19:00:00+00:00,225.73999999999998,225.2960653642728,227.95967317863585,2024-08-02 13:45:00+00:00,227.69967317863586,5.0,scaleout_tier_4,h_ema21,train
2024-08-02 15:30:00+00:00,224.54,223.6068074007322,226.40638519853556,2024-08-02 15:45:00+00:00,224.71,0.1821703259685128,trail_exit,ema21,train
2024-08-02 18:15:00+00:00,225.03,224.28177158082326,226.52645683835348,2024-08-02 19:00:00+00:00,224.02177158082327,-1.347487469516412,stop_hit,h_ema21,train
2024-08-05 15:15:00+00:00,222.85999999999999,221.98333066366268,224.6133386726746,2024-08-05 16:00:00+00:00,221.7233306636627,-1.296577043616312,stop_hit,ema21,train
2024-08-05 17:15:00+00:00,222.67,221.9618169989878,224.08636600202433,2024-08-05 17:30:00+00:00,221.70181699898782,-1.3671367423792788,stop_hit,ema21,train
2024-08-05 19:15:00+00:00,222.92999999999998,222.39890859234313,223.99218281531367,2024-08-06 13:30:00+00:00,222.13890859234314,-1.4895579108445773,stop_hit,ema21,train
2024-08-06 16:00:00+00:00,220.95999999999998,220.35211568747363,222.17576862505268,2024-08-07 15:30:00+00:00,220.98000000000002,0.032900997094199,trail_exit,ema21,train
2024-08-07 16:45:00+00:00,221.82,221.43694169357443,222.58611661285113,2024-08-07 17:00:00+00:00,221.17694169357443,-1.678747845011192,stop_hit,ema21,train
2024-08-07 19:15:00+00:00,221.07999999999998,220.711285195434,221.81742960913198,2024-08-07 19:45:00+00:00,220.451285195434,-1.7051520491726098,stop_hit,ema21,train
2024-08-08 13:45:00+00:00,223.47,222.95643889178442,224.49712221643117,2024-08-08 14:00:00+00:00,222.69643889178442,-1.5062688662375263,stop_hit,ema21,train
2024-08-08 17:15:00+00:00,224.07999999999998,223.58926073035772,225.0614785392845,2024-08-09 18:15:00+00:00,224.20000000000002,0.24452903491401926,trail_exit,ema21,train
2024-08-09 18:45:00+00:00,224.81,224.50764816064057,225.41470367871887,2024-08-09 19:00:00+00:00,224.24764816064058,-1.8599253126782094,stop_hit,h_ema21,train
2024-08-12 14:45:00+00:00,226.92999999999998,226.49703074327175,227.79593851345643,2024-08-12 16:00:00+00:00,227.53593851345644,2.0,scaleout_tier_1,h_ema21,train
2024-08-12 14:45:00+00:00,226.92999999999998,226.49703074327175,228.22890777018466,2024-08-12 18:00:00+00:00,227.96890777018467,3.0,scaleout_tier_2,h_ema21,train
2024-08-12 14:45:00+00:00,226.92999999999998,226.49703074327175,227.79593851345643,2024-08-13 16:15:00+00:00,227.72,1.824609917964449,trail_exit,h_ema21,train
2024-08-13 18:00:00+00:00,228.34,228.05529565338267,228.90940869323467,2024-08-13 18:15:00+00:00,227.79529565338268,-1.9132280665509271,stop_hit,h_ema21,train
2024-08-13 19:00:00+00:00,228.35999999999999,228.11056250406764,228.85887499186467,2024-08-13 19:15:00+00:00,227.85056250406765,-2.0423452938707944,stop_hit,h_ema21,train
2024-08-14 14:30:00+00:00,227.34,226.94675900911997,228.12648198176007,2024-08-14 14:45:00+00:00,226.68675900911998,-1.6611721718484609,stop_hit,h_ema21,train
2024-08-14 18:00:00+00:00,225.95999999999998,225.6102352118032,226.65952957639354,2024-08-15 13:45:00+00:00,225.3502352118032,-1.743356703630537,stop_hit,h_ema200,train
2024-08-15 18:00:00+00:00,227.19,226.86559299418903,227.83881401162193,2024-08-15 19:45:00+00:00,226.60559299418904,-1.8014623461969639,stop_hit,h_ema21,train
2024-09-03 14:15:00+00:00,229.56,228.9556212019635,230.768757596073,2024-09-03 14:30:00+00:00,228.69562120196352,-1.4301937805308187,stop_hit,h_ema21,train
2024-09-03 15:15:00+00:00,229.48,228.89203475503123,230.6559304899375,2024-09-04 14:30:00+00:00,230.3959304899375,2.0,scaleout_tier_1,h_ema50,train
2024-09-03 15:15:00+00:00,229.48,228.89203475503123,230.6559304899375,2024-09-04 19:30:00+00:00,230.05,0.9694450562810223,trail_exit,h_ema50,train
2024-09-05 15:45:00+00:00,232.07,231.6340710532612,232.94185789347756,2024-09-05 16:00:00+00:00,231.37407105326122,-1.596427472745432,stop_hit,h_ema21,train
2024-09-05 17:00:00+00:00,232.20999999999998,231.82439101560828,232.98121796878337,2024-09-06 13:30:00+00:00,231.5643910156083,-1.6742581488606798,stop_hit,h_ema21,train
2024-09-06 14:00:00+00:00,232.16,231.82431127732139,232.83137744535722,2024-09-06 14:15:00+00:00,231.5643112773214,-1.7745270616341648,stop_hit,h_ema21,train
2024-09-06 14:45:00+00:00,232.54999999999998,232.10226015899238,233.4454796820152,2024-09-06 15:00:00+00:00,231.8422601589924,-1.5806943590610147,stop_hit,h_ema21,train
2024-09-06 17:30:00+00:00,230.84,230.25454825003283,232.01090349993436,2024-09-06 17:45:00+00:00,229.99454825003284,-1.44410149942257,stop_hit,h_ema50,train
2024-09-09 14:30:00+00:00,231.25,230.80189695820306,232.14620608359388,2024-09-09 14:45:00+00:00,230.54189695820307,-1.5802236890813401,stop_hit,h_ema21,train
2024-09-09 16:45:00+00:00,231.51999999999998,231.15970302937748,232.24059394124498,2024-09-09 17:45:00+00:00,230.8997030293775,-1.7216269388853822,stop_hit,h_ema21,train
2024-09-11 14:30:00+00:00,231.92999999999998,231.5631801122756,232.66363977544873,2024-09-11 14:45:00+00:00,231.3031801122756,-1.7087947210630854,stop_hit,h_ema21,train
2024-09-16 15:00:00+00:00,238.69,238.3278199260974,239.4143601478052,2024-09-16 15:15:00+00:00,238.0678199260974,-1.7178749432524187,stop_hit,h_ema21,train
2024-09-17 14:15:00+00:00,238.72,238.42399001496054,239.31201997007892,2024-09-17 14:30:00+00:00,238.16399001496055,-1.8783487488279496,stop_hit,h_ema21,train
2024-09-17 15:00:00+00:00,238.35,238.01637976052052,239.01724047895894,2024-09-17 15:15:00+00:00,237.75637976052053,-1.7793292169733264,stop_hit,h_ema21,train
2024-09-17 18:45:00+00:00,237.87,237.55416584493835,238.5016683101233,2024-09-17 19:00:00+00:00,237.29416584493836,-1.8232168555336852,stop_hit,h_ema21,train
2024-09-18 15:30:00+00:00,237.97,237.63654056129226,238.63691887741547,2024-09-18 15:45:00+00:00,237.37654056129227,-1.7797050250176656,stop_hit,h_ema21,train
2024-09-19 13:45:00+00:00,238.14,237.1926769456845,240.03464610863097,2024-09-20 13:30:00+00:00,239.77464610863098,2.0,scaleout_tier_1,h_ema21,train
2024-09-19 13:45:00+00:00,238.14,237.1926769456845,240.98196916294646,2024-09-20 14:00:00+00:00,240.72196916294646,3.0,scaleout_tier_2,h_ema21,train
2024-09-19 13:45:00+00:00,238.14,237.1926769456845,241.92929221726195,2024-09-20 15:30:00+00:00,241.66929221726195,4.0,scaleout_tier_3,h_ema21,train
2024-09-19 13:45:00+00:00,238.14,237.1926769456845,242.87661527157744,2024-09-23 13:30:00+00:00,242.61661527157744,5.0,scaleout_tier_4,h_ema21,train
2024-09-19 13:45:00+00:00,238.14,237.1926769456845,240.03464610863097,2024-09-23 18:30:00+00:00,242.51000000000002,4.612998680959662,trail_exit,h_ema21,train
2024-09-25 18:30:00+00:00,246.17999999999998,245.84701277036592,246.8459744592681,2024-09-25 18:45:00+00:00,245.58701277036593,-1.7808107244404636,stop_hit,h_ema21,train
2024-09-26 17:15:00+00:00,247.0,246.60636901849577,247.78726196300846,2024-09-26 17:30:00+00:00,246.34636901849578,-1.660517114294258,stop_hit,h_ema21,train
2024-09-27 15:30:00+00:00,245.44,244.99632459260874,246.3273508147825,2024-09-27 15:45:00+00:00,244.73632459260875,-1.5860139995785492,stop_hit,h_ema50,train
2024-09-30 15:15:00+00:00,243.57,243.11605782537993,244.47788434924013,2024-09-30 18:00:00+00:00,242.85605782537993,-1.5727601763762118,stop_hit,h_ema200,train
2024-09-30 18:45:00+00:00,243.35,242.9670932189189,244.11581356216217,2024-09-30 19:00:00+00:00,242.7070932189189,-1.6790164417196092,stop_hit,h_ema21,train
2024-10-01 17:15:00+00:00,247.07,246.44780704405107,248.31438591189783,2024-10-01 17:30:00+00:00,246.18780704405108,-1.4178767977266151,stop_hit,h_ema21,train
2024-10-02 15:30:00+00:00,244.82999999999998,244.30045741161638,245.8890851767672,2024-10-03 13:30:00+00:00,244.42000000000002,-0.7742531176792904,trail_exit,h_ema21,train
2024-10-03 14:15:00+00:00,245.20999999999998,244.77135982243124,246.08728035513747,2024-10-03 14:30:00+00:00,244.51135982243125,-1.5927409601215656,stop_hit,h_ema21,train
2024-10-03 15:00:00+00:00,245.04999999999998,244.59081542634163,245.96836914731668,2024-10-04 13:30:00+00:00,244.73000000000002,-0.6968875227024891,trail_exit,h_ema21,train
2024-10-04 14:00:00+00:00,245.26,244.91330098158582,245.95339803682833,2024-10-04 14:15:00+00:00,244.65330098158583,-1.7499300147697328,stop_hit,h_ema21,train
2024-10-04 17:00:00+00:00,244.64999999999998,244.1255466295477,245.69890674090453,2024-10-07 13:45:00+00:00,243.8655466295477,-1.4957542741612513,stop_hit,h_ema21,train
2024-10-07 14:45:00+00:00,244.73,244.28448812574385,245.62102374851227,2024-10-07 15:00:00+00:00,244.02448812574386,-1.583598361848617,stop_hit,h_ema21,train
2024-10-07 19:15:00+00:00,244.37,244.05593599592737,244.99812800814527,2024-10-08 13:30:00+00:00,243.79593599592738,-1.827856731839477,stop_hit,h_ema21,train
2024-10-08 17:15:00+00:00,241.66,241.16700014007478,242.64599971985044,2024-10-09 13:30:00+00:00,240.90700014007479,-1.5273835169840182,stop_hit,ema21,train
2024-10-09 15:00:00+00:00,241.35999999999999,240.92962430913147,242.22075138173702,2024-10-09 16:30:00+00:00,240.66962430913148,-1.6041233404128847,stop_hit,ema21,train
2024-10-09 17:45:00+00:00,241.25,240.90407835289795,241.9418432942041,2024-10-09 18:15:00+00:00,240.64407835289796,-1.7516152925904982,stop_hit,ema21,train
2024-10-09 19:15:00+00:00,241.26999999999998,240.9567561853045,241.89648762939095,2024-10-09 19:30:00+00:00,240.6967561853045,-1.8300243701627366,stop_hit,ema21,train
2024-10-14 15:15:00+00:00,244.81,244.46898630217322,245.49202739565357,2024-10-14 15:30:00+00:00,244.20898630217323,-1.7624327165064742,stop_hit,h_ema21,train
2024-10-14 17:15:00+00:00,244.98999999999998,244.7032118336639,245.56357633267217,2024-10-14 17:30:00+00:00,244.4432118336639,-1.906592497597303,stop_hit,h_ema21,train
2024-10-14 19:15:00+00:00,245.14999999999998,244.91783657261405,245.61432685477183,2024-10-14 19:30:00+00:00,244.65783657261406,-2.1199007652819946,stop_hit,h_ema21,train
2024-10-15 14:15:00+00:00,245.54,245.2475978253139,246.12480434937217,2024-10-15 15:45:00+00:00,245.86480434937218,2.0,scaleout_tier_1,h_ema21,train
2024-10-15 14:15:00+00:00,245.54,245.2475978253139,246.41720652405826,2024-10-15 16:00:00+00:00,246.15720652405827,3.0,scaleout_tier_2,h_ema21,train
2024-10-15 14:15:00+00:00,245.54,245.2475978253139,246.12480434937217,2024-10-15 17:00:00+00:00,245.39000000000001,-0.5129920807224202,trail_exit,h_ema21,train
2024-10-16 15:30:00+00:00,247.34,246.87445686174303,248.27108627651396,2024-10-16 15:45:00+00:00,246.61445686174304,-1.5584874496774843,stop_hit,h_ema21,train
2024-10-16 16:45:00+00:00,247.04999999999998,246.62500271755658,247.89999456488678,2024-10-17 13:30:00+00:00,247.6399945648868,2.0,scaleout_tier_1,h_ema21,train
2024-10-16 16:45:00+00:00,247.04999999999998,246.62500271755658,248.32499184733018,2024-10-17 14:00:00+00:00,248.0649918473302,3.0,scaleout_tier_2,h_ema21,train
2024-10-16 16:45:00+00:00,247.04999999999998,246.62500271755658,248.74998912977358,2024-10-17 14:30:00+00:00,248.4899891297736,4.0,scaleout_tier_3,h_ema21,train
2024-10-16 16:45:00+00:00,247.04999999999998,246.62500271755658,249.17498641221698,2024-11-04 14:30:00+00:00,248.914986412217,5.0,scaleout_tier_4,h_ema21,train
2024-10-16 16:45:00+00:00,247.04999999999998,246.62500271755658,249.59998369466038,2024-11-04 14:30:00+00:00,249.3399836946604,6.0,scaleout_tier_5,h_ema21,train
2024-10-16 16:45:00+00:00,247.04999999999998,246.62500271755658,250.02498097710378,2024-11-04 14:30:00+00:00,249.7649809771038,7.0,scaleout_tier_6,h_ema21,train
2024-10-16 16:45:00+00:00,247.04999999999998,246.62500271755658,250.44997825954718,2024-11-04 14:30:00+00:00,250.1899782595472,8.0,scaleout_tier_7,h_ema21,train
2024-10-16 16:45:00+00:00,247.04999999999998,246.62500271755658,250.87497554199058,2024-11-04 14:30:00+00:00,250.6149755419906,9.0,scaleout_tier_8,h_ema21,train
2024-10-16 16:45:00+00:00,247.04999999999998,246.62500271755658,251.29997282443398,2024-11-04 14:30:00+00:00,251.039972824434,10.0,scaleout_tier_9,h_ema21,train
2024-10-16 16:45:00+00:00,247.04999999999998,246.62500271755658,251.72497010687738,2024-11-04 14:30:00+00:00,251.4649701068774,11.0,scaleout_tier_10,h_ema21,train
2024-10-16 16:45:00+00:00,247.04999999999998,246.62500271755658,252.14996738932078,2024-11-04 14:30:00+00:00,251.8899673893208,12.0,scaleout_tier_11,h_ema21,train
2024-10-16 16:45:00+00:00,247.04999999999998,246.62500271755658,252.57496467176418,2024-11-04 14:30:00+00:00,252.3149646717642,13.0,scaleout_tier_12,h_ema21,train
2024-10-16 16:45:00+00:00,247.04999999999998,246.62500271755658,252.99996195420758,2024-11-04 14:30:00+00:00,252.7399619542076,14.0,scaleout_tier_13,h_ema21,train
2024-10-16 16:45:00+00:00,247.04999999999998,246.62500271755658,253.42495923665098,2024-11-04 14:30:00+00:00,253.164959236651,15.0,scaleout_tier_14,h_ema21,train
2024-11-05 15:45:00+00:00,253.09,252.68423838889626,253.9015232222075,2024-11-06 14:30:00+00:00,252.42423838889627,-1.6407703264306988,stop_hit,h_ema21,train
2024-11-07 14:45:00+00:00,248.60999999999999,248.01226920430292,249.8054615913941,2024-11-07 20:15:00+00:00,249.54546159139412,2.0,scaleout_tier_1,ema21,train
2024-11-07 14:45:00+00:00,248.60999999999999,248.01226920430292,249.8054615913941,2024-11-08 14:30:00+00:00,248.35,-0.4349784248555984,stop_hit,ema21,train
2024-11-08 18:00:00+00:00,248.51999999999998,248.07837295840727,249.4032540831854,2024-11-08 18:30:00+00:00,247.81837295840728,-1.5887320646451164,stop_hit,h_ema21,train
2024-11-12 16:45:00+00:00,240.39999999999998,239.9500737992546,241.29985240149074,2024-11-12 17:00:00+00:00,239.6900737992546,-1.577872547918427,stop_hit,ema50,train
2024-11-14 16:00:00+00:00,237.62,237.10376434166866,238.65247131666268,2024-11-14 17:45:00+00:00,236.84376434166867,-1.503645952781342,stop_hit,ema50,train
2024-11-14 19:15:00+00:00,237.89999999999998,237.4864104217106,238.72717915657876,2024-11-14 20:00:00+00:00,237.2264104217106,-1.6286425327140817,stop_hit,ema50,train
2024-11-15 15:00:00+00:00,237.85999999999999,237.39111528978717,238.79776942042562,2024-11-15 15:15:00+00:00,237.13111528978718,-1.55450731136441,stop_hit,ema50,train
2024-11-15 16:00:00+00:00,237.64999999999998,237.1612217251044,238.6275565497911,2024-11-15 16:15:00+00:00,236.90122172510442,-1.5319385360479523,stop_hit,ema50,train
2024-11-15 17:15:00+00:00,236.92999999999998,236.47021718625274,237.84956562749446,2024-11-15 18:00:00+00:00,236.21021718625275,-1.5654843813777766,stop_hit,ema50,train
2024-11-15 18:30:00+00:00,237.17999999999998,236.76342589719934,238.01314820560125,2024-11-15 19:30:00+00:00,236.50342589719935,-1.624138654448283,stop_hit,donchian_low,train
2024-11-18 17:45:00+00:00,241.34,240.92398366911206,242.1720326617759,2024-11-18 18:15:00+00:00,240.66398366911207,-1.6249754653742776,stop_hit,ema21,train
2024-11-18 19:00:00+00:00,241.38,241.0194678713773,242.1010642572454,2024-11-18 19:15:00+00:00,240.7594678713773,-1.7211562558744309,stop_hit,h_ema200,train
2024-11-19 17:00:00+00:00,242.78,242.3641235507077,243.61175289858463,2024-11-20 14:30:00+00:00,243.35175289858464,2.0,scaleout_tier_1,ema21,train
2024-11-19 17:00:00+00:00,242.78,242.3641235507077,244.02762934787694,2024-11-20 14:30:00+00:00,243.76762934787695,3.0,scaleout_tier_2,ema21,train
2024-11-19 17:00:00+00:00,242.78,242.3641235507077,244.44350579716925,2024-11-20 15:00:00+00:00,244.18350579716926,4.0,scaleout_tier_3,ema21,train
2024-11-19 17:00:00+00:00,242.78,242.3641235507077,244.85938224646156,2024-11-20 17:00:00+00:00,244.59938224646157,5.0,scaleout_tier_4,ema21,train
2024-11-19 17:00:00+00:00,242.78,242.3641235507077,243.61175289858463,2024-11-20 20:30:00+00:00,244.19,3.3904300241077876,trail_exit,ema21,train
2024-11-25 19:15:00+00:00,242.19,241.6286359910802,243.31272801783962,2024-11-26 14:30:00+00:00,241.3686359910802,-1.4631575873563556,stop_hit,ema21,train
2024-11-26 15:45:00+00:00,243.19,242.68050084020723,244.20899831958553,2024-11-26 16:00:00+00:00,242.42050084020724,-1.5103050613581832,stop_hit,ema21,train
2024-11-26 19:00:00+00:00,242.44,242.0621992698766,243.1956014602468,2024-11-27 14:30:00+00:00,242.9356014602468,2.0,scaleout_tier_1,ema21,train
2024-11-26 19:00:00+00:00,242.44,242.0621992698766,243.5734021903702,2024-11-27 14:30:00+00:00,243.3134021903702,3.0,scaleout_tier_2,ema21,train
2024-11-26 19:00:00+00:00,242.44,242.0621992698766,243.95120292049359,2024-11-27 14:30:00+00:00,243.6912029204936,4.0,scaleout_tier_3,ema21,train
2024-11-26 19:00:00+00:00,242.44,242.0621992698766,244.32900365061698,2024-11-27 14:30:00+00:00,244.069003650617,5.0,scaleout_tier_4,ema21,train
2024-11-26 19:00:00+00:00,242.44,242.0621992698766,244.70680438074038,2024-11-27 14:30:00+00:00,244.4468043807404,6.0,scaleout_tier_5,ema21,train
2024-11-26 19:00:00+00:00,242.44,242.0621992698766,245.08460511086378,2024-11-27 14:30:00+00:00,244.82460511086379,7.0,scaleout_tier_6,ema21,train
2024-11-27 16:45:00+00:00,244.32999999999998,243.822946083383,245.34410783323398,2024-11-27 17:00:00+00:00,243.562946083383,-1.5127659830234228,stop_hit,ema21,train
2024-11-27 18:30:00+00:00,243.98999999999998,243.55260503960898,244.864789920782,2024-11-27 19:15:00+00:00,243.292605039609,-1.594428430925604,stop_hit,ema21,train
2024-11-29 15:45:00+00:00,245.39,244.96017951941937,246.24964096116122,2024-12-02 14:30:00+00:00,244.70017951941938,-1.6049037022358121,stop_hit,ema21,train
2024-12-02 15:30:00+00:00,244.48,244.01919045102449,245.401619097951,2024-12-02 15:45:00+00:00,243.7591904510245,-1.564224418912404,stop_hit,ema21,train
2024-12-02 16:30:00+00:00,244.26999999999998,243.8291971697134,245.15160566057313,2024-12-02 16:45:00+00:00,243.56919716971342,-1.5898328734208933,stop_hit,ema21,train
2024-12-02 19:15:00+00:00,243.87,243.5414869569647,244.52702608607063,2024-12-02 19:45:00+00:00,243.2814869569647,-1.7914449837294317,stop_hit,ema21,train
2024-12-03 16:00:00+00:00,244.04,243.564184452633,244.991631094734,2024-12-04 15:15:00+00:00,244.731631094734,2.0,scaleout_tier_1,ema21,train
2024-12-03 16:00:00+00:00,244.04,243.564184452633,244.991631094734,2024-12-04 20:15:00+00:00,244.3,0.546430232132529,trail_exit,ema21,train
2024-12-05 16:15:00+00:00,244.0,243.61187749276584,244.77624501446832,2024-12-05 16:30:00+00:00,243.35187749276585,-1.6698915810185946,stop_hit,ema21,train
2024-12-05 18:00:00+00:00,242.79,242.3660195750322,243.63796084993558,2024-12-05 18:15:00+00:00,242.1060195750322,-1.6132358587539517,stop_hit,ema21,train
2024-12-05 18:45:00+00:00,242.82999999999998,242.4242110081435,243.64157798371298,2024-12-06 16:15:00+00:00,243.381577983713,2.0,scaleout_tier_1,ema21,train
2024-12-05 18:45:00+00:00,242.82999999999998,242.4242110081435,243.64157798371298,2024-12-06 20:30:00+00:00,242.93,0.2464334962427634,trail_exit,ema21,train
2024-12-12 15:00:00+00:00,248.2,247.65978421471127,249.28043157057743,2024-12-12 15:15:00+00:00,247.39978421471127,-1.4812891571856452,stop_hit,h_ema21,train
2024-12-13 16:15:00+00:00,246.01,245.5561491403519,246.9177017192962,2024-12-13 16:30:00+00:00,245.2961491403519,-1.5728754159496052,stop_hit,ema21,train
2024-12-16 14:45:00+00:00,245.47,245.11016744867024,246.18966510265952,2024-12-16 15:00:00+00:00,244.85016744867025,-1.7225583095224768,stop_hit,ema21,train
2025-01-02 15:45:00+00:00,244.98999999999998,244.7008744453431,245.56825110931376,2025-01-02 16:00:00+00:00,244.4408744453431,-1.8992632986334808,stop_hit,ema21,holdout
2025-01-02 16:30:00+00:00,245.42999999999998,245.11672782668322,246.0565443466335,2025-01-02 17:15:00+00:00,244.85672782668323,-1.8299492331133256,stop_hit,ema21,holdout
2025-01-02 18:00:00+00:00,245.39999999999998,245.0857193012139,246.0285613975721,2025-01-02 18:15:00+00:00,244.82571930121392,-1.8272859294390755,stop_hit,ema21,holdout
2025-01-03 18:00:00+00:00,244.07999999999998,243.78764613893404,244.66470772213188,2025-01-03 18:15:00+00:00,243.52764613893405,-1.8893332178066955,stop_hit,ema21,holdout
2025-01-06 15:30:00+00:00,243.85,243.44862365248002,244.65275269503994,2025-01-06 15:45:00+00:00,243.18862365248003,-1.6477711046166075,stop_hit,ema21,holdout
2025-01-08 18:30:00+00:00,245.42,244.97968298579536,246.30063402840923,2025-01-08 18:45:00+00:00,244.71968298579537,-1.5904836552129327,stop_hit,ema21,holdout
2025-01-08 19:15:00+00:00,245.45999999999998,245.01950930021587,246.3409813995682,2025-01-10 14:30:00+00:00,246.0809813995682,2.0,scaleout_tier_1,ema21,holdout
2025-01-08 19:15:00+00:00,245.45999999999998,245.01950930021587,246.7814720993523,2025-01-10 14:30:00+00:00,246.5214720993523,3.0,scaleout_tier_2,ema21,holdout
2025-01-08 19:15:00+00:00,245.45999999999998,245.01950930021587,247.2219627991364,2025-01-10 14:30:00+00:00,246.96196279913642,4.0,scaleout_tier_3,ema21,holdout
2025-01-08 19:15:00+00:00,245.45999999999998,245.01950930021587,247.6624534989205,2025-01-10 14:30:00+00:00,247.40245349892052,5.0,scaleout_tier_4,ema21,holdout
2025-01-14 16:15:00+00:00,246.92,246.6087607516951,247.5424784966098,2025-01-14 16:30:00+00:00,246.3487607516951,-1.8353702221555488,stop_hit,ema21,holdout
2025-01-14 18:30:00+00:00,246.60999999999999,246.3308815718457,247.16823685630854,2025-01-15 14:30:00+00:00,246.90823685630855,2.0,scaleout_tier_1,ema21,holdout
2025-01-14 18:30:00+00:00,246.60999999999999,246.3308815718457,247.44735528446282,2025-01-15 14:30:00+00:00,247.18735528446283,3.0,scaleout_tier_2,ema21,holdout
2025-01-14 18:30:00+00:00,246.60999999999999,246.3308815718457,247.16823685630854,2025-01-15 14:30:00+00:00,247.19,2.07797100261481,trail_exit,ema21,holdout
2025-01-17 16:00:00+00:00,250.76,250.45485867173318,251.37028265653362,2025-01-17 17:00:00+00:00,250.1948586717332,-1.8520641942432936,stop_hit,h_ema21,holdout
2025-01-23 15:45:00+00:00,253.85999999999999,253.5209184891806,254.53816302163878,2025-01-23 16:00:00+00:00,253.2609184891806,-1.7667772842337979,stop_hit,h_ema21,holdout
2025-01-23 17:15:00+00:00,254.44,254.09153737784683,255.13692524430633,2025-01-23 19:45:00+00:00,253.83153737784684,-1.7461345449145758,stop_hit,h_ema21,holdout
2025-01-24 15:15:00+00:00,257.11,256.6685009890957,257.9929980218086,2025-01-24 15:45:00+00:00,256.4085009890957,-1.5889027915769263,stop_hit,h_ema21,holdout
2025-01-27 17:30:00+00:00,252.69,252.25560221442367,253.55879557115264,2025-01-27 17:45:00+00:00,251.99560221442368,-1.5985297546004857,stop_hit,h_ema200,holdout
2025-01-29 15:45:00+00:00,254.37,254.05525480065646,254.9994903986871,2025-01-29 16:00:00+00:00,253.79525480065647,-1.8260650219360384,stop_hit,h_ema21,holdout
2025-01-29 17:15:00+00:00,254.29,253.98974879715053,254.89050240569892,2025-01-29 17:30:00+00:00,253.72974879715053,-1.8659415766948457,stop_hit,h_ema50,holdout
2025-01-29 18:30:00+00:00,254.39999999999998,254.11518392660128,254.96963214679738,2025-01-29 18:45:00+00:00,253.85518392660128,-1.9128698282278063,stop_hit,h_ema21,holdout
2025-01-30 15:00:00+00:00,257.51,256.94957891575143,258.6308421684971,2025-01-31 14:30:00+00:00,258.3708421684971,2.0,scaleout_tier_1,h_ema21,holdout
2025-01-30 15:00:00+00:00,257.51,256.94957891575143,259.19126325274567,2025-01-31 14:30:00+00:00,258.9312632527457,3.0,scaleout_tier_2,h_ema21,holdout
2025-01-30 15:00:00+00:00,257.51,256.94957891575143,259.75168433699423,2025-01-31 15:00:00+00:00,259.49168433699424,4.0,scaleout_tier_3,h_ema21,holdout
2025-01-30 15:00:00+00:00,257.51,256.94957891575143,258.6308421684971,2025-01-31 18:15:00+00:00,258.07,0.999248628825016,trail_exit,h_ema21,holdout
2025-02-03 18:15:00+00:00,260.38,259.78099526725947,261.57800946548105,2025-02-04 14:30:00+00:00,261.31800946548105,2.0,scaleout_tier_1,h_ema21,holdout
2025-02-03 18:15:00+00:00,260.38,259.78099526725947,262.17701419822157,2025-02-04 15:00:00+00:00,261.9170141982216,3.0,scaleout_tier_2,h_ema21,holdout
2025-02-03 18:15:00+00:00,260.38,259.78099526725947,262.7760189309621,2025-02-05 14:30:00+00:00,262.5160189309621,4.0,scaleout_tier_3,h_ema21,holdout
2025-02-03 18:15:00+00:00,260.38,259.78099526725947,263.3750236637026,2025-02-05 14:30:00+00:00,263.11502366370263,5.0,scaleout_tier_4,h_ema21,holdout
2025-02-03 18:15:00+00:00,260.38,259.78099526725947,263.97402839644315,2025-02-05 14:30:00+00:00,263.71402839644315,6.0,scaleout_tier_5,h_ema21,holdout
2025-02-03 18:15:00+00:00,260.38,259.78099526725947,264.57303312918367,2025-02-05 14:45:00+00:00,264.3130331291837,7.0,scaleout_tier_6,h_ema21,holdout
2025-02-06 16:00:00+00:00,263.25,262.7400142404302,264.26997151913963,2025-02-06 16:15:00+00:00,262.73,-1.0196363138425937,trail_exit,h_ema50,holdout
2025-02-06 17:15:00+00:00,263.08,262.6069835436352,264.0260329127296,2025-02-07 14:30:00+00:00,263.7660329127296,2.0,scaleout_tier_1,h_ema21,holdout
2025-02-06 17:15:00+00:00,263.08,262.6069835436352,264.4990493690944,2025-02-07 14:30:00+00:00,264.2390493690944,3.0,scaleout_tier_2,h_ema21,holdout
2025-02-06 17:15:00+00:00,263.08,262.6069835436352,264.9720658254592,2025-02-07 14:30:00+00:00,264.7120658254592,4.0,scaleout_tier_3,h_ema21,holdout
2025-02-06 17:15:00+00:00,263.08,262.6069835436352,265.445082281824,2025-02-07 14:30:00+00:00,265.185082281824,5.0,scaleout_tier_4,h_ema21,holdout
2025-02-07 15:15:00+00:00,265.99,265.5236678933942,266.92266421321165,2025-02-07 16:00:00+00:00,265.2636678933942,-1.5575425674470313,stop_hit,h_ema21,holdout
2025-02-11 15:45:00+00:00,268.19,267.7162493696608,269.13750126067845,2025-02-11 17:00:00+00:00,267.4562493696608,-1.5488119346961504,stop_hit,h_ema21,holdout
2025-02-11 17:30:00+00:00,268.3,267.89318456028553,269.11363087942897,2025-02-11 18:15:00+00:00,267.63318456028554,-1.6391104530901555,stop_hit,h_ema21,holdout
2025-02-12 15:45:00+00:00,267.33,266.9531120740709,268.0837758518582,2025-02-12 16:00:00+00:00,266.6931120740709,-1.689860253174824,stop_hit,h_ema50,holdout
2025-03-03 15:15:00+00:00,265.96,265.4664022814357,266.9471954371285,2025-03-03 19:45:00+00:00,265.53000000000003,-0.871154755841841,trail_exit,h_ema21,holdout
2025-03-04 19:00:00+00:00,268.78,268.31875084317386,269.7024983136522,2025-03-05 14:30:00+00:00,268.05875084317387,-1.5636866672864367,stop_hit,h_ema21,holdout
2025-03-05 15:15:00+00:00,269.31,268.7898327337897,270.3503345324206,2025-03-05 17:45:00+00:00,268.5298327337897,-1.4998392188232599,stop_hit,h_ema21,holdout
2025-03-06 15:00:00+00:00,269.11,268.67389317932174,269.98221364135657,2025-03-06 15:15:00+00:00,268.41389317932175,-1.5961842091706189,stop_hit,h_ema21,holdout
2025-03-06 16:30:00+00:00,269.26,268.80539763711715,270.16920472576567,2025-03-06 17:45:00+00:00,268.54539763711716,-1.5719283955129797,stop_hit,h_ema21,holdout
2025-03-07 14:45:00+00:00,269.56,269.12450999375204,270.4309800124959,2025-03-07 15:30:00+00:00,268.86450999375205,-1.5970286258462418,stop_hit,h_ema21,holdout
2025-03-07 18:00:00+00:00,268.48,267.9589833749277,269.52203325014466,2025-03-07 18:15:00+00:00,267.6989833749277,-1.49902438326973,stop_hit,h_ema21,holdout
2025-03-10 14:15:00+00:00,268.46,267.9736124236072,269.4327751527855,2025-03-10 14:30:00+00:00,267.71361242360723,-1.534553127216475,stop_hit,h_ema21,holdout
2025-03-10 16:15:00+00:00,268.23,267.7477691635787,269.19446167284264,2025-03-10 16:30:00+00:00,267.4877691635787,-1.5391608755870556,stop_hit,h_ema21,holdout
2025-03-11 13:45:00+00:00,269.62,268.91638443598055,271.0272311280389,2025-03-11 14:00:00+00:00,268.65638443598056,-1.3695199670040283,stop_hit,h_ema21,holdout
2025-03-11 18:45:00+00:00,269.38,268.962954114046,270.214091771908,2025-03-12 13:30:00+00:00,268.702954114046,-1.6234325976031114,stop_hit,h_ema21,holdout
2025-03-13 14:15:00+00:00,272.59999999999997,272.1785771221381,273.4428457557237,2025-03-13 14:45:00+00:00,273.1828457557237,2.0,scaleout_tier_1,h_ema21,holdout
2025-03-13 14:15:00+00:00,272.59999999999997,272.1785771221381,273.86426863358554,2025-03-13 15:00:00+00:00,273.60426863358555,3.0,scaleout_tier_2,h_ema21,holdout
2025-03-13 14:15:00+00:00,272.59999999999997,272.1785771221381,274.2856915114474,2025-03-13 15:45:00+00:00,274.0256915114474,4.0,scaleout_tier_3,h_ema21,holdout
2025-03-13 14:15:00+00:00,272.59999999999997,272.1785771221381,274.70711438930925,2025-03-13 16:15:00+00:00,274.44711438930926,5.0,scaleout_tier_4,h_ema21,holdout
2025-03-13 14:15:00+00:00,272.59999999999997,272.1785771221381,275.1285372671711,2025-03-13 16:30:00+00:00,274.8685372671711,6.0,scaleout_tier_5,h_ema21,holdout
2025-03-13 14:15:00+00:00,272.59999999999997,272.1785771221381,275.54996014503297,2025-03-14 13:30:00+00:00,275.289960145033,7.0,scaleout_tier_6,h_ema21,holdout
2025-03-13 14:15:00+00:00,272.59999999999997,272.1785771221381,273.4428457557237,2025-03-14 15:15:00+00:00,274.63,4.817014231167258,trail_exit,h_ema21,holdout
2025-03-14 19:15:00+00:00,275.57,275.2265461773718,276.2569076452564,2025-03-14 19:30:00+00:00,274.9665461773718,-1.7570158864746594,stop_hit,h_ema21,holdout
2025-03-17 14:15:00+00:00,276.26,275.8991695780263,276.98166084394734,2025-03-18 13:30:00+00:00,276.72166084394735,2.0,scaleout_tier_1,h_ema21,holdout
2025-03-17 14:15:00+00:00,276.26,275.8991695780263,277.342491265921,2025-03-18 13:30:00+00:00,277.082491265921,3.0,scaleout_tier_2,h_ema21,holdout
2025-03-17 14:15:00+00:00,276.26,275.8991695780263,277.7033216878947,2025-03-18 13:30:00+00:00,277.4433216878947,4.0,scaleout_tier_3,h_ema21,holdout
2025-03-17 14:15:00+00:00,276.26,275.8991695780263,278.06415210986836,2025-03-18 13:30:00+00:00,277.80415210986837,5.0,scaleout_tier_4,h_ema21,holdout
2025-03-17 14:15:00+00:00,276.26,275.8991695780263,278.42498253184203,2025-03-18 13:30:00+00:00,278.16498253184204,6.0,scaleout_tier_5,h_ema21,holdout
2025-03-17 14:15:00+00:00,276.26,275.8991695780263,278.7858129538157,2025-03-18 13:30:00+00:00,278.5258129538157,7.0,scaleout_tier_6,h_ema21,holdout
2025-03-17 14:15:00+00:00,276.26,275.8991695780263,279.1466433757894,2025-03-18 13:30:00+00:00,278.8866433757894,8.0,scaleout_tier_7,h_ema21,holdout
2025-03-19 17:30:00+00:00,279.95,279.61056835988273,280.6288632802345,2025-03-19 17:45:00+00:00,279.35056835988274,-1.7659863409026204,stop_hit,h_ema21,holdout
2025-03-20 14:15:00+00:00,280.13,279.6093232144295,281.171353571141,2025-03-20 14:30:00+00:00,279.3493232144295,-1.499350090507884,stop_hit,h_ema21,holdout
2025-03-21 14:30:00+00:00,277.61,277.07107166595495,278.68785666809015,2025-03-24 13:30:00+00:00,278.42785666809016,2.0,scaleout_tier_1,h_ema200,holdout
2025-03-21 14:30:00+00:00,277.61,277.07107166595495,278.68785666809015,2025-03-24 14:30:00+00:00,277.35,-0.48243891362788993,stop_hit,h_ema200,holdout
2025-03-24 15:45:00+00:00,278.23,277.78535765822573,279.1192846835486,2025-03-24 16:15:00+00:00,277.52535765822574,-1.5847396335726756,stop_hit,h_ema21,holdout
2025-03-24 19:15:00+00:00,277.56,277.26737365040935,278.1452526991813,2025-03-24 19:30:00+00:00,277.00737365040936,-1.8885050863112705,stop_hit,h_ema200,holdout
2025-03-25 13:45:00+00:00,279.46,279.053423803346,280.27315239330795,2025-03-25 14:30:00+00:00,278.793423803346,-1.6394865271005075,stop_hit,h_ema200,holdout
2025-03-25 16:15:00+00:00,279.12,278.68496522224706,279.9900695555059,2025-03-25 17:00:00+00:00,278.42496522224707,-1.5976533677214269,stop_hit,h_ema21,holdout
2025-03-25 19:15:00+00:00,278.71999999999997,278.4170551126533,279.3258897746933,2025-03-25 19:30:00+00:00,278.1570551126533,-1.858241914155419,stop_hit,h_ema21,holdout
2025-03-26 14:45:00+00:00,278.69,278.35552161044853,279.3589567791029,2025-03-26 15:00:00+00:00,278.09552161044854,-1.7773297412387432,stop_hit,h_ema21,holdout
2025-03-26 17:45:00+00:00,278.55,278.24832195432856,279.1533560913429,2025-03-26 19:00:00+00:00,277.98832195432857,-1.861845943815047,stop_hit,h_ema21,holdout
2025-03-28 18:15:00+00:00,284.27,283.84630074924536,285.11739850150923,2025-03-28 18:30:00+00:00,283.58630074924537,-1.613642812766182,stop_hit,h_ema21,holdout
2025-04-01 16:45:00+00:00,286.94,286.49903912074967,287.82192175850065,2025-04-01 17:00:00+00:00,286.2390391207497,-1.5896214658361862,stop_hit,h_ema21,holdout
2025-04-01 17:30:00+00:00,287.34,286.9222700248859,288.1754599502281,2025-04-02 13:30:00+00:00,287.9154599502281,2.0,scaleout_tier_1,h_ema50,holdout
2025-04-01 17:30:00+00:00,287.34,286.9222700248859,288.5931899253422,2025-04-02 16:15:00+00:00,288.3331899253422,3.0,scaleout_tier_2,h_ema50,holdout
2025-04-01 17:30:00+00:00,287.34,286.9222700248859,288.1754599502281,2025-04-02 17:30:00+00:00,287.72,0.909678554660303,trail_exit,h_ema50,holdout
2025-04-02 19:15:00+00:00,288.3,287.9640540232024,288.9718919535953,2025-04-03 13:30:00+00:00,287.7040540232024,-1.7739339594967394,stop_hit,h_ema21,holdout
2025-04-03 14:15:00+00:00,287.4,286.59645354981757,289.0070929003648,2025-04-03 15:15:00+00:00,286.3364535498176,-1.3235656133394273,stop_hit,h_ema21,holdout
2025-04-04 17:45:00+00:00,279.34,278.5737619396376,280.8724761207247,2025-04-04 18:45:00+00:00,278.31376193963763,-1.3393201322798252,stop_hit,ema21,holdout
2025-04-07 14:15:00+00:00,279.40999999999997,278.61775501558935,280.9944899688212,2025-04-07 14:30:00+00:00,278.35775501558936,-1.328181314007833,stop_hit,ema21,holdout
2025-04-08 14:30:00+00:00,278.05,277.2311944312026,279.68761113759484,2025-04-08 14:45:00+00:00,276.9711944312026,-1.317535700669274,stop_hit,ema21,holdout
2025-04-08 15:30:00+00:00,277.56,276.8213724528732,279.03725509425357,2025-04-08 16:00:00+00:00,276.56137245287323,-1.3520042015916893,stop_hit,ema21,holdout
2025-04-08 17:45:00+00:00,275.17,274.5251598238109,276.45968035237826,2025-04-09 13:30:00+00:00,276.19968035237827,2.0,scaleout_tier_1,h_ema21,holdout
2025-04-08 17:45:00+00:00,275.17,274.5251598238109,277.1045205285674,2025-04-09 13:30:00+00:00,276.8445205285674,3.0,scaleout_tier_2,h_ema21,holdout
2025-04-08 17:45:00+00:00,275.17,274.5251598238109,277.7493607047565,2025-04-09 13:30:00+00:00,277.4893607047565,4.0,scaleout_tier_3,h_ema21,holdout
2025-04-08 17:45:00+00:00,275.17,274.5251598238109,278.3942008809456,2025-04-09 13:30:00+00:00,278.1342008809456,5.0,scaleout_tier_4,h_ema21,holdout
2025-04-08 17:45:00+00:00,275.17,274.5251598238109,279.03904105713474,2025-04-09 13:30:00+00:00,278.77904105713475,6.0,scaleout_tier_5,h_ema21,holdout
2025-04-08 17:45:00+00:00,275.17,274.5251598238109,279.68388123332386,2025-04-09 13:30:00+00:00,279.42388123332387,7.0,scaleout_tier_6,h_ema21,holdout
2025-04-08 17:45:00+00:00,275.17,274.5251598238109,280.328721409513,2025-04-09 13:30:00+00:00,280.068721409513,8.0,scaleout_tier_7,h_ema21,holdout
2025-04-08 17:45:00+00:00,275.17,274.5251598238109,280.9735615857021,2025-04-09 13:30:00+00:00,280.7135615857021,9.0,scaleout_tier_8,h_ema21,holdout
2025-04-08 17:45:00+00:00,275.17,274.5251598238109,281.6184017618912,2025-04-09 13:30:00+00:00,281.35840176189123,10.0,scaleout_tier_9,h_ema21,holdout
2025-04-08 17:45:00+00:00,275.17,274.5251598238109,282.26324193808034,2025-04-09 13:30:00+00:00,282.00324193808035,11.0,scaleout_tier_10,h_ema21,holdout
2025-04-08 17:45:00+00:00,275.17,274.5251598238109,282.90808211426946,2025-04-09 13:30:00+00:00,282.64808211426947,12.0,scaleout_tier_11,h_ema21,holdout
2025-04-08 17:45:00+00:00,275.17,274.5251598238109,283.5529222904586,2025-04-09 13:30:00+00:00,283.2929222904586,13.0,scaleout_tier_12,h_ema21,holdout
2025-04-09 18:30:00+00:00,282.65999999999997,281.72776556241973,295.71128212612325,2025-04-11 13:30:00+00:00,295.45128212612326,14.0,scaleout_tier_13,h_ema21,holdout
2025-04-09 18:30:00+00:00,282.65999999999997,281.72776556241973,296.6435165637035,2025-04-11 13:30:00+00:00,296.3835165637035,15.0,scaleout_tier_14,h_ema21,holdout
2025-04-09 18:30:00+00:00,282.65999999999997,281.72776556241973,297.5757510012837,2025-04-11 13:30:00+00:00,297.31575100128373,16.0,scaleout_tier_15,h_ema21,holdout
2025-04-09 18:30:00+00:00,282.65999999999997,281.72776556241973,298.50798543886395,2025-04-11 13:30:00+00:00,298.24798543886396,17.0,scaleout_tier_16,h_ema21,holdout
2025-04-14 14:30:00+00:00,295.7,294.9545148308487,297.1909703383025,2025-04-14 14:45:00+00:00,295.76,0.080484498529075,trail_exit,h_ema21,holdout
2025-04-14 16:15:00+00:00,295.51,294.8441824645186,296.84163507096275,2025-04-15 14:00:00+00:00,296.58163507096276,2.0,scaleout_tier_1,h_ema21,holdout
2025-04-14 16:15:00+00:00,295.51,294.8441824645186,297.50745260644413,2025-04-15 17:30:00+00:00,297.24745260644414,3.0,scaleout_tier_2,h_ema21,holdout
2025-04-14 16:15:00+00:00,295.51,294.8441824645186,296.84163507096275,2025-05-01 15:15:00+00:00,296.05,0.8110330101318296,trail_exit,h_ema21,holdout
2025-05-01 16:00:00+00:00,296.71,296.0606525697899,298.0086948604201,2025-05-01 16:15:00+00:00,295.8006525697899,-1.4004019849834135,stop_hit,h_ema21,holdout
2025-05-01 16:45:00+00:00,296.42,295.779064757955,297.7018704840901,2025-05-02 13:30:00+00:00,297.4418704840901,2.0,scaleout_tier_1,h_ema21,holdout
2025-05-01 16:45:00+00:00,296.42,295.779064757955,298.3428057261351,2025-05-02 13:30:00+00:00,298.0828057261351,3.0,scaleout_tier_2,h_ema21,holdout
2025-05-01 16:45:00+00:00,296.42,295.779064757955,298.98374096818014,2025-05-02 13:30:00+00:00,298.72374096818015,4.0,scaleout_tier_3,h_ema21,holdout
2025-05-01 16:45:00+00:00,296.42,295.779064757955,299.6246762102252,2025-05-02 13:30:00+00:00,299.3646762102252,5.0,scaleout_tier_4,h_ema21,holdout
2025-05-05 14:15:00+00:00,305.90999999999997,304.7589273731594,308.2121452536811,2025-05-05 16:00:00+00:00,304.4989273731594,-1.2258762774279763,stop_hit,h_ema21,holdout
2025-05-08 14:45:00+00:00,310.06,309.2591223658499,311.66175526830017,2025-05-08 15:00:00+00:00,308.9991223658499,-1.324643851836256,stop_hit,h_ema50,holdout
2025-05-09 13:45:00+00:00,307.68,306.71527266199786,309.6094546760043,2025-05-09 14:00:00+00:00,306.45527266199787,-1.2695062011390952,stop_hit,h_ema50,holdout
2025-05-09 14:30:00+00:00,307.88,306.8865102180792,309.8669795638416,2025-05-09 19:15:00+00:00,306.66,-1.22799451207363,trail_exit,h_ema21,holdout
2025-05-12 18:30:00+00:00,297.4,296.75332828645463,298.69334342709067,2025-05-13 13:45:00+00:00,297.18,-0.340203530464989,trail_exit,ema21,holdout
2025-05-13 14:15:00+00:00,298.15,297.49212413191884,299.46575173616225,2025-05-13 15:30:00+00:00,299.20575173616226,2.0,scaleout_tier_1,ema21,holdout
2025-05-13 14:15:00+00:00,298.15,297.49212413191884,300.1236276042434,2025-05-13 16:00:00+00:00,299.8636276042434,3.0,scaleout_tier_2,ema21,holdout
2025-05-13 14:15:00+00:00,298.15,297.49212413191884,299.46575173616225,2025-05-14 13:30:00+00:00,297.89,-0.395211334865266,stop_hit,ema21,holdout
2025-05-14 16:30:00+00:00,293.63,292.9254824700657,295.03903505986864,2025-05-14 18:00:00+00:00,292.6654824700657,-1.369046885212678,stop_hit,ema21,holdout
2025-05-15 14:00:00+00:00,294.43,293.79203399392685,295.7059320121463,2025-05-15 15:00:00+00:00,295.44593201214633,2.0,scaleout_tier_1,ema21,holdout
2025-05-15 14:00:00+00:00,294.43,293.79203399392685,296.3438980182195,2025-05-15 15:15:00+00:00,296.0838980182195,3.0,scaleout_tier_2,ema21,holdout
2025-05-15 14:00:00+00:00,294.43,293.79203399392685,296.98186402429263,2025-05-15 17:00:00+00:00,296.72186402429264,4.0,scaleout_tier_3,ema21,holdout
2025-05-15 14:00:00+00:00,294.43,293.79203399392685,297.6198300303658,2025-05-15 19:15:00+00:00,297.3598300303658,5.0,scaleout_tier_4,ema21,holdout
2025-05-15 14:00:00+00:00,294.43,293.79203399392685,295.7059320121463,2025-05-16 13:30:00+00:00,294.17,-0.4075452258034204,stop_hit,ema21,holdout
2025-05-16 16:15:00+00:00,293.78999999999996,293.04351882269987,295.28296235460016,2025-05-19 13:30:00+00:00,295.02296235460017,2.0,scaleout_tier_1,ema21,holdout
2025-05-16 16:15:00+00:00,293.78999999999996,293.04351882269987,296.02944353190026,2025-05-19 13:30:00+00:00,295.76944353190027,3.0,scaleout_tier_2,ema21,holdout
2025-05-16 16:15:00+00:00,293.78999999999996,293.04351882269987,296.77592470920035,2025-05-19 13:30:00+00:00,296.51592470920036,4.0,scaleout_tier_3,ema21,holdout
2025-05-16 16:15:00+00:00,293.78999999999996,293.04351882269987,297.52240588650045,2025-05-19 13:30:00+00:00,297.26240588650046,5.0,scaleout_tier_4,ema21,holdout
2025-05-19 14:30:00+00:00,298.03999999999996,297.249331945022,302.7840083298678,2025-05-20 17:45:00+00:00,302.5240083298678,6.0,scaleout_tier_5,ema21,holdout
2025-05-19 14:30:00+00:00,298.03999999999996,297.249331945022,303.57467638484576,2025-05-20 19:45:00+00:00,303.31467638484577,7.0,scaleout_tier_6,ema21,holdout
2025-05-19 14:30:00+00:00,298.03999999999996,297.249331945022,304.36534443982373,2025-05-21 13:30:00+00:00,304.10534443982374,8.0,scaleout_tier_7,ema21,holdout
2025-05-19 14:30:00+00:00,298.03999999999996,297.249331945022,305.1560124948017,2025-05-21 15:00:00+00:00,304.8960124948017,9.0,scaleout_tier_8,ema21,holdout
2025-05-19 14:30:00+00:00,298.03999999999996,297.249331945022,305.94668054977967,2025-05-21 19:00:00+00:00,305.6866805497797,10.0,scaleout_tier_9,ema21,holdout
2025-05-19 14:30:00+00:00,298.03999999999996,297.249331945022,299.6213361099559,2025-05-22 13:30:00+00:00,304.66,8.372666580268637,trail_exit,ema21,holdout
2025-05-22 14:30:00+00:00,304.09999999999997,303.3524070279741,305.5951859440517,2025-05-22 15:00:00+00:00,303.0924070279741,-1.34778283066978,stop_hit,h_ema21,holdout
2025-05-22 15:30:00+00:00,303.76,302.98083317175053,305.3183336564989,2025-05-22 19:45:00+00:00,302.84000000000003,-1.1807484182391443,trail_exit,h_ema21,holdout
2025-05-27 14:45:00+00:00,304.23,303.3767563742396,305.9364872515208,2025-05-27 15:30:00+00:00,303.1167563742396,-1.3047195339646194,stop_hit,h_ema21,holdout
2025-05-27 19:00:00+00:00,304.68,304.2186821864531,305.6026356270938,2025-05-28 13:30:00+00:00,303.95868218645313,-1.5636027752775403,stop_hit,h_ema21,holdout
2025-05-28 14:30:00+00:00,305.09999999999997,304.6115181671907,306.0769636656185,2025-05-28 14:45:00+00:00,304.3515181671907,-1.5322613504472107,stop_hit,h_ema21,holdout
2025-05-28 17:15:00+00:00,304.03,303.57806608704044,304.93386782591904,2025-05-28 19:15:00+00:00,303.31806608704045,-1.5753053544872437,stop_hit,h_ema200,holdout
2025-05-30 15:45:00+00:00,303.53999999999996,302.8424749970895,304.9350500058209,2025-05-30 16:30:00+00:00,302.5824749970895,-1.3727464949860138,stop_hit,ema21,holdout
2025-05-30 17:00:00+00:00,303.76,303.1134957143868,305.0530085712264,2025-06-02 13:30:00+00:00,304.79300857122644,2.0,scaleout_tier_1,ema21,holdout
2025-05-30 17:00:00+00:00,303.76,303.1134957143868,305.69951285683965,2025-06-02 13:30:00+00:00,305.43951285683966,3.0,scaleout_tier_2,ema21,holdout
2025-05-30 17:00:00+00:00,303.76,303.1134957143868,306.34601714245287,2025-06-02 13:30:00+00:00,306.0860171424529,4.0,scaleout_tier_3,ema21,holdout
2025-05-30 17:00:00+00:00,303.76,303.1134957143868,306.9925214280661,2025-06-02 13:30:00+00:00,306.7325214280661,5.0,scaleout_tier_4,ema21,holdout
2025-05-30 17:00:00+00:00,303.76,303.1134957143868,307.6390257136793,2025-06-02 13:30:00+00:00,307.3790257136793,6.0,scaleout_tier_5,ema21,holdout
2025-05-30 17:00:00+00:00,303.76,303.1134957143868,308.2855299992925,2025-06-02 13:30:00+00:00,308.02552999929253,7.0,scaleout_tier_6,ema21,holdout
2025-05-30 17:00:00+00:00,303.76,303.1134957143868,308.93203428490574,2025-06-02 13:30:00+00:00,308.67203428490575,8.0,scaleout_tier_7,ema21,holdout
2025-05-30 17:00:00+00:00,303.76,303.1134957143868,309.57853857051896,2025-06-02 13:30:00+00:00,309.31853857051897,9.0,scaleout_tier_8,ema21,holdout
2025-05-30 17:00:00+00:00,303.76,303.1134957143868,310.2250428561322,2025-06-02 13:30:00+00:00,309.9650428561322,10.0,scaleout_tier_9,ema21,holdout
2025-06-03 14:30:00+00:00,308.65,307.95655973562896,310.036880528742,2025-06-03 14:45:00+00:00,308.11,-0.778726052906326,trail_exit,h_ema50,holdout
2025-06-03 19:00:00+00:00,309.31,308.9156831247607,310.09863375047865,2025-06-03 19:45:00+00:00,308.6556831247607,-1.659368179062047,stop_hit,h_ema21,holdout
2025-06-04 14:15:00+00:00,310.5,310.02873079715346,311.4425384056931,2025-06-04 14:30:00+00:00,311.1825384056931,2.0,scaleout_tier_1,h_ema21,holdout
2025-06-04 14:15:00+00:00,310.5,310.02873079715346,311.4425384056931,2025-06-04 15:30:00+00:00,310.24,-0.5517016567803469,stop_hit,h_ema21,holdout
2025-06-05 18:30:00+00:00,309.36,308.8096053950298,310.46078920994046,2025-06-06 13:30:00+00:00,308.5496053950298,-1.4723883512885407,stop_hit,h_ema21,holdout
2025-06-06 15:30:00+00:00,307.18,306.4644566450766,308.6110867098468,2025-06-06 16:15:00+00:00,306.2044566450766,-1.3633602327672028,stop_hit,ema21,holdout
2025-06-06 18:45:00+00:00,306.05,305.50832706708695,307.13334586582613,2025-06-06 19:00:00+00:00,305.24832706708696,-1.479994447205879,stop_hit,ema21,holdout
2025-06-09 14:00:00+00:00,306.15,305.63916719465715,307.17166561068564,2025-06-09 14:30:00+00:00,305.37916719465716,-1.5089727936041617,stop_hit,ema21,holdout
2025-06-09 19:15:00+00:00,307.46999999999997,307.1139103030591,308.18217939388177,2025-06-09 19:30:00+00:00,306.8539103030591,-1.7301531109537942,stop_hit,h_ema21,holdout
2025-06-10 16:00:00+00:00,306.8,306.31665091774664,307.76669816450675,2025-06-10 16:15:00+00:00,306.05665091774665,-1.537913507123823,stop_hit,ema21,holdout
2025-06-10 17:15:00+00:00,306.43,305.98782705718395,307.3143458856321,2025-06-10 18:45:00+00:00,305.72782705718396,-1.5880052233502449,stop_hit,ema21,holdout
2025-06-11 18:00:00+00:00,306.58,306.1153602147215,307.509279570557,2025-06-11 18:15:00+00:00,307.249279570557,2.0,scaleout_tier_1,ema21,holdout
2025-06-11 18:00:00+00:00,306.58,306.1153602147215,307.9739193558355,2025-06-11 18:15:00+00:00,307.7139193558355,3.0,scaleout_tier_2,ema21,holdout
2025-06-11 18:00:00+00:00,306.58,306.1153602147215,308.438559141114,2025-06-11 19:30:00+00:00,308.178559141114,4.0,scaleout_tier_3,ema21,holdout
2025-06-11 18:00:00+00:00,306.58,306.1153602147215,308.9031989263925,2025-06-12 13:30:00+00:00,308.64319892639253,5.0,scaleout_tier_4,ema21,holdout
2025-06-11 18:00:00+00:00,306.58,306.1153602147215,309.367838711671,2025-06-12 13:30:00+00:00,309.10783871167104,6.0,scaleout_tier_5,ema21,holdout
2025-06-11 18:00:00+00:00,306.58,306.1153602147215,309.83247849694953,2025-06-12 13:30:00+00:00,309.57247849694954,7.0,scaleout_tier_6,ema21,holdout
2025-06-11 18:00:00+00:00,306.58,306.1153602147215,310.29711828222804,2025-06-12 13:30:00+00:00,310.03711828222805,8.0,scaleout_tier_7,ema21,holdout
2025-06-11 18:00:00+00:00,306.58,306.1153602147215,310.76175806750655,2025-06-12 13:30:00+00:00,310.50175806750656,9.0,scaleout_tier_8,ema21,holdout
2025-06-11 18:00:00+00:00,306.58,306.1153602147215,311.22639785278506,2025-06-12 13:30:00+00:00,310.96639785278506,10.0,scaleout_tier_9,ema21,holdout
2025-06-11 18:00:00+00:00,306.58,306.1153602147215,311.69103763806356,2025-06-12 13:30:00+00:00,311.4310376380636,11.0,scaleout_tier_10,ema21,holdout
2025-06-11 18:00:00+00:00,306.58,306.1153602147215,312.15567742334207,2025-06-12 13:30:00+00:00,311.8956774233421,12.0,scaleout_tier_11,ema21,holdout
2025-06-11 18:00:00+00:00,306.58,306.1153602147215,312.6203172086206,2025-06-12 13:30:00+00:00,312.3603172086206,13.0,scaleout_tier_12,ema21,holdout
2025-06-30 19:15:00+00:00,304.48,303.9110593062531,305.61788138749387,2025-06-30 19:30:00+00:00,304.2,-0.49214268389910404,trail_exit,ema21,holdout
2025-07-02 14:30:00+00:00,307.69,307.2925330334504,308.48493393309917,2025-07-02 18:00:00+00:00,308.2249339330992,2.0,scaleout_tier_1,ema21,holdout
2025-07-02 14:30:00+00:00,307.69,307.2925330334504,308.88240089964876,2025-07-02 18:45:00+00:00,308.62240089964877,3.0,scaleout_tier_2,ema21,holdout
2025-07-02 14:30:00+00:00,307.69,307.2925330334504,308.48493393309917,2025-07-03 13:30:00+00:00,307.43,-0.6541424115242899,stop_hit,ema21,holdout
2025-07-03 15:15:00+00:00,306.83,306.34919950426183,307.7916009914763,2025-07-07 13:30:00+00:00,306.08919950426184,-1.540764833448902,stop_hit,ema21,holdout
2025-07-07 15:45:00+00:00,306.19,305.7129570649018,307.1440858701964,2025-07-07 18:30:00+00:00,306.88408587019643,2.0,scaleout_tier_1,ema21,holdout
2025-07-07 15:45:00+00:00,306.19,305.7129570649018,307.62112880529463,2025-07-07 19:30:00+00:00,307.36112880529464,3.0,scaleout_tier_2,ema21,holdout
2025-07-07 15:45:00+00:00,306.19,305.7129570649018,307.1440858701964,2025-07-08 13:30:00+00:00,305.93,-0.5450243172482229,stop_hit,ema21,holdout
2025-07-08 17:00:00+00:00,304.28,303.77020526375543,305.29958947248906,2025-07-09 13:30:00+00:00,303.51020526375544,-1.5100091890224447,stop_hit,donchian_low,holdout
2025-07-09 14:00:00+00:00,304.26,303.7702870696266,305.2394258607468,2025-07-09 17:00:00+00:00,304.9794258607468,2.0,scaleout_tier_1,ema21,holdout
2025-07-09 14:00:00+00:00,304.26,303.7702870696266,305.7291387911202,2025-07-10 13:30:00+00:00,305.4691387911202,3.0,scaleout_tier_2,ema21,holdout
2025-07-09 14:00:00+00:00,304.26,303.7702870696266,305.2394258607468,2025-07-10 13:45:00+00:00,304.82,1.143527085496821,trail_exit,ema21,holdout
2025-07-10 15:15:00+00:00,305.84,305.38319285738646,306.753614285227,2025-07-10 16:30:00+00:00,305.12319285738647,-1.5691679830408578,stop_hit,ema21,holdout
2025-07-11 14:15:00+00:00,309.15999999999997,308.6810135732876,310.1179728534247,2025-07-11 16:15:00+00:00,308.8,-0.7515870595141887,trail_exit,ema21,holdout
2025-07-14 15:15:00+00:00,308.65999999999997,308.23520821046196,309.509583579076,2025-07-14 15:45:00+00:00,307.975208210462,-1.6120645605762798,stop_hit,ema21,holdout
2025-07-15 14:00:00+00:00,308.53,308.15215449352166,309.2856910129566,2025-07-15 14:15:00+00:00,307.8921544935217,-1.6881119281351487,stop_hit,ema21,holdout
2025-07-15 14:45:00+00:00,308.78999999999996,308.38861640753174,309.5927671849364,2025-07-15 15:00:00+00:00,308.12861640753175,-1.6477594123894737,stop_hit,ema21,holdout
2025-07-15 18:45:00+00:00,307.0,306.6098604509612,307.7802790980776,2025-07-15 19:00:00+00:00,306.3498604509612,-1.666428206626492,stop_hit,ema21,holdout
2025-07-16 15:00:00+00:00,307.7,307.1838221088997,308.7323557822006,2025-07-16 15:15:00+00:00,308.4723557822006,2.0,scaleout_tier_1,ema21,holdout
2025-07-16 15:00:00+00:00,307.7,307.1838221088997,309.2485336733009,2025-07-16 15:15:00+00:00,308.98853367330094,3.0,scaleout_tier_2,ema21,holdout
2025-07-16 15:00:00+00:00,307.7,307.1838221088997,309.76471156440124,2025-07-16 15:15:00+00:00,309.50471156440125,4.0,scaleout_tier_3,ema21,holdout
2025-07-16 15:00:00+00:00,307.7,307.1838221088997,308.7323557822006,2025-07-16 15:45:00+00:00,307.44,-0.5037023175203434,stop_hit,ema21,holdout
2025-07-17 14:30:00+00:00,306.9,306.2071746588501,308.2856506822998,2025-07-18 13:30:00+00:00,308.0256506822998,2.0,scaleout_tier_1,ema21,holdout
2025-07-17 14:30:00+00:00,306.9,306.2071746588501,308.9784760234497,2025-07-18 13:30:00+00:00,308.7184760234497,3.0,scaleout_tier_2,ema21,holdout
2025-07-17 14:30:00+00:00,306.9,306.2071746588501,308.2856506822998,2025-07-18 18:00:00+00:00,308.3,2.0207113060795683,trail_exit,ema21,holdout
2025-07-21 14:15:00+00:00,312.92,312.3826903173177,313.9946193653646,2025-07-21 17:15:00+00:00,312.12269031731773,-1.4838922661919114,stop_hit,ema21,holdout
2025-07-23 14:15:00+00:00,314.93,314.4839257588643,315.8221484822714,2025-07-23 14:30:00+00:00,314.2239257588643,-1.5828626179759475,stop_hit,h_ema50,holdout
2025-07-23 15:15:00+00:00,314.78,314.32448546436177,315.6910290712764,2025-07-23 15:30:00+00:00,314.0644854643618,-1.570783102751521,stop_hit,h_ema50,holdout
2025-07-23 16:45:00+00:00,312.51,311.92557579241947,313.67884841516104,2025-07-23 17:00:00+00:00,311.6655757924195,-1.4448823245641593,stop_hit,h_ema50,holdout
2025-07-24 18:45:00+00:00,310.81,310.43508690763673,311.55982618472655,2025-07-24 19:45:00+00:00,310.17508690763674,-1.6934940531446256,stop_hit,ema21,holdout
2025-07-25 16:45:00+00:00,306.94,306.4876176856938,307.8447646286124,2025-07-28 13:30:00+00:00,306.2276176856938,-1.5747351118240482,stop_hit,ema21,holdout
2025-07-28 18:00:00+00:00,305.15,304.78052277345506,305.8889544530898,2025-07-29 14:15:00+00:00,305.6289544530898,2.0,scaleout_tier_1,ema50,holdout
2025-07-28 18:00:00+00:00,305.15,304.78052277345506,306.2584316796347,2025-07-29 14:30:00+00:00,305.99843167963473,3.0,scaleout_tier_2,ema50,holdout
2025-07-28 18:00:00+00:00,305.15,304.78052277345506,306.62790890617964,2025-07-29 15:00:00+00:00,306.36790890617965,4.0,scaleout_tier_3,ema50,holdout
2025-07-28 18:00:00+00:00,305.15,304.78052277345506,305.8889544530898,2025-07-29 15:45:00+00:00,305.56,1.1096759706519634,trail_exit,ema50,holdout
2025-07-29 17:15:00+00:00,306.48,306.12052252501627,307.1989549499675,2025-07-29 19:30:00+00:00,305.8605225250163,-1.7232720214576596,stop_hit,h_ema21,holdout
2025-07-30 16:15:00+00:00,303.68,303.19576863163843,304.64846273672316,2025-07-30 18:30:00+00:00,302.93576863163844,-1.5369334103234884,stop_hit,ema50,holdout
2025-07-31 13:45:00+00:00,304.38,303.637035478236,305.865929043528,2025-07-31 14:15:00+00:00,303.377035478236,-1.3499494153269622,stop_hit,ema50,holdout
2025-07-31 17:15:00+00:00,303.84999999999997,303.31904160118006,304.9119167976398,2025-07-31 17:30:00+00:00,303.05904160118007,-1.4896805485662539,stop_hit,ema50,holdout
2025-08-01 17:30:00+00:00,308.53,307.94947094395445,309.691058112091,2025-08-04 13:30:00+00:00,309.431058112091,2.0,scaleout_tier_1,ema21,holdout
2025-08-01 17:30:00+00:00,308.53,307.94947094395445,310.27158716813653,2025-08-04 13:30:00+00:00,310.01158716813654,3.0,scaleout_tier_2,ema21,holdout
2025-08-01 17:30:00+00:00,308.53,307.94947094395445,310.85211622418205,2025-08-04 13:30:00+00:00,310.59211622418206,4.0,scaleout_tier_3,ema21,holdout
2025-08-01 17:30:00+00:00,308.53,307.94947094395445,311.4326452802276,2025-08-04 13:45:00+00:00,311.1726452802276,5.0,scaleout_tier_4,ema21,holdout
2025-08-05 17:45:00+00:00,311.69,311.30790395639144,312.4541920872171,2025-08-05 18:00:00+00:00,311.04790395639145,-1.68045718962312,stop_hit,h_ema21,holdout
2025-08-06 14:00:00+00:00,310.7,310.3178457069208,311.4643085861583,2025-08-06 18:00:00+00:00,310.05784570692083,-1.6803534716437916,stop_hit,ema21,holdout
2025-08-06 18:45:00+00:00,310.81,310.48438789077437,311.46122421845126,2025-08-06 19:00:00+00:00,310.2243878907744,-1.7984961020593544,stop_hit,h_ema21,holdout
2025-08-07 16:00:00+00:00,312.39,311.8937227589679,313.38255448206417,2025-08-07 16:30:00+00:00,311.6337227589679,-1.5239007121488757,stop_hit,h_ema21,holdout
2025-08-08 17:15:00+00:00,313.21,312.76605215403526,314.0978956919294,2025-08-08 17:30:00+00:00,312.5060521540353,-1.5856543789169681,stop_hit,h_ema21,holdout
2025-08-08 18:15:00+00:00,313.14,312.4822580583976,314.4554838832048,2025-08-08 18:30:00+00:00,312.2222580583976,-1.39529180603349,stop_hit,h_ema21,holdout
2025-08-11 17:45:00+00:00,309.53999999999996,308.90860591472466,310.80278817055057,2025-08-11 18:00:00+00:00,308.64860591472467,-1.4117871960847155,stop_hit,ema21,holdout
2025-08-12 13:45:00+00:00,309.12,308.5828349966732,310.19433000665356,2025-08-12 14:00:00+00:00,308.32283499667324,-1.4840225971345038,stop_hit,ema21,holdout
2025-08-12 14:45:00+00:00,307.44,306.8376908147643,308.6446183704714,2025-08-12 15:15:00+00:00,308.3846183704714,2.0,scaleout_tier_1,ema21,holdout
2025-08-12 14:45:00+00:00,307.44,306.8376908147643,308.6446183704714,2025-08-12 19:00:00+00:00,307.89,0.7471245848988566,trail_exit,ema21,holdout
2025-09-04 15:45:00+00:00,327.0,326.4117411359713,328.17651772805743,2025-09-04 17:30:00+00:00,326.1517411359713,-1.441982290278415,stop_hit,h_ema50,holdout
2025-09-04 18:30:00+00:00,326.58,326.1286609513977,327.48267809720454,2025-09-05 13:30:00+00:00,327.22267809720455,2.0,scaleout_tier_1,h_ema21,holdout
2025-09-04 18:30:00+00:00,326.58,326.1286609513977,327.9340171458068,2025-09-05 13:30:00+00:00,327.67401714580683,3.0,scaleout_tier_2,h_ema21,holdout
2025-09-04 18:30:00+00:00,326.58,326.1286609513977,328.3853561944091,2025-09-05 13:30:00+00:00,328.1253561944091,4.0,scaleout_tier_3,h_ema21,holdout
2025-09-04 18:30:00+00:00,326.58,326.1286609513977,328.8366952430114,2025-09-05 13:30:00+00:00,328.5766952430114,5.0,scaleout_tier_4,h_ema21,holdout
2025-09-04 18:30:00+00:00,326.58,326.1286609513977,329.28803429161366,2025-09-05 13:30:00+00:00,329.02803429161366,6.0,scaleout_tier_5,h_ema21,holdout
2025-09-04 18:30:00+00:00,326.58,326.1286609513977,329.73937334021593,2025-09-05 13:30:00+00:00,329.47937334021594,7.0,scaleout_tier_6,h_ema21,holdout
2025-09-08 18:45:00+00:00,334.82,334.3659936561494,335.7280126877012,2025-09-09 14:00:00+00:00,335.90000000000003,2.378821385710455,trail_exit,h_ema21,holdout
2025-09-10 13:45:00+00:00,336.25,335.6296368039292,337.4907263921416,2025-09-10 14:45:00+00:00,335.3696368039292,-1.4191093244195596,stop_hit,h_ema21,holdout
2025-09-10 17:45:00+00:00,335.84,335.3725248190085,336.7749503619829,2025-09-10 19:15:00+00:00,335.1125248190085,-1.5561792595032646,stop_hit,h_ema21,holdout
2025-09-11 14:30:00+00:00,334.78999999999996,334.2459221013375,335.8781557973249,2025-09-11 14:45:00+00:00,333.9859221013375,-1.477872746970907,stop_hit,h_ema21,holdout
2025-09-11 15:15:00+00:00,334.65999999999997,334.1237430235563,335.7325139528873,2025-09-11 18:30:00+00:00,333.8637430235563,-1.48484217720439,stop_hit,h_ema50,holdout
2025-09-12 14:15:00+00:00,336.40999999999997,335.9659500775914,337.2980998448171,2025-09-12 14:30:00+00:00,335.7059500775914,-1.5855197509994536,stop_hit,h_ema21,holdout
2025-09-12 18:45:00+00:00,336.14,335.8543759802442,336.7112480395116,2025-09-12 19:00:00+00:00,335.5943759802442,-1.9102875879356447,stop_hit,h_ema21,holdout
2025-09-15 14:45:00+00:00,337.33,336.91593208473296,338.15813583053404,2025-09-15 15:45:00+00:00,337.89813583053404,2.0,scaleout_tier_1,h_ema21,holdout
2025-09-15 14:45:00+00:00,337.33,336.91593208473296,338.57220374580106,2025-09-15 15:45:00+00:00,338.31220374580107,3.0,scaleout_tier_2,h_ema21,holdout
2025-09-15 14:45:00+00:00,337.33,336.91593208473296,338.9862716610681,2025-09-15 16:15:00+00:00,338.7262716610681,4.0,scaleout_tier_3,h_ema21,holdout
2025-09-15 14:45:00+00:00,337.33,336.91593208473296,339.4003395763351,2025-09-16 13:30:00+00:00,339.1403395763351,5.0,scaleout_tier_4,h_ema21,holdout
2025-09-15 14:45:00+00:00,337.33,336.91593208473296,339.81440749160214,2025-09-16 13:30:00+00:00,339.55440749160215,6.0,scaleout_tier_5,h_ema21,holdout
2025-09-15 14:45:00+00:00,337.33,336.91593208473296,340.22847540686917,2025-09-16 14:00:00+00:00,339.9684754068692,7.0,scaleout_tier_6,h_ema21,holdout
2025-09-15 14:45:00+00:00,337.33,336.91593208473296,338.15813583053404,2025-09-16 14:45:00+00:00,339.05,4.153907937761433,trail_exit,h_ema21,holdout
2025-09-17 14:15:00+00:00,339.37,338.9734782080859,340.1630435838282,2025-09-17 14:45:00+00:00,338.7134782080859,-1.6557016671011053,stop_hit,h_ema21,holdout
2025-09-18 17:00:00+00:00,335.8,335.11152098474275,337.1769580305145,2025-09-18 18:00:00+00:00,334.85152098474276,-1.3776440446813605,stop_hit,h_ema21,holdout
2025-09-18 19:15:00+00:00,335.38,334.93833574072414,336.2633285185517,2025-09-19 13:30:00+00:00,336.0033285185517,2.0,scaleout_tier_1,h_ema200,holdout
2025-09-18 19:15:00+00:00,335.38,334.93833574072414,336.70499277782756,2025-09-19 13:45:00+00:00,336.44499277782757,3.0,scaleout_tier_2,h_ema200,holdout
2025-09-18 19:15:00+00:00,335.38,334.93833574072414,337.1466570371034,2025-09-19 13:45:00+00:00,336.8866570371034,4.0,scaleout_tier_3,h_ema200,holdout
2025-09-18 19:15:00+00:00,335.38,334.93833574072414,337.58832129637926,2025-09-19 15:00:00+00:00,337.3283212963793,5.0,scaleout_tier_4,h_ema200,holdout
2025-09-18 19:15:00+00:00,335.38,334.93833574072414,338.0299855556551,2025-09-19 17:30:00+00:00,337.7699855556551,6.0,scaleout_tier_5,h_ema200,holdout
2025-09-18 19:15:00+00:00,335.38,334.93833574072414,338.47164981493097,2025-09-19 17:45:00+00:00,338.211649814931,7.0,scaleout_tier_6,h_ema200,holdout
2025-09-18 19:15:00+00:00,335.38,334.93833574072414,338.9133140742068,2025-09-19 18:15:00+00:00,338.65331407420683,8.0,scaleout_tier_7,h_ema200,holdout
2025-09-18 19:15:00+00:00,335.38,334.93833574072414,339.3549783334827,2025-09-22 13:30:00+00:00,339.0949783334827,9.0,scaleout_tier_8,h_ema200,holdout
2025-09-18 19:15:00+00:00,335.38,334.93833574072414,339.79664259275853,2025-09-22 13:30:00+00:00,339.53664259275854,10.0,scaleout_tier_9,h_ema200,holdout
2025-09-18 19:15:00+00:00,335.38,334.93833574072414,340.2383068520344,2025-09-22 13:30:00+00:00,339.9783068520344,11.0,scaleout_tier_10,h_ema200,holdout
2025-09-18 19:15:00+00:00,335.38,334.93833574072414,340.67997111131024,2025-09-22 13:30:00+00:00,340.41997111131025,12.0,scaleout_tier_11,h_ema200,holdout
2025-09-18 19:15:00+00:00,335.38,334.93833574072414,341.1216353705861,2025-09-22 13:30:00+00:00,340.8616353705861,13.0,scaleout_tier_12,h_ema200,holdout
2025-09-18 19:15:00+00:00,335.38,334.93833574072414,341.56329962986194,2025-09-22 13:30:00+00:00,341.30329962986195,14.0,scaleout_tier_13,h_ema200,holdout
2025-09-18 19:15:00+00:00,335.38,334.93833574072414,342.0049638891378,2025-09-22 13:30:00+00:00,341.7449638891378,15.0,scaleout_tier_14,h_ema200,holdout
2025-09-23 19:15:00+00:00,346.07,345.37954470299024,347.4509105940195,2025-09-24 14:45:00+00:00,345.11954470299025,-1.3765631187507856,stop_hit,h_ema21,holdout
2025-09-24 15:15:00+00:00,345.89,345.2294321367836,347.21113572643276,2025-09-24 15:30:00+00:00,344.9694321367836,-1.3936007403297204,stop_hit,h_ema21,holdout
2025-09-25 14:00:00+00:00,343.78,343.12204698217596,345.095906035648,2025-09-25 14:15:00+00:00,342.86204698217597,-1.3951649934821557,stop_hit,h_ema21,holdout
2025-09-25 15:45:00+00:00,344.0,343.2684612465389,345.4630775069222,2025-09-25 18:30:00+00:00,345.2030775069222,2.0,scaleout_tier_1,h_ema21,holdout
2025-09-25 15:45:00+00:00,344.0,343.2684612465389,346.1946162603833,2025-09-26 13:45:00+00:00,345.93461626038334,3.0,scaleout_tier_2,h_ema21,holdout
2025-09-25 15:45:00+00:00,344.0,343.2684612465389,346.92615501384444,2025-09-26 14:00:00+00:00,346.66615501384445,4.0,scaleout_tier_3,h_ema21,holdout
2025-09-25 15:45:00+00:00,344.0,343.2684612465389,347.65769376730555,2025-09-26 14:15:00+00:00,347.39769376730555,5.0,scaleout_tier_4,h_ema21,holdout
2025-09-25 15:45:00+00:00,344.0,343.2684612465389,345.4630775069222,2025-09-26 19:30:00+00:00,346.61,3.567821920098413,trail_exit,h_ema21,holdout
2025-09-30 14:15:00+00:00,354.02,353.3045262325526,355.4509475348948,2025-09-30 15:00:00+00:00,353.0445262325526,-1.3633955734360355,stop_hit,h_ema21,holdout
2025-09-30 15:45:00+00:00,353.65,352.8416337381242,355.26673252375156,2025-09-30 19:45:00+00:00,355.00673252375157,2.0,scaleout_tier_1,h_ema21,holdout
2025-09-30 15:45:00+00:00,353.65,352.8416337381242,356.07509878562735,2025-10-01 13:30:00+00:00,355.81509878562736,3.0,scaleout_tier_2,h_ema21,holdout
2025-09-30 15:45:00+00:00,353.65,352.8416337381242,355.26673252375156,2025-10-01 17:45:00+00:00,355.07,1.7566294722703397,trail_exit,h_ema21,holdout
2025-10-06 14:15:00+00:00,363.62,362.75006920215174,365.35986159569654,2025-10-07 13:30:00+00:00,365.09986159569655,2.0,scaleout_tier_1,h_ema21,holdout
2025-10-06 14:15:00+00:00,363.62,362.75006920215174,366.2297923935448,2025-10-07 14:45:00+00:00,365.9697923935448,3.0,scaleout_tier_2,h_ema21,holdout
2025-10-06 14:15:00+00:00,363.62,362.75006920215174,365.35986159569654,2025-10-07 15:45:00+00:00,364.72,1.264468395326178,trail_exit,h_ema21,holdout
2025-10-07 16:30:00+00:00,365.53,364.694612404364,367.2007751912719,2025-10-08 13:30:00+00:00,366.9407751912719,2.0,scaleout_tier_1,h_ema21,holdout
2025-10-07 16:30:00+00:00,365.53,364.694612404364,368.0361627869078,2025-10-08 13:30:00+00:00,367.77616278690783,3.0,scaleout_tier_2,h_ema21,holdout
2025-10-07 16:30:00+00:00,365.53,364.694612404364,368.8715503825438,2025-10-08 13:30:00+00:00,368.6115503825438,4.0,scaleout_tier_3,h_ema21,holdout
2025-10-07 16:30:00+00:00,365.53,364.694612404364,369.7069379781797,2025-10-08 13:30:00+00:00,369.44693797817973,5.0,scaleout_tier_4,h_ema21,holdout
2025-10-07 16:30:00+00:00,365.53,364.694612404364,370.5423255738157,2025-10-08 13:30:00+00:00,370.2823255738157,6.0,scaleout_tier_5,h_ema21,holdout
2025-10-08 19:00:00+00:00,372.98,372.2679291004359,374.4041417991283,2025-10-08 19:15:00+00:00,372.0079291004359,-1.3651321801791614,stop_hit,h_ema21,holdout
2025-10-09 14:15:00+00:00,370.42,369.3688561236281,372.5222877527438,2025-10-09 14:30:00+00:00,369.10885612362813,-1.2473495834817598,stop_hit,h_ema21,holdout
2025-10-09 15:00:00+00:00,370.38,369.1891570348436,372.76168593031275,2025-10-09 15:30:00+00:00,368.9291570348436,-1.218332733708385,stop_hit,h_ema21,holdout
2025-10-09 16:00:00+00:00,369.53,368.38121184069576,371.8275763186084,2025-10-09 16:30:00+00:00,368.12121184069576,-1.226325452516384,stop_hit,h_ema21,holdout
2025-10-28 15:15:00+00:00,364.53999999999996,363.03805001980413,367.5438999603916,2025-10-28 18:30:00+00:00,362.77805001980414,-1.1731082948355516,stop_hit,h_ema200,holdout
2025-10-28 19:00:00+00:00,364.34,363.30997666305694,366.40004667388604,2025-10-29 13:30:00+00:00,366.14004667388605,2.0,scaleout_tier_1,h_ema21,holdout
2025-10-28 19:00:00+00:00,364.34,363.30997666305694,367.43007001082907,2025-10-29 13:30:00+00:00,367.1700700108291,3.0,scaleout_tier_2,h_ema21,holdout
2025-10-28 19:00:00+00:00,364.34,363.30997666305694,368.4600933477721,2025-10-29 13:30:00+00:00,368.2000933477721,4.0,scaleout_tier_3,h_ema21,holdout
2025-10-28 19:00:00+00:00,364.34,363.30997666305694,369.49011668471513,2025-10-29 14:00:00+00:00,369.23011668471514,5.0,scaleout_tier_4,h_ema21,holdout
2025-10-29 17:15:00+00:00,368.03999999999996,367.1032882564839,369.9134234870321,2025-10-29 17:30:00+00:00,366.8432882564839,-1.277566713345609,stop_hit,h_ema21,holdout
2025-10-29 19:00:00+00:00,365.4,364.06675900023095,368.06648199953804,2025-10-29 19:15:00+00:00,363.80675900023095,-1.1950135047189763,stop_hit,h_ema21,holdout
2025-10-30 13:45:00+00:00,365.84,364.1786919316965,369.1626161366069,2025-10-30 18:45:00+00:00,368.9026161366069,2.0,scaleout_tier_1,h_ema21,holdout
2025-10-30 13:45:00+00:00,365.84,364.1786919316965,369.1626161366069,2025-10-31 16:00:00+00:00,365.81,-0.018058059532937057,trail_exit,h_ema21,holdout
2025-10-31 17:45:00+00:00,368.12,367.0153411655712,370.3293176688576,2025-11-03 15:00:00+00:00,370.0693176688576,2.0,scaleout_tier_1,h_ema21,holdout
2025-10-31 17:45:00+00:00,368.12,367.0153411655712,370.3293176688576,2025-11-03 16:15:00+00:00,367.86,-0.2353667864652844,stop_hit,h_ema21,holdout
2025-11-04 15:00:00+00:00,364.38,363.0940750345966,366.9518499308068,2025-11-04 15:15:00+00:00,362.8340750345966,-1.2021890911173232,stop_hit,h_ema21,holdout
2025-11-04 15:45:00+00:00,365.05,363.734873487977,367.68025302404607,2025-11-04 17:45:00+00:00,363.474873487977,-1.1976996111195715,stop_hit,h_ema21,holdout
2025-11-05 14:45:00+00:00,366.03,364.9536117298944,368.1827765402111,2025-11-05 15:00:00+00:00,364.6936117298944,-1.2415485259556893,stop_hit,h_ema200,holdout
2025-11-05 15:30:00+00:00,366.36,365.27170006216403,368.536599875672,2025-11-06 15:00:00+00:00,366.02,-0.31241387431860046,trail_exit,h_ema50,holdout
2025-11-06 17:45:00+00:00,366.49,365.68877584427213,368.09244831145577,2025-11-07 16:15:00+00:00,367.8324483114558,2.0,scaleout_tier_1,h_ema21,holdout
2025-11-06 17:45:00+00:00,366.49,365.68877584427213,368.89367246718365,2025-11-07 16:30:00+00:00,368.63367246718366,3.0,scaleout_tier_2,h_ema21,holdout
2025-11-06 17:45:00+00:00,366.49,365.68877584427213,369.69489662291153,2025-11-07 16:30:00+00:00,369.43489662291154,4.0,scaleout_tier_3,h_ema21,holdout
2025-11-06 17:45:00+00:00,366.49,365.68877584427213,368.09244831145577,2025-11-07 17:00:00+00:00,367.66,1.4602655095153965,trail_exit,h_ema21,holdout
2025-11-11 16:15:00+00:00,378.68,377.8287250178867,380.3825499642266,2025-11-11 16:30:00+00:00,377.5687250178867,-1.3054242230337125,stop_hit,h_ema21,holdout
2025-11-11 19:00:00+00:00,378.67,378.00001046768415,380.00997906463175,2025-11-12 14:30:00+00:00,379.74997906463176,2.0,scaleout_tier_1,h_ema21,holdout
2025-11-11 19:00:00+00:00,378.67,378.00001046768415,380.6799685969476,2025-11-12 15:00:00+00:00,380.4199685969476,3.0,scaleout_tier_2,h_ema21,holdout
2025-11-11 19:00:00+00:00,378.67,378.00001046768415,381.3499581292635,2025-11-12 15:00:00+00:00,381.0899581292635,4.0,scaleout_tier_3,h_ema21,holdout
2025-11-11 19:00:00+00:00,378.67,378.00001046768415,382.01994766157935,2025-11-12 15:00:00+00:00,381.75994766157936,5.0,scaleout_tier_4,h_ema21,holdout
2025-11-11 19:00:00+00:00,378.67,378.00001046768415,382.6899371938952,2025-11-12 15:00:00+00:00,382.4299371938952,6.0,scaleout_tier_5,h_ema21,holdout
2025-11-13 17:00:00+00:00,387.21999999999997,386.1940844607451,389.2718310785097,2025-11-13 17:15:00+00:00,385.9340844607451,-1.253432168684014,stop_hit,h_ema21,holdout
2025-11-14 16:00:00+00:00,376.86,375.13036503374775,380.31926993250454,2025-11-14 20:15:00+00:00,374.87036503374776,-1.1503207353418354,stop_hit,h_ema200,holdout
2025-11-17 17:15:00+00:00,375.06,374.05860443060885,377.0627911387823,2025-11-17 18:45:00+00:00,373.79860443060886,-1.2596376576322095,stop_hit,h_ema21,holdout
2025-11-18 14:45:00+00:00,375.03999999999996,373.73893829472956,377.64212341054076,2025-11-18 15:00:00+00:00,373.4789382947296,-1.1998367940173562,stop_hit,ema21,holdout
2025-11-19 19:00:00+00:00,376.06,374.9399904355968,378.30001912880635,2025-11-19 19:15:00+00:00,374.67999043559684,-1.232140874742028,stop_hit,h_ema21,holdout
2025-11-20 15:30:00+00:00,376.96,375.90396452424733,379.0720709515053,2025-11-20 15:45:00+00:00,375.64396452424734,-1.2462038501260437,stop_hit,h_ema21,holdout
2025-11-20 18:00:00+00:00,374.2,372.9752138846341,376.64957223073174,2025-11-21 15:30:00+00:00,372.7152138846341,-1.2122819623263958,stop_hit,ema21,holdout
2025-11-21 16:30:00+00:00,374.61,373.6255056707258,376.5789886585485,2025-11-21 16:45:00+00:00,376.3189886585485,2.0,scaleout_tier_1,ema21,holdout
2025-11-21 16:30:00+00:00,374.61,373.6255056707258,376.5789886585485,2025-11-21 20:15:00+00:00,374.35,-0.264094969639551,stop_hit,ema21,holdout
2025-11-24 15:00:00+00:00,375.67,374.7124517046511,377.5850965906979,2025-11-24 18:30:00+00:00,377.3250965906979,2.0,scaleout_tier_1,ema21,holdout
2025-11-24 15:00:00+00:00,375.67,374.7124517046511,378.54264488604684,2025-11-24 18:45:00+00:00,378.28264488604685,3.0,scaleout_tier_2,ema21,holdout
2025-11-24 15:00:00+00:00,375.67,374.7124517046511,379.5001931813958,2025-11-24 20:30:00+00:00,379.2401931813958,4.0,scaleout_tier_3,ema21,holdout
2025-11-24 15:00:00+00:00,375.67,374.7124517046511,380.45774147674473,2025-11-25 16:15:00+00:00,380.19774147674474,5.0,scaleout_tier_4,ema21,holdout
2025-11-24 15:00:00+00:00,375.67,374.7124517046511,381.4152897720937,2025-11-25 17:00:00+00:00,381.1552897720937,6.0,scaleout_tier_5,ema21,holdout
2025-11-24 15:00:00+00:00,375.67,374.7124517046511,377.5850965906979,2025-11-25 18:45:00+00:00,380.0,4.521965128058713,trail_exit,ema21,holdout
2025-12-02 19:00:00+00:00,385.7,384.8801362472259,387.3397275055482,2025-12-03 14:30:00+00:00,387.0797275055482,2.0,scaleout_tier_1,h_ema21,holdout
2025-12-02 19:00:00+00:00,385.7,384.8801362472259,388.1595912583223,2025-12-03 14:30:00+00:00,387.8995912583223,3.0,scaleout_tier_2,h_ema21,holdout
2025-12-02 19:00:00+00:00,385.7,384.8801362472259,387.3397275055482,2025-12-03 14:45:00+00:00,387.17,1.7929808398360392,trail_exit,h_ema21,holdout
2025-12-03 18:45:00+00:00,386.95,386.05857645835084,388.7328470832983,2025-12-03 19:00:00+00:00,385.79857645835085,-1.291668312370332,stop_hit,h_ema21,holdout
2025-12-04 17:45:00+00:00,387.7,386.9987955171957,389.1024089656086,2025-12-04 18:45:00+00:00,386.7387955171957,-1.3707905559305291,stop_hit,h_ema21,holdout
2025-12-08 16:30:00+00:00,386.08,385.17142144939504,387.89715710120987,2025-12-08 16:45:00+00:00,384.91142144939505,-1.2861612788755354,stop_hit,h_ema21,holdout
2025-12-08 17:30:00+00:00,385.77,384.9568382449024,387.3963235101951,2025-12-08 18:45:00+00:00,384.69683824490244,-1.3197395824017808,stop_hit,h_ema21,holdout
2025-12-09 15:30:00+00:00,387.09,386.35648027815586,388.5570394436882,2025-12-09 15:45:00+00:00,386.09648027815587,-1.3544553639898507,stop_hit,h_ema21,holdout
2025-12-09 19:00:00+00:00,387.32,386.67223713692823,388.6155257261435,2025-12-10 14:30:00+00:00,386.41223713692824,-1.4013814542671414,stop_hit,h_ema21,holdout
2025-12-10 15:15:00+00:00,385.93,385.262922559768,387.264154880464,2025-12-10 19:15:00+00:00,385.88,-0.07495381643040225,trail_exit,h_ema21,holdout
2025-12-11 14:45:00+00:00,390.40999999999997,389.3353743598629,392.5592512802741,2025-12-11 15:00:00+00:00,389.0753743598629,-1.2419447203649703,stop_hit,h_ema21,holdout
2025-12-29 16:15:00+00:00,398.74,396.96432715093647,402.2913456981271,2025-12-29 17:30:00+00:00,396.7043271509365,-1.1464233685484972,stop_hit,h_ema21,holdout
2025-12-30 19:15:00+00:00,401.65,400.703707171848,403.5425856563039,2025-12-30 19:45:00+00:00,400.443707171848,-1.274756388577677,stop_hit,h_ema21,holdout
2025-12-31 14:45:00+00:00,399.51,398.4864216865181,401.5571566269638,2025-12-31 15:00:00+00:00,398.2264216865181,-1.254010852492129,stop_hit,h_ema21,holdout
2025-12-31 16:00:00+00:00,398.78,397.7222498758931,400.8955002482137,2025-12-31 16:15:00+00:00,397.4622498758931,-1.245804745444515,stop_hit,h_ema21,holdout
2026-01-02 14:45:00+00:00,400.83,399.6606351739132,403.16872965217357,2026-01-02 15:00:00+00:00,399.4006351739132,-1.2223429285709448,stop_hit,h_ema21,holdout
2026-01-07 16:00:00+00:00,409.01,407.91354241788184,411.2029151642363,2026-01-08 14:30:00+00:00,407.65354241788185,-1.237127276276133,stop_hit,h_ema50,holdout
2026-01-08 15:15:00+00:00,409.14,408.15576901037065,411.10846197925866,2026-01-08 20:30:00+00:00,410.8484619792587,2.0,scaleout_tier_1,h_ema21,holdout
2026-01-08 15:15:00+00:00,409.14,408.15576901037065,412.092692968888,2026-01-09 14:30:00+00:00,411.832692968888,3.0,scaleout_tier_2,h_ema21,holdout
2026-01-08 15:15:00+00:00,409.14,408.15576901037065,413.07692395851734,2026-01-09 14:45:00+00:00,412.81692395851735,4.0,scaleout_tier_3,h_ema21,holdout
2026-01-08 15:15:00+00:00,409.14,408.15576901037065,414.0611549481467,2026-01-09 15:15:00+00:00,413.8011549481467,5.0,scaleout_tier_4,h_ema21,holdout
2026-01-08 15:15:00+00:00,409.14,408.15576901037065,411.10846197925866,2026-01-09 17:45:00+00:00,412.05,2.9566230190495535,trail_exit,h_ema21,holdout
2026-01-13 18:45:00+00:00,423.23,422.1431377034277,425.4037245931446,2026-01-13 19:00:00+00:00,421.88313770342774,-1.23922073736477,stop_hit,h_ema21,holdout
2026-01-14 16:00:00+00:00,424.82,423.58083278838893,427.2983344232221,2026-01-14 17:15:00+00:00,423.32083278838894,-1.2098183340906516,stop_hit,h_ema21,holdout
2026-01-14 18:00:00+00:00,424.43,423.34620059051514,426.59759881896974,2026-01-14 19:30:00+00:00,426.33759881896975,2.0,scaleout_tier_1,h_ema21,holdout
2026-01-14 18:00:00+00:00,424.43,423.34620059051514,426.59759881896974,2026-01-15 14:30:00+00:00,424.17,-0.23989679060959201,stop_hit,h_ema21,holdout
2026-01-15 15:00:00+00:00,424.03,422.9653564008382,426.15928719832357,2026-01-15 16:45:00+00:00,422.7053564008382,-1.2442131810163428,stop_hit,h_ema21,holdout
2026-01-16 14:45:00+00:00,423.99,423.26820894380285,425.43358211239433,2026-01-16 15:15:00+00:00,423.00820894380286,-1.360215048063674,stop_hit,h_ema21,holdout
2026-01-16 16:15:00+00:00,422.55,421.2315517720917,425.1868964558167,2026-01-16 16:45:00+00:00,420.9715517720917,-1.1972015241072231,stop_hit,h_ema21,holdout
2026-01-27 17:15:00+00:00,468.3,466.60681990828346,471.6863601834331,2026-01-27 20:00:00+00:00,471.42636018343313,2.0,scaleout_tier_1,h_ema21,holdout
2026-01-27 17:15:00+00:00,468.3,466.60681990828346,473.3795402751497,2026-01-27 20:45:00+00:00,473.1195402751497,3.0,scaleout_tier_2,h_ema21,holdout
2026-01-27 17:15:00+00:00,468.3,466.60681990828346,475.07272036686624,2026-01-27 20:45:00+00:00,474.81272036686624,4.0,scaleout_tier_3,h_ema21,holdout
2026-01-27 17:15:00+00:00,468.3,466.60681990828346,476.7659004585828,2026-01-28 14:30:00+00:00,476.5059004585828,5.0,scaleout_tier_4,h_ema21,holdout
2026-01-27 17:15:00+00:00,468.3,466.60681990828346,478.45908055029935,2026-01-28 14:30:00+00:00,478.19908055029936,6.0,scaleout_tier_5,h_ema21,holdout
2026-01-27 17:15:00+00:00,468.3,466.60681990828346,480.1522606420159,2026-01-28 14:30:00+00:00,479.8922606420159,7.0,scaleout_tier_6,h_ema21,holdout
2026-01-27 17:15:00+00:00,468.3,466.60681990828346,481.84544073373246,2026-01-28 14:30:00+00:00,481.58544073373247,8.0,scaleout_tier_7,h_ema21,holdout
2026-01-27 17:15:00+00:00,468.3,466.60681990828346,483.538620825449,2026-01-28 14:30:00+00:00,483.278620825449,9.0,scaleout_tier_8,h_ema21,holdout
2026-01-27 17:15:00+00:00,468.3,466.60681990828346,485.2318009171656,2026-01-28 14:30:00+00:00,484.9718009171656,10.0,scaleout_tier_9,h_ema21,holdout
2026-01-29 16:00:00+00:00,476.34999999999997,470.33868534316804,488.3726293136638,2026-01-30 14:30:00+00:00,470.07868534316805,-1.043251770177177,stop_hit,h_ema21,holdout
2026-01-30 15:30:00+00:00,463.86,457.65611019914184,476.26777960171637,2026-01-30 16:30:00+00:00,457.39611019914184,-1.0419091905797593,stop_hit,h_ema21,holdout
2026-02-02 16:15:00+00:00,432.09999999999997,425.72655670634,444.84688658731994,2026-02-02 18:15:00+00:00,425.46655670634,-1.040794275248142,stop_hit,ema21,holdout
2026-02-03 14:45:00+00:00,452.3,446.67688433497756,463.5462313300449,2026-02-04 15:45:00+00:00,451.95,-0.06224307320888538,trail_exit,h_ema21,holdout
2026-02-04 18:15:00+00:00,451.62,447.96125207024437,458.9374958595113,2026-02-05 14:30:00+00:00,447.7012520702444,-1.071062561562517,stop_hit,ema21,holdout
2026-02-05 16:30:00+00:00,446.17,442.7963812379478,452.91723752410445,2026-02-05 19:45:00+00:00,443.39,-0.824040947148669,trail_exit,ema21,holdout
2026-02-06 14:45:00+00:00,453.55,450.34410333878446,459.9617933224311,2026-02-09 14:30:00+00:00,459.7017933224311,2.0,scaleout_tier_1,ema21,holdout
2026-02-06 14:45:00+00:00,453.55,450.34410333878446,463.16768998364665,2026-02-09 15:30:00+00:00,462.90768998364666,3.0,scaleout_tier_2,ema21,holdout
2026-02-06 14:45:00+00:00,453.55,450.34410333878446,466.3735866448622,2026-02-09 16:30:00+00:00,466.1135866448622,4.0,scaleout_tier_3,ema21,holdout
2026-02-06 14:45:00+00:00,453.55,450.34410333878446,469.57948330607775,2026-02-25 14:30:00+00:00,469.31948330607776,5.0,scaleout_tier_4,ema21,holdout
2026-02-06 14:45:00+00:00,453.55,450.34410333878446,472.7853799672933,2026-02-25 14:30:00+00:00,472.5253799672933,6.0,scaleout_tier_5,ema21,holdout
2026-02-06 14:45:00+00:00,453.55,450.34410333878446,475.99127662850884,2026-02-25 14:45:00+00:00,475.73127662850885,7.0,scaleout_tier_6,ema21,holdout
2026-02-06 14:45:00+00:00,453.55,450.34410333878446,479.1971732897244,2026-02-25 17:00:00+00:00,478.9371732897244,8.0,scaleout_tier_7,ema21,holdout
2026-02-06 14:45:00+00:00,453.55,450.34410333878446,459.9617933224311,2026-02-25 20:15:00+00:00,476.39,7.1243718727165595,trail_exit,ema21,holdout
2026-02-26 14:45:00+00:00,475.5,474.1288402626529,478.2423194746942,2026-02-26 15:00:00+00:00,473.8688402626529,-1.189620503664316,stop_hit,h_ema21,holdout
2026-02-26 15:45:00+00:00,475.76,474.14590995266633,478.9881800946673,2026-02-26 18:30:00+00:00,473.88590995266634,-1.1610814715260085,stop_hit,h_ema21,holdout
2026-02-27 17:45:00+00:00,481.31,479.96630284713956,483.9973943057209,2026-02-27 18:15:00+00:00,479.70630284713957,-1.1934959819230893,stop_hit,h_ema21,holdout
2026-02-27 18:45:00+00:00,481.78,480.5668314144406,484.20633717111866,2026-03-02 14:30:00+00:00,483.94633717111867,2.0,scaleout_tier_1,h_ema21,holdout
2026-02-27 18:45:00+00:00,481.78,480.5668314144406,485.419505756678,2026-03-02 14:30:00+00:00,485.159505756678,3.0,scaleout_tier_2,h_ema21,holdout
2026-02-27 18:45:00+00:00,481.78,480.5668314144406,486.63267434223735,2026-03-02 14:30:00+00:00,486.37267434223736,4.0,scaleout_tier_3,h_ema21,holdout
2026-02-27 18:45:00+00:00,481.78,480.5668314144406,487.8458429277967,2026-03-02 14:30:00+00:00,487.5858429277967,5.0,scaleout_tier_4,h_ema21,holdout
2026-02-27 18:45:00+00:00,481.78,480.5668314144406,489.05901151335604,2026-03-02 14:30:00+00:00,488.79901151335605,6.0,scaleout_tier_5,h_ema21,holdout
2026-02-27 18:45:00+00:00,481.78,480.5668314144406,490.2721800989154,2026-03-02 14:30:00+00:00,490.0121800989154,7.0,scaleout_tier_6,h_ema21,holdout
2026-03-03 18:45:00+00:00,472.0,469.1628225108194,477.6743549783612,2026-03-03 19:00:00+00:00,469.39,-0.9199283477868747,trail_exit,h_ema21,holdout
2026-03-04 14:45:00+00:00,475.5,472.675098508576,481.149802982848,2026-03-04 15:00:00+00:00,472.415098508576,-1.0920386076432453,stop_hit,h_ema21,holdout
2026-03-04 15:30:00+00:00,474.12,471.2507330259991,479.85853394800176,2026-03-04 17:15:00+00:00,470.99073302599913,-1.0906154785720232,stop_hit,h_ema21,holdout
2026-03-05 16:00:00+00:00,468.95,466.9455061202991,472.95898775940174,2026-03-05 16:15:00+00:00,466.6855061202991,-1.1297085526840271,stop_hit,ema21,holdout
2026-03-05 17:15:00+00:00,467.51,465.5764528803553,471.37709423928936,2026-03-05 17:30:00+00:00,465.3164528803553,-1.134467889278938,stop_hit,ema21,holdout
2026-03-05 18:15:00+00:00,466.26,464.3981997270884,469.98360054582315,2026-03-06 14:45:00+00:00,469.72360054582316,2.0,scaleout_tier_1,ema21,holdout
2026-03-05 18:15:00+00:00,466.26,464.3981997270884,471.84540081873473,2026-03-06 15:00:00+00:00,471.58540081873474,3.0,scaleout_tier_2,ema21,holdout
2026-03-05 18:15:00+00:00,466.26,464.3981997270884,473.7072010916463,2026-03-06 15:15:00+00:00,473.4472010916463,4.0,scaleout_tier_3,ema21,holdout
2026-03-05 18:15:00+00:00,466.26,464.3981997270884,469.98360054582315,2026-03-09 13:30:00+00:00,466.0,-0.13964978079705048,stop_hit,ema21,holdout
2026-03-09 14:45:00+00:00,469.96,468.1158511022578,473.6482977954843,2026-03-09 15:00:00+00:00,467.8558511022578,-1.1409864465490362,stop_hit,ema21,holdout
2026-03-10 14:30:00+00:00,478.87,477.0865241033702,482.4369517932596,2026-03-10 18:15:00+00:00,476.8265241033702,-1.1457827383545292,stop_hit,h_ema200,holdout
2026-03-11 14:00:00+00:00,475.93,474.3142976367515,479.161404726497,2026-03-11 17:30:00+00:00,474.0542976367515,-1.160920727674893,stop_hit,h_ema21,holdout
2026-03-11 18:00:00+00:00,475.27,474.0790909739927,477.6518180520145,2026-03-12 13:30:00+00:00,473.81909097399273,-1.2183206225849912,stop_hit,h_ema21,holdout
2026-03-12 14:15:00+00:00,474.39,473.344509181626,476.48098163674797,2026-03-12 14:30:00+00:00,473.084509181626,-1.2486870237697143,stop_hit,h_ema21,holdout
2026-03-13 13:45:00+00:00,470.01,468.8158511158805,472.398297768239,2026-03-13 14:00:00+00:00,468.5558511158805,-1.2177282945683114,stop_hit,ema21,holdout
2026-03-13 16:30:00+00:00,463.43,461.78377999213893,466.72244001572216,2026-03-13 19:30:00+00:00,461.52377999213894,-1.1579375774552805,stop_hit,ema21,holdout
2026-03-16 16:15:00+00:00,459.2,457.8899068067899,461.8201863864202,2026-03-16 16:30:00+00:00,457.6299068067899,-1.198459164086578,stop_hit,ema21,holdout
2026-03-16 17:15:00+00:00,459.8,458.4807577131593,462.4384845736815,2026-03-16 17:30:00+00:00,458.2207577131593,-1.1970828274635041,stop_hit,ema21,holdout
2026-03-16 18:15:00+00:00,459.51,458.30415506678315,461.92168986643367,2026-03-17 15:15:00+00:00,458.53000000000003,-0.8127081459683302,trail_exit,ema21,holdout
2026-03-17 16:00:00+00:00,459.40999999999997,458.1314392958211,461.9671214083577,2026-03-18 13:30:00+00:00,457.8714392958211,-1.2033536609956843,stop_hit,ema21,holdout
2026-03-18 16:15:00+00:00,448.31,446.8170704883689,451.29585902326215,2026-03-18 18:45:00+00:00,446.55707048836894,-1.1741542370047546,stop_hit,ema50,holdout
2026-03-19 14:00:00+00:00,424.63,421.07787820382936,431.7342435923413,2026-03-19 14:15:00+00:00,420.81787820382937,-1.0731956883573879,stop_hit,ema50,holdout
2026-03-20 15:15:00+00:00,420.62,417.86038827477745,426.1392234504451,2026-03-20 15:45:00+00:00,417.60038827477746,-1.094216152810056,stop_hit,donchian_low,holdout
2026-03-20 16:15:00+00:00,421.71999999999997,419.015966772072,427.12806645585596,2026-03-20 17:30:00+00:00,418.755966772072,-1.0961526645880826,stop_hit,donchian_low,holdout
2026-03-20 18:00:00+00:00,420.40999999999997,418.0299783355915,425.17004332881686,2026-03-20 18:15:00+00:00,417.76997833559153,-1.1092427030762402,stop_hit,donchian_low,holdout
2026-03-23 17:45:00+00:00,406.28,403.05144718484263,412.73710563031466,2026-03-24 13:30:00+00:00,402.79144718484264,-1.0805314377325186,stop_hit,ema100,holdout
2026-03-24 14:00:00+00:00,402.68,399.6704874846729,408.69902503065424,2026-03-25 13:30:00+00:00,408.43902503065425,2.0,scaleout_tier_1,ema100,holdout
2026-03-24 14:00:00+00:00,402.68,399.6704874846729,411.70853754598136,2026-03-25 13:30:00+00:00,411.44853754598137,3.0,scaleout_tier_2,ema100,holdout
2026-03-24 14:00:00+00:00,402.68,399.6704874846729,414.7180500613085,2026-03-25 13:30:00+00:00,414.4580500613085,4.0,scaleout_tier_3,ema100,holdout
2026-03-24 14:00:00+00:00,402.68,399.6704874846729,417.7275625766356,2026-03-25 13:30:00+00:00,417.4675625766356,5.0,scaleout_tier_4,ema100,holdout
2026-03-26 14:30:00+00:00,409.75,407.35994242258164,414.5301151548367,2026-03-26 14:45:00+00:00,409.81,0.02510399773080435,trail_exit,ema100,holdout
2026-03-26 18:15:00+00:00,403.2,401.2455407658861,407.1089184682277,2026-03-26 19:45:00+00:00,400.9855407658861,-1.1330291240982941,stop_hit,ema100,holdout
2026-03-27 13:45:00+00:00,407.05,404.96171569742364,411.22656860515275,2026-03-27 14:45:00+00:00,410.96656860515276,2.0,scaleout_tier_1,ema100,holdout
2026-03-27 13:45:00+00:00,407.05,404.96171569742364,413.3148529077291,2026-03-27 14:45:00+00:00,413.0548529077291,3.0,scaleout_tier_2,ema100,holdout
2026-03-27 13:45:00+00:00,407.05,404.96171569742364,415.4031372103055,2026-03-27 15:00:00+00:00,415.1431372103055,4.0,scaleout_tier_3,ema100,holdout
2026-03-27 13:45:00+00:00,407.05,404.96171569742364,411.22656860515275,2026-03-27 17:15:00+00:00,412.59000000000003,2.6528954861008067,trail_exit,ema100,holdout
2026-03-27 18:15:00+00:00,413.53,411.6648382363664,417.26032352726713,2026-03-30 13:30:00+00:00,417.00032352726714,2.0,scaleout_tier_1,ema100,holdout
2026-03-27 18:15:00+00:00,413.53,411.6648382363664,417.26032352726713,2026-03-30 17:00:00+00:00,415.17,0.8792803026398675,trail_exit,ema100,holdout
2026-03-31 18:15:00+00:00,428.88,427.1705194064017,432.2989611871966,2026-04-01 13:30:00+00:00,432.0389611871966,2.0,scaleout_tier_1,ema21,holdout
2026-03-31 18:15:00+00:00,428.88,427.1705194064017,434.0084417807949,2026-04-01 13:30:00+00:00,433.7484417807949,3.0,scaleout_tier_2,ema21,holdout
2026-03-31 18:15:00+00:00,428.88,427.1705194064017,435.7179223743932,2026-04-01 14:30:00+00:00,435.4579223743932,4.0,scaleout_tier_3,ema21,holdout
2026-03-31 18:15:00+00:00,428.88,427.1705194064017,437.4274029679915,2026-04-01 15:00:00+00:00,437.1674029679915,5.0,scaleout_tier_4,ema21,holdout
2026-03-31 18:15:00+00:00,428.88,427.1705194064017,439.1368835615898,2026-04-01 15:30:00+00:00,438.8768835615898,6.0,scaleout_tier_5,ema21,holdout
2026-03-31 18:15:00+00:00,428.88,427.1705194064017,432.2989611871966,2026-04-01 18:15:00+00:00,436.27,4.322950507700536,trail_exit,ema21,holdout
2026-04-02 14:45:00+00:00,431.21,428.54194633838387,436.5461073232322,2026-04-02 15:15:00+00:00,428.2819463383839,-1.09744931435993,stop_hit,ema21,holdout
2026-04-02 16:45:00+00:00,428.15999999999997,425.95593948732545,432.568121025349,2026-04-06 16:45:00+00:00,427.85,-0.14064949588147926,trail_exit,ema21,holdout
2026-04-07 14:00:00+00:00,426.77,425.5955308521427,429.11893829571454,2026-04-07 14:15:00+00:00,425.3355308521427,-1.2213766112752633,stop_hit,ema21,holdout
2026-04-07 17:15:00+00:00,428.93,427.51880867296046,431.7523826540791,2026-04-07 19:45:00+00:00,431.4923826540791,2.0,scaleout_tier_1,ema21,holdout
2026-04-07 17:15:00+00:00,428.93,427.51880867296046,433.16357398111865,2026-04-08 13:30:00+00:00,432.90357398111865,3.0,scaleout_tier_2,ema21,holdout
2026-04-07 17:15:00+00:00,428.93,427.51880867296046,434.5747653081582,2026-04-08 13:30:00+00:00,434.3147653081582,4.0,scaleout_tier_3,ema21,holdout
2026-04-07 17:15:00+00:00,428.93,427.51880867296046,435.98595663519774,2026-04-08 13:30:00+00:00,435.72595663519775,5.0,scaleout_tier_4,ema21,holdout
2026-04-07 17:15:00+00:00,428.93,427.51880867296046,437.3971479622373,2026-04-08 13:30:00+00:00,437.1371479622373,6.0,scaleout_tier_5,ema21,holdout
2026-04-08 19:15:00+00:00,433.32,431.76892793107055,436.4221441378589,2026-04-08 19:30:00+00:00,433.41,0.058024383136594186,trail_exit,ema21,holdout
2026-04-09 15:00:00+00:00,438.18,436.58243367840197,441.3751326431961,2026-04-09 19:45:00+00:00,437.64,-0.3380141360640735,trail_exit,ema21,holdout
2026-04-10 17:00:00+00:00,437.76,436.6033359109108,440.0733281781784,2026-04-10 18:00:00+00:00,436.3433359109108,-1.2247843625928827,stop_hit,ema21,holdout
2026-04-13 15:45:00+00:00,432.95,431.7730456352683,435.30390872946333,2026-04-13 16:30:00+00:00,435.04390872946334,2.0,scaleout_tier_1,ema21,holdout
2026-04-13 15:45:00+00:00,432.95,431.7730456352683,436.480863094195,2026-04-14 13:30:00+00:00,436.220863094195,3.0,scaleout_tier_2,ema21,holdout
2026-04-13 15:45:00+00:00,432.95,431.7730456352683,437.6578174589267,2026-04-14 13:30:00+00:00,437.3978174589267,4.0,scaleout_tier_3,ema21,holdout
2026-04-13 15:45:00+00:00,432.95,431.7730456352683,438.83477182365834,2026-04-14 13:30:00+00:00,438.57477182365835,5.0,scaleout_tier_4,ema21,holdout
2026-04-13 15:45:00+00:00,432.95,431.7730456352683,440.01172618839,2026-04-14 13:30:00+00:00,439.75172618839,6.0,scaleout_tier_5,ema21,holdout
2026-04-15 14:00:00+00:00,443.82,442.806902475573,445.846195048854,2026-04-15 14:30:00+00:00,442.546902475573,-1.2566386687669047,stop_hit,h_ema21,holdout
2026-04-15 15:45:00+00:00,441.45,440.3789429392825,443.5921141214349,2026-04-15 17:30:00+00:00,440.11894293928253,-1.242750838900988,stop_hit,ema21,holdout
2026-04-15 18:15:00+00:00,440.89,439.96971097823257,442.7305780435348,2026-04-16 13:45:00+00:00,439.7097109782326,-1.2825199408558199,stop_hit,ema21,holdout
2026-04-16 18:00:00+00:00,439.90999999999997,438.89570349128377,441.93859301743237,2026-04-17 13:30:00+00:00,441.6785930174324,2.0,scaleout_tier_1,ema21,holdout
2026-04-16 18:00:00+00:00,439.90999999999997,438.89570349128377,442.95288952614857,2026-04-17 13:30:00+00:00,442.6928895261486,3.0,scaleout_tier_2,ema21,holdout
2026-04-16 18:00:00+00:00,439.90999999999997,438.89570349128377,443.96718603486477,2026-04-17 13:30:00+00:00,443.7071860348648,4.0,scaleout_tier_3,ema21,holdout
2026-04-16 18:00:00+00:00,439.90999999999997,438.89570349128377,444.98148254358097,2026-04-17 13:30:00+00:00,444.721482543581,5.0,scaleout_tier_4,ema21,holdout
2026-04-16 18:00:00+00:00,439.90999999999997,438.89570349128377,445.99577905229717,2026-04-17 13:30:00+00:00,445.7357790522972,6.0,scaleout_tier_5,ema21,holdout
2026-04-20 14:30:00+00:00,443.31,442.25529067397474,445.4194186520505,2026-04-20 14:45:00+00:00,441.99529067397475,-1.2465134170945633,stop_hit,ema21,holdout
2026-04-20 15:30:00+00:00,441.98,440.7845230356985,444.37095392860306,2026-04-20 15:45:00+00:00,440.5245230356985,-1.2174864156850576,stop_hit,ema21,holdout
2026-04-20 16:30:00+00:00,441.21999999999997,440.1391691592717,443.3816616814565,2026-04-21 13:30:00+00:00,439.8791691592717,-1.2405556819833206,stop_hit,ema21,holdout
2026-04-21 17:45:00+00:00,433.46,432.14428952261704,436.09142095476585,2026-04-21 18:00:00+00:00,431.88428952261705,-1.1976118640608182,stop_hit,ema21,holdout
2026-04-22 13:45:00+00:00,436.92,435.1117675798901,440.5364648402198,2026-04-22 14:30:00+00:00,434.8517675798901,-1.143786825802066,stop_hit,ema21,holdout
2026-04-23 16:30:00+00:00,433.83,432.9763368705869,435.5373262588261,2026-04-23 17:00:00+00:00,432.71633687058693,-1.3045697899342963,stop_hit,ema21,holdout
2026-04-23 18:00:00+00:00,432.67,431.2576479126975,435.49470417460503,2026-04-23 19:00:00+00:00,430.9976479126975,-1.1840900738119573,stop_hit,ema21,holdout
2026-04-24 14:45:00+00:00,434.59999999999997,433.285789849552,437.22842030089595,2026-04-24 15:15:00+00:00,433.025789849552,-1.1978374614679101,stop_hit,ema21,holdout
2026-04-27 14:45:00+00:00,431.33,430.4479858165598,433.0940283668803,2026-04-27 15:00:00+00:00,430.18798581655983,-1.2947798401448607,stop_hit,ema21,holdout
2026-04-27 17:45:00+00:00,430.27,429.478937370429,431.852125259142,2026-04-27 19:30:00+00:00,429.218937370429,-1.3286718273381093,stop_hit,h_ema21,holdout
2026-04-28 15:00:00+00:00,420.3,418.9450894915051,423.00982101698986,2026-04-29 13:30:00+00:00,418.6850894915051,-1.191894592572617,stop_hit,ema100,holdout
2026-04-29 15:30:00+00:00,417.46,416.287231246908,419.80553750618395,2026-04-29 18:00:00+00:00,416.027231246908,-1.2216975847237617,stop_hit,ema100,holdout
2026-04-29 19:00:00+00:00,417.0,415.7357970240963,419.5284059518074,2026-04-30 13:30:00+00:00,419.2684059518074,2.0,scaleout_tier_1,ema100,holdout
2026-04-29 19:00:00+00:00,417.0,415.7357970240963,420.79260892771106,2026-04-30 13:30:00+00:00,420.53260892771107,3.0,scaleout_tier_2,ema100,holdout
2026-04-29 19:00:00+00:00,417.0,415.7357970240963,422.05681190361474,2026-04-30 13:30:00+00:00,421.79681190361475,4.0,scaleout_tier_3,ema100,holdout
2026-04-29 19:00:00+00:00,417.0,415.7357970240963,423.32101487951843,2026-04-30 13:30:00+00:00,423.06101487951844,5.0,scaleout_tier_4,ema100,holdout
2026-05-01 15:15:00+00:00,425.9,424.62094429059226,428.4581114188154,2026-05-01 18:00:00+00:00,424.3609442905923,-1.2032749614325928,stop_hit,ema21,holdout
2026-05-05 13:45:00+00:00,420.18,418.7846569378649,422.97068612427023,2026-05-05 16:15:00+00:00,418.5246569378649,-1.1863341045335094,stop_hit,ema100,holdout
2026-05-05 17:00:00+00:00,418.92,417.8972271479502,420.9655457040996,2026-05-06 13:30:00+00:00,420.7055457040996,2.0,scaleout_tier_1,ema100,holdout
2026-05-05 17:00:00+00:00,418.92,417.8972271479502,421.9883185561494,2026-05-06 13:30:00+00:00,421.7283185561494,3.0,scaleout_tier_2,ema100,holdout
2026-05-05 17:00:00+00:00,418.92,417.8972271479502,423.0110914081992,2026-05-06 13:30:00+00:00,422.7510914081992,4.0,scaleout_tier_3,ema100,holdout
2026-05-05 17:00:00+00:00,418.92,417.8972271479502,424.033864260249,2026-05-06 13:30:00+00:00,423.773864260249,5.0,scaleout_tier_4,ema100,holdout
2026-05-05 17:00:00+00:00,418.92,417.8972271479502,425.0566371122988,2026-05-06 13:30:00+00:00,424.7966371122988,6.0,scaleout_tier_5,ema100,holdout
2026-05-05 17:00:00+00:00,418.92,417.8972271479502,426.0794099643486,2026-05-06 13:30:00+00:00,425.8194099643486,7.0,scaleout_tier_6,ema100,holdout
2026-05-05 17:00:00+00:00,418.92,417.8972271479502,427.1021828163984,2026-05-06 13:30:00+00:00,426.8421828163984,8.0,scaleout_tier_7,ema100,holdout
2026-05-05 17:00:00+00:00,418.92,417.8972271479502,428.1249556684482,2026-05-06 13:30:00+00:00,427.8649556684482,9.0,scaleout_tier_8,ema100,holdout
2026-05-05 17:00:00+00:00,418.92,417.8972271479502,429.147728520498,2026-05-06 13:30:00+00:00,428.887728520498,10.0,scaleout_tier_9,ema100,holdout
2026-05-05 17:00:00+00:00,418.92,417.8972271479502,430.1705013725478,2026-05-06 13:30:00+00:00,429.9105013725478,11.0,scaleout_tier_10,ema100,holdout
2026-05-06 16:30:00+00:00,430.71,429.4975588021757,433.1348823956485,2026-05-07 15:45:00+00:00,433.89,2.622807609727011,trail_exit,ema21,holdout
2026-05-07 18:30:00+00:00,432.93,431.7630664726224,435.26386705475517,2026-05-07 18:45:00+00:00,431.50306647262244,-1.2228061786726467,stop_hit,ema21,holdout
