entry_date,entry_price,stop,target,exit_date,exit_price,R_multiple,exit_reason,zone_triggered,period
2024-07-25 02:30:00+00:00,2376.6150000000002,2370.897415753283,2388.0501684934347,2024-07-25 02:45:00+00:00,2370.8824157532827,-1.0026234856108924,stop_hit,ema21,train
2024-07-25 04:15:00+00:00,2373.8150000000005,2368.714466540795,2384.0160669184115,2024-07-25 05:30:00+00:00,2368.6994665407947,-1.0029408688562282,stop_hit,ema50,train
2024-07-25 07:30:00+00:00,2372.715,2367.867527479288,2382.409945041424,2024-07-25 11:30:00+00:00,2368.4849999999997,-0.8726196965380946,trail_exit,ema50,train
2024-07-25 12:30:00+00:00,2373.6150000000002,2368.695143133714,2383.454713732573,2024-07-25 12:45:00+00:00,2368.6801431337135,-1.0030488691862391,stop_hit,ema50,train
2024-07-25 14:30:00+00:00,2365.5150000000003,2359.252722847396,2378.039554305209,2024-07-25 16:00:00+00:00,2359.2377228473956,-1.0023952948160542,stop_hit,ema50,train
2024-07-25 16:30:00+00:00,2361.6150000000002,2356.0078112148194,2372.829377570362,2024-07-25 17:15:00+00:00,2355.992811214819,-1.0026751373237104,stop_hit,ema50,train
2024-07-25 18:30:00+00:00,2357.3150000000005,2352.2615492331056,2367.4219015337903,2024-07-25 22:00:00+00:00,2363.785,1.280313254931507,eod_force_close,ema50,train
2024-07-26 01:30:00+00:00,2364.3150000000005,2361.312494698081,2370.3200106038394,2024-07-26 01:45:00+00:00,2370.305010603839,2.0,scaleout_tier_1,ema50,train
2024-07-26 01:30:00+00:00,2364.3150000000005,2361.312494698081,2373.322515905759,2024-07-26 02:30:00+00:00,2373.3075159057585,3.0,scaleout_tier_2,ema50,train
2024-07-26 01:30:00+00:00,2364.3150000000005,2361.312494698081,2370.3200106038394,2024-07-26 04:00:00+00:00,2369.285,1.655284337657005,trail_exit,ema50,train
2024-07-26 04:30:00+00:00,2371.1150000000002,2367.7743749705173,2377.796250058966,2024-07-26 05:00:00+00:00,2367.759374970517,-1.0044901776966717,stop_hit,ema50,train
2024-07-26 05:30:00+00:00,2370.9150000000004,2367.7748268568557,2377.19534628629,2024-07-26 06:15:00+00:00,2367.7598268568554,-1.0047768066652865,stop_hit,ema50,train
2024-07-26 08:30:00+00:00,2370.3150000000005,2367.1539630616307,2376.63707387674,2024-07-26 13:15:00+00:00,2376.6220738767397,2.0,scaleout_tier_1,ema50,train
2024-07-26 08:30:00+00:00,2370.3150000000005,2367.1539630616307,2379.79811081511,2024-07-26 13:30:00+00:00,2379.7831108151095,3.0,scaleout_tier_2,ema50,train
2024-07-26 08:30:00+00:00,2370.3150000000005,2367.1539630616307,2382.9591477534796,2024-07-26 14:00:00+00:00,2382.9441477534792,4.0,scaleout_tier_3,ema50,train
2024-07-26 08:30:00+00:00,2370.3150000000005,2367.1539630616307,2386.1201846918493,2024-07-26 14:00:00+00:00,2386.105184691849,5.0,scaleout_tier_4,ema50,train
2024-07-26 16:15:00+00:00,2385.5150000000003,2381.3344699119057,2393.8760601761896,2024-07-26 17:15:00+00:00,2381.3194699119053,-1.003588061725245,stop_hit,ema21,train
2024-07-29 00:45:00+00:00,2398.6150000000002,2395.576265872293,2404.692468255415,2024-07-29 01:00:00+00:00,2395.5612658722926,-1.0049362660140473,stop_hit,ema21,train
2024-07-29 03:15:00+00:00,2393.6150000000002,2390.3959342159474,2400.053131568106,2024-07-29 05:30:00+00:00,2390.380934215947,-1.0046597370189316,stop_hit,ema21,train
2024-07-29 07:30:00+00:00,2390.0150000000003,2387.118198250306,2395.8086034993894,2024-07-29 08:15:00+00:00,2387.1031982503055,-1.0051781244615408,stop_hit,ema21,train
2024-07-29 08:45:00+00:00,2388.5150000000003,2385.411795211725,2394.721409576551,2024-07-29 11:45:00+00:00,2385.3967952117246,-1.004833712572564,stop_hit,ema21,train
2024-07-29 12:30:00+00:00,2388.4150000000004,2385.3783062924817,2394.488387415038,2024-07-29 14:30:00+00:00,2385.3633062924814,-1.0049395827979584,stop_hit,ema21,train
2024-07-29 15:45:00+00:00,2375.0150000000003,2370.6357434740507,2383.7735130518995,2024-07-29 22:00:00+00:00,2428.9849999999997,12.324009721786426,eod_force_close,ema21,train
2024-07-30 10:15:00+00:00,2434.6150000000002,2432.480714163508,2438.883571672985,2024-07-30 11:45:00+00:00,2432.4657141635075,-1.0070281120475313,stop_hit,h_ema21,train
2024-07-30 13:15:00+00:00,2435.9150000000004,2433.39966114623,2440.9456777075416,2024-07-30 14:00:00+00:00,2433.3846611462295,-1.0059634112429194,stop_hit,h_ema21,train
2024-07-30 16:00:00+00:00,2430.215,2426.471892830355,2437.7012143392903,2024-07-30 16:45:00+00:00,2437.68621433929,2.0,scaleout_tier_1,h_ema21,train
2024-07-30 16:00:00+00:00,2430.215,2426.471892830355,2441.4443215089354,2024-07-30 16:45:00+00:00,2441.429321508935,3.0,scaleout_tier_2,h_ema21,train
2024-07-30 16:00:00+00:00,2430.215,2426.471892830355,2445.1874286785805,2024-07-30 17:00:00+00:00,2445.17242867858,4.0,scaleout_tier_3,h_ema21,train
2024-07-31 03:00:00+00:00,2452.6150000000002,2449.705461247009,2467.1626937649553,2024-07-31 06:15:00+00:00,2467.147693764955,5.0,scaleout_tier_4,h_ema21,train
2024-07-31 03:00:00+00:00,2452.6150000000002,2449.705461247009,2458.4340775059823,2024-07-31 07:30:00+00:00,2461.785,3.1517023069628616,trail_exit,h_ema21,train
2024-07-31 08:45:00+00:00,2464.0150000000003,2460.8468159709755,2470.35136805805,2024-07-31 13:45:00+00:00,2470.3363680580496,2.0,scaleout_tier_1,h_ema21,train
2024-07-31 08:45:00+00:00,2464.0150000000003,2460.8468159709755,2470.35136805805,2024-07-31 14:45:00+00:00,2464.0,-0.004734573453722165,stop_hit,h_ema21,train
2024-08-01 01:15:00+00:00,2496.715,2493.5697063934463,2503.005587213108,2024-08-01 02:00:00+00:00,2493.554706393446,-1.0047690301373047,stop_hit,h_ema21,train
2024-08-01 05:30:00+00:00,2490.4150000000004,2487.1428387174433,2496.9593225651147,2024-08-01 07:00:00+00:00,2487.127838717443,-1.0045841261188095,stop_hit,h_ema21,train
2024-08-01 11:30:00+00:00,2482.9150000000004,2479.866680211941,2489.0116395761193,2024-08-01 12:30:00+00:00,2488.996639576119,2.0,scaleout_tier_1,h_ema21,train
2024-08-01 11:30:00+00:00,2482.9150000000004,2479.866680211941,2492.0599593641787,2024-08-01 12:30:00+00:00,2492.0449593641783,3.0,scaleout_tier_2,h_ema21,train
2024-08-01 11:30:00+00:00,2482.9150000000004,2479.866680211941,2495.108279152238,2024-08-01 12:30:00+00:00,2495.0932791522378,4.0,scaleout_tier_3,h_ema21,train
2024-08-01 16:15:00+00:00,2489.9150000000004,2484.356315393523,2501.0323692129555,2024-08-01 17:00:00+00:00,2484.3413153935226,-1.0026984801373418,stop_hit,h_ema21,train
2024-08-01 18:00:00+00:00,2483.1150000000002,2478.0430026729105,2493.25899465418,2024-08-01 22:00:00+00:00,2490.785,1.5122247716957162,eod_force_close,h_ema21,train
2024-08-02 00:30:00+00:00,2493.715,2490.681102811476,2499.782794377048,2024-08-02 01:00:00+00:00,2490.666102811476,-1.0049441358979028,stop_hit,h_ema21,train
2024-08-02 01:30:00+00:00,2487.6150000000002,2483.5031289670596,2495.8387420658814,2024-08-02 02:45:00+00:00,2495.823742065881,2.0,scaleout_tier_1,h_ema21,train
2024-08-02 01:30:00+00:00,2487.6150000000002,2483.5031289670596,2499.950613098822,2024-08-02 02:45:00+00:00,2499.9356130988217,3.0,scaleout_tier_2,h_ema21,train
2024-08-02 01:30:00+00:00,2487.6150000000002,2483.5031289670596,2504.0624841317626,2024-08-02 05:45:00+00:00,2504.0474841317623,4.0,scaleout_tier_3,h_ema21,train
2024-08-02 01:30:00+00:00,2487.6150000000002,2483.5031289670596,2508.1743551647032,2024-08-02 05:45:00+00:00,2508.159355164703,5.0,scaleout_tier_4,h_ema21,train
2024-08-02 08:15:00+00:00,2507.0150000000003,2503.1269206865713,2514.7911586268583,2024-08-02 11:30:00+00:00,2503.111920686571,-1.0038579459911012,stop_hit,h_ema21,train
2024-08-02 12:45:00+00:00,2515.4150000000004,2510.791284867558,2524.6624302648856,2024-08-02 13:00:00+00:00,2510.7762848675575,-1.0032441444965066,stop_hit,h_ema21,train
2024-08-02 14:00:00+00:00,2513.715,2507.432959848073,2526.2790803038542,2024-08-02 14:15:00+00:00,2507.4179598480728,-1.0023877593325674,stop_hit,h_ema21,train
2024-08-02 16:00:00+00:00,2475.715,2465.1928699287346,2496.7592601425313,2024-08-04 22:00:00+00:00,2490.285,1.3847006168255132,eod_force_close,h_ema21,train
2024-08-05 00:45:00+00:00,2471.8150000000005,2465.277874274061,2484.8892514518793,2024-08-05 01:00:00+00:00,2465.262874274061,-1.002294586432812,stop_hit,h_ema21,train
2024-08-05 07:15:00+00:00,2471.715,2464.9755924800347,2485.193815039931,2024-08-05 08:30:00+00:00,2466.9849999999997,-0.7018421108959351,trail_exit,h_ema21,train
2024-08-05 14:00:00+00:00,2433.4150000000004,2423.652304856465,2452.9403902870713,2024-08-05 22:00:00+00:00,2451.6849999999995,1.871409455215542,eod_force_close,ema21,train
2024-08-06 06:30:00+00:00,2446.8150000000005,2442.156031655483,2456.132936689036,2024-08-06 06:45:00+00:00,2442.1410316554825,-1.0032195968916549,stop_hit,ema21,train
2024-08-06 08:45:00+00:00,2454.3150000000005,2449.377671005936,2464.1896579881295,2024-08-06 12:00:00+00:00,2449.3626710059357,-1.0030380799048149,stop_hit,ema21,train
2024-08-06 13:30:00+00:00,2436.3150000000005,2430.9878697220183,2446.969260555965,2024-08-06 14:15:00+00:00,2430.972869722018,-1.002815774951539,stop_hit,ema21,train
2024-08-06 17:00:00+00:00,2431.0150000000003,2425.5195445671748,2442.0059108656515,2024-08-06 22:00:00+00:00,2432.5849999999996,0.2856906073009524,eod_force_close,ema21,train
2024-08-07 01:00:00+00:00,2426.8150000000005,2423.445094753748,2433.5548104925056,2024-08-07 01:15:00+00:00,2423.4300947537477,-1.0044511637284188,stop_hit,ema21,train
2024-08-07 02:00:00+00:00,2424.0150000000003,2419.9630980909465,2432.118803818108,2024-08-07 04:30:00+00:00,2432.1038038181077,2.0,scaleout_tier_1,ema21,train
2024-08-07 02:00:00+00:00,2424.0150000000003,2419.9630980909465,2436.170705727162,2024-08-07 06:15:00+00:00,2436.1557057271616,3.0,scaleout_tier_2,ema21,train
2024-08-07 02:00:00+00:00,2424.0150000000003,2419.9630980909465,2440.222607636216,2024-08-07 11:45:00+00:00,2440.2076076362155,4.0,scaleout_tier_3,ema21,train
2024-08-07 12:45:00+00:00,2443.1150000000002,2439.522159081604,2450.3006818367926,2024-08-07 13:30:00+00:00,2439.5071590816037,-1.0041749691514377,stop_hit,ema21,train
2024-08-07 14:30:00+00:00,2441.8150000000005,2437.994812424732,2449.4553751505373,2024-08-07 15:15:00+00:00,2437.979812424732,-1.0039265087655476,stop_hit,ema21,train
2024-08-07 16:45:00+00:00,2436.715,2432.9241322341795,2444.2967355316414,2024-08-07 17:15:00+00:00,2432.909132234179,-1.0039568776667893,stop_hit,ema21,train
2024-08-07 19:15:00+00:00,2429.0150000000003,2425.1386415415836,2436.7677169168337,2024-08-07 20:15:00+00:00,2425.1236415415833,-1.003869611172764,stop_hit,ema21,train
2024-08-08 00:30:00+00:00,2425.6150000000002,2422.98746098242,2430.8700780351605,2024-08-08 03:30:00+00:00,2430.85507803516,2.0,scaleout_tier_1,ema21,train
2024-08-08 00:30:00+00:00,2425.6150000000002,2422.98746098242,2433.4976170527407,2024-08-08 04:00:00+00:00,2433.4826170527404,3.0,scaleout_tier_2,ema21,train
2024-08-08 00:30:00+00:00,2425.6150000000002,2422.98746098242,2436.125156070321,2024-08-08 06:15:00+00:00,2436.1101560703205,4.0,scaleout_tier_3,ema21,train
2024-08-08 10:00:00+00:00,2435.1150000000002,2432.253803551576,2449.420982242122,2024-08-08 11:00:00+00:00,2449.405982242122,5.0,scaleout_tier_4,ema21,train
2024-08-08 10:00:00+00:00,2435.1150000000002,2432.253803551576,2452.2821786905465,2024-08-08 12:00:00+00:00,2452.267178690546,6.0,scaleout_tier_5,ema21,train
2024-08-08 10:00:00+00:00,2435.1150000000002,2432.253803551576,2440.837392896849,2024-08-08 13:00:00+00:00,2444.4849999999997,3.274853778446203,trail_exit,ema21,train
2024-08-08 14:15:00+00:00,2457.9150000000004,2452.633824942795,2468.4773501144114,2024-08-08 14:45:00+00:00,2452.6188249427946,-1.0028402769909817,stop_hit,ema21,train
2024-08-08 15:30:00+00:00,2454.6150000000002,2449.1024229664076,2465.6401540671854,2024-08-08 20:45:00+00:00,2465.625154067185,2.0,scaleout_tier_1,ema21,train
2024-08-08 15:30:00+00:00,2454.6150000000002,2449.1024229664076,2465.6401540671854,2024-08-08 22:00:00+00:00,2467.285,2.298380580042877,eod_force_close,ema21,train
2024-08-09 06:45:00+00:00,2458.8150000000005,2456.103275844562,2464.238448310877,2024-08-09 08:00:00+00:00,2464.223448310877,2.0,scaleout_tier_1,h_ema21,train
2024-08-09 06:45:00+00:00,2458.8150000000005,2456.103275844562,2466.9501724663155,2024-08-09 10:30:00+00:00,2466.935172466315,3.0,scaleout_tier_2,h_ema21,train
2024-08-09 06:45:00+00:00,2458.8150000000005,2456.103275844562,2469.661896621754,2024-08-09 10:45:00+00:00,2469.6468966217535,4.0,scaleout_tier_3,h_ema21,train
2024-08-09 13:30:00+00:00,2471.3150000000005,2468.3531122416894,2477.238775516623,2024-08-09 13:45:00+00:00,2468.338112241689,-1.005064337754946,stop_hit,h_ema21,train
2024-08-09 15:30:00+00:00,2468.5150000000003,2464.434317563629,2476.676364872743,2024-08-09 18:15:00+00:00,2467.4849999999997,-0.2524087615395478,trail_exit,h_ema21,train
2024-08-09 18:45:00+00:00,2468.5150000000003,2465.251584317487,2475.041831365027,2024-08-11 22:00:00+00:00,2470.0849999999996,0.48109102631697076,eod_force_close,h_ema21,train
2024-08-12 00:15:00+00:00,2467.5150000000003,2465.0178075278786,2472.5093849442437,2024-08-12 01:45:00+00:00,2465.0028075278783,-1.0060067456424706,stop_hit,h_ema21,train
2024-08-12 03:00:00+00:00,2465.0150000000003,2462.59027648567,2469.864447028661,2024-08-12 04:30:00+00:00,2469.8494470286605,2.0,scaleout_tier_1,h_ema21,train
2024-08-12 03:00:00+00:00,2465.0150000000003,2462.59027648567,2472.289170542991,2024-08-12 04:45:00+00:00,2472.2741705429908,3.0,scaleout_tier_2,h_ema21,train
2024-08-12 03:00:00+00:00,2465.0150000000003,2462.59027648567,2474.7138940573213,2024-08-12 06:45:00+00:00,2474.698894057321,4.0,scaleout_tier_3,h_ema21,train
2024-08-12 14:45:00+00:00,2491.3150000000005,2487.7248062618396,2509.265968690805,2024-08-12 18:15:00+00:00,2509.2509686908047,5.0,scaleout_tier_4,h_ema21,train
2024-08-12 14:45:00+00:00,2491.3150000000005,2487.7248062618396,2512.856162428966,2024-08-12 20:45:00+00:00,2512.8411624289656,6.0,scaleout_tier_5,h_ema21,train
2024-08-12 14:45:00+00:00,2491.3150000000005,2487.7248062618396,2498.4953874763223,2024-08-12 22:00:00+00:00,2512.5849999999996,5.924471365964426,eod_force_close,h_ema21,train
2024-08-13 01:45:00+00:00,2504.8150000000005,2501.5838744286634,2511.2772511426747,2024-08-13 03:00:00+00:00,2501.568874428663,-1.0046423451113724,stop_hit,h_ema21,train
2024-08-13 04:00:00+00:00,2503.9150000000004,2501.0454780645464,2509.6540438709085,2024-08-13 04:45:00+00:00,2501.030478064546,-1.00522735157205,stop_hit,h_ema50,train
2024-08-13 06:00:00+00:00,2503.1150000000002,2500.1395564747345,2509.0658870505317,2024-08-13 08:15:00+00:00,2500.124556474734,-1.0050412652342269,stop_hit,h_ema21,train
2024-08-13 09:00:00+00:00,2499.9150000000004,2497.0402747556427,2505.664450488716,2024-08-13 12:30:00+00:00,2505.6494504887155,2.0,scaleout_tier_1,h_ema21,train
2024-08-13 09:00:00+00:00,2499.9150000000004,2497.0402747556427,2508.5391757330735,2024-08-13 12:30:00+00:00,2508.524175733073,3.0,scaleout_tier_2,h_ema21,train
2024-08-13 09:00:00+00:00,2499.9150000000004,2497.0402747556427,2505.664450488716,2024-08-13 13:15:00+00:00,2499.9,-0.005217889963490699,stop_hit,h_ema21,train
2024-08-13 13:45:00+00:00,2513.3150000000005,2509.200276945537,2521.5444461089273,2024-08-13 14:00:00+00:00,2509.1852769455368,-1.0036454458299584,stop_hit,h_ema21,train
2024-08-13 16:00:00+00:00,2508.3150000000005,2504.2648102692397,2516.415379461522,2024-08-13 19:30:00+00:00,2504.2498102692393,-1.0037035302041293,stop_hit,h_ema21,train
2024-08-14 01:15:00+00:00,2507.9150000000004,2505.8147045950623,2512.1155908098767,2024-08-14 01:45:00+00:00,2505.799704595062,-1.0071418525056333,stop_hit,h_ema21,train
2024-08-14 03:15:00+00:00,2499.9150000000004,2496.9826948284112,2505.779610343179,2024-08-14 06:45:00+00:00,2505.7646103431784,2.0,scaleout_tier_1,h_ema21,train
2024-08-14 03:15:00+00:00,2499.9150000000004,2496.9826948284112,2508.711915514768,2024-08-14 07:30:00+00:00,2508.6969155147676,3.0,scaleout_tier_2,h_ema21,train
2024-08-14 03:15:00+00:00,2499.9150000000004,2496.9826948284112,2511.644220686357,2024-08-14 08:30:00+00:00,2511.629220686357,4.0,scaleout_tier_3,h_ema21,train
2024-08-14 03:15:00+00:00,2499.9150000000004,2496.9826948284112,2514.5765258579463,2024-08-14 08:30:00+00:00,2514.561525857946,5.0,scaleout_tier_4,h_ema21,train
2024-08-15 02:45:00+00:00,2489.8150000000005,2487.375818335127,2494.6933633297476,2024-08-15 03:00:00+00:00,2490.5849999999996,0.31567964415597854,trail_exit,h_ema21,train
2024-08-15 06:00:00+00:00,2491.6150000000002,2489.5390882138736,2495.7668235722535,2024-08-15 10:00:00+00:00,2495.751823572253,2.0,scaleout_tier_1,h_ema21,train
2024-08-15 06:00:00+00:00,2491.6150000000002,2489.5390882138736,2497.84273535838,2024-08-15 11:30:00+00:00,2497.82773535838,3.0,scaleout_tier_2,h_ema21,train
2024-08-15 06:00:00+00:00,2491.6150000000002,2489.5390882138736,2499.918647144507,2024-08-15 11:45:00+00:00,2499.9036471445065,4.0,scaleout_tier_3,h_ema21,train
2024-08-15 13:30:00+00:00,2488.3150000000005,2482.721043974231,2499.502912051539,2024-08-15 13:45:00+00:00,2482.706043974231,-1.0026814654836806,stop_hit,ema21,train
2024-08-15 15:15:00+00:00,2495.4150000000004,2488.9931592946555,2508.2586814106903,2024-08-15 22:00:00+00:00,2494.3849999999998,-0.16039015093341974,eod_force_close,h_ema21,train
2024-08-16 02:45:00+00:00,2493.715,2491.2965625413794,2498.5518749172415,2024-08-16 03:00:00+00:00,2491.281562541379,-1.0062023518312864,stop_hit,h_ema21,train
2024-08-16 03:45:00+00:00,2490.715,2488.247923983349,2495.649152033302,2024-08-16 07:15:00+00:00,2490.0849999999996,-0.25536302722272464,trail_exit,h_ema21,train
2024-08-16 07:45:00+00:00,2492.6150000000002,2490.395024694776,2497.0549506104485,2024-08-16 08:00:00+00:00,2497.039950610448,2.0,scaleout_tier_1,h_ema21,train
2024-08-16 07:45:00+00:00,2492.6150000000002,2490.395024694776,2499.2749259156726,2024-08-16 08:15:00+00:00,2499.2599259156723,3.0,scaleout_tier_2,h_ema21,train
2024-08-16 07:45:00+00:00,2492.6150000000002,2490.395024694776,2501.4949012208967,2024-08-16 10:00:00+00:00,2501.4799012208964,4.0,scaleout_tier_3,h_ema21,train
2024-08-19 02:45:00+00:00,2539.6150000000002,2535.907361273068,2547.0302774538645,2024-09-03 04:00:00+00:00,2535.8923612730678,-1.0040457016190298,stop_hit,h_ema21,train
2024-09-03 07:30:00+00:00,2532.4150000000004,2529.10127703724,2539.0424459255214,2024-09-03 10:00:00+00:00,2531.5849999999996,-0.25047356382182473,trail_exit,h_ema21,train
2024-09-03 11:00:00+00:00,2529.215,2526.224512634372,2535.1959747312567,2024-09-03 11:30:00+00:00,2526.2095126343715,-1.0050159048229839,stop_hit,h_ema21,train
2024-09-03 12:15:00+00:00,2530.1150000000002,2525.6352984146374,2539.074403170726,2024-09-03 12:30:00+00:00,2525.620298414637,-1.0033484373265709,stop_hit,h_ema21,train
2024-09-03 14:45:00+00:00,2512.9150000000004,2506.8458442207584,2525.0533115584844,2024-09-03 19:15:00+00:00,2525.038311558484,2.0,scaleout_tier_1,h_ema21,train
2024-09-03 14:45:00+00:00,2512.9150000000004,2506.8458442207584,2525.0533115584844,2024-09-03 22:00:00+00:00,2524.5849999999996,1.9228374463402973,eod_force_close,h_ema21,train
2024-09-04 04:45:00+00:00,2527.715,2525.8700916658922,2531.404816668216,2024-09-04 05:00:00+00:00,2525.855091665892,-1.0081304852512256,stop_hit,h_ema21,train
2024-09-04 07:15:00+00:00,2519.1150000000002,2516.66853591223,2524.007928175541,2024-09-04 07:30:00+00:00,2516.6535359122295,-1.0061312978495416,stop_hit,h_ema21,train
2024-09-04 10:00:00+00:00,2512.715,2509.3047802257383,2519.5354395485238,2024-09-04 10:45:00+00:00,2519.5204395485234,2.0,scaleout_tier_1,h_ema21,train
2024-09-04 10:00:00+00:00,2512.715,2509.3047802257383,2522.9456593227856,2024-09-04 14:15:00+00:00,2522.9306593227852,3.0,scaleout_tier_2,h_ema21,train
2024-09-04 10:00:00+00:00,2512.715,2509.3047802257383,2526.3558790970474,2024-09-04 14:30:00+00:00,2526.340879097047,4.0,scaleout_tier_3,h_ema21,train
2024-09-04 10:00:00+00:00,2512.715,2509.3047802257383,2529.766098871309,2024-09-04 14:30:00+00:00,2529.751098871309,5.0,scaleout_tier_4,h_ema21,train
2024-09-04 16:15:00+00:00,2526.5150000000003,2522.1066202068996,2535.3317595862018,2024-09-04 19:30:00+00:00,2522.8849999999998,-0.823431775474892,trail_exit,h_ema21,train
2024-09-05 01:15:00+00:00,2525.8150000000005,2524.035014720427,2529.374970559147,2024-09-05 04:00:00+00:00,2524.020014720427,-1.0084270359830858,stop_hit,h_ema21,train
2024-09-05 05:15:00+00:00,2525.1150000000002,2523.5358295408914,2528.273340918218,2024-09-05 05:45:00+00:00,2528.2583409182175,2.0,scaleout_tier_1,h_ema21,train
2024-09-05 05:15:00+00:00,2525.1150000000002,2523.5358295408914,2529.8525113773267,2024-09-05 05:45:00+00:00,2529.8375113773263,3.0,scaleout_tier_2,h_ema21,train
2024-09-05 05:15:00+00:00,2525.1150000000002,2523.5358295408914,2531.4316818364355,2024-09-05 05:45:00+00:00,2531.416681836435,4.0,scaleout_tier_3,h_ema21,train
2024-09-05 13:30:00+00:00,2548.9150000000004,2545.1993408872418,2556.3463182255177,2024-09-05 13:45:00+00:00,2545.1843408872414,-1.0040369688244062,stop_hit,h_ema21,train
2024-09-05 15:45:00+00:00,2539.3150000000005,2534.740166649382,2548.4646667012375,2024-09-05 22:00:00+00:00,2547.0849999999996,1.6984225226364946,eod_force_close,h_ema21,train
2024-09-06 02:15:00+00:00,2544.715,2543.0360682809883,2548.072863438024,2024-09-06 04:00:00+00:00,2548.0578634380236,2.0,scaleout_tier_1,h_ema21,train
2024-09-06 02:15:00+00:00,2544.715,2543.0360682809883,2549.7517951570358,2024-09-06 05:15:00+00:00,2549.7367951570354,3.0,scaleout_tier_2,h_ema21,train
2024-09-06 02:15:00+00:00,2544.715,2543.0360682809883,2548.072863438024,2024-09-06 07:45:00+00:00,2546.4849999999997,1.0542418014719825,trail_exit,h_ema21,train
2024-09-06 09:30:00+00:00,2547.9150000000004,2546.033097572757,2551.678804854487,2024-09-06 11:30:00+00:00,2546.0180975727567,-1.0079706576617256,stop_hit,h_ema21,train
2024-09-06 12:30:00+00:00,2545.4150000000004,2543.029194516657,2550.1866109666876,2024-09-06 12:45:00+00:00,2550.1716109666872,2.0,scaleout_tier_1,h_ema21,train
2024-09-06 12:30:00+00:00,2545.4150000000004,2543.029194516657,2550.1866109666876,2024-09-06 13:00:00+00:00,2545.4,-0.00628718481244571,stop_hit,h_ema21,train
2024-09-06 14:00:00+00:00,2539.1150000000002,2533.706213684449,2549.932572631103,2024-09-06 14:15:00+00:00,2533.6912136844485,-1.0027732654102455,stop_hit,h_ema21,train
2024-09-06 14:45:00+00:00,2543.5150000000003,2537.1514783034745,2556.242043393052,2024-09-06 15:00:00+00:00,2537.136478303474,-1.0023571853315936,stop_hit,h_ema21,train
2024-09-09 01:15:00+00:00,2526.4150000000004,2523.6585330393846,2531.927933921232,2024-09-09 05:30:00+00:00,2523.6435330393842,-1.0054417485188998,stop_hit,h_ema21,train
2024-09-09 06:45:00+00:00,2521.1150000000002,2518.1726181008867,2526.9997637982274,2024-09-09 07:00:00+00:00,2518.1576181008863,-1.0050979106433622,stop_hit,ema21,train
2024-09-09 07:30:00+00:00,2522.6150000000002,2519.4799369415628,2528.885126116875,2024-09-09 08:15:00+00:00,2519.4649369415624,-1.0047845927564223,stop_hit,ema21,train
2024-09-09 09:00:00+00:00,2521.3150000000005,2518.1431031412785,2527.6587937174445,2024-09-09 12:00:00+00:00,2527.643793717444,2.0,scaleout_tier_1,h_ema21,train
2024-09-09 09:00:00+00:00,2521.3150000000005,2518.1431031412785,2530.8306905761665,2024-09-09 12:15:00+00:00,2530.815690576166,3.0,scaleout_tier_2,h_ema21,train
2024-09-09 09:00:00+00:00,2521.3150000000005,2518.1431031412785,2527.6587937174445,2024-09-09 14:30:00+00:00,2523.1849999999995,0.5895525873916447,trail_exit,h_ema21,train
2024-09-09 16:45:00+00:00,2531.8150000000005,2528.4984421297136,2538.4481157405744,2024-09-09 18:00:00+00:00,2528.4834421297132,-1.0045227614252452,stop_hit,h_ema21,train
2024-09-10 02:45:00+00:00,2532.215,2530.4747867613055,2535.6954264773894,2024-09-10 03:30:00+00:00,2530.459786761305,-1.0086196333109034,stop_hit,h_ema21,train
2024-09-10 04:45:00+00:00,2531.0150000000003,2529.3945617434815,2534.255876513038,2024-09-10 06:00:00+00:00,2534.2408765130376,2.0,scaleout_tier_1,h_ema21,train
2024-09-10 04:45:00+00:00,2531.0150000000003,2529.3945617434815,2534.255876513038,2024-09-10 08:00:00+00:00,2531.0,-0.009256755041412034,stop_hit,h_ema21,train
2024-09-10 11:15:00+00:00,2535.3150000000005,2533.0885614664694,2539.7678770670627,2024-09-10 11:30:00+00:00,2533.073561466469,-1.0067372172078506,stop_hit,h_ema21,train
2024-09-10 12:15:00+00:00,2535.8150000000005,2533.6595176240066,2540.1259647519882,2024-09-10 12:45:00+00:00,2540.110964751988,2.0,scaleout_tier_1,h_ema21,train
2024-09-10 12:15:00+00:00,2535.8150000000005,2533.6595176240066,2542.281447127982,2024-09-10 12:45:00+00:00,2542.266447127982,3.0,scaleout_tier_2,h_ema21,train
2024-09-10 12:15:00+00:00,2535.8150000000005,2533.6595176240066,2540.1259647519882,2024-09-10 13:45:00+00:00,2535.8,-0.00695899913976846,stop_hit,h_ema21,train
2024-09-10 14:45:00+00:00,2533.715,2530.2186077110437,2540.707784577913,2024-09-10 15:15:00+00:00,2540.692784577913,2.0,scaleout_tier_1,h_ema21,train
2024-09-10 14:45:00+00:00,2533.715,2530.2186077110437,2544.2041768668696,2024-09-10 15:30:00+00:00,2544.1891768668693,3.0,scaleout_tier_2,h_ema21,train
2024-09-10 14:45:00+00:00,2533.715,2530.2186077110437,2540.707784577913,2024-09-10 22:00:00+00:00,2545.6849999999995,3.423528886563197,eod_force_close,h_ema21,train
2024-09-11 02:30:00+00:00,2548.5150000000003,2546.3054312704785,2552.934137459044,2024-09-11 03:00:00+00:00,2546.290431270478,-1.0067886550890741,stop_hit,h_ema21,train
2024-09-11 10:45:00+00:00,2550.215,2547.7134841901443,2555.218031619712,2024-09-11 12:00:00+00:00,2547.698484190144,-1.0059963642609127,stop_hit,h_ema21,train
2024-09-11 15:00:00+00:00,2538.1150000000002,2533.043805074487,2548.257389851027,2024-09-11 19:00:00+00:00,2539.8849999999998,0.3490301646845839,trail_exit,h_ema21,train
2024-09-12 02:30:00+00:00,2541.4150000000004,2539.6574596005858,2544.9300807988297,2024-09-12 02:45:00+00:00,2539.6424596005854,-1.008534654455353,stop_hit,h_ema21,train
2024-09-12 03:15:00+00:00,2541.1150000000002,2539.3790611306435,2544.5868777387136,2024-09-12 04:30:00+00:00,2544.5718777387133,2.0,scaleout_tier_1,h_ema21,train
2024-09-12 03:15:00+00:00,2541.1150000000002,2539.3790611306435,2546.3228166080703,2024-09-12 05:45:00+00:00,2546.30781660807,3.0,scaleout_tier_2,h_ema21,train
2024-09-12 03:15:00+00:00,2541.1150000000002,2539.3790611306435,2548.058755477427,2024-09-12 06:00:00+00:00,2548.0437554774267,4.0,scaleout_tier_3,h_ema21,train
2024-09-12 08:15:00+00:00,2545.3150000000005,2543.4444938746706,2549.0560122506604,2024-09-12 08:30:00+00:00,2544.8849999999998,-0.2298843046690895,trail_exit,h_ema21,train
2024-09-12 11:15:00+00:00,2543.715,2541.4463940388946,2548.2522119222112,2024-09-12 12:15:00+00:00,2548.237211922211,2.0,scaleout_tier_1,h_ema21,train
2024-09-12 11:15:00+00:00,2543.715,2541.4463940388946,2550.520817883317,2024-09-12 12:30:00+00:00,2550.5058178833165,3.0,scaleout_tier_2,h_ema21,train
2024-09-12 11:15:00+00:00,2543.715,2541.4463940388946,2552.7894238444223,2024-09-12 12:30:00+00:00,2552.774423844422,4.0,scaleout_tier_3,h_ema21,train
2024-09-12 11:15:00+00:00,2543.715,2541.4463940388946,2555.058029805528,2024-09-12 12:30:00+00:00,2555.0430298055276,5.0,scaleout_tier_4,h_ema21,train
2024-09-13 02:00:00+00:00,2591.4150000000004,2588.4981714689343,2597.2486570621327,2024-09-13 06:00:00+00:00,2592.3849999999998,0.3325529730898512,trail_exit,h_ema21,train
2024-09-13 06:30:00+00:00,2595.8150000000005,2593.2438872008456,2600.9572255983103,2024-09-13 06:45:00+00:00,2593.2288872008453,-1.0058340497566882,stop_hit,h_ema21,train
2024-09-13 09:30:00+00:00,2598.8150000000005,2595.721302290953,2605.002395418095,2024-09-13 09:45:00+00:00,2595.706302290953,-1.0048485667996783,stop_hit,h_ema21,train
2024-09-13 12:00:00+00:00,2595.215,2592.1702613027896,2601.304477394421,2024-09-13 12:45:00+00:00,2601.289477394421,2.0,scaleout_tier_1,h_ema21,train
2024-09-13 12:00:00+00:00,2595.215,2592.1702613027896,2604.3492160916317,2024-09-13 13:00:00+00:00,2604.3342160916313,3.0,scaleout_tier_2,h_ema21,train
2024-09-13 12:00:00+00:00,2595.215,2592.1702613027896,2607.393954788842,2024-09-13 13:30:00+00:00,2607.378954788842,4.0,scaleout_tier_3,h_ema21,train
2024-09-13 12:00:00+00:00,2595.215,2592.1702613027896,2610.4386934860527,2024-09-13 13:30:00+00:00,2610.4236934860523,5.0,scaleout_tier_4,h_ema21,train
2024-09-13 14:30:00+00:00,2606.1150000000002,2602.0371641705497,2614.2706716589014,2024-09-13 15:15:00+00:00,2602.0221641705493,-1.0036784217481234,stop_hit,h_ema21,train
2024-09-16 00:15:00+00:00,2609.215,2606.8737602902356,2613.897479419529,2024-09-16 03:45:00+00:00,2613.882479419529,2.0,scaleout_tier_1,h_ema21,train
2024-09-16 00:15:00+00:00,2609.215,2606.8737602902356,2616.2387191292937,2024-09-16 05:30:00+00:00,2616.2237191292934,3.0,scaleout_tier_2,h_ema21,train
2024-09-16 00:15:00+00:00,2609.215,2606.8737602902356,2613.897479419529,2024-09-16 07:00:00+00:00,2609.2,-0.006406862115727607,stop_hit,h_ema21,train
2024-09-16 07:45:00+00:00,2611.3150000000005,2608.830101044297,2616.2847979114076,2024-09-16 10:15:00+00:00,2609.5849999999996,-0.6962053712607029,trail_exit,h_ema21,train
2024-09-16 11:15:00+00:00,2608.215,2605.4176434832,2613.8097130336,2024-09-16 13:45:00+00:00,2613.7947130335997,2.0,scaleout_tier_1,h_ema21,train
2024-09-16 11:15:00+00:00,2608.215,2605.4176434832,2613.8097130336,2024-09-16 14:00:00+00:00,2608.2,-0.005362205321432112,stop_hit,h_ema21,train
2024-09-16 15:00:00+00:00,2607.715,2604.0206420517115,2615.1037158965773,2024-09-16 22:00:00+00:00,2609.785,0.5603138702243596,eod_force_close,h_ema21,train
2024-09-17 01:45:00+00:00,2608.6150000000002,2606.9646515272075,2611.9156969455858,2024-09-17 02:00:00+00:00,2611.9006969455854,2.0,scaleout_tier_1,h_ema21,train
2024-09-17 01:45:00+00:00,2608.6150000000002,2606.9646515272075,2611.9156969455858,2024-09-17 02:45:00+00:00,2608.6,-0.009088989536218419,stop_hit,h_ema21,train
2024-09-17 04:30:00+00:00,2606.0150000000003,2604.074912900822,2609.8951741983574,2024-09-17 04:45:00+00:00,2604.0599129008215,-1.0077316116408788,stop_hit,h_ema21,train
2024-09-17 05:45:00+00:00,2605.0150000000003,2602.810390389207,2609.424219221587,2024-09-17 06:15:00+00:00,2609.4092192215867,2.0,scaleout_tier_1,h_ema21,train
2024-09-17 05:45:00+00:00,2605.0150000000003,2602.810390389207,2611.6288288323803,2024-09-17 06:15:00+00:00,2611.61382883238,3.0,scaleout_tier_2,h_ema21,train
2024-09-17 05:45:00+00:00,2605.0150000000003,2602.810390389207,2609.424219221587,2024-09-17 08:30:00+00:00,2606.6849999999995,0.757503728471094,trail_exit,h_ema21,train
2024-09-17 11:00:00+00:00,2600.215,2597.228743799379,2606.187512401242,2024-09-17 11:30:00+00:00,2606.172512401242,2.0,scaleout_tier_1,h_ema200,train
2024-09-17 11:00:00+00:00,2600.215,2597.228743799379,2606.187512401242,2024-09-17 12:30:00+00:00,2600.2,-0.005023011755390574,stop_hit,h_ema200,train
2024-09-17 13:00:00+00:00,2604.715,2600.8497997037707,2612.445400592459,2024-09-17 13:30:00+00:00,2600.8347997037704,-1.003880782068386,stop_hit,h_ema21,train
2024-09-17 14:15:00+00:00,2607.715,2603.3378818096853,2616.46923638063,2024-09-17 14:30:00+00:00,2603.322881809685,-1.0034269122623916,stop_hit,h_ema21,train
2024-09-17 17:45:00+00:00,2594.1150000000002,2589.8453303367523,2602.654339326496,2024-09-17 22:00:00+00:00,2595.9849999999997,0.4379729926405935,eod_force_close,h_ema21,train
2024-09-18 01:00:00+00:00,2599.3150000000005,2597.204170494619,2603.5366590107633,2024-09-18 02:00:00+00:00,2597.189170494619,-1.0071062110710913,stop_hit,h_ema21,train
2024-09-18 03:30:00+00:00,2602.1150000000002,2599.872363055193,2606.6002738896145,2024-09-18 04:15:00+00:00,2599.8573630551928,-1.006688554754732,stop_hit,h_ema21,train
2024-09-18 06:45:00+00:00,2594.6150000000002,2592.4616460066272,2598.9217079867462,2024-09-18 10:15:00+00:00,2598.906707986746,2.0,scaleout_tier_1,h_ema21,train
2024-09-18 06:45:00+00:00,2594.6150000000002,2592.4616460066272,2601.0750619801192,2024-09-18 10:15:00+00:00,2601.060061980119,3.0,scaleout_tier_2,h_ema21,train
2024-09-18 06:45:00+00:00,2594.6150000000002,2592.4616460066272,2603.2284159734922,2024-09-18 11:15:00+00:00,2603.213415973492,4.0,scaleout_tier_3,h_ema21,train
2024-09-18 15:00:00+00:00,2598.4150000000004,2595.2020517790706,2604.84089644186,2024-09-18 15:30:00+00:00,2595.1870517790703,-1.0046686093173287,stop_hit,h_ema21,train
2024-09-18 18:15:00+00:00,2615.8150000000005,2611.1550599353463,2625.134880129309,2024-09-18 18:30:00+00:00,2611.140059935346,-1.0032189255209747,stop_hit,h_ema21,train
2024-09-19 01:30:00+00:00,2580.715,2576.236986588065,2589.6710268238703,2024-09-19 05:00:00+00:00,2589.65602682387,2.0,scaleout_tier_1,h_ema21,train
2024-09-19 01:30:00+00:00,2580.715,2576.236986588065,2594.1490402358054,2024-09-19 05:30:00+00:00,2594.134040235805,3.0,scaleout_tier_2,h_ema21,train
2024-09-19 01:30:00+00:00,2580.715,2576.236986588065,2598.6270536477405,2024-09-19 05:45:00+00:00,2598.61205364774,4.0,scaleout_tier_3,h_ema21,train
2024-09-19 11:45:00+00:00,2612.9150000000004,2609.4813745168844,2619.7822509662324,2024-09-19 12:30:00+00:00,2609.466374516884,-1.0043685603086552,stop_hit,h_ema21,train
2024-09-19 13:15:00+00:00,2603.8150000000005,2599.5418607143215,2612.3612785713585,2024-09-19 13:30:00+00:00,2599.526860714321,-1.0035102998047825,stop_hit,h_ema21,train
2024-09-19 14:30:00+00:00,2605.4150000000004,2600.2055805527507,2615.8338388945,2024-09-19 16:30:00+00:00,2615.8188388944995,2.0,scaleout_tier_1,h_ema21,train
2024-09-19 14:30:00+00:00,2605.4150000000004,2600.2055805527507,2615.8338388945,2024-09-19 20:45:00+00:00,2611.6849999999995,1.20358901092314,trail_exit,h_ema21,train
2024-09-20 00:30:00+00:00,2611.9150000000004,2610.2061670208195,2615.332665958362,2024-09-20 01:15:00+00:00,2610.191167020819,-1.0087779204773526,stop_hit,h_ema21,train
2024-09-20 01:45:00+00:00,2612.4150000000004,2610.4765197102793,2616.2919605794427,2024-09-20 02:45:00+00:00,2616.2769605794424,2.0,scaleout_tier_1,h_ema21,train
2024-09-20 01:45:00+00:00,2612.4150000000004,2610.4765197102793,2618.230440869164,2024-09-20 04:15:00+00:00,2618.2154408691636,3.0,scaleout_tier_2,h_ema21,train
2024-09-20 01:45:00+00:00,2612.4150000000004,2610.4765197102793,2620.168921158885,2024-09-20 06:00:00+00:00,2620.1539211588847,4.0,scaleout_tier_3,h_ema21,train
2024-09-20 01:45:00+00:00,2612.4150000000004,2610.4765197102793,2622.107401448606,2024-09-20 06:00:00+00:00,2622.092401448606,5.0,scaleout_tier_4,h_ema21,train
2024-09-20 15:45:00+00:00,2647.5150000000003,2642.5743972749788,2657.3962054500435,2024-09-22 22:00:00+00:00,2646.1849999999995,-0.2691979246307508,eod_force_close,h_ema21,train
2024-09-23 00:30:00+00:00,2644.5150000000003,2642.2901583312823,2648.9646833374363,2024-09-23 01:00:00+00:00,2642.275158331282,-1.0067420527991866,stop_hit,h_ema21,train
2024-09-23 01:45:00+00:00,2646.0150000000003,2643.5851189651203,2650.8747620697604,2024-09-23 02:00:00+00:00,2643.57011896512,-1.006173141723816,stop_hit,h_ema21,train
2024-09-23 08:15:00+00:00,2641.9150000000004,2638.8144501004563,2648.1160997990887,2024-09-23 11:45:00+00:00,2648.1010997990884,2.0,scaleout_tier_1,h_ema21,train
2024-09-23 08:15:00+00:00,2641.9150000000004,2638.8144501004563,2651.216649698633,2024-09-23 12:45:00+00:00,2651.2016496986325,3.0,scaleout_tier_2,h_ema21,train
2024-09-23 08:15:00+00:00,2641.9150000000004,2638.8144501004563,2654.317199598177,2024-09-23 13:15:00+00:00,2654.3021995981767,4.0,scaleout_tier_3,h_ema21,train
2024-09-23 15:30:00+00:00,2656.215,2652.1727548210106,2664.2994903579793,2024-09-23 16:15:00+00:00,2652.1577548210103,-1.003710809051933,stop_hit,h_ema21,train
2024-09-24 01:15:00+00:00,2653.9150000000004,2652.070919161896,2657.603161676209,2024-09-24 02:00:00+00:00,2652.055919161896,-1.0081341336509673,stop_hit,h_ema21,train
2024-09-24 02:45:00+00:00,2653.5150000000003,2651.5917828075876,2657.3614343848258,2024-09-24 03:30:00+00:00,2657.3464343848254,2.0,scaleout_tier_1,h_ema21,train
2024-09-24 02:45:00+00:00,2653.5150000000003,2651.5917828075876,2659.2846515772385,2024-09-24 03:30:00+00:00,2659.269651577238,3.0,scaleout_tier_2,h_ema21,train
2024-09-24 02:45:00+00:00,2653.5150000000003,2651.5917828075876,2661.207868769651,2024-09-24 04:45:00+00:00,2661.192868769651,4.0,scaleout_tier_3,h_ema21,train
2024-09-24 06:15:00+00:00,2653.1150000000002,2650.036594549853,2659.271810900295,2024-09-24 06:30:00+00:00,2650.0215945498526,-1.0048726524959892,stop_hit,h_ema21,train
2024-09-24 07:00:00+00:00,2653.4150000000004,2650.237246073625,2659.770507852751,2024-09-24 07:30:00+00:00,2650.222246073625,-1.0047203151495865,stop_hit,h_ema21,train
2024-09-24 08:00:00+00:00,2653.5150000000003,2650.168867401833,2660.2072651963354,2024-09-24 11:30:00+00:00,2650.1538674018325,-1.0044827870863642,stop_hit,h_ema21,train
2024-09-24 12:00:00+00:00,2651.1150000000002,2647.7254054367854,2657.89418912643,2024-09-24 12:45:00+00:00,2657.8791891264295,2.0,scaleout_tier_1,h_ema21,train
2024-09-24 12:00:00+00:00,2651.1150000000002,2647.7254054367854,2661.2837836896447,2024-09-24 14:15:00+00:00,2661.2687836896444,3.0,scaleout_tier_2,h_ema21,train
2024-09-24 12:00:00+00:00,2651.1150000000002,2647.7254054367854,2664.6733782528595,2024-09-24 14:30:00+00:00,2664.658378252859,4.0,scaleout_tier_3,h_ema21,train
2024-09-25 04:00:00+00:00,2685.9150000000004,2682.421880137973,2692.9012397240554,2024-09-25 04:15:00+00:00,2682.4068801379726,-1.0042941555379725,stop_hit,h_ema21,train
2024-09-25 06:30:00+00:00,2681.9150000000004,2678.561148557819,2688.6227028843637,2024-09-25 07:00:00+00:00,2678.5461485578185,-1.0044724700121392,stop_hit,h_ema21,train
2024-09-25 08:00:00+00:00,2681.215,2677.870811337407,2687.9033773251867,2024-09-25 09:00:00+00:00,2677.8558113374065,-1.0044853928751423,stop_hit,h_ema21,train
2024-09-25 10:30:00+00:00,2682.1150000000002,2679.2036410075843,2687.937717984832,2024-09-25 10:45:00+00:00,2679.188641007584,-1.0051522330428513,stop_hit,h_ema21,train
2024-09-25 13:00:00+00:00,2683.8150000000005,2680.884533790415,2689.6759324191717,2024-09-25 14:15:00+00:00,2689.6609324191713,2.0,scaleout_tier_1,h_ema21,train
2024-09-25 13:00:00+00:00,2683.8150000000005,2680.884533790415,2689.6759324191717,2024-09-25 14:45:00+00:00,2683.8,-0.005118639468103169,stop_hit,h_ema21,train
2024-09-25 17:15:00+00:00,2679.3150000000005,2675.2685118510094,2687.4079762979827,2024-09-25 22:00:00+00:00,2681.1849999999995,0.46212911817503344,eod_force_close,h_ema21,train
2024-09-26 00:30:00+00:00,2681.215,2678.9945909056887,2685.655818188623,2024-09-26 03:45:00+00:00,2685.6408181886227,2.0,scaleout_tier_1,h_ema21,train
2024-09-26 00:30:00+00:00,2681.215,2678.9945909056887,2685.655818188623,2024-09-26 06:15:00+00:00,2681.2,-0.0067555118733554935,stop_hit,h_ema21,train
2024-09-26 07:30:00+00:00,2684.8150000000005,2682.394242079701,2689.6565158405992,2024-09-26 08:15:00+00:00,2689.641515840599,2.0,scaleout_tier_1,h_ema21,train
2024-09-26 07:30:00+00:00,2684.8150000000005,2682.394242079701,2692.0772737608986,2024-09-26 08:15:00+00:00,2692.0622737608983,3.0,scaleout_tier_2,h_ema21,train
2024-09-26 07:30:00+00:00,2684.8150000000005,2682.394242079701,2694.498031681198,2024-09-26 10:30:00+00:00,2694.4830316811976,4.0,scaleout_tier_3,h_ema21,train
2024-09-26 07:30:00+00:00,2684.8150000000005,2682.394242079701,2696.9187896014973,2024-09-26 10:30:00+00:00,2696.903789601497,5.0,scaleout_tier_4,h_ema21,train
2024-09-26 14:15:00+00:00,2689.215,2682.691943544508,2702.2611129109846,2024-09-26 22:00:00+00:00,2695.0849999999996,0.8998848990578744,eod_force_close,h_ema21,train
2024-09-27 01:15:00+00:00,2692.715,2690.564788076899,2697.015423846203,2024-09-27 01:30:00+00:00,2690.5497880768985,-1.0069760565640862,stop_hit,h_ema21,train
2024-09-27 02:00:00+00:00,2691.9150000000004,2689.438245045535,2696.868509908931,2024-09-27 05:15:00+00:00,2689.4232450455347,-1.0060563116965946,stop_hit,h_ema21,train
2024-09-27 06:15:00+00:00,2689.215,2686.77102241602,2694.1029551679603,2024-09-27 06:45:00+00:00,2686.7560224160197,-1.0061375358344733,stop_hit,h_ema21,train
2024-09-27 07:45:00+00:00,2687.715,2684.647527024487,2693.8499459510267,2024-09-27 08:30:00+00:00,2684.6325270244865,-1.004890018630993,stop_hit,h_ema21,train
2024-09-27 09:45:00+00:00,2685.5150000000003,2682.537272330658,2691.4704553386846,2024-09-27 12:30:00+00:00,2691.4554553386843,2.0,scaleout_tier_1,h_ema21,train
2024-09-27 09:45:00+00:00,2685.5150000000003,2682.537272330658,2691.4704553386846,2024-09-27 14:00:00+00:00,2685.5,-0.005037398199561134,stop_hit,h_ema21,train
2024-09-27 15:30:00+00:00,2676.1150000000002,2671.100017622244,2686.1449647555123,2024-09-27 15:45:00+00:00,2671.085017622244,-1.0029910374295352,stop_hit,h_ema21,train
2024-09-30 02:30:00+00:00,2674.9150000000004,2671.326334346899,2682.0923313062035,2024-09-30 07:45:00+00:00,2672.5849999999996,-0.649266391809755,trail_exit,h_ema21,train
2024-09-30 08:15:00+00:00,2675.0150000000003,2671.8668335067605,2681.31133298648,2024-09-30 09:00:00+00:00,2671.85183350676,-1.0047646781174178,stop_hit,h_ema21,train
2024-09-30 09:45:00+00:00,2672.3150000000005,2669.166804073576,2678.61139185285,2024-09-30 10:00:00+00:00,2669.1518040735755,-1.004764633571381,stop_hit,h_ema21,train
2024-09-30 13:00:00+00:00,2660.8150000000005,2656.930376267612,2668.584247464778,2024-09-30 13:30:00+00:00,2656.9153762676115,-1.0038613778408607,stop_hit,h_ema21,train
2024-09-30 16:00:00+00:00,2655.5150000000003,2651.3099338941433,2663.9251322117143,2024-09-30 18:00:00+00:00,2651.294933894143,-1.003567125848375,stop_hit,h_ema21,train
2024-09-30 18:45:00+00:00,2652.715,2648.5195955946974,2661.1058088106056,2024-09-30 19:30:00+00:00,2648.504595594697,-1.0035753406707035,stop_hit,h_ema21,train
2024-10-01 05:15:00+00:00,2663.8150000000005,2661.750429707886,2667.94414058423,2024-10-01 09:00:00+00:00,2667.9291405842296,2.0,scaleout_tier_1,h_ema21,train
2024-10-01 05:15:00+00:00,2663.8150000000005,2661.750429707886,2670.0087108763446,2024-10-01 09:45:00+00:00,2669.9937108763443,3.0,scaleout_tier_2,h_ema21,train
2024-10-01 05:15:00+00:00,2663.8150000000005,2661.750429707886,2672.0732811684593,2024-10-01 11:00:00+00:00,2672.058281168459,4.0,scaleout_tier_3,h_ema21,train
2024-10-01 17:15:00+00:00,2692.715,2687.0007557271424,2704.1434885457156,2024-10-01 17:30:00+00:00,2686.985755727142,-1.0026250190373514,stop_hit,h_ema21,train
2024-10-02 01:30:00+00:00,2680.215,2677.5971533510924,2685.4506932978156,2024-10-02 03:30:00+00:00,2677.582153351092,-1.0057299001859357,stop_hit,h_ema21,train
2024-10-02 05:15:00+00:00,2676.1150000000002,2673.8951251168073,2680.554749766386,2024-10-02 05:30:00+00:00,2673.880125116807,-1.006757137581895,stop_hit,h_ema200,train
2024-10-02 07:15:00+00:00,2674.0150000000003,2671.037514296856,2679.969971406289,2024-10-02 08:00:00+00:00,2671.0225142968557,-1.0050378075651167,stop_hit,h_ema21,train
2024-10-02 08:30:00+00:00,2672.9150000000004,2669.7103585203017,2679.324282959398,2024-10-02 11:00:00+00:00,2669.6953585203014,-1.004680710805047,stop_hit,h_ema21,train
2024-10-02 12:45:00+00:00,2670.6150000000002,2667.1290116284686,2677.5869767430636,2024-10-02 13:15:00+00:00,2677.5719767430633,2.0,scaleout_tier_1,h_ema21,train
2024-10-02 12:45:00+00:00,2670.6150000000002,2667.1290116284686,2681.0729651145953,2024-10-02 14:00:00+00:00,2681.057965114595,3.0,scaleout_tier_2,h_ema21,train
2024-10-02 12:45:00+00:00,2670.6150000000002,2667.1290116284686,2677.5869767430636,2024-10-02 14:45:00+00:00,2670.6,-0.004302940343354246,stop_hit,h_ema21,train
2024-10-02 15:30:00+00:00,2668.3150000000005,2663.231760650721,2678.48147869856,2024-10-02 19:15:00+00:00,2678.4664786985595,2.0,scaleout_tier_1,h_ema21,train
2024-10-02 15:30:00+00:00,2668.3150000000005,2663.231760650721,2678.48147869856,2024-10-02 22:00:00+00:00,2679.8849999999998,2.2761076559652484,eod_force_close,h_ema21,train
2024-10-03 02:00:00+00:00,2678.715,2676.6833773691847,2682.778245261631,2024-10-03 02:15:00+00:00,2676.6683773691843,-1.0073832609328173,stop_hit,h_ema21,train
2024-10-03 03:45:00+00:00,2677.3150000000005,2675.223738524741,2681.49752295052,2024-10-03 04:00:00+00:00,2675.2087385247405,-1.0071727042159875,stop_hit,h_ema21,train
2024-10-03 06:15:00+00:00,2674.6150000000002,2672.586200785701,2678.672598428599,2024-10-03 07:15:00+00:00,2672.5712007857005,-1.0073935359865107,stop_hit,h_ema21,train
2024-10-03 08:45:00+00:00,2665.4150000000004,2662.4443627364635,2671.356274527074,2024-10-03 09:00:00+00:00,2662.429362736463,-1.0050494216121386,stop_hit,h_ema21,train
2024-10-03 09:45:00+00:00,2667.215,2664.1590761431726,2673.3268477136553,2024-10-03 10:00:00+00:00,2664.1440761431722,-1.0049084992634272,stop_hit,h_ema21,train
2024-10-03 10:30:00+00:00,2666.9150000000004,2664.006521605886,2672.731956788229,2024-10-03 11:15:00+00:00,2663.9915216058857,-1.005157335887618,stop_hit,h_ema21,train
2024-10-03 11:45:00+00:00,2666.5150000000003,2663.610186588204,2672.3246268235926,2024-10-03 12:30:00+00:00,2666.1849999999995,-0.11360454294955565,trail_exit,h_ema21,train
2024-10-03 13:15:00+00:00,2666.3150000000005,2662.5040378079902,2673.936924384021,2024-10-03 14:00:00+00:00,2662.48903780799,-1.0039360138580684,stop_hit,h_ema21,train
2024-10-03 15:00:00+00:00,2670.3150000000005,2665.0947628376753,2680.755474324651,2024-10-03 17:00:00+00:00,2680.7404743246507,2.0,scaleout_tier_1,h_ema21,train
2024-10-03 15:00:00+00:00,2670.3150000000005,2665.0947628376753,2680.755474324651,2024-10-03 22:00:00+00:00,2675.6849999999995,1.0286888953541384,eod_force_close,h_ema21,train
2024-10-04 01:00:00+00:00,2676.9150000000004,2674.958937096535,2680.8271258069312,2024-10-04 02:15:00+00:00,2680.812125806931,2.0,scaleout_tier_1,h_ema21,train
2024-10-04 01:00:00+00:00,2676.9150000000004,2674.958937096535,2682.7831887103966,2024-10-04 02:30:00+00:00,2682.7681887103963,3.0,scaleout_tier_2,h_ema21,train
2024-10-04 01:00:00+00:00,2676.9150000000004,2674.958937096535,2684.739251613862,2024-10-04 05:00:00+00:00,2684.7242516138617,4.0,scaleout_tier_3,h_ema21,train
2024-10-04 10:15:00+00:00,2678.5150000000003,2676.3644926866814,2682.816014626638,2024-10-04 10:30:00+00:00,2680.0849999999996,0.7300602933436334,trail_exit,h_ema21,train
2024-10-04 13:15:00+00:00,2668.715,2663.622878481466,2678.899243037068,2024-10-04 15:00:00+00:00,2678.884243037068,2.0,scaleout_tier_1,h_ema21,train
2024-10-04 13:15:00+00:00,2668.715,2663.622878481466,2683.991364555602,2024-10-04 15:00:00+00:00,2683.976364555602,3.0,scaleout_tier_2,h_ema21,train
2024-10-04 13:15:00+00:00,2668.715,2663.622878481466,2678.899243037068,2024-10-04 15:30:00+00:00,2669.3849999999998,0.1315758073645717,trail_exit,h_ema21,train
2024-10-04 17:00:00+00:00,2665.4150000000004,2658.906945091247,2678.431109817507,2024-10-06 22:00:00+00:00,2671.6849999999995,0.9634214965774016,eod_force_close,h_ema21,train
2024-10-07 01:45:00+00:00,2669.215,2666.5540927050333,2674.536814589934,2024-10-07 02:00:00+00:00,2666.539092705033,-1.0056371749698685,stop_hit,h_ema21,train
2024-10-07 03:45:00+00:00,2665.715,2663.1666642393116,2670.8116715213773,2024-10-07 05:15:00+00:00,2663.1516642393112,-1.0058861945241762,stop_hit,h_ema21,train
2024-10-07 07:00:00+00:00,2662.6150000000002,2660.190937677139,2667.4631246457225,2024-10-07 07:30:00+00:00,2667.448124645722,2.0,scaleout_tier_1,h_ema21,train
2024-10-07 07:00:00+00:00,2662.6150000000002,2660.190937677139,2669.8871869685836,2024-10-07 07:45:00+00:00,2669.8721869685833,3.0,scaleout_tier_2,h_ema21,train
2024-10-07 07:00:00+00:00,2662.6150000000002,2660.190937677139,2672.3112492914447,2024-10-07 08:00:00+00:00,2672.2962492914444,4.0,scaleout_tier_3,h_ema21,train
2024-10-07 09:45:00+00:00,2673.3150000000005,2670.5861214748784,2678.7727570502448,2024-10-07 12:15:00+00:00,2670.571121474878,-1.0054967635467233,stop_hit,h_ema200,train
2024-10-07 13:15:00+00:00,2668.9150000000004,2664.7442295971387,2677.256540805724,2024-10-07 13:30:00+00:00,2664.7292295971383,-1.0035964578606473,stop_hit,h_ema21,train
2024-10-07 14:15:00+00:00,2665.5150000000003,2660.924421244374,2674.6961575112527,2024-10-07 14:30:00+00:00,2660.909421244374,-1.0032675618476088,stop_hit,h_ema21,train
2024-10-07 15:30:00+00:00,2665.6150000000002,2660.570669033155,2675.703661933691,2024-10-07 18:30:00+00:00,2660.5556690331546,-1.0029736351755896,stop_hit,h_ema21,train
2024-10-08 02:00:00+00:00,2666.5150000000003,2663.4067198046832,2672.7315603906345,2024-10-08 02:15:00+00:00,2663.391719804683,-1.004825819764552,stop_hit,ema21,train
2024-10-08 03:15:00+00:00,2659.6150000000002,2655.7986712780394,2667.247657443922,2024-10-08 06:30:00+00:00,2657.5849999999996,-0.5319248282568327,trail_exit,ema21,train
2024-10-08 08:30:00+00:00,2654.715,2650.735744712449,2662.6735105751022,2024-10-08 10:45:00+00:00,2662.658510575102,2.0,scaleout_tier_1,ema21,train
2024-10-08 08:30:00+00:00,2654.715,2650.735744712449,2666.6527658626533,2024-10-08 11:15:00+00:00,2666.637765862653,3.0,scaleout_tier_2,ema21,train
2024-10-08 08:30:00+00:00,2654.715,2650.735744712449,2670.6320211502043,2024-10-08 12:00:00+00:00,2670.617021150204,4.0,scaleout_tier_3,ema21,train
2024-10-08 19:00:00+00:00,2634.4150000000004,2629.8135300567865,2643.6179398864283,2024-10-08 19:15:00+00:00,2634.1849999999995,-0.0499840274606427,trail_exit,ema21,train
2024-10-09 03:30:00+00:00,2636.6150000000002,2633.8837451027002,2642.0775097946002,2024-10-09 04:45:00+00:00,2633.8687451027,-1.0054919809993406,stop_hit,ema21,train
2024-10-09 05:15:00+00:00,2639.0150000000003,2636.3674730545476,2644.3100538909057,2024-10-09 06:00:00+00:00,2636.3524730545473,-1.0056656647163085,stop_hit,ema21,train
2024-10-09 07:30:00+00:00,2633.4150000000004,2630.326827121133,2639.591345757735,2024-10-09 07:45:00+00:00,2630.311827121133,-1.0048572410252594,stop_hit,ema21,train
2024-10-09 08:15:00+00:00,2632.1150000000002,2628.9050817001203,2638.53483659976,2024-10-09 10:45:00+00:00,2638.51983659976,2.0,scaleout_tier_1,ema21,train
2024-10-09 08:15:00+00:00,2632.1150000000002,2628.9050817001203,2638.53483659976,2024-10-09 13:15:00+00:00,2632.1,-0.004673016132805718,stop_hit,ema21,train
2024-10-09 15:00:00+00:00,2628.215,2624.2561781705026,2636.132643658995,2024-10-09 17:00:00+00:00,2625.9849999999997,-0.5632989045843241,trail_exit,ema21,train
2024-10-09 17:45:00+00:00,2627.1150000000002,2623.5465556589634,2634.251888682074,2024-10-09 18:15:00+00:00,2623.531555658963,-1.0042035123899309,stop_hit,ema21,train
2024-10-09 19:15:00+00:00,2627.3150000000005,2623.9660490206415,2634.0129019587184,2024-10-09 22:00:00+00:00,2625.785,-0.45685947911173064,eod_force_close,ema21,train
2024-10-10 00:30:00+00:00,2626.1150000000002,2624.112279392264,2630.1204412154725,2024-10-10 01:30:00+00:00,2624.0972793922638,-1.0074898115804996,stop_hit,h_ema21,train
2024-10-10 02:30:00+00:00,2628.0150000000003,2625.6955870149986,2632.6538259700037,2024-10-10 06:15:00+00:00,2632.6388259700034,2.0,scaleout_tier_1,ema21,train
2024-10-10 02:30:00+00:00,2628.0150000000003,2625.6955870149986,2632.6538259700037,2024-10-10 06:45:00+00:00,2628.0,-0.006467153584688793,stop_hit,ema21,train
2024-10-10 10:00:00+00:00,2634.3150000000005,2631.948945547528,2639.047108904945,2024-10-10 11:15:00+00:00,2631.933945547528,-1.006339668127525,stop_hit,ema21,train
2024-10-10 14:00:00+00:00,2644.215,2639.0957587958183,2654.453482408364,2024-10-10 15:15:00+00:00,2639.080758795818,-1.0029301217508708,stop_hit,ema21,train
2024-10-10 17:30:00+00:00,2639.4150000000004,2634.522521605374,2649.199956789253,2024-10-10 22:00:00+00:00,2647.3849999999998,1.62903121018444,eod_force_close,ema21,train
2024-10-11 00:45:00+00:00,2651.215,2648.646069920244,2656.3528601595126,2024-10-11 02:15:00+00:00,2656.3378601595123,2.0,scaleout_tier_1,ema21,train
2024-10-11 00:45:00+00:00,2651.215,2648.646069920244,2658.921790239269,2024-10-11 02:45:00+00:00,2658.9067902392685,3.0,scaleout_tier_2,ema21,train
2024-10-11 00:45:00+00:00,2651.215,2648.646069920244,2661.490720319025,2024-10-11 03:45:00+00:00,2661.4757203190247,4.0,scaleout_tier_3,ema21,train
2024-10-11 07:15:00+00:00,2658.6150000000002,2655.9811626934525,2663.882674613096,2024-10-11 08:45:00+00:00,2656.3849999999998,-0.8466734047910423,trail_exit,ema21,train
2024-10-11 09:45:00+00:00,2655.1150000000002,2652.35845605504,2660.628087889921,2024-10-11 11:45:00+00:00,2660.6130878899207,2.0,scaleout_tier_1,ema21,train
2024-10-11 09:45:00+00:00,2655.1150000000002,2652.35845605504,2663.3846318348815,2024-10-11 13:00:00+00:00,2663.369631834881,3.0,scaleout_tier_2,ema21,train
2024-10-11 09:45:00+00:00,2655.1150000000002,2652.35845605504,2666.141175779842,2024-10-11 13:30:00+00:00,2666.1261757798416,4.0,scaleout_tier_3,ema21,train
2024-10-11 14:15:00+00:00,2668.9150000000004,2665.129377854822,2676.4862442903573,2024-10-11 20:00:00+00:00,2671.9849999999997,0.8109631342656255,trail_exit,h_ema21,train
2024-10-14 01:30:00+00:00,2664.715,2661.997553066367,2670.1498938672667,2024-10-14 01:45:00+00:00,2661.9825530663666,-1.0055198869993285,stop_hit,ema21,train
2024-10-14 02:30:00+00:00,2665.0150000000003,2662.130787643912,2670.7834247121773,2024-10-14 02:45:00+00:00,2670.768424712177,2.0,scaleout_tier_1,ema21,train
2024-10-14 02:30:00+00:00,2665.0150000000003,2662.130787643912,2673.667637068266,2024-10-14 03:30:00+00:00,2673.6526370682654,3.0,scaleout_tier_2,ema21,train
2024-10-14 02:30:00+00:00,2665.0150000000003,2662.130787643912,2676.5518494243543,2024-10-14 05:00:00+00:00,2676.536849424354,4.0,scaleout_tier_3,ema21,train
2024-10-14 07:45:00+00:00,2680.1150000000002,2677.002307011545,2686.340385976911,2024-10-14 08:00:00+00:00,2676.9873070115445,-1.0048189783110513,stop_hit,h_ema21,train
2024-10-14 09:15:00+00:00,2678.5150000000003,2675.6415817533893,2684.2618364932223,2024-10-14 09:30:00+00:00,2675.626581753389,-1.005220263363337,stop_hit,h_ema21,train
2024-10-14 10:15:00+00:00,2676.0150000000003,2673.1365197172677,2681.7719605654656,2024-10-14 10:45:00+00:00,2673.1215197172673,-1.0052110831157361,stop_hit,h_ema21,train
2024-10-14 12:30:00+00:00,2671.215,2668.153324503262,2677.3383509934765,2024-10-14 12:45:00+00:00,2668.1383245032616,-1.0048992781946708,stop_hit,h_ema50,train
2024-10-14 13:30:00+00:00,2670.3150000000005,2666.8109700681407,2677.32305986372,2024-10-14 14:00:00+00:00,2666.7959700681404,-1.004280785350588,stop_hit,h_ema21,train
2024-10-14 16:15:00+00:00,2664.215,2660.3273223966457,2671.990355206709,2024-10-14 22:00:00+00:00,2665.4849999999997,0.32667317858449296,eod_force_close,ema21,train
2024-10-15 01:15:00+00:00,2664.9150000000004,2662.65697760183,2669.431044796341,2024-10-15 03:15:00+00:00,2662.6419776018297,-1.0066429810494713,stop_hit,h_ema21,train
2024-10-15 06:15:00+00:00,2660.5150000000003,2657.7869075198905,2665.97118496022,2024-10-15 07:00:00+00:00,2665.9561849602196,2.0,scaleout_tier_1,ema21,train
2024-10-15 06:15:00+00:00,2660.5150000000003,2657.7869075198905,2668.6992774403298,2024-10-15 07:15:00+00:00,2668.6842774403294,3.0,scaleout_tier_2,ema21,train
2024-10-15 06:15:00+00:00,2660.5150000000003,2657.7869075198905,2671.4273699204396,2024-10-15 08:30:00+00:00,2671.4123699204392,4.0,scaleout_tier_3,ema21,train
2024-10-15 10:15:00+00:00,2671.4150000000004,2668.588828725899,2677.067342548203,2024-10-15 11:00:00+00:00,2668.5738287258987,-1.0053075339551376,stop_hit,h_ema21,train
2024-10-15 12:15:00+00:00,2667.3150000000005,2664.3605713627467,2673.223857274508,2024-10-15 12:45:00+00:00,2664.3455713627463,-1.005077123817169,stop_hit,ema21,train
2024-10-15 19:00:00+00:00,2681.8150000000005,2678.577749429285,2688.289501141431,2024-10-15 19:45:00+00:00,2678.562749429285,-1.0046335616204751,stop_hit,h_ema21,train
2024-10-16 11:15:00+00:00,2692.215,2689.5674016547723,2697.510196690456,2024-10-16 12:45:00+00:00,2697.4951966904555,2.0,scaleout_tier_1,h_ema21,train
2024-10-16 11:15:00+00:00,2692.215,2689.5674016547723,2700.1577950356836,2024-10-16 13:30:00+00:00,2700.1427950356833,3.0,scaleout_tier_2,h_ema21,train
2024-10-16 11:15:00+00:00,2692.215,2689.5674016547723,2697.510196690456,2024-10-16 13:45:00+00:00,2692.2,-0.005665511926068461,stop_hit,h_ema21,train
2024-10-16 15:30:00+00:00,2691.4150000000004,2686.897194902819,2700.450610194363,2024-10-16 15:45:00+00:00,2686.882194902819,-1.003320196351473,stop_hit,h_ema21,train
2024-10-16 16:15:00+00:00,2686.715,2682.3946946798446,2695.355610640311,2024-10-16 22:00:00+00:00,2690.3849999999998,0.8494769994328812,eod_force_close,h_ema21,train
2024-10-17 06:00:00+00:00,2699.3150000000005,2696.792579368062,2704.3598412638776,2024-10-17 06:15:00+00:00,2696.7775793680617,-1.0059466687714171,stop_hit,h_ema21,train
2024-10-17 08:15:00+00:00,2698.1150000000002,2695.265732977807,2703.8135340443864,2024-10-17 09:00:00+00:00,2695.250732977807,-1.0052645118493604,stop_hit,h_ema21,train
2024-10-17 09:45:00+00:00,2696.5150000000003,2693.576402295424,2702.392195409153,2024-10-17 10:45:00+00:00,2702.3771954091526,2.0,scaleout_tier_1,h_ema21,train
2024-10-17 09:45:00+00:00,2696.5150000000003,2693.576402295424,2702.392195409153,2024-10-17 11:45:00+00:00,2696.5,-0.00510447550441077,stop_hit,h_ema21,train
2024-10-17 13:00:00+00:00,2695.8150000000005,2692.2077246352765,2703.0295507294486,2024-10-17 13:45:00+00:00,2703.0145507294483,2.0,scaleout_tier_1,h_ema21,train
2024-10-17 13:00:00+00:00,2695.8150000000005,2692.2077246352765,2706.6368260941726,2024-10-17 14:30:00+00:00,2706.6218260941723,3.0,scaleout_tier_2,h_ema21,train
2024-10-17 13:00:00+00:00,2695.8150000000005,2692.2077246352765,2710.2441014588967,2024-10-17 14:45:00+00:00,2710.2291014588964,4.0,scaleout_tier_3,h_ema21,train
2024-10-17 16:45:00+00:00,2706.1150000000002,2701.543011314723,2715.2589773705545,2024-10-17 22:00:00+00:00,2707.785,0.36526774560431685,eod_force_close,h_ema21,train
2024-10-18 02:15:00+00:00,2722.715,2720.040695766241,2728.063608467519,2024-11-03 23:00:00+00:00,2743.4849999999997,7.766506045874388,eod_force_close,h_ema21,train
2024-11-04 08:45:00+00:00,2745.715,2742.69279477752,2751.759410444961,2024-11-04 09:00:00+00:00,2742.6777947775195,-1.0049632632121577,stop_hit,h_ema21,train
2024-11-04 13:45:00+00:00,2754.0150000000003,2750.5736668223544,2760.897666355292,2024-11-04 14:30:00+00:00,2750.558666822354,-1.0043587758656336,stop_hit,h_ema21,train
2024-11-04 16:30:00+00:00,2747.3150000000005,2743.376952451622,2755.1910950967576,2024-11-04 16:45:00+00:00,2743.3619524516216,-1.0038089941312425,stop_hit,h_ema21,train
2024-11-04 17:30:00+00:00,2747.1150000000002,2743.22457996592,2754.895840068161,2024-11-04 21:30:00+00:00,2745.285,-0.4703862266720495,eod_force_close,h_ema21,train
2024-11-05 00:30:00+00:00,2745.1150000000002,2743.1527556814376,2749.0394886371255,2024-11-05 01:00:00+00:00,2743.1377556814373,-1.00764430802955,stop_hit,h_ema21,train
2024-11-05 02:00:00+00:00,2743.0150000000003,2740.986772080373,2747.0714558392547,2024-11-05 02:30:00+00:00,2740.971772080373,-1.0073956185373312,stop_hit,h_ema21,train
2024-11-05 03:45:00+00:00,2742.9150000000004,2740.109473538281,2748.5260529234397,2024-11-05 07:00:00+00:00,2748.5110529234394,2.0,scaleout_tier_1,h_ema21,train
2024-11-05 03:45:00+00:00,2742.9150000000004,2740.109473538281,2748.5260529234397,2024-11-05 08:00:00+00:00,2742.9,-0.005346590098149787,stop_hit,h_ema21,train
2024-11-05 14:30:00+00:00,2757.1150000000002,2753.9656678923166,2763.4136642153676,2024-11-05 14:45:00+00:00,2753.9506678923162,-1.0047629146394979,stop_hit,h_ema21,train
2024-11-05 15:45:00+00:00,2747.6150000000002,2743.3593738727573,2756.126252254486,2024-11-05 21:30:00+00:00,2753.5849999999996,1.402848798624853,eod_force_close,h_ema21,train
2024-11-06 00:45:00+00:00,2747.9150000000004,2745.0563643529636,2753.632271294074,2024-11-06 01:00:00+00:00,2745.0413643529632,-1.0052472584310896,stop_hit,h_ema21,train
2024-11-06 03:45:00+00:00,2743.5150000000003,2738.063522491458,2754.4179550170848,2024-11-06 06:15:00+00:00,2738.048522491458,-1.002751547626643,stop_hit,h_ema21,train
2024-11-06 07:15:00+00:00,2731.215,2723.098804380183,2747.4473912396343,2024-11-06 11:15:00+00:00,2723.0838043801828,-1.0018481565382311,stop_hit,h_ema21,train
2024-11-06 12:15:00+00:00,2716.1150000000002,2708.4507291009786,2731.4435417980435,2024-11-06 12:30:00+00:00,2708.4357291009783,-1.0019571333265689,stop_hit,h_ema21,train
2024-11-06 16:00:00+00:00,2684.715,2676.018785342362,2702.107429315276,2024-11-06 16:15:00+00:00,2676.003785342362,-1.001724888424546,stop_hit,ema21,train
2024-11-06 18:15:00+00:00,2675.215,2668.446815766233,2688.751368467534,2024-11-06 20:30:00+00:00,2668.431815766233,-1.00221625172753,stop_hit,ema21,train
2024-11-07 02:45:00+00:00,2662.215,2657.6284082967272,2671.388183406546,2024-11-07 07:15:00+00:00,2671.3731834065456,2.0,scaleout_tier_1,h_ema21,train
2024-11-07 02:45:00+00:00,2662.215,2657.6284082967272,2671.388183406546,2024-11-07 08:45:00+00:00,2664.285,0.45131551572872536,trail_exit,h_ema21,train
2024-11-07 10:15:00+00:00,2671.9150000000004,2667.736231886098,2680.2725362278056,2024-11-07 12:45:00+00:00,2680.2575362278053,2.0,scaleout_tier_1,ema21,train
2024-11-07 10:15:00+00:00,2671.9150000000004,2667.736231886098,2684.4513043417082,2024-11-07 13:00:00+00:00,2684.436304341708,3.0,scaleout_tier_2,ema21,train
2024-11-07 10:15:00+00:00,2671.9150000000004,2667.736231886098,2688.630072455611,2024-11-07 13:15:00+00:00,2688.6150724556105,4.0,scaleout_tier_3,ema21,train
2024-11-07 14:30:00+00:00,2697.5150000000003,2692.9151161333116,2706.714767733378,2024-11-07 21:30:00+00:00,2713.5849999999996,3.4935664607479215,eod_force_close,ema21,train
2024-11-08 04:00:00+00:00,2702.4150000000004,2698.8029874040985,2709.639025191804,2024-11-08 06:00:00+00:00,2698.787987404098,-1.0041528094385235,stop_hit,ema21,train
2024-11-08 08:30:00+00:00,2694.9150000000004,2691.131616904403,2702.481766191195,2024-11-08 10:15:00+00:00,2691.1166169044027,-1.0039647055614809,stop_hit,ema21,train
2024-11-08 10:45:00+00:00,2694.8150000000005,2690.9587293736213,2702.527541252759,2024-11-08 13:45:00+00:00,2702.5125412527586,2.0,scaleout_tier_1,ema21,train
2024-11-08 10:45:00+00:00,2694.8150000000005,2690.9587293736213,2706.383811879138,2024-11-08 14:00:00+00:00,2706.368811879138,3.0,scaleout_tier_2,ema21,train
2024-11-08 10:45:00+00:00,2694.8150000000005,2690.9587293736213,2702.527541252759,2024-11-08 14:30:00+00:00,2698.9849999999997,1.0813556422813888,trail_exit,ema21,train
2024-11-08 17:15:00+00:00,2694.4150000000004,2689.4613805668146,2704.322238866372,2024-11-08 21:30:00+00:00,2691.0849999999996,-0.672235734883492,eod_force_close,ema21,train
2024-11-11 04:30:00+00:00,2677.4150000000004,2674.330222635221,2683.584554729559,2024-11-11 05:15:00+00:00,2674.315222635221,-1.0048625875473516,stop_hit,ema21,train
2024-11-11 06:15:00+00:00,2677.715,2674.4454286487335,2684.2541427025335,2024-11-11 08:30:00+00:00,2674.430428648733,-1.0045877573506743,stop_hit,ema21,train
2024-11-11 10:15:00+00:00,2678.6150000000002,2675.2725438600205,2685.2999122799597,2024-11-11 10:30:00+00:00,2675.25754386002,-1.0044877178254965,stop_hit,ema21,train
2024-11-11 11:30:00+00:00,2672.8150000000005,2668.954089613738,2680.536820772526,2024-11-11 11:45:00+00:00,2668.9390896137375,-1.0038850940580486,stop_hit,ema21,train
2024-11-11 18:45:00+00:00,2624.715,2620.028621079293,2634.0877578414147,2024-11-11 21:30:00+00:00,2628.8849999999998,0.8898128108194605,eod_force_close,ema50,train
2024-11-12 01:45:00+00:00,2628.4150000000004,2625.569086903814,2634.1068261923733,2024-11-12 03:45:00+00:00,2625.5540869038136,-1.0052707161088044,stop_hit,ema50,train
2024-11-12 05:00:00+00:00,2623.9150000000004,2621.1902634514527,2629.364473097096,2024-11-12 05:15:00+00:00,2621.1752634514523,-1.005505119387899,stop_hit,ema50,train
2024-11-12 07:00:00+00:00,2614.3150000000005,2610.551592687552,2621.841814624898,2024-11-12 07:15:00+00:00,2610.5365926875515,-1.0039857498152567,stop_hit,ema50,train
2024-11-12 11:30:00+00:00,2604.1150000000002,2599.181943850162,2613.9811122996766,2024-11-12 13:15:00+00:00,2613.9661122996763,2.0,scaleout_tier_1,donchian_low,train
2024-11-12 11:30:00+00:00,2604.1150000000002,2599.181943850162,2618.914168449515,2024-11-12 13:15:00+00:00,2618.8991684495145,3.0,scaleout_tier_2,donchian_low,train
2024-11-12 11:30:00+00:00,2604.1150000000002,2599.181943850162,2613.9811122996766,2024-11-12 15:30:00+00:00,2604.1,-0.0030407113855412784,stop_hit,donchian_low,train
2024-11-12 16:45:00+00:00,2606.9150000000004,2601.1922162188434,2618.3605675623144,2024-11-12 17:00:00+00:00,2601.177216218843,-1.0026211019975482,stop_hit,ema50,train
2024-11-12 18:00:00+00:00,2604.0150000000003,2598.6841922293224,2614.676615541356,2024-11-12 21:30:00+00:00,2604.285,0.05064898447185847,eod_force_close,donchian_low,train
2024-11-13 04:30:00+00:00,2617.9150000000004,2614.8089850237448,2624.1270299525117,2024-11-13 04:45:00+00:00,2614.7939850237444,-1.004829339238541,stop_hit,ema50,train
2024-11-13 06:30:00+00:00,2611.715,2608.706759856283,2617.7314802874344,2024-11-13 08:00:00+00:00,2608.6917598562827,-1.0049863040461233,stop_hit,donchian_low,train
2024-11-13 08:30:00+00:00,2610.5150000000003,2607.4027369304904,2616.73952613902,2024-11-13 12:00:00+00:00,2616.72452613902,2.0,scaleout_tier_1,donchian_low,train
2024-11-13 08:30:00+00:00,2610.5150000000003,2607.4027369304904,2616.73952613902,2024-11-13 13:30:00+00:00,2615.5849999999996,1.6290396688084559,trail_exit,donchian_low,train
2024-11-13 15:45:00+00:00,2606.8150000000005,2601.8640068576974,2616.7169862846067,2024-11-13 16:15:00+00:00,2601.849006857697,-1.0030296951680586,stop_hit,ema50,train
2024-11-14 05:00:00+00:00,2569.715,2566.1424329070455,2576.8601341859094,2024-11-14 05:15:00+00:00,2566.127432907045,-1.004198661525464,stop_hit,ema100,train
2024-11-14 07:30:00+00:00,2559.715,2555.910677398967,2567.3236452020665,2024-11-14 09:30:00+00:00,2555.8956773989667,-1.0039428832865682,stop_hit,ema100,train
2024-11-14 11:45:00+00:00,2557.215,2552.574225373366,2566.4965492532683,2024-11-14 14:15:00+00:00,2566.481549253268,2.0,scaleout_tier_1,ema100,train
2024-11-14 11:45:00+00:00,2557.215,2552.574225373366,2571.1373238799024,2024-11-14 15:00:00+00:00,2571.122323879902,3.0,scaleout_tier_2,ema100,train
2024-11-14 11:45:00+00:00,2557.215,2552.574225373366,2575.7780985065365,2024-11-14 16:00:00+00:00,2575.763098506536,4.0,scaleout_tier_3,ema100,train
2024-11-14 18:00:00+00:00,2578.3150000000005,2573.3758812669416,2588.1932374661183,2024-11-14 18:15:00+00:00,2573.3608812669413,-1.0030369790262235,stop_hit,donchian_low,train
2024-11-14 19:15:00+00:00,2579.215,2574.687543598364,2588.2699128032727,2024-11-14 20:00:00+00:00,2574.6725435983635,-1.00331311859677,stop_hit,donchian_low,train
2024-11-15 03:00:00+00:00,2575.0150000000003,2571.735220152812,2581.574559694377,2024-11-15 04:45:00+00:00,2571.7202201528116,-1.0045734777025312,stop_hit,h_ema21,train
2024-11-15 07:15:00+00:00,2566.5150000000003,2563.512270691646,2572.520458616709,2024-11-15 10:15:00+00:00,2572.505458616709,2.0,scaleout_tier_1,ema100,train
2024-11-15 07:15:00+00:00,2566.5150000000003,2563.512270691646,2575.5231879250637,2024-11-15 11:30:00+00:00,2575.5081879250633,3.0,scaleout_tier_2,ema100,train
2024-11-15 07:15:00+00:00,2566.5150000000003,2563.512270691646,2572.520458616709,2024-11-15 13:30:00+00:00,2566.5,-0.004995455287492334,stop_hit,ema100,train
2024-11-15 14:15:00+00:00,2576.215,2571.3120320710395,2586.0209358579214,2024-11-15 15:30:00+00:00,2571.297032071039,-1.003059371429237,stop_hit,ema100,train
2024-11-15 16:00:00+00:00,2575.6150000000002,2570.2675475280585,2586.309904943884,2024-11-15 16:30:00+00:00,2570.252547528058,-1.0028050740196444,stop_hit,h_ema21,train
2024-11-18 00:45:00+00:00,2577.6150000000002,2574.2725971267146,2584.2998057465716,2024-11-18 01:00:00+00:00,2584.2848057465712,2.0,scaleout_tier_1,h_ema200,train
2024-11-18 00:45:00+00:00,2577.6150000000002,2574.2725971267146,2587.6422086198572,2024-11-18 01:15:00+00:00,2587.627208619857,3.0,scaleout_tier_2,h_ema200,train
2024-11-18 00:45:00+00:00,2577.6150000000002,2574.2725971267146,2590.984611493143,2024-11-18 01:15:00+00:00,2590.9696114931426,4.0,scaleout_tier_3,h_ema200,train
2024-11-18 00:45:00+00:00,2577.6150000000002,2574.2725971267146,2594.3270143664286,2024-11-18 01:15:00+00:00,2594.3120143664282,5.0,scaleout_tier_4,h_ema200,train
2024-11-18 00:45:00+00:00,2577.6150000000002,2574.2725971267146,2597.669417239714,2024-11-18 01:15:00+00:00,2597.654417239714,6.0,scaleout_tier_5,h_ema200,train
2024-11-18 02:15:00+00:00,2596.6150000000002,2591.668678676827,2606.507642646347,2024-11-18 05:30:00+00:00,2591.6536786768265,-1.003032556726562,stop_hit,h_ema200,train
2024-11-18 08:15:00+00:00,2590.3150000000005,2586.892241748804,2597.160516502394,2024-11-18 09:30:00+00:00,2597.1455165023935,2.0,scaleout_tier_1,h_ema21,train
2024-11-18 08:15:00+00:00,2590.3150000000005,2586.892241748804,2600.5832747535906,2024-11-18 13:00:00+00:00,2600.5682747535902,3.0,scaleout_tier_2,h_ema21,train
2024-11-18 08:15:00+00:00,2590.3150000000005,2586.892241748804,2604.0060330047872,2024-11-18 13:30:00+00:00,2603.991033004787,4.0,scaleout_tier_3,h_ema21,train
2024-11-18 14:45:00+00:00,2612.715,2608.394101931194,2621.356796137612,2024-11-18 21:30:00+00:00,2615.1849999999995,0.5716404230479603,eod_force_close,ema50,train
2024-11-19 01:00:00+00:00,2617.4150000000004,2615.410249516107,2621.4245009677875,2024-11-19 02:00:00+00:00,2621.409500967787,2.0,scaleout_tier_1,ema50,train
2024-11-19 01:00:00+00:00,2617.4150000000004,2615.410249516107,2623.429251451681,2024-11-19 02:30:00+00:00,2623.4142514516807,3.0,scaleout_tier_2,ema50,train
2024-11-19 01:00:00+00:00,2617.4150000000004,2615.410249516107,2625.4340019355745,2024-11-19 02:30:00+00:00,2625.419001935574,4.0,scaleout_tier_3,ema50,train
2024-11-19 03:15:00+00:00,2629.0150000000003,2626.2297430180147,2634.5855139639716,2024-11-19 03:30:00+00:00,2626.2147430180144,-1.0053854994700107,stop_hit,ema21,train
2024-11-19 04:45:00+00:00,2628.4150000000004,2625.7826906295477,2633.679618740906,2024-11-19 05:00:00+00:00,2625.7676906295474,-1.0056984183427298,stop_hit,ema21,train
2024-11-19 13:00:00+00:00,2643.3150000000005,2639.7026269631733,2650.539746073655,2024-11-19 13:15:00+00:00,2639.687626963173,-1.004152395073102,stop_hit,ema21,train
2024-11-19 15:15:00+00:00,2632.0150000000003,2627.0909583843904,2641.86308323122,2024-11-19 15:30:00+00:00,2627.07595838439,-1.0030462780722191,stop_hit,ema21,train
2024-11-19 17:00:00+00:00,2630.1150000000002,2625.3865788005132,2639.5718423989742,2024-11-19 21:30:00+00:00,2636.3849999999998,1.326024001558866,eod_force_close,ema21,train
2024-11-20 01:45:00+00:00,2642.3150000000005,2639.677248589774,2647.5905028204534,2024-11-20 04:30:00+00:00,2639.6622485897738,-1.0056866617309626,stop_hit,ema21,train
2024-11-20 05:30:00+00:00,2640.4150000000004,2638.3106580843823,2644.6236838312366,2024-11-20 06:00:00+00:00,2638.295658084382,-1.0071281191944141,stop_hit,ema21,train
2024-11-20 10:30:00+00:00,2627.6150000000002,2624.6056238482006,2633.6337523035995,2024-11-20 11:15:00+00:00,2624.5906238482003,-1.0049844217683979,stop_hit,ema21,train
2024-11-20 12:00:00+00:00,2631.4150000000004,2628.282113220006,2637.680773559989,2024-11-20 13:00:00+00:00,2637.665773559989,2.0,scaleout_tier_1,ema21,train
2024-11-20 12:00:00+00:00,2631.4150000000004,2628.282113220006,2640.8136603399835,2024-11-20 13:15:00+00:00,2640.798660339983,3.0,scaleout_tier_2,ema21,train
2024-11-20 12:00:00+00:00,2631.4150000000004,2628.282113220006,2643.946547119978,2024-11-20 14:30:00+00:00,2643.9315471199775,4.0,scaleout_tier_3,ema21,train
2024-11-20 12:00:00+00:00,2631.4150000000004,2628.282113220006,2647.079433899972,2024-11-20 14:30:00+00:00,2647.064433899972,5.0,scaleout_tier_4,ema21,train
2024-11-20 15:15:00+00:00,2650.715,2646.0987077579407,2659.947584484119,2024-11-20 21:30:00+00:00,2653.3849999999998,0.5783862589272433,eod_force_close,ema21,train
2024-11-21 01:45:00+00:00,2658.215,2655.3151907270408,2664.014618545919,2024-11-21 02:00:00+00:00,2655.3001907270404,-1.0051727539946167,stop_hit,ema21,train
2024-11-21 03:30:00+00:00,2656.715,2653.6456544049515,2662.8536911900974,2024-11-21 06:15:00+00:00,2662.838691190097,2.0,scaleout_tier_1,ema21,train
2024-11-21 03:30:00+00:00,2656.715,2653.6456544049515,2665.923036785146,2024-11-21 07:30:00+00:00,2665.9080367851457,3.0,scaleout_tier_2,ema21,train
2024-11-21 03:30:00+00:00,2656.715,2653.6456544049515,2668.9923823801946,2024-11-21 08:15:00+00:00,2668.9773823801943,4.0,scaleout_tier_3,ema21,train
2024-11-21 10:45:00+00:00,2671.1150000000002,2667.962408366443,2677.4201832671147,2024-11-21 12:00:00+00:00,2667.9474083664427,-1.0047579901693142,stop_hit,h_ema21,train
2024-11-21 13:15:00+00:00,2669.715,2666.0533668431794,2677.0382663136415,2024-11-21 13:30:00+00:00,2666.038366843179,-1.00409653271038,stop_hit,h_ema21,train
2024-11-21 17:30:00+00:00,2668.4150000000004,2663.9598175405504,2677.3253649189005,2024-11-21 21:30:00+00:00,2672.0849999999996,0.8237597524686331,eod_force_close,h_ema21,train
2024-11-22 01:00:00+00:00,2675.1150000000002,2672.6915709219948,2679.961858156011,2024-11-22 01:45:00+00:00,2679.946858156011,2.0,scaleout_tier_1,h_ema21,train
2024-11-22 01:00:00+00:00,2675.1150000000002,2672.6915709219948,2682.3852872340167,2024-11-22 02:15:00+00:00,2682.3702872340164,3.0,scaleout_tier_2,h_ema21,train
2024-11-22 01:00:00+00:00,2675.1150000000002,2672.6915709219948,2684.808716312022,2024-11-22 02:30:00+00:00,2684.793716312022,4.0,scaleout_tier_3,h_ema21,train
2024-11-22 01:00:00+00:00,2675.1150000000002,2672.6915709219948,2687.2321453900277,2024-11-22 02:30:00+00:00,2687.2171453900273,5.0,scaleout_tier_4,h_ema21,train
2024-11-22 10:45:00+00:00,2709.9150000000004,2705.764764361148,2718.215471277705,2024-11-22 11:15:00+00:00,2705.7497643611478,-1.0036142526125276,stop_hit,h_ema21,train
2024-11-22 12:45:00+00:00,2705.5150000000003,2701.056980131136,2714.4310397377294,2024-11-22 13:00:00+00:00,2701.0419801311355,-1.0033647225543092,stop_hit,h_ema21,train
2024-11-22 14:45:00+00:00,2695.0150000000003,2689.509283888794,2706.026432222413,2024-11-22 15:30:00+00:00,2706.0114322224126,2.0,scaleout_tier_1,h_ema21,train
2024-11-22 14:45:00+00:00,2695.0150000000003,2689.509283888794,2711.5321483336193,2024-11-22 18:15:00+00:00,2711.517148333619,3.0,scaleout_tier_2,h_ema21,train
2024-11-22 14:45:00+00:00,2695.0150000000003,2689.509283888794,2706.026432222413,2024-11-22 21:30:00+00:00,2711.285,2.9551105925864283,eod_force_close,h_ema21,train
2024-11-25 02:15:00+00:00,2704.0150000000003,2698.5382385062235,2714.968522987554,2024-11-25 02:45:00+00:00,2698.523238506223,-1.0027388448478853,stop_hit,h_ema21,train
2024-11-25 06:15:00+00:00,2669.0150000000003,2662.1040693117584,2682.836861376484,2024-11-25 11:00:00+00:00,2682.821861376484,2.0,scaleout_tier_1,ema21,train
2024-11-25 06:15:00+00:00,2669.0150000000003,2662.1040693117584,2682.836861376484,2024-11-25 14:00:00+00:00,2669.0,-0.0021704746693304282,stop_hit,ema21,train
2024-11-25 19:15:00+00:00,2621.3150000000005,2615.2285961484777,2633.487807703046,2024-11-25 21:30:00+00:00,2627.4849999999997,1.013734900035495,eod_force_close,ema50,train
2024-11-26 00:30:00+00:00,2622.215,2616.132846195394,2634.3793076092124,2024-11-26 05:15:00+00:00,2622.3849999999998,0.02795062496954175,trail_exit,ema50,train
2024-11-26 06:00:00+00:00,2624.715,2620.3839454504,2633.3771090992004,2024-11-26 07:15:00+00:00,2620.3689454503997,-1.0034633597495817,stop_hit,ema50,train
2024-11-26 08:15:00+00:00,2617.8150000000005,2613.737579378002,2625.9698412439975,2024-11-26 08:30:00+00:00,2613.7225793780017,-1.003678796325157,stop_hit,ema50,train
2024-11-26 09:15:00+00:00,2621.0150000000003,2616.6354469391686,2629.774106121664,2024-11-26 10:00:00+00:00,2629.7591061216635,2.0,scaleout_tier_1,ema50,train
2024-11-26 09:15:00+00:00,2621.0150000000003,2616.6354469391686,2634.1536591824956,2024-11-26 13:00:00+00:00,2634.1386591824953,3.0,scaleout_tier_2,ema50,train
2024-11-26 09:15:00+00:00,2621.0150000000003,2616.6354469391686,2638.5332122433274,2024-11-26 13:00:00+00:00,2638.518212243327,4.0,scaleout_tier_3,ema50,train
2024-11-26 14:15:00+00:00,2631.715,2626.6844509134976,2641.7760981730053,2024-11-26 14:30:00+00:00,2626.6694509134973,-1.002981781857685,stop_hit,ema21,train
2024-11-26 16:45:00+00:00,2629.5150000000003,2624.2177517721657,2640.1094964556696,2024-11-26 18:00:00+00:00,2624.2027517721654,-1.0028316588830988,stop_hit,ema21,train
2024-11-26 18:30:00+00:00,2621.6150000000002,2617.2556117922286,2630.3337764155435,2024-11-26 20:30:00+00:00,2630.318776415543,2.0,scaleout_tier_1,ema50,train
2024-11-26 18:30:00+00:00,2621.6150000000002,2617.2556117922286,2630.3337764155435,2024-11-26 21:30:00+00:00,2633.6849999999995,2.7687371311601967,eod_force_close,ema50,train
2024-11-27 01:15:00+00:00,2653.9150000000004,2650.461281750294,2660.8224364994135,2024-11-27 02:15:00+00:00,2660.807436499413,2.0,scaleout_tier_1,ema21,train
2024-11-27 01:15:00+00:00,2653.9150000000004,2650.461281750294,2664.27615474912,2024-11-27 02:30:00+00:00,2664.2611547491197,3.0,scaleout_tier_2,ema21,train
2024-11-27 01:15:00+00:00,2653.9150000000004,2650.461281750294,2667.7298729988265,2024-11-27 05:30:00+00:00,2667.714872998826,4.0,scaleout_tier_3,ema21,train
2024-11-27 07:00:00+00:00,2673.0150000000003,2669.5857087505224,2679.8735824989562,2024-11-27 11:00:00+00:00,2669.570708750522,-1.0043740816714273,stop_hit,ema21,train
2024-11-27 12:45:00+00:00,2678.4150000000004,2675.1736197741207,2684.89776045176,2024-11-27 13:00:00+00:00,2675.1586197741203,-1.0046276582674765,stop_hit,ema21,train
2024-11-27 15:30:00+00:00,2667.5150000000003,2662.3856063009134,2677.773787398174,2024-11-27 17:00:00+00:00,2662.370606300913,-1.0029243222260358,stop_hit,ema21,train
2024-11-27 18:30:00+00:00,2665.0150000000003,2660.485586956679,2674.073826086643,2024-11-27 19:30:00+00:00,2660.4705869566787,-1.0033116873768988,stop_hit,ema21,train
2024-11-28 02:00:00+00:00,2652.6150000000002,2648.8556359231293,2660.133728153742,2024-11-28 06:30:00+00:00,2660.118728153742,2.0,scaleout_tier_1,ema21,train
2024-11-28 02:00:00+00:00,2652.6150000000002,2648.8556359231293,2663.893092230613,2024-11-28 08:30:00+00:00,2663.8780922306128,3.0,scaleout_tier_2,ema21,train
2024-11-28 02:00:00+00:00,2652.6150000000002,2648.8556359231293,2667.652456307484,2024-11-28 08:45:00+00:00,2667.6374563074837,4.0,scaleout_tier_3,ema21,train
2024-11-28 10:45:00+00:00,2672.5150000000003,2669.463966630189,2678.6170667396227,2024-11-28 11:30:00+00:00,2669.448966630189,-1.0049163670737746,stop_hit,ema21,train
2024-11-28 16:15:00+00:00,2663.8150000000005,2660.9337521740495,2669.5774956519026,2024-11-28 23:00:00+00:00,2661.8849999999998,-0.6698486616171888,eod_force_close,ema21,train
2024-11-29 00:45:00+00:00,2662.1150000000002,2660.216978052484,2665.9110438950324,2024-11-29 01:00:00+00:00,2660.201978052484,-1.007902964462533,stop_hit,ema21,train
2024-11-29 02:15:00+00:00,2680.5150000000003,2677.2070984615166,2687.130803076968,2024-11-29 06:00:00+00:00,2687.1158030769675,2.0,scaleout_tier_1,ema21,train
2024-11-29 02:15:00+00:00,2680.5150000000003,2677.2070984615166,2687.130803076968,2024-11-29 08:00:00+00:00,2680.5,-0.00453459688138209,stop_hit,ema21,train
2024-11-29 11:00:00+00:00,2686.6150000000002,2683.1401653831845,2693.564669233632,2024-11-29 12:00:00+00:00,2683.125165383184,-1.0043167522067777,stop_hit,h_ema21,train
2024-11-29 15:45:00+00:00,2679.1150000000002,2674.965139579266,2687.4147208414684,2024-12-01 23:00:00+00:00,2673.785,-1.284380547685402,eod_force_close,ema21,train
2024-12-02 03:30:00+00:00,2651.3150000000005,2645.9774841971243,2661.990031605753,2024-12-02 05:15:00+00:00,2645.962484197124,-1.0028102961291927,stop_hit,ema21,train
2024-12-02 05:45:00+00:00,2649.8150000000005,2645.3736246276967,2658.697750744608,2024-12-02 06:00:00+00:00,2645.3586246276964,-1.003377332187202,stop_hit,ema21,train
2024-12-02 07:15:00+00:00,2652.215,2648.052179645676,2660.5406407086484,2024-12-02 11:00:00+00:00,2660.525640708648,2.0,scaleout_tier_1,ema21,train
2024-12-02 07:15:00+00:00,2652.215,2648.052179645676,2664.7034610629726,2024-12-02 11:30:00+00:00,2664.6884610629722,3.0,scaleout_tier_2,ema21,train
2024-12-02 07:15:00+00:00,2652.215,2648.052179645676,2668.8662814172967,2024-12-02 13:30:00+00:00,2668.8512814172964,4.0,scaleout_tier_3,ema21,train
2024-12-02 16:30:00+00:00,2666.0150000000003,2661.216187828034,2675.612624343933,2024-12-02 17:45:00+00:00,2661.2011878280337,-1.0031257735170287,stop_hit,ema21,train
2024-12-02 19:00:00+00:00,2659.9150000000004,2656.139774289971,2667.4654514200597,2024-12-02 21:30:00+00:00,2660.285,0.09800738509924238,eod_force_close,ema21,train
2024-12-03 09:45:00+00:00,2668.6150000000002,2665.4218383536677,2675.0013232926653,2024-12-03 10:00:00+00:00,2665.4068383536674,-1.0046975385720154,stop_hit,ema21,train
2024-12-03 12:45:00+00:00,2662.715,2659.889127210512,2668.3667455789764,2024-12-03 13:15:00+00:00,2668.351745578976,2.0,scaleout_tier_1,ema21,train
2024-12-03 12:45:00+00:00,2662.715,2659.889127210512,2671.1926183684645,2024-12-03 13:45:00+00:00,2671.177618368464,3.0,scaleout_tier_2,ema21,train
2024-12-03 12:45:00+00:00,2662.715,2659.889127210512,2674.0184911579527,2024-12-03 13:45:00+00:00,2674.0034911579523,4.0,scaleout_tier_3,ema21,train
2024-12-03 16:00:00+00:00,2663.1150000000002,2658.4399507900807,2672.4650984198393,2024-12-03 18:30:00+00:00,2665.785,0.5711169829687395,trail_exit,ema21,train
2024-12-03 19:00:00+00:00,2668.3150000000005,2664.373544914986,2676.19791017003,2024-12-03 19:15:00+00:00,2664.3585449149855,-1.0038057011120987,stop_hit,ema21,train
2024-12-04 01:45:00+00:00,2662.1150000000002,2659.741660112397,2666.861679775207,2024-12-04 02:00:00+00:00,2666.8466797752067,2.0,scaleout_tier_1,ema21,train
2024-12-04 01:45:00+00:00,2662.1150000000002,2659.741660112397,2669.2350196628104,2024-12-04 04:45:00+00:00,2669.22001966281,3.0,scaleout_tier_2,ema21,train
2024-12-04 01:45:00+00:00,2662.1150000000002,2659.741660112397,2671.6083595504138,2024-12-04 05:45:00+00:00,2671.5933595504134,4.0,scaleout_tier_3,ema21,train
2024-12-04 08:45:00+00:00,2662.4150000000004,2659.682590537339,2667.8798189253234,2024-12-04 09:00:00+00:00,2664.0849999999996,0.6111821902316562,trail_exit,ema21,train
2024-12-04 13:30:00+00:00,2667.8150000000005,2663.857772135296,2675.72945572941,2024-12-04 14:15:00+00:00,2675.7144557294096,2.0,scaleout_tier_1,ema21,train
2024-12-04 13:30:00+00:00,2667.8150000000005,2663.857772135296,2679.6866835941146,2024-12-04 15:30:00+00:00,2679.6716835941143,3.0,scaleout_tier_2,ema21,train
2024-12-04 13:30:00+00:00,2667.8150000000005,2663.857772135296,2675.72945572941,2024-12-04 20:15:00+00:00,2673.1849999999995,1.3570105598151392,trail_exit,ema21,train
2024-12-05 01:15:00+00:00,2674.0150000000003,2671.7179353084343,2678.6091293831323,2024-12-05 01:30:00+00:00,2671.702935308434,-1.0065300729471844,stop_hit,ema21,train
2024-12-05 02:45:00+00:00,2672.715,2670.2522465545244,2677.6405068909517,2024-12-05 03:00:00+00:00,2670.237246554524,-1.0060907436868614,stop_hit,ema21,train
2024-12-05 04:00:00+00:00,2672.8150000000005,2670.4130762944183,2677.618847411165,2024-12-05 04:30:00+00:00,2670.398076294418,-1.0062449943624214,stop_hit,ema21,train
2024-12-05 05:15:00+00:00,2671.215,2668.9548263029974,2675.7353473940057,2024-12-05 05:30:00+00:00,2675.7203473940053,2.0,scaleout_tier_1,ema21,train
2024-12-05 05:15:00+00:00,2671.215,2668.9548263029974,2675.7353473940057,2024-12-05 06:30:00+00:00,2672.6849999999995,0.6503924906075715,trail_exit,ema21,train
2024-12-05 07:45:00+00:00,2673.215,2670.399850582255,2678.84529883549,2024-12-05 08:15:00+00:00,2670.384850582255,-1.005328313980699,stop_hit,ema21,train
2024-12-05 08:45:00+00:00,2670.8150000000005,2667.9728773812944,2676.4992452374127,2024-12-05 09:00:00+00:00,2667.957877381294,-1.0052777455489081,stop_hit,ema21,train
2024-12-05 09:45:00+00:00,2669.5150000000003,2666.459058097854,2675.6268838042934,2024-12-05 12:45:00+00:00,2675.611883804293,2.0,scaleout_tier_1,ema21,train
2024-12-05 09:45:00+00:00,2669.5150000000003,2666.459058097854,2675.6268838042934,2024-12-05 13:15:00+00:00,2669.5,-0.004908470278767838,stop_hit,ema21,train
2024-12-05 14:00:00+00:00,2672.3150000000005,2668.780745258775,2679.3835094824517,2024-12-05 14:15:00+00:00,2668.7657452587746,-1.0042441762404273,stop_hit,ema21,train
2024-12-05 16:00:00+00:00,2663.715,2659.05679823254,2673.03140353492,2024-12-05 16:45:00+00:00,2659.04179823254,-1.0032201267246752,stop_hit,ema21,train
2024-12-05 18:45:00+00:00,2651.1150000000002,2646.391114574877,2660.5627708502466,2024-12-05 21:30:00+00:00,2654.285,0.6710577659526877,eod_force_close,ema21,train
2024-12-06 02:45:00+00:00,2647.0150000000003,2643.093133426799,2654.858733146403,2024-12-06 03:15:00+00:00,2654.843733146403,2.0,scaleout_tier_1,ema21,train
2024-12-06 02:45:00+00:00,2647.0150000000003,2643.093133426799,2658.7805997196047,2024-12-06 03:30:00+00:00,2658.7655997196043,3.0,scaleout_tier_2,ema21,train
2024-12-06 02:45:00+00:00,2647.0150000000003,2643.093133426799,2662.702466292806,2024-12-06 03:45:00+00:00,2662.6874662928058,4.0,scaleout_tier_3,ema21,train
2024-12-06 08:45:00+00:00,2664.0150000000003,2660.6684474807203,2670.7081050385605,2024-12-06 10:00:00+00:00,2660.65344748072,-1.0044822245919973,stop_hit,ema21,train
2024-12-06 11:15:00+00:00,2657.5150000000003,2654.1747712004785,2664.195457599044,2024-12-06 13:30:00+00:00,2654.159771200478,-1.0044907103377094,stop_hit,ema21,train
2024-12-06 15:00:00+00:00,2657.0150000000003,2651.670596582505,2667.703806834991,2024-12-06 20:45:00+00:00,2653.9849999999997,-0.5669482191560729,trail_exit,ema21,train
2024-12-09 01:00:00+00:00,2653.3150000000005,2649.1007366810272,2661.743526637947,2024-12-09 01:15:00+00:00,2661.7285266379467,2.0,scaleout_tier_1,ema21,train
2024-12-09 01:00:00+00:00,2653.3150000000005,2649.1007366810272,2665.9577899569204,2024-12-09 01:15:00+00:00,2665.94278995692,3.0,scaleout_tier_2,ema21,train
2024-12-09 01:00:00+00:00,2653.3150000000005,2649.1007366810272,2670.1720532758936,2024-12-09 01:15:00+00:00,2670.1570532758933,4.0,scaleout_tier_3,ema21,train
2024-12-09 03:45:00+00:00,2664.9150000000004,2660.2396211601263,2674.2657576797487,2024-12-09 04:00:00+00:00,2660.224621160126,-1.0032082961646658,stop_hit,ema21,train
2024-12-09 06:15:00+00:00,2663.215,2659.2402158117698,2671.164568376461,2024-12-09 07:45:00+00:00,2671.1495683764606,2.0,scaleout_tier_1,ema21,train
2024-12-09 06:15:00+00:00,2663.215,2659.2402158117698,2675.1393525646913,2024-12-09 09:45:00+00:00,2675.124352564691,3.0,scaleout_tier_2,ema21,train
2024-12-09 06:15:00+00:00,2663.215,2659.2402158117698,2679.1141367529217,2024-12-09 10:15:00+00:00,2679.0991367529214,4.0,scaleout_tier_3,ema21,train
2024-12-09 13:00:00+00:00,2678.8150000000005,2675.609165480607,2694.8441725969687,2024-12-09 14:30:00+00:00,2694.8291725969684,5.0,scaleout_tier_4,ema21,train
2024-12-09 13:00:00+00:00,2678.8150000000005,2675.609165480607,2698.0500071163624,2024-12-09 15:00:00+00:00,2698.035007116362,6.0,scaleout_tier_5,ema21,train
2024-12-09 13:00:00+00:00,2678.8150000000005,2675.609165480607,2685.226669038788,2024-12-09 17:30:00+00:00,2688.4849999999997,3.016375281225729,trail_exit,ema21,train
2024-12-10 02:00:00+00:00,2690.215,2687.2253281481644,2696.1943437036716,2024-12-10 07:30:00+00:00,2689.4849999999997,-0.24417395492827537,trail_exit,h_ema21,train
2024-12-10 08:45:00+00:00,2685.8150000000005,2682.7811515113685,2691.8826969772645,2024-12-10 10:30:00+00:00,2691.867696977264,2.0,scaleout_tier_1,h_ema21,train
2024-12-10 08:45:00+00:00,2685.8150000000005,2682.7811515113685,2694.9165454658964,2024-12-10 10:30:00+00:00,2694.901545465896,3.0,scaleout_tier_2,h_ema21,train
2024-12-10 08:45:00+00:00,2685.8150000000005,2682.7811515113685,2697.9503939545284,2024-12-10 10:45:00+00:00,2697.935393954528,4.0,scaleout_tier_3,h_ema21,train
2024-12-11 07:45:00+00:00,2728.3150000000005,2724.289656047006,2736.36568790599,2024-12-11 08:00:00+00:00,2724.2746560470055,-1.0037263896391184,stop_hit,h_ema21,train
2024-12-11 09:30:00+00:00,2724.8150000000005,2720.5298137295076,2733.3853725409863,2024-12-11 13:15:00+00:00,2720.5148137295073,-1.0035004312656406,stop_hit,h_ema21,train
2024-12-11 13:45:00+00:00,2730.8150000000005,2726.313160852046,2739.818678295909,2024-12-11 14:45:00+00:00,2739.803678295909,2.0,scaleout_tier_1,h_ema21,train
2024-12-11 13:45:00+00:00,2730.8150000000005,2726.313160852046,2744.3205174438635,2024-12-11 15:00:00+00:00,2744.305517443863,3.0,scaleout_tier_2,h_ema21,train
2024-12-11 13:45:00+00:00,2730.8150000000005,2726.313160852046,2748.822356591818,2024-12-11 15:00:00+00:00,2748.8073565918176,4.0,scaleout_tier_3,h_ema21,train
2024-12-11 13:45:00+00:00,2730.8150000000005,2726.313160852046,2753.324195739772,2024-12-11 15:00:00+00:00,2753.309195739772,5.0,scaleout_tier_4,h_ema21,train
2024-12-11 15:45:00+00:00,2758.215,2752.5624489811594,2769.5201020376817,2024-12-11 16:00:00+00:00,2752.547448981159,-1.0026536691045034,stop_hit,h_ema21,train
2024-12-12 00:15:00+00:00,2754.5150000000003,2751.7753945587315,2759.994210882538,2024-12-12 01:30:00+00:00,2751.760394558731,-1.0054752409870307,stop_hit,h_ema21,train
2024-12-12 03:30:00+00:00,2747.715,2744.5143913433235,2754.1162173133534,2024-12-12 06:00:00+00:00,2744.499391343323,-1.0046866085827257,stop_hit,h_ema21,train
2024-12-12 06:30:00+00:00,2748.215,2745.416039097349,2753.8129218053027,2024-12-12 08:15:00+00:00,2753.7979218053024,2.0,scaleout_tier_1,h_ema21,train
2024-12-12 06:30:00+00:00,2748.215,2745.416039097349,2753.8129218053027,2024-12-12 09:45:00+00:00,2748.2,-0.005359131664225397,stop_hit,h_ema21,train
2024-12-12 10:45:00+00:00,2749.4150000000004,2746.038816278343,2756.1673674433155,2024-12-12 11:00:00+00:00,2746.0238162783426,-1.0044428861806618,stop_hit,h_ema21,train
2024-12-12 11:45:00+00:00,2744.4150000000004,2740.6590966452977,2751.926806709406,2024-12-12 12:30:00+00:00,2740.6440966452974,-1.003993712985598,stop_hit,h_ema21,train
2024-12-12 13:30:00+00:00,2738.1150000000002,2733.9886456251097,2746.3677087497813,2024-12-12 13:45:00+00:00,2733.9736456251094,-1.003635170089027,stop_hit,h_ema200,train
2024-12-12 15:00:00+00:00,2710.8150000000005,2704.6725747384826,2723.0998505230364,2024-12-12 15:30:00+00:00,2704.6575747384823,-1.0024420321553282,stop_hit,h_ema21,train
2024-12-12 18:30:00+00:00,2709.0150000000003,2703.6154240696474,2719.8141518607063,2024-12-12 20:45:00+00:00,2703.600424069647,-1.0027779959377934,stop_hit,h_ema21,train
2024-12-13 00:45:00+00:00,2705.9150000000004,2703.4794733675826,2710.786053264836,2024-12-13 01:00:00+00:00,2710.7710532648357,2.0,scaleout_tier_1,h_ema21,train
2024-12-13 00:45:00+00:00,2705.9150000000004,2703.4794733675826,2713.221579897254,2024-12-13 01:45:00+00:00,2713.2065798972535,3.0,scaleout_tier_2,h_ema21,train
2024-12-13 00:45:00+00:00,2705.9150000000004,2703.4794733675826,2710.786053264836,2024-12-13 05:00:00+00:00,2707.6849999999995,0.7267422069788462,trail_exit,h_ema21,train
2024-12-13 06:45:00+00:00,2708.8150000000005,2705.780660443596,2714.8836791128097,2024-12-13 07:15:00+00:00,2705.7656604435956,-1.004943415106153,stop_hit,h_ema21,train
2024-12-13 08:00:00+00:00,2705.215,2702.0909032008317,2711.463193598337,2024-12-13 08:45:00+00:00,2702.0759032008314,-1.004801387717666,stop_hit,h_ema21,train
2024-12-13 11:30:00+00:00,2686.9150000000004,2683.2889353146556,2694.16712937069,2024-12-13 12:00:00+00:00,2683.2739353146553,-1.004136716054998,stop_hit,ema21,train
2024-12-13 12:45:00+00:00,2692.215,2688.4732782932415,2699.6984434135175,2024-12-13 13:00:00+00:00,2688.458278293241,-1.0040088497156892,stop_hit,ema21,train
2024-12-13 14:15:00+00:00,2683.1150000000002,2678.7242336619843,2691.896532676032,2024-12-13 14:30:00+00:00,2678.709233661984,-1.0034162601344678,stop_hit,ema21,train
2024-12-13 15:45:00+00:00,2680.1150000000002,2675.2677386711175,2689.8095226577657,2024-12-13 17:45:00+00:00,2675.252738671117,-1.0030945309077828,stop_hit,ema21,train
2024-12-16 01:15:00+00:00,2668.215,2665.0107929449896,2674.6234141100213,2024-12-16 08:15:00+00:00,2674.608414110021,2.0,scaleout_tier_1,ema21,train
2024-12-16 01:15:00+00:00,2668.215,2665.0107929449896,2677.827621165032,2024-12-16 10:15:00+00:00,2677.8126211650315,3.0,scaleout_tier_2,ema21,train
2024-12-16 01:15:00+00:00,2668.215,2665.0107929449896,2681.0318282200424,2024-12-16 11:15:00+00:00,2681.016828220042,4.0,scaleout_tier_3,ema21,train
2024-12-16 12:00:00+00:00,2682.4150000000004,2679.571289367102,2688.102421265797,2024-12-16 12:30:00+00:00,2679.5562893671017,-1.0052747982958588,stop_hit,ema21,train
2024-12-16 13:15:00+00:00,2682.215,2679.226027488508,2688.1929450229845,2024-12-16 13:30:00+00:00,2679.2110274885076,-1.0050184469554853,stop_hit,ema21,train
2024-12-16 14:00:00+00:00,2681.215,2677.908960419917,2687.8270791601662,2024-12-16 14:15:00+00:00,2677.8939604199168,-1.0045371507621064,stop_hit,ema21,train
2024-12-16 15:30:00+00:00,2673.715,2669.914278614313,2681.3164427713746,2024-12-16 16:15:00+00:00,2669.8992786143126,-1.0039466192015059,stop_hit,ema21,train
2024-12-16 17:30:00+00:00,2671.9150000000004,2668.50730545848,2678.7303890830412,2024-12-16 18:15:00+00:00,2668.4923054584797,-1.0044018029836779,stop_hit,ema21,train
2024-12-17 00:30:00+00:00,2669.215,2667.41892852009,2672.8071429598203,2024-12-17 01:00:00+00:00,2672.79214295982,2.0,scaleout_tier_1,ema21,train
2024-12-17 00:30:00+00:00,2669.215,2667.41892852009,2674.6032144397304,2024-12-17 01:45:00+00:00,2674.58821443973,3.0,scaleout_tier_2,ema21,train
2024-12-17 00:30:00+00:00,2669.215,2667.41892852009,2672.8071429598203,2024-12-17 03:00:00+00:00,2669.2,-0.00835156070797263,stop_hit,ema21,train
2025-01-02 01:15:00+00:00,2643.0150000000003,2639.3770227102877,2650.2909545794255,2025-01-02 09:00:00+00:00,2650.275954579425,2.0,scaleout_tier_1,ema50,holdout
2025-01-02 01:15:00+00:00,2643.0150000000003,2639.3770227102877,2653.928931869138,2025-01-02 10:15:00+00:00,2653.9139318691377,3.0,scaleout_tier_2,ema50,holdout
2025-01-02 01:15:00+00:00,2643.0150000000003,2639.3770227102877,2657.5669091588506,2025-01-02 10:15:00+00:00,2657.5519091588503,4.0,scaleout_tier_3,ema50,holdout
2025-01-02 12:30:00+00:00,2655.8150000000005,2652.778706963649,2661.887586072704,2025-01-02 13:00:00+00:00,2652.7637069636485,-1.004940234628457,stop_hit,ema21,holdout
2025-01-02 14:00:00+00:00,2656.215,2652.22901724429,2664.1869655114206,2025-01-02 15:30:00+00:00,2664.1719655114202,2.0,scaleout_tier_1,ema21,holdout
2025-01-02 14:00:00+00:00,2656.215,2652.22901724429,2668.172948267131,2025-01-02 16:15:00+00:00,2668.1579482671305,3.0,scaleout_tier_2,ema21,holdout
2025-01-02 14:00:00+00:00,2656.215,2652.22901724429,2672.158931022841,2025-01-02 16:45:00+00:00,2672.1439310228407,4.0,scaleout_tier_3,ema21,holdout
2025-01-03 01:00:00+00:00,2674.715,2672.3772715151435,2679.3904569697133,2025-01-03 01:15:00+00:00,2672.362271515143,-1.0064164851040207,stop_hit,ema21,holdout
2025-01-03 02:00:00+00:00,2673.5150000000003,2670.9487238844235,2678.647552231154,2025-01-03 03:15:00+00:00,2678.6325522311536,2.0,scaleout_tier_1,ema21,holdout
2025-01-03 02:00:00+00:00,2673.5150000000003,2670.9487238844235,2678.647552231154,2025-01-03 05:30:00+00:00,2674.785,0.49488049718846716,trail_exit,ema21,holdout
2025-01-03 06:45:00+00:00,2674.4150000000004,2672.014884192212,2679.2152316155775,2025-01-03 07:00:00+00:00,2671.9998841922115,-1.0062496984319054,stop_hit,ema21,holdout
2025-01-03 07:45:00+00:00,2670.6150000000002,2668.085444408938,2675.6741111821243,2025-01-03 08:00:00+00:00,2668.070444408938,-1.0059298953750329,stop_hit,ema21,holdout
2025-01-03 09:15:00+00:00,2668.9150000000004,2666.111913117497,2674.5211737650075,2025-01-03 13:15:00+00:00,2666.0969131174966,-1.005351243336036,stop_hit,ema21,holdout
2025-01-03 14:00:00+00:00,2664.0150000000003,2660.432371614444,2671.180256771113,2025-01-03 14:15:00+00:00,2660.4173716144437,-1.0041868701930687,stop_hit,ema21,holdout
2025-01-03 18:00:00+00:00,2655.4150000000004,2651.9302188724487,2662.384562255104,2025-01-03 20:30:00+00:00,2651.9152188724483,-1.0043044310248734,stop_hit,ema21,holdout
2025-01-06 01:00:00+00:00,2656.0150000000003,2653.6667897527304,2660.71142049454,2025-01-06 01:45:00+00:00,2654.1849999999995,-0.779316929618401,trail_exit,ema21,holdout
2025-01-06 07:15:00+00:00,2644.715,2641.853611663102,2650.437776673796,2025-01-06 07:30:00+00:00,2641.838611663102,-1.0052422105056138,stop_hit,ema50,holdout
2025-01-06 09:00:00+00:00,2643.5150000000003,2640.2830703859213,2649.9788592281584,2025-01-06 11:15:00+00:00,2649.963859228158,2.0,scaleout_tier_1,ema50,holdout
2025-01-06 09:00:00+00:00,2643.5150000000003,2640.2830703859213,2653.2107888422374,2025-01-06 11:15:00+00:00,2653.195788842237,3.0,scaleout_tier_2,ema50,holdout
2025-01-06 09:00:00+00:00,2643.5150000000003,2640.2830703859213,2656.4427184563165,2025-01-06 11:15:00+00:00,2656.427718456316,4.0,scaleout_tier_3,ema50,holdout
2025-01-06 12:45:00+00:00,2657.715,2653.7029772310134,2665.7390455379737,2025-01-06 13:15:00+00:00,2653.687977231013,-1.0037387624308314,stop_hit,ema21,holdout
2025-01-06 15:00:00+00:00,2643.4150000000004,2636.5405228214013,2657.1639543571987,2025-01-06 21:30:00+00:00,2647.1849999999995,0.5484053408069228,eod_force_close,ema21,holdout
2025-01-07 03:00:00+00:00,2648.8150000000005,2646.2971185586234,2653.8507628827547,2025-01-07 05:30:00+00:00,2653.8357628827544,2.0,scaleout_tier_1,ema21,holdout
2025-01-07 03:00:00+00:00,2648.8150000000005,2646.2971185586234,2656.3686443241318,2025-01-07 06:15:00+00:00,2656.3536443241314,3.0,scaleout_tier_2,ema21,holdout
2025-01-07 03:00:00+00:00,2648.8150000000005,2646.2971185586234,2653.8507628827547,2025-01-07 07:00:00+00:00,2651.4849999999997,1.0604152984021682,trail_exit,ema21,holdout
2025-01-07 08:00:00+00:00,2652.1150000000002,2649.7062592087113,2656.932481582578,2025-01-07 11:30:00+00:00,2656.9174815825777,2.0,scaleout_tier_1,ema21,holdout
2025-01-07 08:00:00+00:00,2652.1150000000002,2649.7062592087113,2659.341222373867,2025-01-07 11:45:00+00:00,2659.3262223738666,3.0,scaleout_tier_2,ema21,holdout
2025-01-07 08:00:00+00:00,2652.1150000000002,2649.7062592087113,2661.749963165156,2025-01-07 12:30:00+00:00,2661.7349631651555,4.0,scaleout_tier_3,ema21,holdout
2025-01-08 01:45:00+00:00,2663.0150000000003,2660.716437292155,2667.6121254156906,2025-01-08 02:30:00+00:00,2660.701437292155,-1.0065258171765912,stop_hit,ema21,holdout
2025-01-08 04:15:00+00:00,2661.6150000000002,2659.559342198257,2665.7263156034865,2025-01-08 04:30:00+00:00,2659.544342198257,-1.0072969343378106,stop_hit,ema21,holdout
2025-01-08 05:00:00+00:00,2660.0150000000003,2658.0487535749166,2663.9474928501677,2025-01-08 05:45:00+00:00,2663.9324928501674,2.0,scaleout_tier_1,ema21,holdout
2025-01-08 05:00:00+00:00,2660.0150000000003,2658.0487535749166,2665.9137392752514,2025-01-08 06:30:00+00:00,2665.898739275251,3.0,scaleout_tier_2,ema21,holdout
2025-01-08 05:00:00+00:00,2660.0150000000003,2658.0487535749166,2667.879985700335,2025-01-08 09:30:00+00:00,2667.8649857003347,4.0,scaleout_tier_3,ema21,holdout
2025-01-08 11:45:00+00:00,2663.0150000000003,2660.6332442931775,2667.778511413646,2025-01-08 12:00:00+00:00,2662.9849999999997,-0.012595750233626695,trail_exit,ema21,holdout
2025-01-08 12:45:00+00:00,2663.8150000000005,2661.2365789061187,2668.971842187764,2025-01-08 13:00:00+00:00,2668.956842187764,2.0,scaleout_tier_1,ema21,holdout
2025-01-08 12:45:00+00:00,2663.8150000000005,2661.2365789061187,2668.971842187764,2025-01-08 13:15:00+00:00,2663.8,-0.005817513685378963,stop_hit,ema21,holdout
2025-01-08 13:45:00+00:00,2672.1150000000002,2668.4707688238664,2679.403462352268,2025-01-08 14:30:00+00:00,2679.3884623522677,2.0,scaleout_tier_1,ema21,holdout
2025-01-08 13:45:00+00:00,2672.1150000000002,2668.4707688238664,2683.047693528402,2025-01-08 16:30:00+00:00,2683.0326935284015,3.0,scaleout_tier_2,ema21,holdout
2025-01-08 13:45:00+00:00,2672.1150000000002,2668.4707688238664,2679.403462352268,2025-01-08 17:30:00+00:00,2672.1,-0.00411609452730734,stop_hit,ema21,holdout
2025-01-08 18:30:00+00:00,2672.9150000000004,2668.0068094276944,2682.7313811446124,2025-01-08 21:30:00+00:00,2681.1849999999995,1.684938650642814,eod_force_close,ema21,holdout
2025-01-09 01:45:00+00:00,2677.0150000000003,2674.4725478880255,2682.09990422395,2025-01-09 02:15:00+00:00,2674.457547888025,-1.0058998161380024,stop_hit,ema21,holdout
2025-01-09 05:00:00+00:00,2677.215,2674.7930501962687,2682.058899607463,2025-01-09 06:45:00+00:00,2682.0438996074627,2.0,scaleout_tier_1,ema21,holdout
2025-01-09 05:00:00+00:00,2677.215,2674.7930501962687,2682.058899607463,2025-01-09 08:00:00+00:00,2677.2,-0.0061933570948569565,stop_hit,ema21,holdout
2025-01-09 10:15:00+00:00,2682.215,2679.3076932900976,2688.029613419805,2025-01-09 11:15:00+00:00,2688.014613419805,2.0,scaleout_tier_1,ema21,holdout
2025-01-09 10:15:00+00:00,2682.215,2679.3076932900976,2690.9369201297077,2025-01-09 12:45:00+00:00,2690.9219201297074,3.0,scaleout_tier_2,ema21,holdout
2025-01-09 10:15:00+00:00,2682.215,2679.3076932900976,2693.84422683961,2025-01-09 13:30:00+00:00,2693.82922683961,4.0,scaleout_tier_3,ema21,holdout
2025-01-09 18:00:00+00:00,2685.5150000000003,2681.7324785743517,2693.0800428512975,2025-01-09 21:30:00+00:00,2691.3849999999998,1.5518748843551822,eod_force_close,ema21,holdout
2025-01-10 00:30:00+00:00,2694.215,2692.255378261505,2698.1342434769904,2025-01-10 05:15:00+00:00,2698.11924347699,2.0,scaleout_tier_1,h_ema21,holdout
2025-01-10 00:30:00+00:00,2694.215,2692.255378261505,2700.0938652154855,2025-01-10 06:15:00+00:00,2700.078865215485,3.0,scaleout_tier_2,h_ema21,holdout
2025-01-10 00:30:00+00:00,2694.215,2692.255378261505,2702.0534869539806,2025-01-10 06:45:00+00:00,2702.0384869539803,4.0,scaleout_tier_3,h_ema21,holdout
2025-01-10 10:15:00+00:00,2707.3150000000005,2704.222386110673,2713.5002277786552,2025-01-10 12:15:00+00:00,2704.207386110673,-1.0048502660005805,stop_hit,h_ema21,holdout
2025-01-10 14:00:00+00:00,2713.0150000000003,2708.0916138114276,2722.861772377146,2025-01-10 14:15:00+00:00,2722.8467723771455,2.0,scaleout_tier_1,h_ema21,holdout
2025-01-10 14:00:00+00:00,2713.0150000000003,2708.0916138114276,2727.7851585657186,2025-01-10 14:15:00+00:00,2727.7701585657182,3.0,scaleout_tier_2,h_ema21,holdout
2025-01-10 14:00:00+00:00,2713.0150000000003,2708.0916138114276,2722.861772377146,2025-01-10 16:15:00+00:00,2717.285,0.8672892672750837,trail_exit,h_ema21,holdout
2025-01-10 16:45:00+00:00,2723.0150000000003,2716.209138108336,2736.626723783329,2025-01-10 18:15:00+00:00,2716.1941381083357,-1.0022039824256057,stop_hit,h_ema21,holdout
2025-01-13 01:45:00+00:00,2714.3150000000005,2710.1994834060324,2722.5460331879367,2025-01-13 05:30:00+00:00,2711.8849999999998,-0.5904483542995,trail_exit,h_ema21,holdout
2025-01-13 06:00:00+00:00,2714.215,2711.159299205232,2720.3264015895365,2025-01-13 07:30:00+00:00,2711.1442992052316,-1.0049088575772895,stop_hit,h_ema21,holdout
2025-01-13 08:15:00+00:00,2712.715,2709.5384815513116,2719.068036897377,2025-01-13 09:15:00+00:00,2709.5234815513113,-1.0047221510728264,stop_hit,h_ema21,holdout
2025-01-13 09:45:00+00:00,2708.3150000000005,2704.7942636708567,2715.356472658288,2025-01-13 10:00:00+00:00,2704.7792636708564,-1.0042604724120239,stop_hit,h_ema21,holdout
2025-01-13 10:45:00+00:00,2704.6150000000002,2700.7534019602076,2712.3381960795855,2025-01-13 11:45:00+00:00,2700.7384019602073,-1.0038844022204685,stop_hit,h_ema21,holdout
2025-01-13 14:00:00+00:00,2689.4150000000004,2683.7694790006776,2700.706041998646,2025-01-13 14:30:00+00:00,2683.7544790006773,-1.0026569735551647,stop_hit,ema21,holdout
2025-01-13 15:00:00+00:00,2690.1150000000002,2684.441457068366,2701.4620858632684,2025-01-13 15:15:00+00:00,2684.426457068366,-1.0026438506205164,stop_hit,ema21,holdout
2025-01-13 16:30:00+00:00,2686.0150000000003,2680.2011737317816,2697.6426525364377,2025-01-13 17:00:00+00:00,2680.1861737317813,-1.002580056456507,stop_hit,ema21,holdout
2025-01-13 18:00:00+00:00,2682.1150000000002,2677.318720819467,2691.7075583610663,2025-01-13 18:15:00+00:00,2677.303720819467,-1.0031274242878123,stop_hit,ema21,holdout
2025-01-15 02:15:00+00:00,2689.3150000000005,2686.9948822836473,2693.955235432707,2025-01-15 06:00:00+00:00,2693.9402354327067,2.0,scaleout_tier_1,ema21,holdout
2025-01-15 02:15:00+00:00,2689.3150000000005,2686.9948822836473,2696.2753531490603,2025-01-15 06:30:00+00:00,2696.26035314906,3.0,scaleout_tier_2,ema21,holdout
2025-01-15 02:15:00+00:00,2689.3150000000005,2686.9948822836473,2698.5954708654135,2025-01-15 07:30:00+00:00,2698.580470865413,4.0,scaleout_tier_3,ema21,holdout
2025-01-15 08:15:00+00:00,2700.6150000000002,2698.301292663549,2705.242414672903,2025-01-15 12:45:00+00:00,2705.9849999999997,2.320950413821767,trail_exit,ema21,holdout
2025-01-15 13:15:00+00:00,2707.5150000000003,2704.878498831397,2712.788002337207,2025-01-15 13:30:00+00:00,2704.8634988313966,-1.0056893583734965,stop_hit,h_ema21,holdout
2025-01-15 18:15:00+00:00,2717.1150000000002,2712.636800737038,2726.071398525925,2025-01-15 21:30:00+00:00,2719.6849999999995,0.5738913900627093,eod_force_close,h_ema21,holdout
2025-01-17 01:45:00+00:00,2744.715,2741.9529284690525,2750.2391430618954,2025-01-17 05:30:00+00:00,2741.937928469052,-1.0054307065665244,stop_hit,h_ema21,holdout
2025-01-17 06:15:00+00:00,2742.4150000000004,2740.3352444932616,2746.574511013478,2025-01-17 06:45:00+00:00,2740.3202444932613,-1.0072123862404616,stop_hit,h_ema21,holdout
2025-01-17 08:45:00+00:00,2740.3150000000005,2738.092061146891,2744.7608777062196,2025-01-17 09:00:00+00:00,2738.0770611468906,-1.0067478239355727,stop_hit,h_ema21,holdout
2025-01-17 10:30:00+00:00,2732.0150000000003,2729.362374751775,2737.320250496451,2025-01-17 12:00:00+00:00,2737.3052504964508,2.0,scaleout_tier_1,h_ema50,holdout
2025-01-17 10:30:00+00:00,2732.0150000000003,2729.362374751775,2739.9728757446765,2025-01-17 12:15:00+00:00,2739.957875744676,3.0,scaleout_tier_2,h_ema50,holdout
2025-01-17 10:30:00+00:00,2732.0150000000003,2729.362374751775,2742.625500992902,2025-01-17 14:30:00+00:00,2742.6105009929015,4.0,scaleout_tier_3,h_ema50,holdout
2025-01-17 16:00:00+00:00,2749.8150000000005,2745.5166801080836,2758.4116397838343,2025-01-17 18:15:00+00:00,2748.4849999999997,-0.309423224293273,trail_exit,h_ema21,holdout
2025-01-20 01:30:00+00:00,2736.5150000000003,2732.989875032502,2743.565249934997,2025-01-20 03:30:00+00:00,2743.550249934997,2.0,scaleout_tier_1,h_ema21,holdout
2025-01-20 01:30:00+00:00,2736.5150000000003,2732.989875032502,2747.0903749024956,2025-01-20 04:45:00+00:00,2747.0753749024952,3.0,scaleout_tier_2,h_ema21,holdout
2025-01-20 01:30:00+00:00,2736.5150000000003,2732.989875032502,2750.615499869994,2025-01-20 06:15:00+00:00,2750.6004998699937,4.0,scaleout_tier_3,h_ema21,holdout
2025-01-20 11:15:00+00:00,2748.215,2745.3633835829432,2753.918232834114,2025-01-20 11:30:00+00:00,2745.348383582943,-1.005260174513867,stop_hit,h_ema21,holdout
2025-01-20 13:15:00+00:00,2749.4150000000004,2746.6094649859224,2755.0260700281565,2025-01-20 13:30:00+00:00,2746.594464985922,-1.0053465737996703,stop_hit,h_ema21,holdout
2025-01-20 18:30:00+00:00,2728.0150000000003,2723.1954490088247,2737.6541019823517,2025-01-20 23:00:00+00:00,2731.5849999999996,0.7407329036534155,eod_force_close,h_ema21,holdout
2025-01-21 11:45:00+00:00,2731.215,2727.3589769778255,2738.9270460443495,2025-01-21 13:00:00+00:00,2738.912046044349,2.0,scaleout_tier_1,h_ema21,holdout
2025-01-21 11:45:00+00:00,2731.215,2727.3589769778255,2742.783069066524,2025-01-21 14:30:00+00:00,2742.768069066524,3.0,scaleout_tier_2,h_ema21,holdout
2025-01-21 11:45:00+00:00,2731.215,2727.3589769778255,2746.639092088699,2025-01-21 14:30:00+00:00,2746.6240920886985,4.0,scaleout_tier_3,h_ema21,holdout
2025-01-22 00:45:00+00:00,2760.5150000000003,2758.127867133397,2765.289265733207,2025-01-22 06:15:00+00:00,2762.1849999999995,0.6995840170285508,trail_exit,h_ema21,holdout
2025-01-22 07:15:00+00:00,2765.4150000000004,2762.6007394098624,2771.0435211802765,2025-01-22 07:45:00+00:00,2762.585739409862,-1.0053299968215068,stop_hit,h_ema21,holdout
2025-01-22 10:30:00+00:00,2771.9150000000004,2768.8306507379853,2778.0836985240308,2025-01-22 11:15:00+00:00,2768.815650737985,-1.0048632624667568,stop_hit,h_ema21,holdout
2025-01-22 15:30:00+00:00,2766.3150000000005,2761.7907197772297,2775.363560445542,2025-01-22 21:00:00+00:00,2766.3849999999998,0.015472074352720796,trail_exit,h_ema21,holdout
2025-01-23 00:45:00+00:00,2765.0150000000003,2762.986937014998,2769.0711259700047,2025-01-23 04:00:00+00:00,2762.971937014998,-1.0073962199947706,stop_hit,h_ema21,holdout
2025-01-23 05:15:00+00:00,2762.1150000000002,2760.15436050154,2766.036278996921,2025-01-23 05:30:00+00:00,2760.1393605015396,-1.0076505650386556,stop_hit,h_ema21,holdout
2025-01-23 06:15:00+00:00,2762.8150000000005,2760.770619410779,2766.9037611784433,2025-01-23 07:00:00+00:00,2760.7556194107788,-1.0073371856881306,stop_hit,h_ema21,holdout
2025-01-23 08:00:00+00:00,2760.8150000000005,2758.6642692420396,2765.1164615159223,2025-01-23 09:15:00+00:00,2758.6492692420393,-1.0069743736842955,stop_hit,h_ema21,holdout
2025-01-23 10:45:00+00:00,2755.4150000000004,2752.477247186385,2761.2905056272316,2025-01-23 11:15:00+00:00,2761.2755056272313,2.0,scaleout_tier_1,h_ema21,holdout
2025-01-23 10:45:00+00:00,2755.4150000000004,2752.477247186385,2761.2905056272316,2025-01-23 12:00:00+00:00,2755.4,-0.005105943539840041,stop_hit,h_ema21,holdout
2025-01-23 14:30:00+00:00,2749.8150000000005,2745.2765962753706,2758.8918074492603,2025-01-23 14:45:00+00:00,2745.2615962753703,-1.0033051268486588,stop_hit,h_ema21,holdout
2025-01-23 15:45:00+00:00,2755.5150000000003,2750.4233779561177,2765.6982440877655,2025-01-23 16:00:00+00:00,2750.4083779561174,-1.002946015998644,stop_hit,h_ema21,holdout
2025-01-23 17:15:00+00:00,2762.3150000000005,2757.2487725185183,2772.447454962965,2025-01-23 21:30:00+00:00,2761.1849999999995,-0.22304564967351606,eod_force_close,h_ema21,holdout
2025-01-24 00:15:00+00:00,2764.715,2762.3136078098923,2769.5177843802157,2025-01-24 01:00:00+00:00,2769.5027843802154,2.0,scaleout_tier_1,h_ema21,holdout
2025-01-24 00:15:00+00:00,2764.715,2762.3136078098923,2771.9191765703235,2025-01-24 02:00:00+00:00,2771.904176570323,3.0,scaleout_tier_2,h_ema21,holdout
2025-01-24 00:15:00+00:00,2764.715,2762.3136078098923,2774.3205687604313,2025-01-24 02:00:00+00:00,2774.305568760431,4.0,scaleout_tier_3,h_ema21,holdout
2025-01-24 00:15:00+00:00,2764.715,2762.3136078098923,2776.721960950539,2025-01-24 02:00:00+00:00,2776.706960950539,5.0,scaleout_tier_4,h_ema21,holdout
2025-01-24 07:45:00+00:00,2780.6150000000002,2777.7698622844196,2786.3052754311616,2025-01-24 08:00:00+00:00,2777.7548622844192,-1.0052721525282182,stop_hit,h_ema21,holdout
2025-01-24 09:00:00+00:00,2780.9150000000004,2777.9719161699163,2786.8011676601686,2025-01-24 09:30:00+00:00,2777.956916169916,-1.0050966947821867,stop_hit,h_ema21,holdout
2025-01-24 12:15:00+00:00,2784.3150000000005,2781.1932165426692,2790.558566914663,2025-01-24 13:30:00+00:00,2790.5435669146627,2.0,scaleout_tier_1,h_ema21,holdout
2025-01-24 12:15:00+00:00,2784.3150000000005,2781.1932165426692,2790.558566914663,2025-01-24 14:15:00+00:00,2784.3,-0.004804945700221787,stop_hit,h_ema21,holdout
2025-01-24 15:15:00+00:00,2791.9150000000004,2787.490016036721,2800.764967926559,2025-01-24 15:45:00+00:00,2787.4750160367207,-1.0033898427937378,stop_hit,h_ema21,holdout
2025-01-24 16:30:00+00:00,2782.8150000000005,2778.2558803424954,2791.9332393150107,2025-01-24 16:45:00+00:00,2778.240880342495,-1.0032901088646873,stop_hit,h_ema21,holdout
2025-01-24 18:45:00+00:00,2780.5150000000003,2776.4828027300023,2788.5793945399964,2025-01-24 21:30:00+00:00,2777.6849999999995,-0.7018505818298431,eod_force_close,h_ema21,holdout
2025-01-28 05:00:00+00:00,2746.215,2743.3198217827826,2752.0053564344353,2025-01-28 06:15:00+00:00,2743.3048217827823,-1.0051810282044549,stop_hit,ema21,holdout
2025-01-28 07:15:00+00:00,2744.8150000000005,2742.4349179472997,2749.575164105402,2025-01-28 07:45:00+00:00,2742.4199179472994,-1.006302303730792,stop_hit,ema21,holdout
2025-01-28 08:45:00+00:00,2741.6150000000002,2738.925484700158,2746.9940305996847,2025-01-28 09:15:00+00:00,2746.9790305996844,2.0,scaleout_tier_1,ema21,holdout
2025-01-28 08:45:00+00:00,2741.6150000000002,2738.925484700158,2749.683545899527,2025-01-28 13:00:00+00:00,2749.6685458995266,3.0,scaleout_tier_2,ema21,holdout
2025-01-28 08:45:00+00:00,2741.6150000000002,2738.925484700158,2752.373061199369,2025-01-28 13:45:00+00:00,2752.358061199369,4.0,scaleout_tier_3,ema21,holdout
2025-01-28 16:15:00+00:00,2762.715,2759.735169816147,2768.6746603677066,2025-01-28 21:30:00+00:00,2770.785,2.708208019278607,eod_force_close,h_ema200,holdout
2025-01-29 08:00:00+00:00,2765.715,2763.8497214801037,2769.445557039793,2025-01-29 08:15:00+00:00,2769.430557039793,2.0,scaleout_tier_1,h_ema21,holdout
2025-01-29 08:00:00+00:00,2765.715,2763.8497214801037,2771.3108355596896,2025-01-29 08:15:00+00:00,2771.2958355596893,3.0,scaleout_tier_2,h_ema21,holdout
2025-01-29 08:00:00+00:00,2765.715,2763.8497214801037,2773.176114079586,2025-01-29 08:15:00+00:00,2773.161114079586,4.0,scaleout_tier_3,h_ema21,holdout
2025-01-29 18:30:00+00:00,2770.0150000000003,2766.5614259778986,2776.922148044204,2025-01-29 19:00:00+00:00,2766.5464259778983,-1.0043433266246307,stop_hit,h_ema21,holdout
2025-01-31 02:15:00+00:00,2850.5150000000003,2847.2640696959934,2857.016860608014,2025-01-31 02:30:00+00:00,2847.249069695993,-1.0046140638517655,stop_hit,h_ema21,holdout
2025-01-31 06:00:00+00:00,2847.0150000000003,2844.6032004092413,2851.8385991815185,2025-01-31 07:00:00+00:00,2844.588200409241,-1.0062194222346668,stop_hit,h_ema21,holdout
2025-01-31 10:30:00+00:00,2845.4150000000004,2842.5752395074805,2851.09452098504,2025-01-31 11:00:00+00:00,2842.56023950748,-1.0052821356025758,stop_hit,h_ema21,holdout
2025-01-31 12:00:00+00:00,2842.9150000000004,2840.0865937073495,2848.5718125853023,2025-01-31 13:30:00+00:00,2848.556812585302,2.0,scaleout_tier_1,h_ema21,holdout
2025-01-31 12:00:00+00:00,2842.9150000000004,2840.0865937073495,2851.400218877953,2025-01-31 14:30:00+00:00,2851.385218877953,3.0,scaleout_tier_2,h_ema21,holdout
2025-01-31 12:00:00+00:00,2842.9150000000004,2840.0865937073495,2854.228625170604,2025-01-31 14:45:00+00:00,2854.213625170604,4.0,scaleout_tier_3,h_ema21,holdout
2025-01-31 18:00:00+00:00,2843.1150000000002,2837.6048750944633,2854.135249811074,2025-01-31 18:15:00+00:00,2837.589875094463,-1.0027222613384417,stop_hit,h_ema21,holdout
2025-02-03 05:00:00+00:00,2811.6150000000002,2804.337978820029,2826.1690423599425,2025-02-03 08:00:00+00:00,2826.154042359942,2.0,scaleout_tier_1,h_ema21,holdout
2025-02-03 05:00:00+00:00,2811.6150000000002,2804.337978820029,2833.4460635399137,2025-02-03 11:00:00+00:00,2833.4310635399133,3.0,scaleout_tier_2,h_ema21,holdout
2025-02-03 05:00:00+00:00,2811.6150000000002,2804.337978820029,2840.723084719885,2025-02-03 12:30:00+00:00,2840.7080847198845,4.0,scaleout_tier_3,h_ema21,holdout
2025-02-03 16:00:00+00:00,2854.5150000000003,2847.969636399701,2867.605727200599,2025-02-03 21:30:00+00:00,2854.285,-0.03513937712947702,eod_force_close,h_ema21,holdout
2025-02-04 06:00:00+00:00,2847.4150000000004,2844.148651790457,2853.9476964190876,2025-02-04 06:15:00+00:00,2844.1336517904565,-1.0045922844222488,stop_hit,h_ema21,holdout
2025-02-04 07:45:00+00:00,2842.1150000000002,2838.4982304307573,2849.348539138486,2025-02-04 08:00:00+00:00,2838.483230430757,-1.0041473474362004,stop_hit,h_ema200,holdout
2025-02-04 10:00:00+00:00,2847.3150000000005,2843.710055971758,2854.524888056486,2025-02-04 10:15:00+00:00,2843.6950559717575,-1.0041609522596775,stop_hit,h_ema21,holdout
2025-02-04 11:00:00+00:00,2841.215,2837.65204689737,2848.3409062052606,2025-02-04 12:45:00+00:00,2848.3259062052603,2.0,scaleout_tier_1,h_ema21,holdout
2025-02-04 11:00:00+00:00,2841.215,2837.65204689737,2851.903859307891,2025-02-04 13:15:00+00:00,2851.8888593078905,3.0,scaleout_tier_2,h_ema21,holdout
2025-02-04 11:00:00+00:00,2841.215,2837.65204689737,2855.466812410521,2025-02-04 13:15:00+00:00,2855.4518124105207,4.0,scaleout_tier_3,h_ema21,holdout
2025-02-04 11:00:00+00:00,2841.215,2837.65204689737,2859.0297655131512,2025-02-04 13:15:00+00:00,2859.014765513151,5.0,scaleout_tier_4,h_ema21,holdout
2025-02-04 11:00:00+00:00,2841.215,2837.65204689737,2862.5927186157815,2025-02-04 13:15:00+00:00,2862.577718615781,6.0,scaleout_tier_5,h_ema21,holdout
2025-02-04 16:15:00+00:00,2866.3150000000005,2860.6286247021317,2877.687750595738,2025-02-04 21:30:00+00:00,2873.1849999999995,1.2081509995609594,eod_force_close,h_ema21,holdout
2025-02-05 11:30:00+00:00,2894.6150000000002,2890.7901846657774,2902.264630668446,2025-02-05 13:15:00+00:00,2890.775184665777,-1.0039217579646562,stop_hit,h_ema21,holdout
2025-02-05 14:15:00+00:00,2886.215,2881.8118507704316,2895.021298459137,2025-02-05 15:00:00+00:00,2895.006298459137,2.0,scaleout_tier_1,h_ema21,holdout
2025-02-05 14:15:00+00:00,2886.215,2881.8118507704316,2899.4244476887056,2025-02-05 15:30:00+00:00,2899.4094476887053,3.0,scaleout_tier_2,h_ema21,holdout
2025-02-05 14:15:00+00:00,2886.215,2881.8118507704316,2895.021298459137,2025-02-05 16:00:00+00:00,2890.285,0.9243384195721576,trail_exit,h_ema21,holdout
2025-02-06 00:45:00+00:00,2888.1150000000002,2885.075193326535,2894.1946133469305,2025-02-06 01:00:00+00:00,2885.0601933265348,-1.0049345243338217,stop_hit,h_ema21,holdout
2025-02-06 01:45:00+00:00,2888.715,2885.6307351519986,2894.8835296960033,2025-02-06 03:15:00+00:00,2885.6157351519983,-1.0048633955705997,stop_hit,h_ema21,holdout
2025-02-06 08:45:00+00:00,2877.9150000000004,2874.191589777538,2885.3618204449253,2025-02-06 11:30:00+00:00,2885.346820444925,2.0,scaleout_tier_1,h_ema200,holdout
2025-02-06 08:45:00+00:00,2877.9150000000004,2874.191589777538,2889.085230667388,2025-02-06 12:00:00+00:00,2889.0702306673875,3.0,scaleout_tier_2,h_ema200,holdout
2025-02-06 08:45:00+00:00,2877.9150000000004,2874.191589777538,2885.3618204449253,2025-02-06 13:00:00+00:00,2883.9849999999997,1.6302259588213959,trail_exit,h_ema200,holdout
2025-02-06 14:30:00+00:00,2881.215,2876.7952833429863,2890.054433314028,2025-02-06 14:45:00+00:00,2876.780283342986,-1.0033938827224418,stop_hit,h_ema21,holdout
2025-02-06 15:45:00+00:00,2872.9150000000004,2866.853407998281,2885.0381840034393,2025-02-06 21:30:00+00:00,2879.9849999999997,1.1663602561825,eod_force_close,h_ema21,holdout
2025-02-07 07:15:00+00:00,2886.9150000000004,2884.4042706106534,2891.9364587786945,2025-02-07 09:00:00+00:00,2891.921458778694,2.0,scaleout_tier_1,h_ema21,holdout
2025-02-07 07:15:00+00:00,2886.9150000000004,2884.4042706106534,2891.9364587786945,2025-02-07 10:15:00+00:00,2886.9,-0.005974359508424948,stop_hit,h_ema21,holdout
2025-02-07 13:30:00+00:00,2885.9150000000004,2882.8311972830165,2892.082605433968,2025-02-07 13:45:00+00:00,2882.816197283016,-1.0048641243869836,stop_hit,h_ema21,holdout
2025-02-07 18:00:00+00:00,2884.5150000000003,2878.025207364777,2897.494585270447,2025-02-07 21:30:00+00:00,2888.785,0.6579563076983654,eod_force_close,h_ema21,holdout
2025-02-10 06:00:00+00:00,2906.0150000000003,2901.0122977913575,2916.020404417286,2025-02-10 07:15:00+00:00,2916.0054044172857,2.0,scaleout_tier_1,h_ema21,holdout
2025-02-10 06:00:00+00:00,2906.0150000000003,2901.0122977913575,2921.023106625929,2025-02-10 08:15:00+00:00,2921.0081066259286,3.0,scaleout_tier_2,h_ema21,holdout
2025-02-10 06:00:00+00:00,2906.0150000000003,2901.0122977913575,2926.0258088345718,2025-02-10 09:00:00+00:00,2926.0108088345714,4.0,scaleout_tier_3,h_ema21,holdout
2025-02-10 14:30:00+00:00,2929.5150000000003,2924.74490621903,2939.0551875619412,2025-02-10 21:30:00+00:00,2934.6849999999995,1.0838361334999473,eod_force_close,h_ema21,holdout
2025-02-11 03:30:00+00:00,2951.4150000000004,2944.819710915579,2964.6055781688433,2025-02-11 03:45:00+00:00,2944.8047109155787,-1.0022743506476097,stop_hit,h_ema21,holdout
2025-02-11 05:15:00+00:00,2944.6150000000002,2939.23028130178,2955.3844373964407,2025-02-11 07:00:00+00:00,2939.2152813017797,-1.0027856608378234,stop_hit,h_ema21,holdout
2025-02-11 14:15:00+00:00,2925.3150000000005,2918.7906675858067,2938.363664828388,2025-02-11 15:00:00+00:00,2918.7756675858063,-1.0022990857988312,stop_hit,h_ema21,holdout
2025-02-11 15:45:00+00:00,2931.3150000000005,2924.3214429181535,2945.3021141636946,2025-02-11 20:15:00+00:00,2924.306442918153,-1.0021448312818182,stop_hit,h_ema21,holdout
2025-02-12 02:15:00+00:00,2922.0150000000003,2918.4022084321377,2929.2405831357255,2025-02-12 03:00:00+00:00,2918.3872084321374,-1.0041519140306236,stop_hit,h_ema21,holdout
2025-02-12 04:30:00+00:00,2916.1150000000002,2912.692222197786,2922.9605556044285,2025-02-12 04:45:00+00:00,2912.677222197786,-1.0043824054224684,stop_hit,h_ema200,holdout
2025-02-12 06:15:00+00:00,2916.6150000000002,2913.024298911936,2923.7964021761286,2025-02-12 08:15:00+00:00,2913.0092989119357,-1.0041774571685147,stop_hit,h_ema21,holdout
2025-02-12 10:30:00+00:00,2915.3150000000005,2911.756674203313,2922.431651593375,2025-02-12 10:45:00+00:00,2911.741674203313,-1.0042154656030349,stop_hit,h_ema21,holdout
2025-02-12 11:45:00+00:00,2908.715,2904.66565623693,2916.8136875261407,2025-02-12 12:00:00+00:00,2904.6506562369295,-1.0037043039262623,stop_hit,h_ema21,holdout
2025-02-12 12:30:00+00:00,2908.4150000000004,2904.5022418923236,2916.240516215354,2025-02-12 13:00:00+00:00,2904.4872418923233,-1.0038336129112857,stop_hit,h_ema21,holdout
2025-02-12 14:00:00+00:00,2909.6150000000002,2903.439446506537,2921.9661069869267,2025-02-12 14:15:00+00:00,2921.9511069869263,2.0,scaleout_tier_1,h_ema21,holdout
2025-02-12 14:00:00+00:00,2909.6150000000002,2903.439446506537,2928.14166048039,2025-02-12 16:45:00+00:00,2928.1266604803895,3.0,scaleout_tier_2,h_ema21,holdout
2025-02-12 14:00:00+00:00,2909.6150000000002,2903.439446506537,2934.317213973853,2025-02-12 17:00:00+00:00,2934.3022139738528,4.0,scaleout_tier_3,h_ema21,holdout
2025-02-13 00:45:00+00:00,2933.8150000000005,2930.4683485442542,2940.508302911493,2025-02-13 01:00:00+00:00,2930.453348544254,-1.0044820920847828,stop_hit,h_ema21,holdout
2025-02-13 07:00:00+00:00,2942.9150000000004,2939.5954523459623,2949.5540953080767,2025-02-13 08:00:00+00:00,2939.580452345962,-1.004518687954993,stop_hit,h_ema21,holdout
2025-02-13 11:45:00+00:00,2945.0150000000003,2941.4786405716964,2952.0877188566083,2025-02-13 13:00:00+00:00,2941.463640571696,-1.0042416502916167,stop_hit,h_ema21,holdout
2025-02-13 14:15:00+00:00,2939.215,2934.241538719439,2949.161922561122,2025-02-13 20:00:00+00:00,2949.1469225611218,2.0,scaleout_tier_1,h_ema21,holdout
2025-02-13 14:15:00+00:00,2939.215,2934.241538719439,2954.135383841683,2025-02-13 20:15:00+00:00,2954.1203838416827,3.0,scaleout_tier_2,h_ema21,holdout
2025-02-13 14:15:00+00:00,2939.215,2934.241538719439,2949.161922561122,2025-02-13 21:30:00+00:00,2957.1849999999995,3.6131778225028155,eod_force_close,h_ema21,holdout
2025-02-14 01:15:00+00:00,2961.0150000000003,2957.737075318188,2967.570849363625,2025-02-14 02:00:00+00:00,2957.7220753181878,-1.0045760660955865,stop_hit,h_ema21,holdout
2025-02-14 08:15:00+00:00,2960.4150000000004,2957.3693318776177,2966.506336244766,2025-02-14 11:30:00+00:00,2957.3543318776174,-1.0049250277435324,stop_hit,h_ema21,holdout
2025-02-14 12:15:00+00:00,2954.8150000000005,2951.799206444067,2960.846587111868,2025-02-14 12:30:00+00:00,2951.7842064440665,-1.0049738152569543,stop_hit,h_ema21,holdout
2025-02-14 13:00:00+00:00,2954.215,2951.0473620836788,2960.550275832643,2025-02-14 13:15:00+00:00,2951.0323620836784,-1.004735389712012,stop_hit,h_ema21,holdout
2025-03-03 03:45:00+00:00,2874.6150000000002,2870.0904306278658,2883.664138744269,2025-03-03 05:45:00+00:00,2870.0754306278654,-1.0033152326258292,stop_hit,ema21,holdout
2025-03-03 07:00:00+00:00,2875.6150000000002,2872.1124229474626,2882.6201541050755,2025-03-03 07:15:00+00:00,2872.0974229474623,-1.0042825610330142,stop_hit,ema21,holdout
2025-03-03 08:00:00+00:00,2873.3150000000005,2869.842793023805,2880.2594139523917,2025-03-03 08:15:00+00:00,2869.8277930238046,-1.004320018968674,stop_hit,ema21,holdout
2025-03-03 08:45:00+00:00,2875.0150000000003,2871.150080638957,2882.7448387220866,2025-03-03 11:00:00+00:00,2882.7298387220862,2.0,scaleout_tier_1,ema21,holdout
2025-03-03 08:45:00+00:00,2875.0150000000003,2871.150080638957,2886.6097580831297,2025-03-03 12:30:00+00:00,2886.5947580831294,3.0,scaleout_tier_2,ema21,holdout
2025-03-03 08:45:00+00:00,2875.0150000000003,2871.150080638957,2890.474677444173,2025-03-03 15:00:00+00:00,2890.4596774441725,4.0,scaleout_tier_3,ema21,holdout
2025-03-03 16:30:00+00:00,2898.9150000000004,2893.8939602158416,2908.957079568318,2025-03-03 19:45:00+00:00,2893.8789602158413,-1.002987429027679,stop_hit,h_ema21,holdout
2025-03-04 00:15:00+00:00,2903.5150000000003,2899.828694073933,2910.887611852135,2025-03-04 01:00:00+00:00,2899.8136940739328,-1.004069114257245,stop_hit,h_ema21,holdout
2025-03-04 02:45:00+00:00,2899.0150000000003,2895.0430621722016,2906.9588756555977,2025-03-04 03:00:00+00:00,2895.0280621722013,-1.0037764941574225,stop_hit,h_ema21,holdout
2025-03-04 04:30:00+00:00,2899.1150000000002,2895.328841705608,2906.687316588785,2025-03-04 06:30:00+00:00,2895.3138417056075,-1.0039617994901437,stop_hit,h_ema21,holdout
2025-03-04 15:15:00+00:00,2921.715,2915.625556510061,2933.8938869798785,2025-03-04 15:45:00+00:00,2915.6105565100606,-1.0024632792840775,stop_hit,h_ema21,holdout
2025-03-04 16:15:00+00:00,2920.0150000000003,2913.71327427332,2932.6184514533606,2025-03-04 21:30:00+00:00,2926.1849999999995,0.9790968803794017,eod_force_close,h_ema21,holdout
2025-03-05 00:30:00+00:00,2926.5150000000003,2923.2970309540583,2932.9509380918844,2025-03-05 01:00:00+00:00,2923.282030954058,-1.0046613251358782,stop_hit,h_ema21,holdout
2025-03-05 01:30:00+00:00,2920.5150000000003,2916.75444153683,2928.0361169263406,2025-03-05 02:00:00+00:00,2916.73944153683,-1.0039887692605323,stop_hit,h_ema21,holdout
2025-03-05 02:45:00+00:00,2917.9150000000004,2913.54755315221,2926.649893695581,2025-03-05 05:45:00+00:00,2926.6348936955806,2.0,scaleout_tier_1,h_ema21,holdout
2025-03-05 02:45:00+00:00,2917.9150000000004,2913.54755315221,2931.017340543371,2025-03-05 08:00:00+00:00,2931.002340543371,3.0,scaleout_tier_2,h_ema21,holdout
2025-03-05 02:45:00+00:00,2917.9150000000004,2913.54755315221,2926.649893695581,2025-03-05 10:45:00+00:00,2923.3849999999998,1.252447984058916,trail_exit,h_ema21,holdout
2025-03-05 14:45:00+00:00,2924.6150000000002,2918.3307224883997,2937.1835550232013,2025-03-05 15:00:00+00:00,2918.3157224883994,-1.0023869092306377,stop_hit,h_ema21,holdout
2025-03-05 16:15:00+00:00,2934.1150000000002,2927.041967458355,2948.2610650832908,2025-03-05 17:15:00+00:00,2927.0269674583546,-1.0021207310883993,stop_hit,h_ema21,holdout
2025-03-05 18:15:00+00:00,2926.715,2920.1376186932416,2939.869762613517,2025-03-05 21:30:00+00:00,2929.285,0.3907330106221651,eod_force_close,h_ema21,holdout
2025-03-06 01:15:00+00:00,2927.4150000000004,2924.4363365636573,2933.3723268726867,2025-03-06 02:00:00+00:00,2933.3573268726864,2.0,scaleout_tier_1,h_ema21,holdout
2025-03-06 01:15:00+00:00,2927.4150000000004,2924.4363365636573,2933.3723268726867,2025-03-06 04:00:00+00:00,2927.4,-0.00503581566729227,stop_hit,h_ema21,holdout
2025-03-06 05:45:00+00:00,2926.9150000000004,2924.1649242169137,2932.415151566174,2025-03-06 07:15:00+00:00,2924.1499242169134,-1.0054543951452464,stop_hit,h_ema21,holdout
2025-03-06 11:30:00+00:00,2912.0150000000003,2906.9134177130186,2922.218164573964,2025-03-06 12:30:00+00:00,2906.8984177130183,-1.0029402642467622,stop_hit,h_ema21,holdout
2025-03-06 16:00:00+00:00,2923.1150000000002,2917.224094457064,2934.8968110858727,2025-03-06 20:45:00+00:00,2917.2090944570637,-1.0025462978299344,stop_hit,h_ema21,holdout
2025-03-07 00:45:00+00:00,2912.8150000000005,2908.6114895227793,2921.222020954443,2025-03-07 07:30:00+00:00,2921.2070209544427,2.0,scaleout_tier_1,h_ema21,holdout
2025-03-07 00:45:00+00:00,2912.8150000000005,2908.6114895227793,2925.4255314316642,2025-03-07 08:15:00+00:00,2925.410531431664,3.0,scaleout_tier_2,h_ema21,holdout
2025-03-07 00:45:00+00:00,2912.8150000000005,2908.6114895227793,2929.6290419088855,2025-03-07 08:45:00+00:00,2929.614041908885,4.0,scaleout_tier_3,h_ema21,holdout
2025-03-07 11:15:00+00:00,2929.6150000000002,2926.4722817529505,2935.9004364940997,2025-03-07 11:30:00+00:00,2926.45728175295,-1.004772938208638,stop_hit,h_ema21,holdout
2025-03-07 13:45:00+00:00,2930.1150000000002,2925.6622616251125,2939.0204767497758,2025-03-07 14:00:00+00:00,2925.647261625112,-1.0033687135280445,stop_hit,h_ema21,holdout
2025-03-10 01:15:00+00:00,2924.8150000000005,2921.4014978740042,2931.642004251993,2025-03-10 01:30:00+00:00,2921.386497874004,-1.0043943139469846,stop_hit,h_ema21,holdout
2025-03-10 03:15:00+00:00,2918.4150000000004,2915.0227275338775,2925.199544932246,2025-03-10 03:30:00+00:00,2915.007727533877,-1.0044218146243045,stop_hit,h_ema21,holdout
2025-03-10 05:45:00+00:00,2915.715,2912.630088215482,2921.8848235690366,2025-03-10 07:45:00+00:00,2912.6150882154816,-1.0048623756684407,stop_hit,h_ema21,holdout
2025-03-10 09:15:00+00:00,2915.4150000000004,2910.968434055138,2924.3081318897252,2025-03-10 10:15:00+00:00,2910.9534340551377,-1.0033733897543247,stop_hit,ema21,holdout
2025-03-10 11:00:00+00:00,2909.9150000000004,2905.0637734704014,2919.6174530591984,2025-03-10 11:15:00+00:00,2905.048773470401,-1.0030920015605966,stop_hit,h_ema21,holdout
2025-03-10 12:00:00+00:00,2910.4150000000004,2905.2772688225773,2920.6904623548467,2025-03-10 13:30:00+00:00,2905.262268822577,-1.002919576654038,stop_hit,ema21,holdout
2025-03-11 00:15:00+00:00,2891.5150000000003,2887.8079855058472,2898.9290289883065,2025-03-11 01:00:00+00:00,2887.792985505847,-1.0040463828841204,stop_hit,ema21,holdout
2025-03-11 01:30:00+00:00,2891.9150000000004,2887.69214506497,2900.360709870061,2025-03-11 02:15:00+00:00,2900.3457098700605,2.0,scaleout_tier_1,ema21,holdout
2025-03-11 01:30:00+00:00,2891.9150000000004,2887.69214506497,2904.583564805091,2025-03-11 06:45:00+00:00,2904.568564805091,3.0,scaleout_tier_2,ema21,holdout
2025-03-11 01:30:00+00:00,2891.9150000000004,2887.69214506497,2908.8064197401213,2025-03-11 08:00:00+00:00,2908.791419740121,4.0,scaleout_tier_3,ema21,holdout
2025-03-11 17:00:00+00:00,2923.1150000000002,2918.986602560787,2931.3717948784265,2025-03-11 22:00:00+00:00,2922.285,-0.20104653493791994,eod_force_close,h_ema21,holdout
2025-03-12 01:30:00+00:00,2921.215,2918.5618111281015,2926.5213777437975,2025-03-12 04:15:00+00:00,2918.546811128101,-1.0056535741421202,stop_hit,h_ema21,holdout
2025-03-12 05:45:00+00:00,2920.715,2918.307651997774,2925.5296960044525,2025-03-12 06:45:00+00:00,2918.2926519977736,-1.0062309229851505,stop_hit,h_ema21,holdout
2025-03-12 07:45:00+00:00,2918.0150000000003,2915.161805016046,2923.721389967909,2025-03-12 08:30:00+00:00,2923.7063899679088,2.0,scaleout_tier_1,h_ema21,holdout
2025-03-12 07:45:00+00:00,2918.0150000000003,2915.161805016046,2926.5745849518635,2025-03-12 08:45:00+00:00,2926.559584951863,3.0,scaleout_tier_2,h_ema21,holdout
2025-03-12 07:45:00+00:00,2918.0150000000003,2915.161805016046,2923.721389967909,2025-03-12 09:30:00+00:00,2921.285,1.1460836074608107,trail_exit,h_ema21,holdout
2025-03-12 10:15:00+00:00,2921.3150000000005,2918.024927684805,2927.8951446303918,2025-03-12 12:00:00+00:00,2918.0099276848046,-1.0045591703048737,stop_hit,h_ema21,holdout
2025-03-13 01:00:00+00:00,2946.215,2943.8034796639436,2951.0380406721133,2025-03-13 02:45:00+00:00,2951.023040672113,2.0,scaleout_tier_1,h_ema21,holdout
2025-03-13 01:00:00+00:00,2946.215,2943.8034796639436,2953.44956100817,2025-03-13 03:45:00+00:00,2953.4345610081696,3.0,scaleout_tier_2,h_ema21,holdout
2025-03-13 01:00:00+00:00,2946.215,2943.8034796639436,2951.0380406721133,2025-03-13 05:15:00+00:00,2949.5849999999996,1.3974586693762652,trail_exit,h_ema21,holdout
2025-03-13 08:00:00+00:00,2944.8150000000005,2942.207836782974,2950.0293264340535,2025-03-13 08:15:00+00:00,2950.014326434053,2.0,scaleout_tier_1,h_ema21,holdout
2025-03-13 08:00:00+00:00,2944.8150000000005,2942.207836782974,2952.63648965108,2025-03-13 08:30:00+00:00,2952.6214896510796,3.0,scaleout_tier_2,h_ema21,holdout
2025-03-13 08:00:00+00:00,2944.8150000000005,2942.207836782974,2955.2436528681064,2025-03-13 09:30:00+00:00,2955.228652868106,4.0,scaleout_tier_3,h_ema21,holdout
2025-03-13 11:45:00+00:00,2956.9150000000004,2953.9815484875,2962.7819030250016,2025-03-13 12:15:00+00:00,2953.9665484874995,-1.0051134303520637,stop_hit,h_ema21,holdout
2025-03-13 13:30:00+00:00,2954.1150000000002,2950.1889721535035,2961.9670556929937,2025-03-13 14:00:00+00:00,2961.9520556929933,2.0,scaleout_tier_1,h_ema21,holdout
2025-03-13 13:30:00+00:00,2954.1150000000002,2950.1889721535035,2965.8930835394904,2025-03-13 14:30:00+00:00,2965.87808353949,3.0,scaleout_tier_2,h_ema21,holdout
2025-03-13 13:30:00+00:00,2954.1150000000002,2950.1889721535035,2969.819111385987,2025-03-13 14:30:00+00:00,2969.8041113859867,4.0,scaleout_tier_3,h_ema21,holdout
2025-03-13 13:30:00+00:00,2954.1150000000002,2950.1889721535035,2973.745139232484,2025-03-13 14:30:00+00:00,2973.7301392324835,5.0,scaleout_tier_4,h_ema21,holdout
2025-03-14 05:45:00+00:00,2998.715,2995.474743741442,3005.195512517116,2025-03-14 06:15:00+00:00,2995.459743741442,-1.0046292634913396,stop_hit,h_ema21,holdout
2025-03-14 06:45:00+00:00,2998.4150000000004,2995.120386844006,3005.004226311989,2025-03-14 07:00:00+00:00,2995.105386844006,-1.0045528865727487,stop_hit,h_ema21,holdout
2025-03-14 12:45:00+00:00,3010.715,3005.99455983982,3020.1558803203607,2025-03-14 13:00:00+00:00,3005.9795598398196,-1.0031776697704722,stop_hit,h_ema21,holdout
2025-03-14 14:15:00+00:00,3002.3150000000005,2996.428633038063,3014.087733923876,2025-03-14 14:30:00+00:00,2996.4136330380625,-1.0025482611086465,stop_hit,h_ema21,holdout
2025-03-14 15:45:00+00:00,2993.3150000000005,2987.2773203967445,3005.3903592065126,2025-03-14 19:45:00+00:00,2991.9849999999997,-0.22028330209565708,trail_exit,h_ema21,holdout
2025-03-17 05:30:00+00:00,2992.9150000000004,2990.4074808363307,2997.93003832734,2025-03-17 06:15:00+00:00,2997.9150383273395,2.0,scaleout_tier_1,h_ema21,holdout
2025-03-17 05:30:00+00:00,2992.9150000000004,2990.4074808363307,2997.93003832734,2025-03-17 07:45:00+00:00,2992.9,-0.005982008120877197,stop_hit,h_ema21,holdout
2025-03-17 13:15:00+00:00,2996.715,2992.678341254081,3004.788317491839,2025-03-17 14:15:00+00:00,3004.7733174918385,2.0,scaleout_tier_1,h_ema21,holdout
2025-03-17 13:15:00+00:00,2996.715,2992.678341254081,3008.824976237758,2025-03-17 20:00:00+00:00,3008.809976237758,3.0,scaleout_tier_2,h_ema21,holdout
2025-03-17 13:15:00+00:00,2996.715,2992.678341254081,3004.788317491839,2025-03-17 22:00:00+00:00,3009.3849999999998,3.138734482524124,eod_force_close,h_ema21,holdout
2025-03-18 06:15:00+00:00,3024.1150000000002,3020.850140927898,3030.644718144205,2025-03-18 08:15:00+00:00,3030.6297181442046,2.0,scaleout_tier_1,h_ema21,holdout
2025-03-18 06:15:00+00:00,3024.1150000000002,3020.850140927898,3033.9095772163073,2025-03-18 08:30:00+00:00,3033.894577216307,3.0,scaleout_tier_2,h_ema21,holdout
2025-03-18 06:15:00+00:00,3024.1150000000002,3020.850140927898,3037.1744362884097,2025-03-18 12:00:00+00:00,3037.1594362884093,4.0,scaleout_tier_3,h_ema21,holdout
2025-03-18 12:45:00+00:00,3042.715,3038.545838333311,3051.053323333378,2025-03-18 13:30:00+00:00,3038.530838333311,-1.003597845610108,stop_hit,h_ema21,holdout
2025-03-18 17:00:00+00:00,3043.8150000000005,3039.3162691784255,3052.8124616431505,2025-03-18 17:15:00+00:00,3039.301269178425,-1.0033342737308022,stop_hit,h_ema21,holdout
2025-03-19 00:30:00+00:00,3040.215,3038.002252493277,3044.6404950134465,2025-03-19 00:45:00+00:00,3037.9872524932766,-1.0067789026785712,stop_hit,h_ema21,holdout
2025-03-19 01:30:00+00:00,3037.0150000000003,3034.7492466279805,3041.54650674404,2025-03-19 04:00:00+00:00,3041.5315067440397,2.0,scaleout_tier_1,h_ema21,holdout
2025-03-19 01:30:00+00:00,3037.0150000000003,3034.7492466279805,3043.81226011606,2025-03-19 04:15:00+00:00,3043.7972601160595,3.0,scaleout_tier_2,h_ema21,holdout
2025-03-19 01:30:00+00:00,3037.0150000000003,3034.7492466279805,3046.0780134880797,2025-03-19 05:00:00+00:00,3046.0630134880794,4.0,scaleout_tier_3,h_ema21,holdout
2025-03-19 06:45:00+00:00,3047.8150000000005,3044.4369107088046,3054.5711785823923,2025-03-19 07:45:00+00:00,3044.4219107088043,-1.004440379962549,stop_hit,h_ema21,holdout
2025-03-19 09:45:00+00:00,3038.715,3034.9779830470516,3046.1890339058973,2025-03-19 11:15:00+00:00,3046.174033905897,2.0,scaleout_tier_1,h_ema21,holdout
2025-03-19 09:45:00+00:00,3038.715,3034.9779830470516,3046.1890339058973,2025-03-19 13:30:00+00:00,3038.7,-0.004013896695997626,stop_hit,h_ema21,holdout
2025-03-19 14:00:00+00:00,3041.715,3037.45383767657,3050.2373246468605,2025-03-19 14:15:00+00:00,3037.4388376765696,-1.0035201662977844,stop_hit,h_ema21,holdout
2025-03-19 15:15:00+00:00,3040.8150000000005,3036.284479713525,3049.8760405729518,2025-03-19 18:30:00+00:00,3049.8610405729514,2.0,scaleout_tier_1,h_ema21,holdout
2025-03-19 15:15:00+00:00,3040.8150000000005,3036.284479713525,3054.4065608594274,2025-03-19 18:30:00+00:00,3054.391560859427,3.0,scaleout_tier_2,h_ema21,holdout
2025-03-19 15:15:00+00:00,3040.8150000000005,3036.284479713525,3049.8760405729518,2025-03-19 22:00:00+00:00,3057.9849999999997,3.7898516978843584,eod_force_close,h_ema21,holdout
2025-03-20 04:00:00+00:00,3057.9150000000004,3054.6256142187162,3064.493771562569,2025-03-20 04:30:00+00:00,3064.4787715625685,2.0,scaleout_tier_1,h_ema21,holdout
2025-03-20 04:00:00+00:00,3057.9150000000004,3054.6256142187162,3064.493771562569,2025-03-20 05:15:00+00:00,3057.9,-0.004560121857908498,stop_hit,h_ema21,holdout
2025-03-20 09:15:00+00:00,3050.8150000000005,3047.32986185928,3057.785276281442,2025-03-20 10:00:00+00:00,3047.3148618592795,-1.0043039900843718,stop_hit,h_ema21,holdout
2025-03-20 11:00:00+00:00,3041.5150000000003,3037.4910942215683,3049.5628115568643,2025-03-20 11:15:00+00:00,3037.476094221568,-1.0037277214791478,stop_hit,h_ema21,holdout
2025-03-20 12:00:00+00:00,3042.215,3038.045894082211,3050.5532118355786,2025-03-20 13:15:00+00:00,3038.0308940822106,-1.0035978937201675,stop_hit,h_ema200,holdout
2025-03-20 13:45:00+00:00,3042.3150000000005,3037.5382178150803,3051.868564369841,2025-03-20 18:00:00+00:00,3051.8535643698406,2.0,scaleout_tier_1,h_ema21,holdout
2025-03-20 13:45:00+00:00,3042.3150000000005,3037.5382178150803,3051.868564369841,2025-03-20 22:00:00+00:00,3052.5849999999996,2.1499828969427157,eod_force_close,h_ema21,holdout
2025-03-21 03:00:00+00:00,3043.4150000000004,3040.990814826357,3048.263370347287,2025-03-21 03:15:00+00:00,3040.975814826357,-1.006187646126795,stop_hit,h_ema21,holdout
2025-03-21 06:15:00+00:00,3037.6150000000002,3034.4748637844627,3043.895272431075,2025-03-21 08:15:00+00:00,3034.4598637844624,-1.0047768628399325,stop_hit,h_ema21,holdout
2025-03-21 08:45:00+00:00,3039.8150000000005,3036.2826996424033,3046.879600715195,2025-03-21 09:00:00+00:00,3036.267699642403,-1.0042465244972913,stop_hit,h_ema21,holdout
2025-03-21 11:15:00+00:00,3039.3150000000005,3036.2001034705613,3045.544793058879,2025-03-21 13:30:00+00:00,3036.185103470561,-1.0048155692680514,stop_hit,h_ema21,holdout
2025-03-21 14:30:00+00:00,3014.0150000000003,3008.155597561022,3025.7338048779566,2025-03-21 18:30:00+00:00,3025.7188048779562,2.0,scaleout_tier_1,h_ema21,holdout
2025-03-21 14:30:00+00:00,3014.0150000000003,3008.155597561022,3025.7338048779566,2025-03-23 22:00:00+00:00,3027.5849999999996,2.315935821326834,eod_force_close,h_ema21,holdout
2025-03-24 01:15:00+00:00,3027.5150000000003,3024.5382544179333,3033.4684911641343,2025-03-24 02:30:00+00:00,3024.523254417933,-1.0050390601369137,stop_hit,h_ema21,holdout
2025-03-24 03:15:00+00:00,3021.6150000000002,3018.320785983825,3028.203428032351,2025-03-24 06:30:00+00:00,3028.1884280323507,2.0,scaleout_tier_1,h_ema21,holdout
2025-03-24 03:15:00+00:00,3021.6150000000002,3018.320785983825,3031.4976420485264,2025-03-24 08:45:00+00:00,3031.482642048526,3.0,scaleout_tier_2,h_ema21,holdout
2025-03-24 03:15:00+00:00,3021.6150000000002,3018.320785983825,3034.7918560647017,2025-03-24 10:15:00+00:00,3034.7768560647014,4.0,scaleout_tier_3,h_ema21,holdout
2025-03-24 12:15:00+00:00,3032.0150000000003,3028.917627726031,3038.2097445479394,2025-03-24 12:45:00+00:00,3028.9026277260305,-1.0048428147066428,stop_hit,h_ema21,holdout
2025-03-24 13:15:00+00:00,3032.215,3029.0363205561007,3038.572358887799,2025-03-24 13:30:00+00:00,3029.0213205561004,-1.004718940763,stop_hit,h_ema21,holdout
2025-03-24 15:45:00+00:00,3019.6150000000002,3014.7682325382843,3029.308534923432,2025-03-24 16:30:00+00:00,3014.753232538284,-1.0030948462287104,stop_hit,h_ema21,holdout
2025-03-24 19:15:00+00:00,3014.0150000000003,3010.306997322333,3021.4310053553354,2025-03-24 22:00:00+00:00,3017.4849999999997,0.935813779450153,eod_force_close,h_ema21,holdout
2025-03-25 05:00:00+00:00,3019.8150000000005,3017.5362485191185,3024.3725029617644,2025-03-25 05:15:00+00:00,3024.357502961764,2.0,scaleout_tier_1,h_ema50,holdout
2025-03-25 05:00:00+00:00,3019.8150000000005,3017.5362485191185,3024.3725029617644,2025-03-25 06:15:00+00:00,3019.8,-0.006582551948368602,stop_hit,h_ema50,holdout
2025-03-25 10:00:00+00:00,3027.3150000000005,3024.437202398185,3033.0705952036315,2025-03-25 11:45:00+00:00,3024.4222023981847,-1.0052123193065643,stop_hit,h_ema21,holdout
2025-03-25 16:45:00+00:00,3030.1150000000002,3025.821449111429,3038.7021017771426,2025-03-25 17:15:00+00:00,3025.8064491114287,-1.003493611788847,stop_hit,h_ema21,holdout
2025-03-25 19:15:00+00:00,3024.5150000000003,3021.1678532924357,3031.2092934151297,2025-03-25 22:00:00+00:00,3025.785,0.3794276471746175,eod_force_close,h_ema21,holdout
2025-03-26 01:45:00+00:00,3026.1150000000002,3023.89365904096,3030.557681918081,2025-03-26 03:15:00+00:00,3023.8786590409595,-1.0067526778990323,stop_hit,h_ema21,holdout
2025-03-26 05:45:00+00:00,3023.0150000000003,3020.683761912832,3027.6774761743372,2025-03-26 06:00:00+00:00,3027.662476174337,2.0,scaleout_tier_1,h_ema21,holdout
2025-03-26 05:45:00+00:00,3023.0150000000003,3020.683761912832,3030.0087142615057,2025-03-26 07:00:00+00:00,3029.9937142615054,3.0,scaleout_tier_2,h_ema21,holdout
2025-03-26 05:45:00+00:00,3023.0150000000003,3020.683761912832,3032.339952348674,2025-03-26 07:30:00+00:00,3032.324952348674,4.0,scaleout_tier_3,h_ema21,holdout
2025-03-26 10:30:00+00:00,3028.1150000000002,3025.322266213511,3033.700467572979,2025-03-26 13:45:00+00:00,3025.3072662135105,-1.0053710812225978,stop_hit,h_ema21,holdout
2025-03-26 14:15:00+00:00,3024.6150000000002,3020.8487796508048,3032.147440698391,2025-03-26 15:00:00+00:00,3020.8337796508044,-1.0039827728092254,stop_hit,h_ema21,holdout
2025-03-26 15:45:00+00:00,3022.1150000000002,3018.0607958395476,3030.2234083209055,2025-03-26 22:00:00+00:00,3025.5849999999996,0.8559016425092763,eod_force_close,h_ema21,holdout
2025-03-27 01:30:00+00:00,3031.215,3028.7590003272994,3036.1269993454016,2025-03-27 01:45:00+00:00,3028.744000327299,-1.006107492670727,stop_hit,h_ema21,holdout
2025-03-27 02:15:00+00:00,3031.0150000000003,3028.5124740229876,3036.020051954026,2025-03-27 02:30:00+00:00,3036.0050519540255,2.0,scaleout_tier_1,h_ema21,holdout
2025-03-27 02:15:00+00:00,3031.0150000000003,3028.5124740229876,3038.5225779310385,2025-03-27 04:00:00+00:00,3038.507577931038,3.0,scaleout_tier_2,h_ema21,holdout
2025-03-27 02:15:00+00:00,3031.0150000000003,3028.5124740229876,3041.0251039080513,2025-03-27 04:15:00+00:00,3041.010103908051,4.0,scaleout_tier_3,h_ema21,holdout
2025-03-27 07:45:00+00:00,3042.4150000000004,3039.2839943367626,3058.0700283161896,2025-03-27 10:15:00+00:00,3058.0550283161892,5.0,scaleout_tier_4,h_ema21,holdout
2025-03-27 07:45:00+00:00,3042.4150000000004,3039.2839943367626,3061.2010339794274,2025-03-27 10:30:00+00:00,3061.186033979427,6.0,scaleout_tier_5,h_ema21,holdout
2025-03-27 07:45:00+00:00,3042.4150000000004,3039.2839943367626,3048.677011326476,2025-03-27 13:15:00+00:00,3051.285,2.8329555912801543,trail_exit,h_ema21,holdout
2025-03-27 15:45:00+00:00,3069.715,3064.1593830410607,3080.826233917879,2025-03-27 16:00:00+00:00,3064.1443830410603,-1.0026999701583441,stop_hit,h_ema21,holdout
2025-03-28 03:30:00+00:00,3083.5150000000003,3077.6339707717434,3095.277058456514,2025-03-28 04:00:00+00:00,3095.262058456514,2.0,scaleout_tier_1,h_ema21,holdout
2025-03-28 03:30:00+00:00,3083.5150000000003,3077.6339707717434,3101.158087684771,2025-03-28 04:00:00+00:00,3101.1430876847708,3.0,scaleout_tier_2,h_ema21,holdout
2025-03-28 03:30:00+00:00,3083.5150000000003,3077.6339707717434,3107.039116913028,2025-03-28 04:00:00+00:00,3107.0241169130277,4.0,scaleout_tier_3,h_ema21,holdout
2025-03-28 03:30:00+00:00,3083.5150000000003,3077.6339707717434,3112.920146141285,2025-03-28 04:00:00+00:00,3112.9051461412846,5.0,scaleout_tier_4,h_ema21,holdout
2025-03-28 13:15:00+00:00,3108.6150000000002,3093.7439816139026,3138.3570367721954,2025-03-28 13:30:00+00:00,3093.7289816139023,-1.0010086733544994,stop_hit,h_ema21,holdout
2025-03-28 15:15:00+00:00,3111.0150000000003,3088.9075190705607,3155.2299618588795,2025-03-28 16:15:00+00:00,3088.8925190705604,-1.000678503355864,stop_hit,h_ema21,holdout
2025-03-31 02:00:00+00:00,3127.0150000000003,3120.332618302784,3140.379763394433,2025-03-31 03:00:00+00:00,3140.364763394433,2.0,scaleout_tier_1,h_ema21,holdout
2025-03-31 02:00:00+00:00,3127.0150000000003,3120.332618302784,3147.0621450916497,2025-03-31 05:45:00+00:00,3147.0471450916493,3.0,scaleout_tier_2,h_ema21,holdout
2025-03-31 02:00:00+00:00,3127.0150000000003,3120.332618302784,3153.744526788866,2025-03-31 06:00:00+00:00,3153.7295267888658,4.0,scaleout_tier_3,h_ema21,holdout
2025-03-31 11:45:00+00:00,3149.9150000000004,3144.9361375158755,3159.87272496825,2025-03-31 13:00:00+00:00,3144.921137515875,-1.0030127363525614,stop_hit,h_ema21,holdout
2025-03-31 14:00:00+00:00,3146.5150000000003,3132.9172239957798,3173.7105520084415,2025-03-31 14:15:00+00:00,3132.9022239957794,-1.0011031215689736,stop_hit,h_ema21,holdout
2025-03-31 14:45:00+00:00,3153.0150000000003,3135.086787944143,3188.871424111715,2025-03-31 15:00:00+00:00,3135.0717879441427,-1.000836670157269,stop_hit,h_ema21,holdout
2025-03-31 16:30:00+00:00,3148.9150000000004,3125.144202227577,3196.4565955448475,2025-03-31 17:45:00+00:00,3125.1292022275766,-1.000631026360324,stop_hit,h_ema21,holdout
2025-03-31 19:15:00+00:00,3155.4150000000004,3135.689223164918,3194.866553670165,2025-03-31 19:30:00+00:00,3135.6742231649177,-1.0007604263257024,stop_hit,h_ema21,holdout
2025-04-01 06:30:00+00:00,3162.215,3142.0332489408684,3202.5785021182637,2025-04-01 06:45:00+00:00,3142.018248940868,-1.0007432457152197,stop_hit,h_ema21,holdout
2025-04-01 08:15:00+00:00,3163.3150000000005,3143.3448183321593,3203.255363335683,2025-04-01 08:30:00+00:00,3143.329818332159,-1.0007511198570858,stop_hit,h_ema21,holdout
2025-04-01 17:30:00+00:00,3146.0150000000003,3121.613557417503,3194.8178851649945,2025-04-01 17:45:00+00:00,3121.598557417503,-1.0006147177548874,stop_hit,h_ema21,holdout
2025-04-02 00:30:00+00:00,3152.215,3140.0498312962172,3176.545337407566,2025-04-02 04:45:00+00:00,3146.5849999999996,-0.46279670566753794,trail_exit,h_ema21,holdout
2025-04-02 06:00:00+00:00,3147.4150000000004,3141.5751665631046,3159.094666873792,2025-04-02 07:00:00+00:00,3141.5601665631043,-1.0025685664090278,stop_hit,h_ema21,holdout
2025-04-02 07:30:00+00:00,3146.4150000000004,3141.0319172852473,3157.1811654295066,2025-04-02 08:15:00+00:00,3157.1661654295062,2.0,scaleout_tier_1,h_ema21,holdout
2025-04-02 07:30:00+00:00,3146.4150000000004,3141.0319172852473,3162.5642481442596,2025-04-02 08:30:00+00:00,3162.5492481442593,3.0,scaleout_tier_2,h_ema21,holdout
2025-04-02 07:30:00+00:00,3146.4150000000004,3141.0319172852473,3157.1811654295066,2025-04-02 10:30:00+00:00,3152.0849999999996,1.0532998098765518,trail_exit,h_ema21,holdout
2025-04-02 12:30:00+00:00,3161.3150000000005,3155.800796330412,3172.3434073391772,2025-04-02 13:45:00+00:00,3155.785796330412,-1.0027202477273471,stop_hit,h_ema21,holdout
2025-04-02 16:15:00+00:00,3171.715,3166.2257609882195,3182.6934780235615,2025-04-02 17:15:00+00:00,3166.210760988219,-1.0027326192151835,stop_hit,h_ema21,holdout
2025-04-02 18:00:00+00:00,3167.6150000000002,3162.393058972902,3178.0588820541966,2025-04-02 18:15:00+00:00,3162.3780589729017,-1.002872495097606,stop_hit,h_ema21,holdout
2025-04-03 04:15:00+00:00,3171.6150000000002,3164.1807112905776,3186.4835774188455,2025-04-03 04:45:00+00:00,3164.1657112905773,-1.0020176778958443,stop_hit,h_ema21,holdout
2025-04-03 08:00:00+00:00,3153.3150000000005,3145.6359763508776,3168.6730472982463,2025-04-03 09:30:00+00:00,3145.6209763508773,-1.0019533733304806,stop_hit,h_ema21,holdout
2025-04-03 13:45:00+00:00,3107.715,3095.1862430650162,3132.772513869968,2025-04-03 14:00:00+00:00,3132.7575138699676,2.0,scaleout_tier_1,h_ema21,holdout
2025-04-03 13:45:00+00:00,3107.715,3095.1862430650162,3145.301270804952,2025-04-03 14:15:00+00:00,3145.2862708049515,3.0,scaleout_tier_2,h_ema21,holdout
2025-04-03 13:45:00+00:00,3107.715,3095.1862430650162,3132.772513869968,2025-04-03 16:45:00+00:00,3128.5849999999996,1.6657678098714148,trail_exit,h_ema21,holdout
2025-04-04 01:15:00+00:00,3135.8150000000005,3130.3894678495863,3146.666064300829,2025-04-04 01:30:00+00:00,3130.374467849586,-1.0027647057623983,stop_hit,h_ema21,holdout
2025-04-04 03:45:00+00:00,3114.8150000000005,3108.515564783918,3127.413870432166,2025-04-04 05:45:00+00:00,3127.3988704321655,2.0,scaleout_tier_1,h_ema21,holdout
2025-04-04 03:45:00+00:00,3114.8150000000005,3108.515564783918,3127.413870432166,2025-04-04 07:15:00+00:00,3114.8,-0.002381165848333823,stop_hit,h_ema21,holdout
2025-04-04 09:15:00+00:00,3111.1150000000002,3104.5545433450584,3124.235913309884,2025-04-04 10:15:00+00:00,3124.2209133098836,2.0,scaleout_tier_1,h_ema21,holdout
2025-04-04 09:15:00+00:00,3111.1150000000002,3104.5545433450584,3130.7963699648258,2025-04-04 10:30:00+00:00,3130.7813699648254,3.0,scaleout_tier_2,h_ema21,holdout
2025-04-04 09:15:00+00:00,3111.1150000000002,3104.5545433450584,3137.3568266197676,2025-04-04 11:00:00+00:00,3137.3418266197673,4.0,scaleout_tier_3,h_ema21,holdout
2025-04-04 09:15:00+00:00,3111.1150000000002,3104.5545433450584,3143.9172832747095,2025-04-04 11:00:00+00:00,3143.902283274709,5.0,scaleout_tier_4,h_ema21,holdout
2025-04-04 09:15:00+00:00,3111.1150000000002,3104.5545433450584,3150.4777399296513,2025-04-04 11:00:00+00:00,3150.462739929651,6.0,scaleout_tier_5,h_ema21,holdout
2025-04-04 13:15:00+00:00,3101.4150000000004,3087.3131267366934,3129.6187465266144,2025-04-04 13:30:00+00:00,3087.298126736693,-1.0010636884703366,stop_hit,h_ema21,holdout
2025-04-04 15:15:00+00:00,3062.4150000000004,3046.8853447652295,3093.474310469542,2025-04-04 15:30:00+00:00,3046.870344765229,-1.0009658939476482,stop_hit,ema21,holdout
2025-04-04 18:30:00+00:00,3043.8150000000005,3032.2044189744743,3067.036162051053,2025-04-06 22:15:00+00:00,3043.4849999999997,-0.028422350205844212,eod_force_close,ema21,holdout
2025-04-07 01:15:00+00:00,3023.9150000000004,3007.1049530811265,3057.5350938377483,2025-04-07 01:30:00+00:00,3057.520093837748,2.0,scaleout_tier_1,ema50,holdout
2025-04-07 01:15:00+00:00,3023.9150000000004,3007.1049530811265,3074.345140756622,2025-04-07 01:30:00+00:00,3074.330140756622,3.0,scaleout_tier_2,ema50,holdout
2025-04-07 01:15:00+00:00,3023.9150000000004,3007.1049530811265,3057.5350938377483,2025-04-07 03:45:00+00:00,3035.3849999999998,0.6823300407996542,trail_exit,ema50,holdout
2025-04-07 05:30:00+00:00,3055.215,3041.1494479517555,3083.3461040964894,2025-04-07 06:00:00+00:00,3041.134447951755,-1.001066435213412,stop_hit,ema21,holdout
2025-04-07 11:15:00+00:00,3057.8150000000005,3047.756254031332,3077.9324919373375,2025-04-07 11:45:00+00:00,3047.7412540313317,-1.0014912395687345,stop_hit,ema21,holdout
2025-04-07 13:00:00+00:00,3048.5150000000003,3038.2708907745478,3069.0032184509055,2025-04-07 13:30:00+00:00,3038.2558907745474,-1.0014642561564122,stop_hit,ema21,holdout
2025-04-07 14:00:00+00:00,3032.215,3020.5920745629905,3055.4608508740193,2025-04-07 14:30:00+00:00,3020.57707456299,-1.001290552888911,stop_hit,ema21,holdout
2025-04-07 17:45:00+00:00,2983.215,2969.762331858233,3010.120336283534,2025-04-07 22:00:00+00:00,2997.4849999999997,1.0607561154128968,eod_force_close,ema50,holdout
2025-04-08 02:15:00+00:00,3016.4150000000004,3008.7747702390875,3031.6954595218263,2025-04-08 03:00:00+00:00,3008.759770239087,-1.00196329174249,stop_hit,donchian_low,holdout
2025-04-08 05:00:00+00:00,3016.6150000000002,3009.9194007759265,3030.0061984481476,2025-04-08 09:15:00+00:00,3009.904400775926,-1.0022402774566308,stop_hit,h_ema21,holdout
2025-04-08 10:30:00+00:00,3023.0150000000003,3016.9301437530976,3035.184712493806,2025-04-08 12:45:00+00:00,3016.9151437530973,-1.0024651362976673,stop_hit,ema21,holdout
2025-04-08 13:15:00+00:00,3033.1150000000002,3025.537145771393,3048.2707084572144,2025-04-08 13:30:00+00:00,3025.522145771393,-1.0019794521704708,stop_hit,ema21,holdout
2025-04-08 18:30:00+00:00,3000.5150000000003,2992.5238506283636,3016.497298743274,2025-04-08 19:15:00+00:00,2992.5088506283632,-1.0018770766635356,stop_hit,ema50,holdout
2025-04-09 03:15:00+00:00,3020.9150000000004,3012.2363187989117,3038.272362402178,2025-04-09 06:15:00+00:00,3038.2573624021775,2.0,scaleout_tier_1,ema21,holdout
2025-04-09 03:15:00+00:00,3020.9150000000004,3012.2363187989117,3046.9510436032665,2025-04-09 06:15:00+00:00,3046.936043603266,3.0,scaleout_tier_2,ema21,holdout
2025-04-09 03:15:00+00:00,3020.9150000000004,3012.2363187989117,3055.629724804355,2025-04-09 06:45:00+00:00,3055.614724804355,4.0,scaleout_tier_3,ema21,holdout
2025-04-09 18:30:00+00:00,3081.3150000000005,3067.5883190698282,3108.768361860345,2025-04-09 22:00:00+00:00,3099.0849999999996,1.2945591210573908,eod_force_close,ema21,holdout
2025-04-10 11:00:00+00:00,3137.4150000000004,3130.2369450376827,3151.7711099246358,2025-04-10 11:15:00+00:00,3130.2219450376824,-1.0020897025836486,stop_hit,h_ema21,holdout
2025-04-10 13:15:00+00:00,3143.5150000000003,3135.36818743393,3159.808625132141,2025-04-10 13:45:00+00:00,3135.3531874339296,-1.0018412108881454,stop_hit,h_ema21,holdout
2025-04-10 17:30:00+00:00,3177.0150000000003,3167.221080885175,3196.602838229651,2025-04-10 22:00:00+00:00,3194.1849999999995,1.7531286299892532,eod_force_close,h_ema21,holdout
2025-04-11 06:30:00+00:00,3221.3150000000005,3212.138695642476,3239.66760871505,2025-04-11 07:00:00+00:00,3212.1236956424755,-1.0016346449960574,stop_hit,h_ema21,holdout
2025-04-11 11:15:00+00:00,3238.9150000000004,3228.6194593905157,3259.50608121897,2025-04-11 11:45:00+00:00,3228.6044593905153,-1.0014569414632302,stop_hit,h_ema21,holdout
2025-04-11 15:15:00+00:00,3253.4150000000004,3242.744958476322,3274.755083047357,2025-04-11 16:45:00+00:00,3242.729958476322,-1.00140580521332,stop_hit,h_ema21,holdout
2025-04-11 18:30:00+00:00,3254.4150000000004,3245.974000839156,3271.2969983216894,2025-04-11 19:15:00+00:00,3245.9590008391556,-1.0017770408116977,stop_hit,h_ema21,holdout
2025-04-14 01:30:00+00:00,3244.8150000000005,3237.774506034177,3258.895987931647,2025-04-14 02:00:00+00:00,3258.880987931647,2.0,scaleout_tier_1,h_ema21,holdout
2025-04-14 01:30:00+00:00,3244.8150000000005,3237.774506034177,3258.895987931647,2025-04-14 03:00:00+00:00,3244.8,-0.002130532328149409,stop_hit,h_ema21,holdout
2025-04-14 07:30:00+00:00,3246.9150000000004,3240.860755314726,3259.0234893705497,2025-04-14 07:45:00+00:00,3240.8457553147255,-1.002477600556319,stop_hit,h_ema21,holdout
2025-04-14 08:30:00+00:00,3240.215,3233.686850727402,3253.2712985451963,2025-04-14 10:15:00+00:00,3233.6718507274018,-1.0022977415763592,stop_hit,h_ema21,holdout
2025-04-14 11:00:00+00:00,3230.3150000000005,3223.373804059383,3244.1973918812355,2025-04-14 12:30:00+00:00,3223.3588040593827,-1.0021610108875552,stop_hit,h_ema21,holdout
2025-04-14 13:45:00+00:00,3223.5150000000003,3214.3818156634807,3241.7813686730397,2025-04-14 14:00:00+00:00,3214.3668156634803,-1.0016423625591733,stop_hit,h_ema21,holdout
2025-04-14 14:30:00+00:00,3220.9150000000004,3212.0716669142375,3238.601666171526,2025-04-14 22:00:00+00:00,3226.0849999999996,0.5846211999322389,eod_force_close,h_ema200,holdout
2025-04-15 01:15:00+00:00,3233.715,3229.690015017803,3241.7649699643944,2025-04-15 03:30:00+00:00,3241.749969964394,2.0,scaleout_tier_1,h_ema21,holdout
2025-04-15 01:15:00+00:00,3233.715,3229.690015017803,3245.7899549465915,2025-04-15 04:30:00+00:00,3245.774954946591,3.0,scaleout_tier_2,h_ema21,holdout
2025-04-15 01:15:00+00:00,3233.715,3229.690015017803,3241.7649699643944,2025-04-15 05:30:00+00:00,3238.285,1.1354079630640241,trail_exit,h_ema21,holdout
2025-04-15 08:00:00+00:00,3241.4150000000004,3236.9383496775167,3250.368300644968,2025-04-15 10:45:00+00:00,3236.9233496775164,-1.0033507196050115,stop_hit,h_ema21,holdout
2025-04-15 12:00:00+00:00,3236.3150000000005,3232.101450664967,3244.742098670067,2025-04-15 12:15:00+00:00,3232.086450664967,-1.0035599440774576,stop_hit,h_ema21,holdout
2025-04-15 14:15:00+00:00,3236.715,3230.9669896996443,3248.211020600712,2025-04-15 20:00:00+00:00,3248.1960206007116,2.0,scaleout_tier_1,h_ema21,holdout
2025-04-15 14:15:00+00:00,3236.715,3230.9669896996443,3248.211020600712,2025-04-15 22:00:00+00:00,3248.3849999999998,2.030267760528735,eod_force_close,h_ema21,holdout
2025-05-01 06:15:00+00:00,3246.5150000000003,3237.8913080220696,3263.762383955862,2025-05-01 07:00:00+00:00,3237.876308022069,-1.0017393942221864,stop_hit,h_ema200,holdout
2025-05-01 07:45:00+00:00,3242.8150000000005,3235.0076508018155,3258.4296983963704,2025-05-01 09:15:00+00:00,3234.992650801815,-1.001921266696232,stop_hit,h_ema200,holdout
2025-05-01 10:45:00+00:00,3232.0150000000003,3224.936351434646,3246.172297130709,2025-05-01 11:30:00+00:00,3224.9213514346457,-1.0021190485531013,stop_hit,h_ema200,holdout
2025-05-01 12:30:00+00:00,3227.8150000000005,3219.8435608840014,3243.757878231999,2025-05-01 15:30:00+00:00,3219.828560884001,-1.0018817179410204,stop_hit,h_ema21,holdout
2025-05-01 16:00:00+00:00,3224.4150000000004,3214.9002160705654,3243.4445678588704,2025-05-01 20:00:00+00:00,3243.42956785887,2.0,scaleout_tier_1,h_ema21,holdout
2025-05-01 16:00:00+00:00,3224.4150000000004,3214.9002160705654,3243.4445678588704,2025-05-01 22:00:00+00:00,3247.5849999999996,2.4351577683567043,eod_force_close,h_ema21,holdout
2025-05-02 00:15:00+00:00,3247.3150000000005,3241.5562188164777,3258.832562367046,2025-05-02 00:45:00+00:00,3241.5412188164773,-1.002604717825231,stop_hit,h_ema21,holdout
2025-05-02 03:00:00+00:00,3257.3150000000005,3251.291554728082,3269.361890543838,2025-05-02 09:00:00+00:00,3269.3468905438376,2.0,scaleout_tier_1,h_ema21,holdout
2025-05-02 03:00:00+00:00,3257.3150000000005,3251.291554728082,3269.361890543838,2025-05-02 12:30:00+00:00,3257.3,-0.0024902691604516388,stop_hit,h_ema21,holdout
2025-05-02 13:30:00+00:00,3265.215,3257.641672452008,3280.361655095984,2025-05-02 13:45:00+00:00,3257.626672452008,-1.0019806353158862,stop_hit,h_ema21,holdout
2025-05-02 17:30:00+00:00,3242.8150000000005,3233.364698112887,3261.715603774228,2025-05-02 18:00:00+00:00,3233.3496981128865,-1.001587250881454,stop_hit,h_ema21,holdout
2025-05-02 19:15:00+00:00,3236.715,3228.530263690327,3253.0844726193463,2025-05-04 22:00:00+00:00,3247.0849999999996,1.2669925587882034,eod_force_close,h_ema21,holdout
2025-05-05 02:30:00+00:00,3274.215,3267.484058402222,3287.676883195556,2025-05-05 03:15:00+00:00,3267.469058402222,-1.0022285143590133,stop_hit,h_ema21,holdout
2025-05-05 04:15:00+00:00,3265.4150000000004,3259.0991361314186,3278.046727737164,2025-05-05 08:15:00+00:00,3278.0317277371637,2.0,scaleout_tier_1,h_ema21,holdout
2025-05-05 04:15:00+00:00,3265.4150000000004,3259.0991361314186,3284.362591605746,2025-05-05 08:30:00+00:00,3284.3475916057455,3.0,scaleout_tier_2,h_ema21,holdout
2025-05-05 15:45:00+00:00,3324.715,3317.6369744092594,3338.8710511814816,2025-05-05 16:00:00+00:00,3317.621974409259,-1.0021192350618158,stop_hit,h_ema21,holdout
2025-05-05 18:30:00+00:00,3328.4150000000004,3322.4790931682733,3340.2868136634547,2025-05-05 19:15:00+00:00,3340.2718136634544,2.0,scaleout_tier_1,h_ema21,holdout
2025-05-05 18:30:00+00:00,3328.4150000000004,3322.4790931682733,3340.2868136634547,2025-05-05 22:00:00+00:00,3345.6849999999995,2.9094122413936327,eod_force_close,h_ema21,holdout
2025-05-06 01:45:00+00:00,3386.715,3377.8367644292825,3404.4714711414354,2025-05-06 02:30:00+00:00,3377.821764429282,-1.0016895248927389,stop_hit,h_ema21,holdout
2025-05-06 04:45:00+00:00,3368.5150000000003,3359.733859947021,3386.0772801059593,2025-05-06 05:30:00+00:00,3359.7188599470205,-1.0017082064412852,stop_hit,h_ema21,holdout
2025-05-06 06:00:00+00:00,3369.5150000000003,3360.929925637958,3386.6851487240847,2025-05-06 08:15:00+00:00,3386.6701487240844,2.0,scaleout_tier_1,h_ema21,holdout
2025-05-06 06:00:00+00:00,3369.5150000000003,3360.929925637958,3395.270223086127,2025-05-06 12:30:00+00:00,3395.2552230861265,3.0,scaleout_tier_2,h_ema21,holdout
2025-05-07 01:00:00+00:00,3387.3150000000005,3374.298367998798,3413.348264002406,2025-05-07 01:15:00+00:00,3374.2833679987975,-1.0011523718269781,stop_hit,h_ema21,holdout
2025-05-07 01:45:00+00:00,3381.715,3367.9296718270257,3409.285656345949,2025-05-07 09:15:00+00:00,3381.785,0.005077862428907637,trail_exit,h_ema50,holdout
2025-05-07 09:45:00+00:00,3386.0150000000003,3378.5112341483928,3401.0225317032155,2025-05-07 10:00:00+00:00,3378.4962341483924,-1.0019989962769313,stop_hit,h_ema21,holdout
2025-05-07 12:15:00+00:00,3401.715,3394.108737182033,3416.927525635934,2025-05-07 12:30:00+00:00,3394.093737182033,-1.0019720591253953,stop_hit,h_ema21,holdout
2025-05-07 13:45:00+00:00,3401.3150000000005,3393.5073042102294,3416.9303915795426,2025-05-07 14:00:00+00:00,3393.492304210229,-1.0019211814092424,stop_hit,h_ema21,holdout
2025-05-08 01:15:00+00:00,3399.215,3392.0988046563516,3413.4473906872972,2025-05-08 01:45:00+00:00,3413.432390687297,2.0,scaleout_tier_1,h_ema21,holdout
2025-05-08 01:15:00+00:00,3399.215,3392.0988046563516,3413.4473906872972,2025-05-08 04:00:00+00:00,3399.2,-0.002107867937284135,stop_hit,h_ema21,holdout
2025-05-08 10:30:00+00:00,3351.215,3342.4022168690394,3368.8405662619216,2025-05-08 13:30:00+00:00,3368.8255662619213,2.0,scaleout_tier_1,h_ema21,holdout
2025-05-08 10:30:00+00:00,3351.215,3342.4022168690394,3368.8405662619216,2025-05-08 15:15:00+00:00,3351.2,-0.001702072974839243,stop_hit,h_ema21,holdout
2025-05-09 02:45:00+00:00,3301.3150000000005,3291.548948365022,3320.847103269957,2025-05-09 04:45:00+00:00,3320.832103269957,2.0,scaleout_tier_1,h_ema21,holdout
2025-05-09 02:45:00+00:00,3301.3150000000005,3291.548948365022,3330.6131549049355,2025-05-09 05:00:00+00:00,3330.598154904935,3.0,scaleout_tier_2,h_ema21,holdout
2025-05-09 07:45:00+00:00,3334.6150000000002,3326.5295846695317,3350.7858306609373,2025-05-09 08:00:00+00:00,3326.5145846695314,-1.001855192267465,stop_hit,h_ema21,holdout
2025-05-09 08:45:00+00:00,3329.3150000000005,3321.947651831177,3344.049696337647,2025-05-09 13:15:00+00:00,3344.034696337647,2.0,scaleout_tier_1,h_ema21,holdout
2025-05-09 08:45:00+00:00,3329.3150000000005,3321.947651831177,3344.049696337647,2025-05-09 14:00:00+00:00,3329.3,-0.0020360107404457147,stop_hit,h_ema21,holdout
2025-05-09 14:30:00+00:00,3343.5150000000003,3335.6764831558826,3359.192033688236,2025-05-09 19:15:00+00:00,3335.6614831558823,-1.0019136273224423,stop_hit,h_ema21,holdout
2025-05-12 02:15:00+00:00,3280.1150000000002,3269.1987284339475,3301.9475431321057,2025-05-12 07:00:00+00:00,3269.183728433947,-1.001374095533403,stop_hit,ema21,holdout
2025-05-12 11:15:00+00:00,3225.715,3215.7438236007797,3245.657352798441,2025-05-12 13:00:00+00:00,3245.6423527984407,2.0,scaleout_tier_1,ema21,holdout
2025-05-12 11:15:00+00:00,3225.715,3215.7438236007797,3245.657352798441,2025-05-12 16:45:00+00:00,3228.3849999999998,0.2677718147889112,trail_exit,ema21,holdout
2025-05-12 17:45:00+00:00,3229.8150000000005,3222.1936631215217,3245.057673756958,2025-05-12 22:00:00+00:00,3240.6849999999995,1.4262589586734795,eod_force_close,ema21,holdout
2025-05-13 00:15:00+00:00,3245.6150000000002,3240.3146071279216,3256.2157857441575,2025-05-13 00:30:00+00:00,3240.2996071279213,-1.0028299789020063,stop_hit,ema21,holdout
2025-05-13 01:00:00+00:00,3243.715,3238.1760557070133,3254.7928885859737,2025-05-13 01:15:00+00:00,3238.161055707013,-1.0027080972847695,stop_hit,ema21,holdout
2025-05-13 02:00:00+00:00,3229.8150000000005,3222.887951688047,3243.6690966239075,2025-05-13 04:30:00+00:00,3243.654096623907,2.0,scaleout_tier_1,ema21,holdout
2025-05-13 02:00:00+00:00,3229.8150000000005,3222.887951688047,3250.596144935861,2025-05-13 04:30:00+00:00,3250.5811449358607,3.0,scaleout_tier_2,ema21,holdout
2025-05-13 02:00:00+00:00,3229.8150000000005,3222.887951688047,3257.5231932478146,2025-05-13 05:00:00+00:00,3257.5081932478142,4.0,scaleout_tier_3,ema21,holdout
2025-05-13 02:00:00+00:00,3229.8150000000005,3222.887951688047,3264.450241559768,2025-05-13 05:00:00+00:00,3264.4352415597677,5.0,scaleout_tier_4,ema21,holdout
2025-05-13 08:00:00+00:00,3263.3150000000005,3256.938534678887,3276.067930642227,2025-05-13 08:30:00+00:00,3256.923534678887,-1.0023524004671773,stop_hit,ema21,holdout
2025-05-13 10:30:00+00:00,3259.0150000000003,3253.5819699893386,3269.8810600213237,2025-05-13 11:45:00+00:00,3253.5669699893383,-1.0027608903265566,stop_hit,ema21,holdout
2025-05-13 12:45:00+00:00,3251.8150000000005,3245.8153273502417,3263.814345299518,2025-05-13 13:00:00+00:00,3245.8003273502413,-1.0025001364034303,stop_hit,ema21,holdout
2025-05-13 14:30:00+00:00,3245.4150000000004,3237.6363832816164,3260.9722334367684,2025-05-13 16:00:00+00:00,3260.957233436768,2.0,scaleout_tier_1,ema21,holdout
2025-05-13 14:30:00+00:00,3245.4150000000004,3237.6363832816164,3260.9722334367684,2025-05-13 22:00:00+00:00,3254.0849999999996,1.114594061371923,eod_force_close,ema21,holdout
2025-05-14 00:30:00+00:00,3251.1150000000002,3246.5588486108672,3260.227302778266,2025-05-14 00:45:00+00:00,3246.543848610867,-1.0032922523242103,stop_hit,ema21,holdout
2025-05-14 01:30:00+00:00,3255.1150000000002,3249.7210589383326,3265.9028821233355,2025-05-14 01:45:00+00:00,3249.7060589383323,-1.0027808980166517,stop_hit,ema21,holdout
2025-05-14 03:45:00+00:00,3233.5150000000003,3227.537911874084,3245.4691762518332,2025-05-14 04:00:00+00:00,3227.5229118740835,-1.0025095832091362,stop_hit,ema21,holdout
2025-05-14 06:00:00+00:00,3237.215,3231.390836036186,3248.8633279276282,2025-05-14 06:45:00+00:00,3231.375836036186,-1.0025754769428752,stop_hit,ema21,holdout
2025-05-14 07:30:00+00:00,3236.8150000000005,3230.871917154256,3248.701165691489,2025-05-14 11:45:00+00:00,3230.856917154256,-1.0025239426051529,stop_hit,ema21,holdout
2025-05-14 17:00:00+00:00,3191.9150000000004,3183.6848805742675,3208.3752388514663,2025-05-14 18:00:00+00:00,3183.669880574267,-1.0018225737956399,stop_hit,h_ema21,holdout
2025-05-15 06:45:00+00:00,3150.8150000000005,3142.4634942882017,3167.518011423598,2025-05-15 07:30:00+00:00,3142.4484942882013,-1.0017960833073654,stop_hit,ema50,holdout
2025-05-15 08:00:00+00:00,3145.1150000000002,3135.874923487515,3163.595153024971,2025-05-15 08:45:00+00:00,3163.5801530249705,2.0,scaleout_tier_1,ema50,holdout
2025-05-15 08:00:00+00:00,3145.1150000000002,3135.874923487515,3172.835229537456,2025-05-15 10:00:00+00:00,3172.820229537456,3.0,scaleout_tier_2,ema50,holdout
2025-05-15 08:00:00+00:00,3145.1150000000002,3135.874923487515,3182.0753060499414,2025-05-15 11:45:00+00:00,3182.060306049941,4.0,scaleout_tier_3,ema50,holdout
2025-05-15 16:00:00+00:00,3223.0150000000003,3215.3933041543996,3238.2583916912017,2025-05-15 22:00:00+00:00,3243.4849999999997,2.6857539863408206,eod_force_close,ema21,holdout
2025-05-16 04:00:00+00:00,3214.6150000000002,3207.3607721444655,3229.1234557110697,2025-05-16 06:00:00+00:00,3229.1084557110694,2.0,scaleout_tier_1,ema21,holdout
2025-05-16 04:00:00+00:00,3214.6150000000002,3207.3607721444655,3229.1234557110697,2025-05-16 07:00:00+00:00,3214.6,-0.0020677596980749526,stop_hit,ema21,holdout
2025-05-16 07:45:00+00:00,3217.9150000000004,3210.3778277326705,3232.98934453466,2025-05-16 08:00:00+00:00,3210.36282773267,-1.0019901362829857,stop_hit,ema21,holdout
2025-05-16 08:30:00+00:00,3208.215,3200.177402525028,3224.2901949499446,2025-05-16 10:30:00+00:00,3200.1624025250276,-1.0018662293113128,stop_hit,ema21,holdout
2025-05-16 13:45:00+00:00,3188.5150000000003,3178.2149444298207,3209.1151111403597,2025-05-16 14:15:00+00:00,3178.1999444298203,-1.0014563028226522,stop_hit,ema50,holdout
2025-05-16 15:15:00+00:00,3179.9150000000004,3170.069890563424,3199.6052188731533,2025-05-16 20:00:00+00:00,3199.590218873153,2.0,scaleout_tier_1,ema50,holdout
2025-05-16 15:15:00+00:00,3179.9150000000004,3170.069890563424,3199.6052188731533,2025-05-18 22:00:00+00:00,3219.9849999999997,4.070041095849246,eod_force_close,ema50,holdout
2025-05-19 02:15:00+00:00,3228.5150000000003,3219.3709448125255,3246.80311037495,2025-05-19 03:45:00+00:00,3219.355944812525,-1.0016404100470515,stop_hit,ema21,holdout
2025-05-19 04:30:00+00:00,3218.1150000000002,3209.787944633779,3234.769110732443,2025-05-19 07:45:00+00:00,3234.7541107324428,2.0,scaleout_tier_1,ema21,holdout
2025-05-19 04:30:00+00:00,3218.1150000000002,3209.787944633779,3243.0961660986645,2025-05-19 08:45:00+00:00,3243.081166098664,3.0,scaleout_tier_2,ema21,holdout
2025-05-19 04:30:00+00:00,3218.1150000000002,3209.787944633779,3234.769110732443,2025-05-19 12:45:00+00:00,3231.8849999999998,1.6536457840615923,trail_exit,ema21,holdout
2025-05-19 14:30:00+00:00,3234.215,3226.053820069705,3250.53735986059,2025-05-19 20:45:00+00:00,3232.1849999999995,-0.24873854238467596,trail_exit,ema21,holdout
2025-05-20 00:45:00+00:00,3223.0150000000003,3218.789536710437,3231.465926579127,2025-05-20 02:00:00+00:00,3218.7745367104367,-1.0035499065954203,stop_hit,ema21,holdout
2025-05-20 04:15:00+00:00,3215.5150000000003,3210.1361560468495,3226.272687906302,2025-05-20 06:45:00+00:00,3210.121156046849,-1.002788703321936,stop_hit,ema21,holdout
2025-05-20 07:15:00+00:00,3212.6150000000002,3207.2237246280615,3223.3975507438777,2025-05-20 07:30:00+00:00,3223.3825507438773,2.0,scaleout_tier_1,ema21,holdout
2025-05-20 07:15:00+00:00,3212.6150000000002,3207.2237246280615,3228.7888261158164,2025-05-20 08:30:00+00:00,3228.773826115816,3.0,scaleout_tier_2,ema21,holdout
2025-05-20 07:15:00+00:00,3212.6150000000002,3207.2237246280615,3234.180101487755,2025-05-20 08:45:00+00:00,3234.165101487755,4.0,scaleout_tier_3,ema21,holdout
2025-05-20 10:00:00+00:00,3238.4150000000004,3232.5380129642913,3250.1689740714187,2025-05-20 13:00:00+00:00,3238.5849999999996,0.028926386763528152,trail_exit,ema21,holdout
2025-05-21 05:30:00+00:00,3304.715,3298.9745354637084,3316.1959290725836,2025-05-21 05:45:00+00:00,3316.1809290725832,2.0,scaleout_tier_1,h_ema21,holdout
2025-05-21 05:30:00+00:00,3304.715,3298.9745354637084,3316.1959290725836,2025-05-21 12:15:00+00:00,3304.7,-0.0026130289466115724,stop_hit,h_ema21,holdout
2025-05-21 12:45:00+00:00,3301.3150000000005,3294.2760670467956,3315.3928659064104,2025-05-21 17:30:00+00:00,3315.37786590641,2.0,scaleout_tier_1,h_ema21,holdout
2025-05-21 12:45:00+00:00,3301.3150000000005,3294.2760670467956,3322.4317988596154,2025-05-21 19:00:00+00:00,3322.416798859615,3.0,scaleout_tier_2,h_ema21,holdout
2025-05-22 00:15:00+00:00,3325.715,3320.7092233559288,3335.726553288143,2025-05-22 05:45:00+00:00,3333.4849999999997,1.5522066908842165,trail_exit,h_ema21,holdout
2025-05-22 07:30:00+00:00,3330.4150000000004,3325.17047248727,3340.904055025461,2025-05-22 08:15:00+00:00,3325.15547248727,-1.0028601241892463,stop_hit,h_ema21,holdout
2025-05-22 12:00:00+00:00,3314.4150000000004,3306.803392034127,3329.6382159317477,2025-05-22 12:15:00+00:00,3306.7883920341264,-1.0019706742737644,stop_hit,ema21,holdout
2025-05-22 13:15:00+00:00,3314.715,3306.7629421586375,3330.6191156827254,2025-05-22 13:30:00+00:00,3306.747942158637,-1.0018863041868615,stop_hit,h_ema21,holdout
2025-05-22 14:30:00+00:00,3297.4150000000004,3287.6291099837626,3316.986780032476,2025-05-22 15:00:00+00:00,3287.6141099837623,-1.001532819189204,stop_hit,ema21,holdout
2025-05-22 15:30:00+00:00,3294.1150000000002,3284.2678945034945,3313.8092109930117,2025-05-22 22:00:00+00:00,3295.0849999999996,0.09850610418904857,eod_force_close,ema21,holdout
2025-05-23 03:00:00+00:00,3295.715,3289.2248894524237,3308.695221095153,2025-05-23 04:15:00+00:00,3308.680221095153,2.0,scaleout_tier_1,h_ema21,holdout
2025-05-23 03:00:00+00:00,3295.715,3289.2248894524237,3315.1853316427296,2025-05-23 05:00:00+00:00,3315.1703316427293,3.0,scaleout_tier_2,h_ema21,holdout
2025-05-23 11:30:00+00:00,3331.4150000000004,3326.236598338371,3352.1286066465177,2025-05-23 12:30:00+00:00,3352.1136066465174,4.0,scaleout_tier_3,h_ema21,holdout
2025-05-23 11:30:00+00:00,3331.4150000000004,3326.236598338371,3357.307008308147,2025-05-23 12:30:00+00:00,3357.2920083081467,5.0,scaleout_tier_4,h_ema21,holdout
2025-05-26 01:00:00+00:00,3340.5150000000003,3334.1126357079356,3353.3197285841297,2025-05-26 01:15:00+00:00,3340.3849999999998,-0.020304998914493208,trail_exit,h_ema50,holdout
2025-05-26 02:15:00+00:00,3345.715,3339.1981910716268,3358.748617856747,2025-05-26 06:15:00+00:00,3339.1831910716264,-1.0023017400333802,stop_hit,h_ema21,holdout
2025-05-26 06:45:00+00:00,3341.715,3336.764405116105,3351.6161897677903,2025-05-26 07:00:00+00:00,3336.7494051161048,-1.0030299388966615,stop_hit,h_ema21,holdout
2025-05-26 10:15:00+00:00,3331.715,3326.768229431687,3341.6085411366266,2025-05-26 12:15:00+00:00,3326.7532294316866,-1.0030322813223662,stop_hit,h_ema21,holdout
2025-05-26 12:45:00+00:00,3333.9150000000004,3329.484837682466,3342.775324635069,2025-05-26 16:30:00+00:00,3342.7603246350686,2.0,scaleout_tier_1,h_ema21,holdout
2025-05-26 12:45:00+00:00,3333.9150000000004,3329.484837682466,3342.775324635069,2025-05-26 22:00:00+00:00,3342.785,2.0021839752671373,eod_force_close,h_ema21,holdout
2025-05-27 02:15:00+00:00,3338.9150000000004,3334.6791048959203,3347.3867902081606,2025-05-27 04:30:00+00:00,3336.1849999999995,-0.6444918802100024,trail_exit,h_ema21,holdout
2025-05-27 07:45:00+00:00,3309.5150000000003,3303.413629459408,3321.7177410811846,2025-05-27 08:00:00+00:00,3303.398629459408,-1.002458464028784,stop_hit,ema21,holdout
2025-05-27 10:15:00+00:00,3295.9150000000004,3288.8869598739757,3309.97108025205,2025-05-27 11:15:00+00:00,3288.8719598739754,-1.002134307677724,stop_hit,ema21,holdout
2025-05-27 12:15:00+00:00,3293.0150000000003,3286.430898655967,3306.1832026880666,2025-05-27 14:00:00+00:00,3286.415898655967,-1.002278215236453,stop_hit,ema21,holdout
2025-05-27 14:45:00+00:00,3297.715,3290.8331033289855,3311.4787933420293,2025-05-27 15:30:00+00:00,3290.818103328985,-1.0021796316796654,stop_hit,ema21,holdout
2025-05-27 16:00:00+00:00,3291.8150000000005,3285.4077584848005,3304.6294830304005,2025-05-27 19:30:00+00:00,3304.6144830304,2.0,scaleout_tier_1,ema21,holdout
2025-05-27 16:00:00+00:00,3291.8150000000005,3285.4077584848005,3304.6294830304005,2025-05-27 22:00:00+00:00,3300.8849999999998,1.4155857834424332,eod_force_close,ema21,holdout
2025-05-28 03:45:00+00:00,3297.215,3291.5352652766855,3308.5744694466293,2025-05-28 07:00:00+00:00,3308.559469446629,2.0,scaleout_tier_1,ema21,holdout
2025-05-28 03:45:00+00:00,3297.215,3291.5352652766855,3314.254204169944,2025-05-28 07:30:00+00:00,3314.2392041699436,3.0,scaleout_tier_2,ema21,holdout
2025-05-28 03:45:00+00:00,3297.215,3291.5352652766855,3319.9339388932585,2025-05-28 08:00:00+00:00,3319.918938893258,4.0,scaleout_tier_3,ema21,holdout
2025-05-28 09:00:00+00:00,3320.215,3314.5386914932055,3331.5676170135894,2025-05-28 10:30:00+00:00,3314.523691493205,-1.0026425625003244,stop_hit,ema21,holdout
2025-05-28 11:30:00+00:00,3312.6150000000002,3307.9152793297385,3322.0144413405237,2025-05-28 11:45:00+00:00,3307.900279329738,-1.0031916790491917,stop_hit,ema21,holdout
2025-05-28 14:00:00+00:00,3303.715,3297.7576807126857,3315.629638574629,2025-05-28 15:00:00+00:00,3297.7426807126853,-1.0025179110396631,stop_hit,ema21,holdout
2025-05-28 17:30:00+00:00,3294.9150000000004,3289.476896588093,3305.791206823815,2025-05-28 20:45:00+00:00,3289.4618965880927,-1.0027583145931875,stop_hit,ema21,holdout
2025-05-29 01:30:00+00:00,3279.8150000000005,3269.651550404079,3300.1418991918435,2025-05-29 03:30:00+00:00,3300.126899191843,2.0,scaleout_tier_1,ema21,holdout
2025-05-29 01:30:00+00:00,3279.8150000000005,3269.651550404079,3310.305348787765,2025-05-29 07:45:00+00:00,3310.2903487877647,3.0,scaleout_tier_2,ema21,holdout
2025-05-29 01:30:00+00:00,3279.8150000000005,3269.651550404079,3320.4687983836866,2025-05-29 10:15:00+00:00,3320.4537983836863,4.0,scaleout_tier_3,ema21,holdout
2025-05-29 17:45:00+00:00,3347.8150000000005,3341.773656306384,3359.8976873872334,2025-05-29 19:15:00+00:00,3341.7586563063837,-1.002482891350177,stop_hit,h_ema21,holdout
2025-05-30 01:15:00+00:00,3340.215,3336.11100262879,3348.42299474242,2025-05-30 01:30:00+00:00,3336.09600262879,-1.0036549731014826,stop_hit,h_ema21,holdout
2025-05-30 03:15:00+00:00,3324.0150000000003,3318.720097995117,3334.6048040097667,2025-05-30 03:30:00+00:00,3318.705097995117,-1.0028329136188912,stop_hit,h_ema21,holdout
2025-05-30 04:30:00+00:00,3317.9150000000004,3313.0132504497774,3327.7184991004465,2025-05-30 07:00:00+00:00,3312.998250449777,-1.003060131866518,stop_hit,ema21,holdout
2025-05-30 09:15:00+00:00,3321.8150000000005,3316.063526055571,3333.3179478888596,2025-05-30 11:15:00+00:00,3316.0485260555706,-1.0026080271153546,stop_hit,ema21,holdout
2025-05-30 12:00:00+00:00,3318.4150000000004,3313.3500990191997,3328.544801961602,2025-05-30 12:30:00+00:00,3328.5298019616016,2.0,scaleout_tier_1,ema21,holdout
2025-05-30 12:00:00+00:00,3318.4150000000004,3313.3500990191997,3328.544801961602,2025-05-30 13:15:00+00:00,3318.4,-0.002961558391207863,stop_hit,ema21,holdout
2025-05-30 15:15:00+00:00,3308.1150000000002,3299.2462207012877,3325.8525585974253,2025-06-01 22:00:00+00:00,3322.9849999999997,1.6766681748589802,eod_force_close,ema21,holdout
2025-06-02 02:15:00+00:00,3332.215,3326.6113198111593,3343.422360377682,2025-06-02 03:30:00+00:00,3326.596319811159,-1.0026768122902872,stop_hit,h_ema21,holdout
2025-06-02 05:15:00+00:00,3342.8150000000005,3338.186133972381,3352.0727320552396,2025-06-02 06:15:00+00:00,3352.0577320552393,2.0,scaleout_tier_1,h_ema21,holdout
2025-06-02 05:15:00+00:00,3342.8150000000005,3338.186133972381,3356.701598082859,2025-06-02 06:15:00+00:00,3356.686598082859,3.0,scaleout_tier_2,h_ema21,holdout
2025-06-02 05:15:00+00:00,3342.8150000000005,3338.186133972381,3361.3304641104787,2025-06-02 06:15:00+00:00,3361.3154641104784,4.0,scaleout_tier_3,h_ema21,holdout
2025-06-02 12:15:00+00:00,3382.6150000000002,3377.1139021463127,3393.6171957073752,2025-06-02 13:15:00+00:00,3377.0989021463124,-1.002726728445718,stop_hit,h_ema21,holdout
2025-06-02 18:45:00+00:00,3402.4150000000004,3397.1445770724395,3412.9558458551223,2025-06-02 22:00:00+00:00,3406.4849999999997,0.7722340419239876,eod_force_close,h_ema21,holdout
2025-06-03 01:45:00+00:00,3398.215,3392.8468753661446,3408.9512492677113,2025-06-03 02:30:00+00:00,3392.8318753661442,-1.0027942719335772,stop_hit,h_ema21,holdout
2025-06-03 04:15:00+00:00,3387.9150000000004,3382.4102107460362,3398.924578507929,2025-06-03 05:30:00+00:00,3382.395210746036,-1.0027248999568013,stop_hit,h_ema21,holdout
2025-06-03 06:00:00+00:00,3389.9150000000004,3384.6575341151383,3400.4299317697246,2025-06-03 06:30:00+00:00,3384.642534115138,-1.002853085560387,stop_hit,h_ema21,holdout
2025-06-03 07:45:00+00:00,3383.715,3377.460524194384,3396.223951611232,2025-06-03 12:00:00+00:00,3377.445524194384,-1.0023982825206323,stop_hit,h_ema21,holdout
2025-06-03 12:45:00+00:00,3385.3150000000005,3379.922632078552,3396.0997358428976,2025-06-03 13:30:00+00:00,3379.9076320785516,-1.0027817093007811,stop_hit,h_ema21,holdout
2025-06-03 14:30:00+00:00,3371.0150000000003,3364.0758920600038,3384.8932158799935,2025-06-03 22:00:00+00:00,3377.785,0.9756297291439552,eod_force_close,h_ema21,holdout
2025-06-04 01:15:00+00:00,3381.715,3376.9809939944907,3391.183012011019,2025-06-04 01:30:00+00:00,3391.1680120110186,2.0,scaleout_tier_1,h_ema21,holdout
2025-06-04 01:15:00+00:00,3381.715,3376.9809939944907,3395.9170180165283,2025-06-04 02:00:00+00:00,3395.902018016528,3.0,scaleout_tier_2,h_ema21,holdout
2025-06-04 03:30:00+00:00,3389.6150000000002,3384.8224245082356,3399.2001509835295,2025-06-04 03:45:00+00:00,3384.8074245082353,-1.0031298411524456,stop_hit,h_ema21,holdout
2025-06-04 04:30:00+00:00,3384.3150000000005,3379.6317339488683,3393.681532102265,2025-06-04 04:45:00+00:00,3379.616733948868,-1.0032028929889005,stop_hit,h_ema21,holdout
2025-06-04 05:15:00+00:00,3378.715,3373.963857319848,3388.2172853603042,2025-06-04 05:30:00+00:00,3373.948857319848,-1.0031571352430626,stop_hit,h_ema21,holdout
2025-06-04 06:15:00+00:00,3375.715,3370.7120953225785,3385.7208093548434,2025-06-04 08:45:00+00:00,3385.705809354843,2.0,scaleout_tier_1,h_ema50,holdout
2025-06-04 06:15:00+00:00,3375.715,3370.7120953225785,3385.7208093548434,2025-06-04 10:45:00+00:00,3375.7,-0.002998258205482758,stop_hit,h_ema50,holdout
2025-06-04 12:30:00+00:00,3373.6150000000002,3367.9935645162914,3384.857870967418,2025-06-04 14:00:00+00:00,3384.8428709674176,2.0,scaleout_tier_1,h_ema21,holdout
2025-06-04 12:30:00+00:00,3373.6150000000002,3367.9935645162914,3390.479306451127,2025-06-04 14:00:00+00:00,3390.4643064511265,3.0,scaleout_tier_2,h_ema21,holdout
2025-06-04 12:30:00+00:00,3373.6150000000002,3367.9935645162914,3396.1007419348357,2025-06-04 14:30:00+00:00,3396.0857419348354,4.0,scaleout_tier_3,h_ema21,holdout
2025-06-04 12:30:00+00:00,3373.6150000000002,3367.9935645162914,3401.7221774185446,2025-06-04 14:30:00+00:00,3401.7071774185442,5.0,scaleout_tier_4,h_ema21,holdout
2025-06-04 12:30:00+00:00,3373.6150000000002,3367.9935645162914,3407.3436129022534,2025-06-04 14:30:00+00:00,3407.328612902253,6.0,scaleout_tier_5,h_ema21,holdout
2025-06-05 05:00:00+00:00,3391.6150000000002,3387.2775209886036,3400.2899580227936,2025-06-05 05:15:00+00:00,3389.3849999999998,-0.5141235252415449,trail_exit,h_ema21,holdout
2025-06-05 06:15:00+00:00,3391.215,3386.7351294576324,3400.1747410847356,2025-06-05 09:00:00+00:00,3400.1597410847353,2.0,scaleout_tier_1,h_ema21,holdout
2025-06-05 06:15:00+00:00,3391.215,3386.7351294576324,3404.6546116271033,2025-06-05 09:15:00+00:00,3404.639611627103,3.0,scaleout_tier_2,h_ema21,holdout
2025-06-05 06:15:00+00:00,3391.215,3386.7351294576324,3409.134482169471,2025-06-05 09:15:00+00:00,3409.1194821694708,4.0,scaleout_tier_3,h_ema21,holdout
2025-06-05 14:30:00+00:00,3399.1150000000002,3391.1166683481815,3415.1116633036377,2025-06-05 14:45:00+00:00,3391.101668348181,-1.0018753911007074,stop_hit,h_ema21,holdout
2025-06-05 16:45:00+00:00,3373.3150000000005,3364.7230938922553,3390.498812215491,2025-06-05 22:00:00+00:00,3377.3849999999998,0.47370163837455487,eod_force_close,h_ema200,holdout
2025-06-06 01:15:00+00:00,3384.3150000000005,3379.7784404381823,3393.388119123637,2025-06-06 04:15:00+00:00,3393.3731191236366,2.0,scaleout_tier_1,h_ema21,holdout
2025-06-06 01:15:00+00:00,3384.3150000000005,3379.7784404381823,3393.388119123637,2025-06-06 06:00:00+00:00,3386.285,0.4342497818346277,trail_exit,h_ema21,holdout
2025-06-06 07:00:00+00:00,3384.0150000000003,3379.380573455088,3393.2838530898252,2025-06-06 07:45:00+00:00,3379.3655734550875,-1.0032366464016556,stop_hit,h_ema21,holdout
2025-06-06 08:30:00+00:00,3387.3150000000005,3382.488200465896,3396.968599068209,2025-06-06 09:15:00+00:00,3382.473200465896,-1.00310764926,stop_hit,h_ema21,holdout
2025-06-06 09:45:00+00:00,3380.8150000000005,3376.090457065107,3390.264085869788,2025-06-06 12:30:00+00:00,3376.0754570651065,-1.0031749102943996,stop_hit,h_ema21,holdout
2025-06-06 13:15:00+00:00,3378.8150000000005,3372.5010687096224,3391.442862580757,2025-06-06 13:30:00+00:00,3372.486068709622,-1.0023756989600419,stop_hit,h_ema21,holdout
2025-06-09 01:30:00+00:00,3326.6150000000002,3320.568937892581,3338.707124214839,2025-06-09 01:45:00+00:00,3320.5539378925805,-1.00248095367428,stop_hit,ema21,holdout
2025-06-09 03:00:00+00:00,3325.3150000000005,3318.8464223088054,3338.252155382391,2025-06-09 06:15:00+00:00,3338.2371553823905,2.0,scaleout_tier_1,ema21,holdout
2025-06-09 03:00:00+00:00,3325.3150000000005,3318.8464223088054,3344.720733073586,2025-06-09 06:45:00+00:00,3344.7057330735856,3.0,scaleout_tier_2,ema21,holdout
2025-06-09 03:00:00+00:00,3325.3150000000005,3318.8464223088054,3338.252155382391,2025-06-09 10:15:00+00:00,3337.785,1.927780819108529,trail_exit,ema21,holdout
2025-06-09 17:00:00+00:00,3358.5150000000003,3353.4525247841407,3368.6399504317196,2025-06-09 17:30:00+00:00,3353.4375247841404,-1.002962977468677,stop_hit,ema21,holdout
2025-06-09 18:15:00+00:00,3356.3150000000005,3351.8331107382305,3365.2787785235405,2025-06-09 19:30:00+00:00,3351.81811073823,-1.0033468029048098,stop_hit,ema21,holdout
2025-06-10 05:15:00+00:00,3330.0150000000003,3325.4866266863605,3339.07174662728,2025-06-10 06:00:00+00:00,3339.0567466272796,2.0,scaleout_tier_1,ema21,holdout
2025-06-10 05:15:00+00:00,3330.0150000000003,3325.4866266863605,3343.6001199409197,2025-06-10 06:15:00+00:00,3343.5851199409194,3.0,scaleout_tier_2,ema21,holdout
2025-06-10 05:15:00+00:00,3330.0150000000003,3325.4866266863605,3348.1284932545595,2025-06-10 06:30:00+00:00,3348.113493254559,4.0,scaleout_tier_3,ema21,holdout
2025-06-10 10:30:00+00:00,3354.715,3350.2540484787746,3363.636903042451,2025-06-10 12:00:00+00:00,3350.2390484787743,-1.0033625113227427,stop_hit,ema21,holdout
2025-06-10 16:00:00+00:00,3347.5150000000003,3341.9465206396317,3358.6519587207376,2025-06-10 16:15:00+00:00,3341.9315206396313,-1.002693733608332,stop_hit,ema21,holdout
2025-06-10 17:45:00+00:00,3344.9150000000004,3339.9903275860347,3354.764344827932,2025-06-10 20:45:00+00:00,3344.785,-0.02639769492726082,trail_exit,ema21,holdout
2025-06-11 04:15:00+00:00,3364.0150000000003,3359.501082854817,3373.042834290367,2025-06-11 05:30:00+00:00,3359.4860828548167,-1.0033230561212967,stop_hit,ema21,holdout
2025-06-11 11:30:00+00:00,3352.4150000000004,3347.7686201034917,3361.707759793018,2025-06-11 12:30:00+00:00,3361.6927597930176,2.0,scaleout_tier_1,ema21,holdout
2025-06-11 11:30:00+00:00,3352.4150000000004,3347.7686201034917,3366.3541396895266,2025-06-11 12:30:00+00:00,3366.3391396895263,3.0,scaleout_tier_2,ema21,holdout
2025-06-11 11:30:00+00:00,3352.4150000000004,3347.7686201034917,3371.0005195860354,2025-06-11 12:30:00+00:00,3370.985519586035,4.0,scaleout_tier_3,ema21,holdout
2025-06-11 18:00:00+00:00,3344.715,3338.589562241142,3356.965875517716,2025-06-11 18:30:00+00:00,3361.5849999999996,2.7540888772567804,trail_exit,ema21,holdout
2025-06-12 06:45:00+00:00,3391.9150000000004,3387.429639685343,3400.8857206293155,2025-06-12 07:30:00+00:00,3387.4146396853425,-1.0033442129389938,stop_hit,h_ema21,holdout
2025-06-12 08:30:00+00:00,3378.5150000000003,3371.729861982433,3392.0852760351354,2025-06-12 10:15:00+00:00,3392.070276035135,2.0,scaleout_tier_1,ema21,holdout
2025-06-12 08:30:00+00:00,3378.5150000000003,3371.729861982433,3398.870414052703,2025-06-12 10:15:00+00:00,3398.8554140527026,3.0,scaleout_tier_2,ema21,holdout
2025-06-12 15:30:00+00:00,3409.215,3400.762591338163,3426.1198173236744,2025-06-12 17:15:00+00:00,3400.7475913381627,-1.0017746420695504,stop_hit,h_ema21,holdout
2025-06-13 04:45:00+00:00,3450.6150000000002,3443.178432657903,3465.4881346841944,2025-06-13 05:15:00+00:00,3443.163432657903,-1.0020170596607678,stop_hit,h_ema21,holdout
2025-06-13 08:15:00+00:00,3442.715,3435.434660477843,3457.2756790443145,2025-06-13 10:15:00+00:00,3435.4196604778426,-1.0020603434708883,stop_hit,h_ema21,holdout
2025-06-13 16:00:00+00:00,3446.4150000000004,3438.8969361680497,3461.451127663902,2025-06-30 04:00:00+00:00,3438.8819361680494,-1.0019951945521637,stop_hit,h_ema21,holdout
2025-06-30 12:45:00+00:00,3300.4150000000004,3294.5195980645344,3312.2058038709324,2025-06-30 13:00:00+00:00,3294.504598064534,-1.0025443557817644,stop_hit,ema50,holdout
2025-06-30 14:00:00+00:00,3296.6150000000002,3290.8324667347965,3308.1800665304077,2025-06-30 16:45:00+00:00,3308.1650665304073,2.0,scaleout_tier_1,ema50,holdout
2025-06-30 14:00:00+00:00,3296.6150000000002,3290.8324667347965,3313.9625997956114,2025-06-30 19:00:00+00:00,3313.947599795611,3.0,scaleout_tier_2,ema50,holdout
2025-07-01 04:15:00+00:00,3333.1150000000002,3329.414901354059,3347.9153945837647,2025-07-01 07:15:00+00:00,3347.9003945837644,4.0,scaleout_tier_3,ema21,holdout
2025-07-01 04:15:00+00:00,3333.1150000000002,3329.414901354059,3351.615493229706,2025-07-01 09:00:00+00:00,3351.6004932297055,5.0,scaleout_tier_4,ema21,holdout
2025-07-01 16:45:00+00:00,3355.4150000000004,3350.432950120382,3365.3790997592373,2025-07-01 17:15:00+00:00,3350.4179501203816,-1.003010808876421,stop_hit,ema21,holdout
2025-07-02 02:45:00+00:00,3343.715,3339.6544140208835,3351.8361719582335,2025-07-02 05:15:00+00:00,3351.821171958233,2.0,scaleout_tier_1,ema21,holdout
2025-07-02 02:45:00+00:00,3343.715,3339.6544140208835,3351.8361719582335,2025-07-02 06:15:00+00:00,3343.7,-0.0036940481195254457,stop_hit,ema21,holdout
2025-07-02 08:00:00+00:00,3344.9150000000004,3340.821546901786,3353.1019061964294,2025-07-02 10:15:00+00:00,3353.086906196429,2.0,scaleout_tier_1,ema21,holdout
2025-07-02 08:00:00+00:00,3344.9150000000004,3340.821546901786,3353.1019061964294,2025-07-02 12:00:00+00:00,3348.8849999999998,0.9698413307168532,trail_exit,ema21,holdout
2025-07-02 12:30:00+00:00,3357.3150000000005,3352.986889200358,3365.971221599286,2025-07-02 13:00:00+00:00,3352.9718892003575,-1.00346571534203,stop_hit,ema21,holdout
2025-07-02 14:30:00+00:00,3348.715,3343.6645688436925,3358.8158623126155,2025-07-02 16:45:00+00:00,3358.800862312615,2.0,scaleout_tier_1,ema21,holdout
2025-07-02 14:30:00+00:00,3348.715,3343.6645688436925,3363.8662934689232,2025-07-02 18:45:00+00:00,3363.851293468923,3.0,scaleout_tier_2,ema21,holdout
2025-07-03 01:15:00+00:00,3356.4150000000004,3352.767166348984,3371.0063346040656,2025-07-03 06:15:00+00:00,3370.9913346040653,4.0,scaleout_tier_3,ema21,holdout
2025-07-03 01:15:00+00:00,3356.4150000000004,3352.767166348984,3363.710667302033,2025-07-03 07:45:00+00:00,3363.285,1.8833095632212917,trail_exit,ema21,holdout
2025-07-03 10:30:00+00:00,3360.0150000000003,3356.233800204424,3367.577399591153,2025-07-03 11:30:00+00:00,3356.2188002044236,-1.003966994819442,stop_hit,ema21,holdout
2025-07-03 13:30:00+00:00,3342.4150000000004,3335.2439909541404,3356.7570180917205,2025-07-03 14:15:00+00:00,3335.22899095414,-1.0020917558330216,stop_hit,ema21,holdout
2025-07-03 15:15:00+00:00,3337.3150000000005,3330.274873793577,3351.395252412847,2025-07-03 20:00:00+00:00,3336.285,-0.14630419537946543,trail_exit,ema21,holdout
2025-07-04 05:15:00+00:00,3351.9150000000004,3348.9957594475786,3357.753481104844,2025-07-04 05:30:00+00:00,3348.9807594475783,-1.0051383227010475,stop_hit,ema21,holdout
2025-07-04 11:30:00+00:00,3347.4150000000004,3344.176550534353,3353.8918989312956,2025-07-04 12:00:00+00:00,3344.1615505343525,-1.0046318462460022,stop_hit,ema21,holdout
2025-07-04 14:30:00+00:00,3343.715,3340.3593288686184,3350.4263422627637,2025-07-06 22:00:00+00:00,3344.4849999999997,0.2294622952763739,eod_force_close,ema21,holdout
2025-07-07 03:15:00+00:00,3321.215,3316.121338388811,3331.402323222378,2025-07-07 04:15:00+00:00,3316.106338388811,-1.0029448363761302,stop_hit,ema21,holdout
2025-07-07 05:00:00+00:00,3316.5150000000003,3311.7975042178477,3325.9499915643055,2025-07-07 07:45:00+00:00,3311.7825042178474,-1.0031796530814243,stop_hit,ema21,holdout
2025-07-07 08:15:00+00:00,3316.3150000000005,3311.3561412071112,3326.232717585779,2025-07-07 10:30:00+00:00,3311.341141207111,-1.0030248895213223,stop_hit,ema21,holdout
2025-07-07 11:15:00+00:00,3313.8150000000005,3308.7262848751398,3323.992430249722,2025-07-07 13:45:00+00:00,3323.9774302497217,2.0,scaleout_tier_1,ema50,holdout
2025-07-07 11:15:00+00:00,3313.8150000000005,3308.7262848751398,3329.081145374583,2025-07-07 14:30:00+00:00,3329.0661453745824,3.0,scaleout_tier_2,ema50,holdout
2025-07-07 18:45:00+00:00,3344.8150000000005,3340.5304559624524,3353.3840880750968,2025-07-07 22:00:00+00:00,3348.8849999999998,0.9499260514844303,eod_force_close,ema21,holdout
2025-07-08 02:30:00+00:00,3346.1150000000002,3342.2404769582895,3353.8640460834217,2025-07-08 03:00:00+00:00,3342.225476958289,-1.0038714442626477,stop_hit,ema21,holdout
2025-07-08 05:15:00+00:00,3343.4150000000004,3339.973143783679,3350.2987124326432,2025-07-08 08:00:00+00:00,3339.9581437836787,-1.0043581134880641,stop_hit,ema21,holdout
2025-07-08 08:30:00+00:00,3338.4150000000004,3334.468933735944,3346.307132528113,2025-07-08 08:45:00+00:00,3334.453933735944,-1.003801253956873,stop_hit,ema21,holdout
2025-07-08 10:45:00+00:00,3335.0150000000003,3331.1536888777932,3342.7376222444145,2025-07-08 11:30:00+00:00,3331.138688877793,-1.0038846908538552,stop_hit,ema21,holdout
2025-07-08 12:00:00+00:00,3334.3150000000005,3330.3432187286226,3342.2585625427564,2025-07-08 13:00:00+00:00,3330.3282187286222,-1.0037766430161759,stop_hit,ema21,holdout
2025-07-08 17:15:00+00:00,3312.8150000000005,3306.9719764121946,3324.5010471756123,2025-07-08 22:00:00+00:00,3310.5849999999996,-0.3816517196088061,eod_force_close,ema50,holdout
2025-07-09 02:30:00+00:00,3311.4150000000004,3307.528002569497,3319.1889948610074,2025-07-09 02:45:00+00:00,3307.5130025694966,-1.0038590197880282,stop_hit,ema50,holdout
2025-07-09 04:15:00+00:00,3303.9150000000004,3299.301041652245,3313.142916695511,2025-07-09 05:30:00+00:00,3299.286041652245,-1.003251004640652,stop_hit,ema50,holdout
2025-07-09 06:45:00+00:00,3297.6150000000002,3293.2251615688465,3306.3946768623077,2025-07-09 08:15:00+00:00,3293.210161568846,-1.003416982250161,stop_hit,ema50,holdout
2025-07-09 09:15:00+00:00,3296.4150000000004,3291.76388648428,3305.717227031441,2025-07-09 11:45:00+00:00,3291.74888648428,-1.00322503416647,stop_hit,ema50,holdout
2025-07-09 12:15:00+00:00,3300.0150000000003,3295.714594791521,3308.615810416959,2025-07-09 13:45:00+00:00,3308.6008104169587,2.0,scaleout_tier_1,ema50,holdout
2025-07-09 12:15:00+00:00,3300.0150000000003,3295.714594791521,3312.9162156254383,2025-07-09 14:00:00+00:00,3312.901215625438,3.0,scaleout_tier_2,ema50,holdout
2025-07-09 18:15:00+00:00,3319.3150000000005,3315.198815263819,3327.5473694723632,2025-07-09 22:00:00+00:00,3322.1849999999995,0.6972476173801456,eod_force_close,ema21,holdout
2025-07-10 02:30:00+00:00,3331.0150000000003,3327.6869221655234,3337.6711556689543,2025-07-10 02:45:00+00:00,3327.671922165523,-1.0045071061274278,stop_hit,ema21,holdout
2025-07-10 03:45:00+00:00,3328.6150000000002,3325.342590246258,3335.1598195074844,2025-07-10 04:00:00+00:00,3325.327590246258,-1.0045837780501585,stop_hit,ema21,holdout
2025-07-10 04:45:00+00:00,3327.0150000000003,3323.812233054545,3333.4205338909114,2025-07-10 06:15:00+00:00,3333.405533890911,2.0,scaleout_tier_1,ema21,holdout
2025-07-10 04:45:00+00:00,3327.0150000000003,3323.812233054545,3333.4205338909114,2025-07-10 07:45:00+00:00,3329.3849999999998,0.7399851566977925,trail_exit,ema21,holdout
2025-07-10 10:00:00+00:00,3335.3150000000005,3331.892574132773,3342.1598517344555,2025-07-10 10:15:00+00:00,3331.8775741327727,-1.0043828560740977,stop_hit,ema21,holdout
2025-07-10 11:15:00+00:00,3337.715,3334.1271062512637,3344.890787497473,2025-07-10 11:30:00+00:00,3334.1121062512634,-1.0041807258104034,stop_hit,ema21,holdout
2025-07-10 14:15:00+00:00,3328.215,3322.893846580897,3338.8573068382066,2025-07-10 14:30:00+00:00,3322.8788465808966,-1.0028189377037084,stop_hit,ema21,holdout
2025-07-10 15:15:00+00:00,3326.9150000000004,3321.5473572781393,3337.6502854437226,2025-07-10 16:30:00+00:00,3321.532357278139,-1.0027945228059305,stop_hit,ema21,holdout
2025-07-10 17:00:00+00:00,3324.0150000000003,3319.5963378446977,3332.8523243106056,2025-07-10 19:00:00+00:00,3332.8373243106053,2.0,scaleout_tier_1,ema21,holdout
2025-07-10 17:00:00+00:00,3324.0150000000003,3319.5963378446977,3332.8523243106056,2025-07-10 22:00:00+00:00,3333.0849999999996,2.0526574970468783,eod_force_close,ema21,holdout
2025-07-11 00:15:00+00:00,3336.4150000000004,3333.690669632307,3341.863660735387,2025-07-11 00:30:00+00:00,3341.8486607353866,2.0,scaleout_tier_1,ema21,holdout
2025-07-11 00:15:00+00:00,3336.4150000000004,3333.690669632307,3344.58799110308,2025-07-11 00:30:00+00:00,3344.57299110308,3.0,scaleout_tier_2,ema21,holdout
2025-07-11 04:15:00+00:00,3346.215,3342.942594159063,3352.7598116818745,2025-07-11 04:30:00+00:00,3342.9275941590627,-1.0045837835309668,stop_hit,ema21,holdout
2025-07-11 06:15:00+00:00,3349.4150000000004,3345.473628765484,3357.297742469033,2025-07-11 06:45:00+00:00,3345.458628765484,-1.00380578207629,stop_hit,ema21,holdout
2025-07-11 17:45:00+00:00,3366.215,3361.3504789111057,3375.944042177789,2025-07-13 22:00:00+00:00,3376.4849999999997,2.111204743966605,eod_force_close,ema21,holdout
2025-07-14 00:30:00+00:00,3385.3150000000005,3380.8782649391806,3394.1884701216404,2025-07-14 01:00:00+00:00,3380.86326493918,-1.003380864485867,stop_hit,h_ema21,holdout
2025-07-14 02:30:00+00:00,3375.1150000000002,3370.533734792306,3384.277530415389,2025-07-14 04:00:00+00:00,3370.5187347923056,-1.003274204683705,stop_hit,ema21,holdout
2025-07-14 04:45:00+00:00,3373.8150000000005,3369.761014099262,3381.9229718014776,2025-07-14 05:15:00+00:00,3369.7460140992616,-1.0037000622023857,stop_hit,ema21,holdout
2025-07-14 07:30:00+00:00,3385.9150000000004,3381.397874840279,3394.949250319443,2025-07-14 07:45:00+00:00,3381.382874840279,-1.0033206961219674,stop_hit,ema21,holdout
2025-07-14 10:00:00+00:00,3382.1150000000002,3377.9072932008867,3390.5304135982274,2025-07-14 11:45:00+00:00,3377.8922932008863,-1.003564887174051,stop_hit,h_ema21,holdout
2025-07-14 15:45:00+00:00,3356.215,3351.098913581123,3366.447172837755,2025-07-14 16:00:00+00:00,3351.0839135811225,-1.002931928582164,stop_hit,ema21,holdout
2025-07-14 17:15:00+00:00,3356.215,3351.964762339749,3364.7154753205023,2025-07-14 20:30:00+00:00,3351.9497623397488,-1.0035292144109045,stop_hit,ema21,holdout
2025-07-15 00:15:00+00:00,3355.6150000000002,3352.9625102512914,3360.919979497418,2025-07-15 03:00:00+00:00,3360.9049794974176,2.0,scaleout_tier_1,ema21,holdout
2025-07-15 00:15:00+00:00,3355.6150000000002,3352.9625102512914,3363.5724692461267,2025-07-15 03:30:00+00:00,3363.5574692461264,3.0,scaleout_tier_2,ema21,holdout
2025-07-15 00:15:00+00:00,3355.6150000000002,3352.9625102512914,3366.2249589948356,2025-07-15 03:30:00+00:00,3366.2099589948352,4.0,scaleout_tier_3,ema21,holdout
2025-07-15 09:15:00+00:00,3371.6150000000002,3368.074859923063,3378.695280153875,2025-07-15 09:30:00+00:00,3368.0598599230625,-1.004237120473861,stop_hit,ema21,holdout
2025-07-15 14:30:00+00:00,3355.0150000000003,3349.091241490085,3366.862517019831,2025-07-15 15:15:00+00:00,3349.0762414900846,-1.0025321761471573,stop_hit,ema21,holdout
2025-07-16 03:15:00+00:00,3335.215,3332.0096798668988,3341.625640266203,2025-07-16 04:30:00+00:00,3341.6106402662026,2.0,scaleout_tier_1,ema21,holdout
2025-07-16 03:15:00+00:00,3335.215,3332.0096798668988,3344.8309603993043,2025-07-16 04:45:00+00:00,3344.815960399304,3.0,scaleout_tier_2,ema21,holdout
2025-07-16 06:45:00+00:00,3347.215,3344.331046825273,3352.9829063494544,2025-07-16 07:00:00+00:00,3344.3160468252727,-1.0052011940179113,stop_hit,ema21,holdout
2025-07-16 09:45:00+00:00,3348.5150000000003,3345.7441328905056,3354.0567342189897,2025-07-16 10:00:00+00:00,3345.7291328905053,-1.0054134678451119,stop_hit,ema21,holdout
2025-07-16 13:00:00+00:00,3341.8150000000005,3338.2739352579556,3348.8971294840903,2025-07-16 13:30:00+00:00,3338.2589352579553,-1.0042360140503008,stop_hit,ema21,holdout
2025-07-16 15:00:00+00:00,3345.3150000000005,3339.5947970077677,3356.755405984466,2025-07-16 15:15:00+00:00,3356.7404059844657,2.0,scaleout_tier_1,ema21,holdout
2025-07-16 15:00:00+00:00,3345.3150000000005,3339.5947970077677,3362.475608976699,2025-07-16 15:15:00+00:00,3362.4606089766985,3.0,scaleout_tier_2,ema21,holdout
2025-07-16 15:00:00+00:00,3345.3150000000005,3339.5947970077677,3368.1958119689316,2025-07-16 15:15:00+00:00,3368.1808119689313,4.0,scaleout_tier_3,ema21,holdout
2025-07-17 02:00:00+00:00,3350.1150000000002,3346.502933930279,3357.3391321394424,2025-07-17 02:15:00+00:00,3346.487933930279,-1.0041527479594208,stop_hit,ema21,holdout
2025-07-17 03:00:00+00:00,3347.3150000000005,3343.684093111795,3354.5768137764117,2025-07-17 03:15:00+00:00,3343.6690931117946,-1.0041311993014892,stop_hit,ema21,holdout
2025-07-17 07:00:00+00:00,3341.215,3337.2516602538317,3349.141679492337,2025-07-17 07:15:00+00:00,3337.2366602538314,-1.0037846868956486,stop_hit,ema21,holdout
2025-07-17 08:15:00+00:00,3335.3150000000005,3331.19323711033,3343.558525779342,2025-07-17 09:45:00+00:00,3331.1782371103295,-1.003639219528595,stop_hit,ema21,holdout
2025-07-17 10:30:00+00:00,3334.4150000000004,3330.7074414667277,3341.830117066546,2025-07-17 10:45:00+00:00,3330.6924414667274,-1.0040457891266483,stop_hit,ema21,holdout
2025-07-17 11:15:00+00:00,3333.4150000000004,3329.379720809913,3341.485558380175,2025-07-17 11:45:00+00:00,3329.364720809913,-1.0037172149171674,stop_hit,ema21,holdout
2025-07-17 12:15:00+00:00,3330.9150000000004,3327.0084321910645,3338.7281356178723,2025-07-17 12:30:00+00:00,3326.993432191064,-1.0038396876066034,stop_hit,ema21,holdout
2025-07-17 14:00:00+00:00,3323.6150000000002,3318.3205220546442,3334.203955890712,2025-07-17 14:15:00+00:00,3334.188955890712,2.0,scaleout_tier_1,ema21,holdout
2025-07-17 14:00:00+00:00,3323.6150000000002,3318.3205220546442,3339.498433836068,2025-07-17 14:45:00+00:00,3339.483433836068,3.0,scaleout_tier_2,ema21,holdout
2025-07-17 15:30:00+00:00,3342.715,3337.242252795266,3353.660494409469,2025-07-17 22:00:00+00:00,3347.4849999999997,0.8715915099957702,eod_force_close,ema21,holdout
2025-07-18 01:00:00+00:00,3345.5150000000003,3343.0625039359143,3350.4199921281725,2025-07-18 01:15:00+00:00,3343.047503935914,-1.006116217766864,stop_hit,ema21,holdout
2025-07-18 05:00:00+00:00,3342.5150000000003,3339.7034606216507,3348.1380787566995,2025-07-18 05:45:00+00:00,3339.6884606216504,-1.0053351555791235,stop_hit,ema21,holdout
2025-07-18 06:15:00+00:00,3342.1150000000002,3339.1049030344398,3348.135193931121,2025-07-18 07:00:00+00:00,3348.120193931121,2.0,scaleout_tier_1,ema21,holdout
2025-07-18 06:15:00+00:00,3342.1150000000002,3339.1049030344398,3351.1452908966817,2025-07-18 07:15:00+00:00,3351.1302908966813,3.0,scaleout_tier_2,ema21,holdout
2025-07-18 09:45:00+00:00,3359.215,3355.849772427677,3365.945455144646,2025-07-18 10:00:00+00:00,3355.834772427677,-1.004457350856059,stop_hit,ema21,holdout
2025-07-18 11:15:00+00:00,3358.8150000000005,3355.616224785547,3365.212550428908,2025-07-18 12:00:00+00:00,3365.1975504289076,2.0,scaleout_tier_1,ema21,holdout
2025-07-18 11:15:00+00:00,3358.8150000000005,3355.616224785547,3365.212550428908,2025-07-18 13:30:00+00:00,3358.8,-0.0046892948065090055,stop_hit,ema21,holdout
2025-07-18 18:00:00+00:00,3358.6150000000002,3355.391239016613,3365.062521966775,2025-07-18 19:30:00+00:00,3355.3762390166125,-1.0046529504133914,stop_hit,ema21,holdout
2025-07-21 01:15:00+00:00,3363.5150000000003,3360.7324997894834,3369.080000421034,2025-07-21 01:45:00+00:00,3360.717499789483,-1.0053908351717755,stop_hit,ema21,holdout
2025-07-21 02:30:00+00:00,3363.6150000000002,3360.788009477704,3369.268981044593,2025-07-21 02:45:00+00:00,3360.7730094777035,-1.0053059958574402,stop_hit,ema21,holdout
2025-07-21 04:30:00+00:00,3361.1150000000002,3358.2146454850304,3366.91570902994,2025-07-21 05:00:00+00:00,3366.9007090299397,2.0,scaleout_tier_1,ema21,holdout
2025-07-21 04:30:00+00:00,3361.1150000000002,3358.2146454850304,3369.81606354491,2025-07-21 05:15:00+00:00,3369.8010635449095,3.0,scaleout_tier_2,ema21,holdout
2025-07-21 04:30:00+00:00,3361.1150000000002,3358.2146454850304,3372.7164180598797,2025-07-21 05:15:00+00:00,3372.7014180598794,4.0,scaleout_tier_3,ema21,holdout
2025-07-21 06:30:00+00:00,3377.215,3373.8429517862533,3383.959096427494,2025-07-21 07:15:00+00:00,3373.827951786253,-1.0044483349731408,stop_hit,ema21,holdout
2025-07-21 08:30:00+00:00,3373.0150000000003,3369.778133378768,3379.488733242465,2025-07-21 11:15:00+00:00,3379.4737332424647,2.0,scaleout_tier_1,ema21,holdout
2025-07-21 08:30:00+00:00,3373.0150000000003,3369.778133378768,3382.7255998636974,2025-07-21 11:45:00+00:00,3382.710599863697,3.0,scaleout_tier_2,ema21,holdout
2025-07-21 19:00:00+00:00,3408.3150000000005,3405.02671642563,3414.891567148741,2025-07-21 22:00:00+00:00,3410.6849999999995,0.7207407592433124,eod_force_close,h_ema21,holdout
2025-07-22 02:15:00+00:00,3403.3150000000005,3400.0843986467344,3409.776202706533,2025-07-22 05:30:00+00:00,3400.069398646734,-1.0046430984080292,stop_hit,h_ema21,holdout
2025-07-22 08:00:00+00:00,3399.3150000000005,3396.5291899637527,3404.886620072496,2025-07-22 09:15:00+00:00,3396.5141899637524,-1.0053844303111676,stop_hit,h_ema21,holdout
2025-07-22 10:15:00+00:00,3397.3150000000005,3394.5982140777523,3402.748571844497,2025-07-22 12:00:00+00:00,3402.7335718444965,2.0,scaleout_tier_1,h_ema21,holdout
2025-07-22 10:15:00+00:00,3397.3150000000005,3394.5982140777523,3405.465357766745,2025-07-22 12:15:00+00:00,3405.4503577667447,3.0,scaleout_tier_2,h_ema21,holdout
2025-07-22 10:15:00+00:00,3397.3150000000005,3394.5982140777523,3408.182143688993,2025-07-22 12:15:00+00:00,3408.167143688993,4.0,scaleout_tier_3,h_ema21,holdout
2025-07-22 10:15:00+00:00,3397.3150000000005,3394.5982140777523,3410.8989296112413,2025-07-22 12:15:00+00:00,3410.883929611241,5.0,scaleout_tier_4,h_ema21,holdout
2025-07-23 00:15:00+00:00,3444.8150000000005,3441.312821519141,3451.8193569617197,2025-07-23 01:00:00+00:00,3441.2978215191406,-1.0042830484175227,stop_hit,h_ema21,holdout
2025-07-23 02:15:00+00:00,3436.0150000000003,3431.88987001607,3444.2652599678613,2025-07-23 05:30:00+00:00,3431.8748700160695,-1.0036362490536685,stop_hit,h_ema21,holdout
2025-07-23 06:00:00+00:00,3434.5150000000003,3430.885444820029,3441.774110359943,2025-07-23 09:00:00+00:00,3441.7591103599425,2.0,scaleout_tier_1,h_ema21,holdout
2025-07-23 06:00:00+00:00,3434.5150000000003,3430.885444820029,3441.774110359943,2025-07-23 10:15:00+00:00,3435.785,0.3499051363119343,trail_exit,h_ema21,holdout
2025-07-23 11:30:00+00:00,3437.3150000000005,3433.5718275421077,3444.801344915786,2025-07-23 12:45:00+00:00,3433.5568275421074,-1.0040072959953257,stop_hit,h_ema21,holdout
2025-07-23 14:15:00+00:00,3426.3150000000005,3421.116810711191,3436.711378577619,2025-07-23 14:30:00+00:00,3421.101810711191,-1.0028856201971366,stop_hit,h_ema21,holdout
2025-07-23 15:15:00+00:00,3424.8150000000005,3419.4493662984783,3435.546267403045,2025-07-23 15:45:00+00:00,3419.434366298478,-1.0027955691414552,stop_hit,h_ema21,holdout
2025-07-23 16:45:00+00:00,3399.5150000000003,3392.656263214465,3413.232473571071,2025-07-23 22:00:00+00:00,3398.5849999999996,-0.1355934815813417,eod_force_close,h_ema200,holdout
2025-07-24 00:45:00+00:00,3398.4150000000004,3395.0472862763886,3405.150427447224,2025-07-24 01:00:00+00:00,3395.0322862763883,-1.00445406030066,stop_hit,h_ema21,holdout
2025-07-24 03:45:00+00:00,3389.5150000000003,3384.6860558233393,3399.1728883533224,2025-07-24 05:00:00+00:00,3384.671055823339,-1.0031062690831725,stop_hit,ema21,holdout
2025-07-24 07:15:00+00:00,3383.0150000000003,3378.5205896757643,3392.0038206484724,2025-07-24 07:45:00+00:00,3378.505589675764,-1.0033374789834921,stop_hit,ema21,holdout
2025-07-24 08:45:00+00:00,3378.1150000000002,3373.4354566121056,3387.4740867757896,2025-07-24 09:00:00+00:00,3373.420456612105,-1.0032054409494588,stop_hit,ema21,holdout
2025-07-24 10:30:00+00:00,3369.4150000000004,3365.3187787480483,3377.6074425039046,2025-07-24 12:00:00+00:00,3365.303778748048,-1.0036619115711045,stop_hit,ema21,holdout
2025-07-24 13:45:00+00:00,3370.715,3365.216215446476,3381.7125691070487,2025-07-24 18:00:00+00:00,3370.6849999999995,-0.0054557511225689454,trail_exit,ema21,holdout
2025-07-25 02:30:00+00:00,3368.1150000000002,3365.0107713008874,3374.323457398226,2025-07-25 02:45:00+00:00,3364.995771300887,-1.0048321182020559,stop_hit,ema21,holdout
2025-07-25 04:15:00+00:00,3364.6150000000002,3361.5254939534298,3370.794012093141,2025-07-25 04:30:00+00:00,3361.5104939534294,-1.004855145053682,stop_hit,ema21,holdout
2025-07-25 05:00:00+00:00,3363.215,3360.0369588978447,3369.571082204311,2025-07-25 05:30:00+00:00,3360.0219588978443,-1.004719888610048,stop_hit,ema21,holdout
2025-07-25 06:45:00+00:00,3360.5150000000003,3357.149276711594,3367.2464465768126,2025-07-25 07:30:00+00:00,3357.134276711594,-1.0044566943610598,stop_hit,ema21,holdout
2025-07-25 09:30:00+00:00,3349.3150000000005,3345.4131278191753,3357.118744361651,2025-07-25 10:15:00+00:00,3345.398127819175,-1.0038443083999629,stop_hit,ema21,holdout
2025-07-25 13:30:00+00:00,3343.0150000000003,3338.811194604189,3351.422610791623,2025-07-25 14:15:00+00:00,3338.7961946041887,-1.0035681956199194,stop_hit,ema21,holdout
2025-07-25 16:45:00+00:00,3330.4150000000004,3325.559197519485,3340.126604961031,2025-07-25 19:00:00+00:00,3340.1116049610305,2.0,scaleout_tier_1,ema50,holdout
2025-07-25 16:45:00+00:00,3330.4150000000004,3325.559197519485,3340.126604961031,2025-07-27 22:00:00+00:00,3321.0849999999996,-1.9214125857547104,eod_force_close,ema50,holdout
2025-07-28 01:00:00+00:00,3333.4150000000004,3328.492598804569,3343.2598023908636,2025-07-28 05:45:00+00:00,3343.2448023908632,2.0,scaleout_tier_1,ema50,holdout
2025-07-28 01:00:00+00:00,3333.4150000000004,3328.492598804569,3343.2598023908636,2025-07-28 07:45:00+00:00,3333.4,-0.0030472932629401982,stop_hit,ema50,holdout
2025-07-28 09:00:00+00:00,3335.3150000000005,3331.4070633380516,3343.1308733238984,2025-07-28 12:15:00+00:00,3331.3920633380512,-1.003838342659537,stop_hit,ema21,holdout
2025-07-28 15:45:00+00:00,3314.715,3308.8825835949015,3326.3798328101975,2025-07-28 17:00:00+00:00,3308.867583594901,-1.0025718328319655,stop_hit,ema50,holdout
2025-07-28 18:00:00+00:00,3309.5150000000003,3305.191700005345,3318.161599989311,2025-07-28 22:00:00+00:00,3313.3849999999998,0.8951495396534308,eod_force_close,ema50,holdout
2025-07-29 01:00:00+00:00,3309.5150000000003,3306.1699634069128,3316.2050731861755,2025-07-29 01:30:00+00:00,3316.190073186175,2.0,scaleout_tier_1,ema50,holdout
2025-07-29 01:00:00+00:00,3309.5150000000003,3306.1699634069128,3316.2050731861755,2025-07-29 03:30:00+00:00,3309.5,-0.004484255876699382,stop_hit,ema50,holdout
2025-07-29 04:45:00+00:00,3311.5150000000003,3308.25946794905,3318.0260641019013,2025-07-29 06:15:00+00:00,3318.011064101901,2.0,scaleout_tier_1,ema50,holdout
2025-07-29 04:45:00+00:00,3311.5150000000003,3308.25946794905,3318.0260641019013,2025-07-29 07:00:00+00:00,3311.5,-0.004607541798259381,stop_hit,ema50,holdout
2025-07-29 12:15:00+00:00,3318.4150000000004,3314.406389308496,3326.4322213830096,2025-07-29 13:30:00+00:00,3314.3913893084955,-1.0037419448169702,stop_hit,ema50,holdout
2025-07-30 04:00:00+00:00,3383.3150000000005,3379.2049850699177,3391.535029860166,2025-07-30 05:45:00+00:00,3379.1899850699174,-1.003649621778874,stop_hit,ema21,holdout
2025-07-30 11:30:00+00:00,3383.9150000000004,3380.470565366211,3390.8038692675796,2025-07-30 11:45:00+00:00,3380.4555653662105,-1.0043548511134974,stop_hit,ema21,holdout
2025-07-30 16:15:00+00:00,3348.6150000000002,3342.884670250057,3360.075659499887,2025-07-30 18:30:00+00:00,3342.8696702500565,-1.0026176504066762,stop_hit,ema21,holdout
2025-07-31 01:45:00+00:00,3339.5150000000003,3334.998156172265,3348.5486876554705,2025-07-31 05:45:00+00:00,3348.53368765547,2.0,scaleout_tier_1,ema21,holdout
2025-07-31 01:45:00+00:00,3339.5150000000003,3334.998156172265,3353.0655314832056,2025-07-31 07:30:00+00:00,3353.0505314832053,3.0,scaleout_tier_2,ema21,holdout
2025-07-31 13:15:00+00:00,3361.6150000000002,3356.8661310216553,3371.11273795669,2025-07-31 13:30:00+00:00,3356.851131021655,-1.0031586468417486,stop_hit,ema21,holdout
2025-07-31 14:45:00+00:00,3350.715,3345.6038884621184,3360.9372230757635,2025-07-31 15:00:00+00:00,3345.588888462118,-1.0029347823637096,stop_hit,ema21,holdout
2025-07-31 16:45:00+00:00,3348.4150000000004,3343.490524974074,3358.263950051853,2025-07-31 19:15:00+00:00,3343.475524974074,-1.0030460099647893,stop_hit,ema21,holdout
2025-08-01 00:45:00+00:00,3343.6150000000002,3340.18688637359,3350.471227252821,2025-08-01 01:15:00+00:00,3340.1718863735896,-1.0043755842527409,stop_hit,ema21,holdout
2025-08-01 02:15:00+00:00,3340.8150000000005,3336.5347161677723,3349.375567664457,2025-08-01 07:15:00+00:00,3341.9849999999997,0.2733463587600682,trail_exit,ema21,holdout
2025-08-01 08:30:00+00:00,3338.4150000000004,3334.7351777791646,3345.774644441672,2025-08-01 09:00:00+00:00,3345.7596444416718,2.0,scaleout_tier_1,ema21,holdout
2025-08-01 08:30:00+00:00,3338.4150000000004,3334.7351777791646,3349.454466662508,2025-08-01 10:45:00+00:00,3349.4394666625076,3.0,scaleout_tier_2,ema21,holdout
2025-08-04 11:15:00+00:00,3417.3150000000005,3413.628132742659,3424.6887345146833,2025-08-04 12:30:00+00:00,3413.6131327426588,-1.0040684947282708,stop_hit,h_ema21,holdout
2025-08-04 15:45:00+00:00,3429.5150000000003,3424.849426853947,3438.846146292107,2025-08-04 16:30:00+00:00,3424.8344268539468,-1.0032150390811077,stop_hit,h_ema21,holdout
2025-08-04 17:15:00+00:00,3426.215,3422.0225902882294,3434.5998194235417,2025-08-04 22:00:00+00:00,3428.8849999999998,0.6368652358816979,eod_force_close,h_ema21,holdout
2025-08-05 02:15:00+00:00,3434.9150000000004,3432.3769958620396,3439.991008275922,2025-08-05 02:30:00+00:00,3432.3619958620393,-1.0059101558488315,stop_hit,h_ema21,holdout
2025-08-05 06:00:00+00:00,3427.6150000000002,3424.8806805598315,3433.0836388803377,2025-08-05 06:15:00+00:00,3424.865680559831,-1.0054858257524593,stop_hit,h_ema21,holdout
2025-08-05 07:15:00+00:00,3423.9150000000004,3420.8191361711297,3430.106727657742,2025-08-05 08:45:00+00:00,3420.8041361711294,-1.0048451743453455,stop_hit,h_ema21,holdout
2025-08-05 12:30:00+00:00,3415.215,3411.0093507500405,3423.6262984999194,2025-08-05 13:15:00+00:00,3423.611298499919,2.0,scaleout_tier_1,h_ema21,holdout
2025-08-05 12:30:00+00:00,3415.215,3411.0093507500405,3427.831947749879,2025-08-05 13:30:00+00:00,3427.8169477498786,3.0,scaleout_tier_2,h_ema21,holdout
2025-08-05 14:30:00+00:00,3434.3150000000005,3428.843091192227,3445.2588176155477,2025-08-05 18:00:00+00:00,3433.8849999999998,-0.07858318095321148,trail_exit,h_ema50,holdout
2025-08-06 01:45:00+00:00,3434.5150000000003,3431.634372145782,3440.276255708437,2025-08-06 02:00:00+00:00,3431.6193721457817,-1.0052071981385453,stop_hit,h_ema21,holdout
2025-08-06 02:30:00+00:00,3430.5150000000003,3427.382806342669,3436.779387314663,2025-08-06 04:45:00+00:00,3427.3678063426687,-1.00478897591955,stop_hit,h_ema21,holdout
2025-08-06 06:00:00+00:00,3428.6150000000002,3425.8764630197825,3434.0920739604358,2025-08-06 07:00:00+00:00,3425.861463019782,-1.0054773771939842,stop_hit,h_ema21,holdout
2025-08-06 07:45:00+00:00,3429.715,3426.4641376317563,3436.216724736488,2025-08-06 08:00:00+00:00,3426.449137631756,-1.004614160275395,stop_hit,h_ema21,holdout
2025-08-06 10:15:00+00:00,3418.0150000000003,3414.2789715047643,3425.4870569904724,2025-08-06 13:45:00+00:00,3425.472056990472,2.0,scaleout_tier_1,h_ema200,holdout
2025-08-06 10:15:00+00:00,3418.0150000000003,3414.2789715047643,3429.2230854857085,2025-08-06 14:15:00+00:00,3429.208085485708,3.0,scaleout_tier_2,h_ema200,holdout
2025-08-06 16:45:00+00:00,3435.5150000000003,3431.208770938949,3444.1274581221032,2025-08-06 18:15:00+00:00,3431.1937709389485,-1.0034833260812803,stop_hit,h_ema21,holdout
2025-08-07 11:15:00+00:00,3453.5150000000003,3447.879932867278,3464.785134265445,2025-08-07 14:00:00+00:00,3447.8649328672777,-1.0026619026263635,stop_hit,h_ema21,holdout
2025-08-08 02:15:00+00:00,3495.1150000000002,3486.0057575821033,3513.333484835794,2025-08-08 03:00:00+00:00,3485.990757582103,-1.0016466791981358,stop_hit,h_ema21,holdout
2025-08-08 03:45:00+00:00,3488.4150000000004,3480.624292606359,3503.996414787283,2025-08-08 07:00:00+00:00,3503.9814147872826,2.0,scaleout_tier_1,h_ema21,holdout
2025-08-08 03:45:00+00:00,3488.4150000000004,3480.624292606359,3503.996414787283,2025-08-08 07:30:00+00:00,3488.4,-0.0019253707323895113,stop_hit,h_ema21,holdout
2025-08-08 09:15:00+00:00,3488.0150000000003,3481.1687598755,3501.7074802490006,2025-08-08 10:15:00+00:00,3481.1537598755,-1.0021909836242302,stop_hit,h_ema21,holdout
2025-08-08 11:45:00+00:00,3474.715,3468.1705023531867,3487.803995293627,2025-08-08 12:15:00+00:00,3487.7889952936266,2.0,scaleout_tier_1,h_ema21,holdout
2025-08-08 11:45:00+00:00,3474.715,3468.1705023531867,3494.3484929404403,2025-08-08 12:30:00+00:00,3494.33349294044,3.0,scaleout_tier_2,h_ema21,holdout
2025-08-08 13:45:00+00:00,3491.6150000000002,3482.165856660901,3510.5132866781983,2025-08-08 14:00:00+00:00,3482.150856660901,-1.0015874454923612,stop_hit,h_ema21,holdout
2025-08-08 14:45:00+00:00,3487.8150000000005,3477.8858511321328,3507.673297735736,2025-08-08 17:45:00+00:00,3477.8708511321324,-1.0015107035054,stop_hit,h_ema21,holdout
2025-08-11 05:15:00+00:00,3441.1150000000002,3436.020143888272,3451.304712223457,2025-08-11 06:00:00+00:00,3436.0051438882715,-1.002944145952581,stop_hit,h_ema21,holdout
2025-08-11 08:30:00+00:00,3419.9150000000004,3414.230591096383,3431.2838178072357,2025-08-11 09:15:00+00:00,3414.2155910963825,-1.0026387967957022,stop_hit,ema21,holdout
2025-08-11 10:15:00+00:00,3417.0150000000003,3411.08839621,3428.8682075800007,2025-08-11 11:00:00+00:00,3411.07339621,-1.0025309604845927,stop_hit,ema21,holdout
2025-08-11 12:45:00+00:00,3409.1150000000002,3402.9670005369617,3421.4109989260774,2025-08-11 13:00:00+00:00,3402.9520005369614,-1.0024398180400806,stop_hit,ema21,holdout
2025-08-11 13:45:00+00:00,3413.5150000000003,3406.948967288009,3426.647065423983,2025-08-11 14:30:00+00:00,3406.9339672880087,-1.002284484506593,stop_hit,ema21,holdout
2025-08-11 15:30:00+00:00,3407.9150000000004,3401.573878171331,3420.597243657339,2025-08-11 16:30:00+00:00,3401.558878171331,-1.0023655120348753,stop_hit,ema21,holdout
2025-08-11 17:30:00+00:00,3404.9150000000004,3399.762805865794,3415.2193882684137,2025-08-11 20:15:00+00:00,3400.8849999999998,-0.7821910228973186,trail_exit,ema21,holdout
2025-08-12 02:15:00+00:00,3402.6150000000002,3398.663923063729,3410.517153872543,2025-08-12 06:00:00+00:00,3398.6489230637285,-1.003796433286992,stop_hit,ema21,holdout
2025-08-12 06:45:00+00:00,3397.9150000000004,3393.689368552908,3406.366262894185,2025-08-12 07:00:00+00:00,3393.6743685529077,-1.003549765328126,stop_hit,ema21,holdout
2025-08-12 07:30:00+00:00,3398.3150000000005,3394.0218468333596,3406.9013063332823,2025-08-12 09:45:00+00:00,3394.0068468333593,-1.0034939354404782,stop_hit,ema21,holdout
2025-08-12 10:15:00+00:00,3397.4150000000004,3392.983521224331,3406.277957551339,2025-08-12 10:45:00+00:00,3392.9685212243307,-1.0033848746117624,stop_hit,ema21,holdout
2025-08-12 11:45:00+00:00,3394.9150000000004,3390.0885315645337,3404.567936870934,2025-08-12 12:15:00+00:00,3390.0735315645334,-1.0031078624466083,stop_hit,ema21,holdout
2025-08-12 12:45:00+00:00,3397.715,3392.0286853137923,3409.087629372416,2025-08-12 13:00:00+00:00,3392.013685313792,-1.0026379123963558,stop_hit,ema21,holdout
2025-08-12 14:45:00+00:00,3385.0150000000003,3377.1727984497447,3400.6994031005115,2025-08-12 15:15:00+00:00,3400.684403100511,2.0,scaleout_tier_1,ema21,holdout
2025-08-12 14:45:00+00:00,3385.0150000000003,3377.1727984497447,3400.6994031005115,2025-08-12 19:00:00+00:00,3397.3849999999998,1.5773631831225086,trail_exit,ema21,holdout
2025-08-13 01:15:00+00:00,3398.6150000000002,3395.2291703746555,3405.3866592506897,2025-08-13 01:30:00+00:00,3395.214170374655,-1.004430228824287,stop_hit,ema21,holdout
2025-08-13 02:30:00+00:00,3401.8150000000005,3397.8944037843553,3409.656192431291,2025-08-13 04:00:00+00:00,3397.879403784355,-1.0038259487014933,stop_hit,ema21,holdout
2025-08-13 05:00:00+00:00,3401.0150000000003,3397.70282765491,3407.639344690181,2025-08-13 05:30:00+00:00,3397.6878276549096,-1.004528749846777,stop_hit,ema21,holdout
2025-08-13 08:30:00+00:00,3403.9150000000004,3400.2298996593304,3411.2852006813405,2025-08-13 09:15:00+00:00,3411.27020068134,2.0,scaleout_tier_1,ema21,holdout
2025-08-13 08:30:00+00:00,3403.9150000000004,3400.2298996593304,3414.9703010220105,2025-08-13 09:30:00+00:00,3414.95530102201,3.0,scaleout_tier_2,ema21,holdout
2025-08-13 12:00:00+00:00,3413.5150000000003,3409.7993768590395,3420.946246281922,2025-08-13 12:15:00+00:00,3409.784376859039,-1.0040370079072252,stop_hit,ema21,holdout
2025-08-13 13:45:00+00:00,3412.0150000000003,3407.6047153107997,3420.8355693784015,2025-08-13 15:00:00+00:00,3408.6849999999995,-0.7550532980682573,trail_exit,ema21,holdout
2025-08-13 19:00:00+00:00,3404.3150000000005,3400.811183503732,3411.3226329925374,2025-08-13 22:00:00+00:00,3407.1849999999995,0.8191068233897345,eod_force_close,ema21,holdout
2025-08-29 04:00:00+00:00,3470.215,3466.6159781508723,3477.413043698256,2025-08-29 06:30:00+00:00,3466.600978150872,-1.0041677990935127,stop_hit,ema21,holdout
2025-08-29 10:45:00+00:00,3466.0150000000003,3462.8045625715113,3472.4358748569784,2025-08-29 12:45:00+00:00,3472.420874856978,2.0,scaleout_tier_1,h_ema21,holdout
2025-08-29 10:45:00+00:00,3466.0150000000003,3462.8045625715113,3475.6463122854675,2025-08-29 12:45:00+00:00,3475.631312285467,3.0,scaleout_tier_2,h_ema21,holdout
2025-08-29 13:45:00+00:00,3484.9150000000004,3480.694761902142,3501.7959523914337,2025-08-29 14:45:00+00:00,3501.7809523914334,4.0,scaleout_tier_3,h_ema21,holdout
2025-08-29 13:45:00+00:00,3484.9150000000004,3480.694761902142,3506.016190489292,2025-08-29 15:15:00+00:00,3506.0011904892917,5.0,scaleout_tier_4,h_ema21,holdout
2025-09-01 00:30:00+00:00,3513.0150000000003,3509.958465038447,3519.1280699231074,2025-09-01 01:00:00+00:00,3509.9434650384464,-1.0049075178883946,stop_hit,h_ema21,holdout
2025-09-01 10:15:00+00:00,3541.215,3535.8475530177043,3551.949893964592,2025-09-01 22:00:00+00:00,3547.4849999999997,1.1681531314013298,eod_force_close,h_ema21,holdout
2025-09-02 00:30:00+00:00,3555.5150000000003,3552.2451171205294,3562.0547657589423,2025-09-02 00:45:00+00:00,3552.230117120529,-1.0045873202659645,stop_hit,h_ema21,holdout
2025-09-02 01:15:00+00:00,3559.1150000000002,3555.1173204496367,3567.1103591007272,2025-09-02 01:30:00+00:00,3567.095359100727,2.0,scaleout_tier_1,h_ema21,holdout
2025-09-02 01:15:00+00:00,3559.1150000000002,3555.1173204496367,3571.1080386510907,2025-09-02 01:30:00+00:00,3571.0930386510904,3.0,scaleout_tier_2,h_ema21,holdout
2025-09-02 08:45:00+00:00,3548.9150000000004,3543.6383689948034,3559.4682620103945,2025-09-02 09:00:00+00:00,3546.285,-0.49842408866760585,trail_exit,h_ema50,holdout
2025-09-02 09:30:00+00:00,3549.9150000000004,3544.6355691259414,3560.4738617481185,2025-09-02 12:15:00+00:00,3546.5849999999996,-0.6307498060753304,trail_exit,h_ema21,holdout
2025-09-02 13:00:00+00:00,3548.0150000000003,3540.7592810551773,3562.5264378896463,2025-09-02 14:15:00+00:00,3562.511437889646,2.0,scaleout_tier_1,h_ema21,holdout
2025-09-02 13:00:00+00:00,3548.0150000000003,3540.7592810551773,3569.7821568344693,2025-09-02 14:30:00+00:00,3569.767156834469,3.0,scaleout_tier_2,h_ema21,holdout
2025-09-02 15:15:00+00:00,3576.215,3567.581574436288,3593.4818511274243,2025-09-02 22:00:00+00:00,3599.9849999999997,2.7532524401333034,eod_force_close,h_ema21,holdout
2025-09-03 03:30:00+00:00,3597.0150000000003,3591.4751726521104,3608.0946546957803,2025-09-03 10:45:00+00:00,3608.07965469578,2.0,scaleout_tier_1,h_ema21,holdout
2025-09-03 03:30:00+00:00,3597.0150000000003,3591.4751726521104,3613.6344820436702,2025-09-03 11:30:00+00:00,3613.61948204367,3.0,scaleout_tier_2,h_ema21,holdout
2025-09-03 13:00:00+00:00,3616.4150000000004,3611.2964723430205,3636.88911062792,2025-09-03 17:30:00+00:00,3636.87411062792,4.0,scaleout_tier_3,h_ema21,holdout
2025-09-03 13:00:00+00:00,3616.4150000000004,3611.2964723430205,3626.6520553139603,2025-09-03 19:15:00+00:00,3621.1849999999995,0.9319086111597731,trail_exit,h_ema21,holdout
2025-09-04 00:30:00+00:00,3614.8150000000005,3609.5575732386396,3625.3298535227223,2025-09-04 01:30:00+00:00,3609.5425732386393,-1.0028531067918185,stop_hit,h_ema21,holdout
2025-09-04 04:15:00+00:00,3589.6150000000002,3582.269758544203,3604.305482911595,2025-09-04 05:45:00+00:00,3582.2547585442026,-1.0020421384498515,stop_hit,h_ema200,holdout
2025-09-04 06:15:00+00:00,3590.715,3584.2407242941254,3603.6635514117497,2025-09-04 11:30:00+00:00,3603.6485514117494,2.0,scaleout_tier_1,h_ema21,holdout
2025-09-04 06:15:00+00:00,3590.715,3584.2407242941254,3610.1378271176245,2025-09-04 13:15:00+00:00,3610.122827117624,3.0,scaleout_tier_2,h_ema21,holdout
2025-09-04 19:15:00+00:00,3604.3150000000005,3599.1012653153084,3614.7424693693847,2025-09-04 20:30:00+00:00,3600.8849999999998,-0.6578777416640461,trail_exit,h_ema21,holdout
2025-09-05 08:30:00+00:00,3607.0150000000003,3603.1902259326907,3614.6645481346195,2025-09-05 08:45:00+00:00,3603.1752259326904,-1.0039218002779648,stop_hit,h_ema21,holdout
2025-09-05 09:15:00+00:00,3605.4150000000004,3601.4925770313853,3613.2598459372307,2025-09-05 12:30:00+00:00,3613.2448459372304,2.0,scaleout_tier_1,h_ema21,holdout
2025-09-05 09:15:00+00:00,3605.4150000000004,3601.4925770313853,3617.182268905846,2025-09-05 12:30:00+00:00,3617.1672689058455,3.0,scaleout_tier_2,h_ema21,holdout
2025-09-05 09:15:00+00:00,3605.4150000000004,3601.4925770313853,3621.104691874461,2025-09-05 12:30:00+00:00,3621.0896918744606,4.0,scaleout_tier_3,h_ema21,holdout
2025-09-05 09:15:00+00:00,3605.4150000000004,3601.4925770313853,3625.027114843076,2025-09-05 12:30:00+00:00,3625.012114843076,5.0,scaleout_tier_4,h_ema21,holdout
2025-09-05 09:15:00+00:00,3605.4150000000004,3601.4925770313853,3628.9495378116912,2025-09-05 12:30:00+00:00,3628.934537811691,6.0,scaleout_tier_5,h_ema21,holdout
2025-09-05 09:15:00+00:00,3605.4150000000004,3601.4925770313853,3632.8719607803064,2025-09-05 12:30:00+00:00,3632.856960780306,7.0,scaleout_tier_6,h_ema21,holdout
2025-09-05 09:15:00+00:00,3605.4150000000004,3601.4925770313853,3636.7943837489215,2025-09-05 12:30:00+00:00,3636.779383748921,8.0,scaleout_tier_7,h_ema21,holdout
2025-09-08 01:00:00+00:00,3634.5150000000003,3629.3905437566364,3644.7639124867283,2025-09-08 01:15:00+00:00,3629.375543756636,-1.0029271398345438,stop_hit,h_ema21,holdout
2025-09-08 01:45:00+00:00,3628.6150000000002,3622.977270274537,3639.8904594509263,2025-09-08 04:00:00+00:00,3622.962270274537,-1.002660645460278,stop_hit,h_ema21,holdout
2025-09-08 05:45:00+00:00,3627.4150000000004,3623.031662730332,3636.1816745393376,2025-09-08 06:30:00+00:00,3636.1666745393372,2.0,scaleout_tier_1,h_ema21,holdout
2025-09-08 05:45:00+00:00,3627.4150000000004,3623.031662730332,3640.565011809006,2025-09-08 07:00:00+00:00,3640.550011809006,3.0,scaleout_tier_2,h_ema21,holdout
2025-09-08 12:00:00+00:00,3658.9150000000004,3654.1207436666014,3668.5035126667985,2025-09-08 12:15:00+00:00,3654.105743666601,-1.0031287438462209,stop_hit,h_ema21,holdout
2025-09-08 13:45:00+00:00,3671.6150000000002,3665.7816876851125,3683.2816246297757,2025-09-08 15:00:00+00:00,3683.2666246297754,2.0,scaleout_tier_1,h_ema21,holdout
2025-09-08 13:45:00+00:00,3671.6150000000002,3665.7816876851125,3683.2816246297757,2025-09-08 20:15:00+00:00,3675.5849999999996,0.6805738807893316,trail_exit,h_ema21,holdout
2025-09-09 02:00:00+00:00,3687.715,3683.665288966208,3695.814422067584,2025-09-09 03:00:00+00:00,3683.650288966208,-1.0037039679807185,stop_hit,h_ema21,holdout
2025-09-09 03:30:00+00:00,3688.1150000000002,3683.357556571175,3697.629886857651,2025-09-09 06:00:00+00:00,3683.3425565711746,-1.0031529539393873,stop_hit,h_ema21,holdout
2025-09-09 06:45:00+00:00,3689.1150000000002,3683.0916254667895,3701.1617490664216,2025-09-09 07:45:00+00:00,3683.076625466789,-1.0024902984062543,stop_hit,h_ema21,holdout
2025-09-09 08:30:00+00:00,3685.0150000000003,3679.4122926457835,3696.220414708434,2025-09-09 13:15:00+00:00,3696.2054147084336,2.0,scaleout_tier_1,h_ema21,holdout
2025-09-09 08:30:00+00:00,3685.0150000000003,3679.4122926457835,3701.823122062651,2025-09-09 13:30:00+00:00,3701.8081220626505,3.0,scaleout_tier_2,h_ema21,holdout
2025-09-09 15:30:00+00:00,3679.1150000000002,3669.401388993125,3698.542222013751,2025-09-09 16:30:00+00:00,3684.3849999999998,0.5425376820493774,trail_exit,h_ema21,holdout
2025-09-10 01:15:00+00:00,3664.215,3658.4132771778645,3675.8184456442714,2025-09-10 01:30:00+00:00,3658.398277177864,-1.002585438922228,stop_hit,h_ema21,holdout
2025-09-10 16:45:00+00:00,3681.0150000000003,3675.544081539065,3691.9568369218714,2025-09-10 19:15:00+00:00,3678.9849999999997,-0.37105287064605996,trail_exit,h_ema21,holdout
2025-09-11 01:15:00+00:00,3684.8150000000005,3681.2657171627084,3691.913565674585,2025-09-11 01:30:00+00:00,3681.250717162708,-1.0042262058810087,stop_hit,h_ema21,holdout
2025-09-11 06:15:00+00:00,3669.715,3665.322498530234,3678.5000029395324,2025-09-11 07:00:00+00:00,3665.3074985302337,-1.0034149106388635,stop_hit,h_ema21,holdout
2025-09-11 07:45:00+00:00,3665.715,3660.7852557200363,3675.574488559928,2025-09-11 09:00:00+00:00,3660.770255720036,-1.0030427541771878,stop_hit,h_ema21,holdout
2025-09-11 09:45:00+00:00,3657.1150000000002,3652.3111653280885,3666.722669343824,2025-09-11 12:30:00+00:00,3652.296165328088,-1.0031225054617372,stop_hit,h_ema21,holdout
2025-09-11 16:15:00+00:00,3678.715,3671.8594385850556,3692.426122829889,2025-09-11 16:45:00+00:00,3671.8444385850553,-1.0021880046129596,stop_hit,h_ema21,holdout
2025-09-11 19:00:00+00:00,3671.4150000000004,3666.633307671781,3680.978384656439,2025-09-11 22:00:00+00:00,3672.785,0.2865094418380534,eod_force_close,h_ema21,holdout
2025-09-12 08:30:00+00:00,3683.215,3679.4987958634547,3690.647408273091,2025-09-12 08:45:00+00:00,3679.4837958634544,-1.004036376756814,stop_hit,h_ema21,holdout
2025-09-12 09:30:00+00:00,3684.0150000000003,3679.6419469402367,3692.7611061195275,2025-09-12 12:15:00+00:00,3679.6269469402364,-1.0034300978733468,stop_hit,h_ema21,holdout
2025-09-12 13:00:00+00:00,3683.6150000000002,3679.1398369739672,3692.565326052066,2025-09-12 19:15:00+00:00,3683.9849999999997,0.08267855223308433,trail_exit,h_ema21,holdout
2025-09-15 00:15:00+00:00,3678.215,3675.1438426281957,3684.357314743609,2025-09-15 00:30:00+00:00,3675.1288426281953,-1.0048841521890213,stop_hit,h_ema200,holdout
2025-09-15 05:00:00+00:00,3682.9150000000004,3679.667316437612,3689.410367124777,2025-09-15 06:00:00+00:00,3679.6523164376117,-1.0046186765773746,stop_hit,h_ema21,holdout
2025-09-15 07:45:00+00:00,3678.8150000000005,3675.3468870951897,3685.751225809622,2025-09-15 09:30:00+00:00,3675.3318870951894,-1.0043251187063489,stop_hit,h_ema21,holdout
2025-09-15 10:00:00+00:00,3678.5150000000003,3674.723646806956,3686.097706386089,2025-09-15 12:15:00+00:00,3674.7086468069556,-1.003956371046582,stop_hit,h_ema21,holdout
2025-09-16 00:15:00+00:00,3719.1150000000002,3716.0945432367944,3725.155913526412,2025-09-16 00:45:00+00:00,3725.1409135264116,2.0,scaleout_tier_1,h_ema21,holdout
2025-09-16 00:15:00+00:00,3719.1150000000002,3716.0945432367944,3725.155913526412,2025-09-16 01:00:00+00:00,3719.1,-0.004966136308604761,stop_hit,h_ema21,holdout
2025-09-16 03:15:00+00:00,3717.8150000000005,3713.9336730064892,3725.577653987023,2025-09-16 06:30:00+00:00,3725.5626539870227,2.0,scaleout_tier_1,h_ema21,holdout
2025-09-16 03:15:00+00:00,3717.8150000000005,3713.9336730064892,3729.4589809805343,2025-09-16 06:45:00+00:00,3729.443980980534,3.0,scaleout_tier_2,h_ema21,holdout
2025-09-16 08:15:00+00:00,3733.4150000000004,3729.3349874219443,3741.5750251561126,2025-09-16 08:30:00+00:00,3729.319987421944,-1.003676459254318,stop_hit,h_ema21,holdout
2025-09-16 11:30:00+00:00,3731.0150000000003,3727.5466292656297,3737.9517414687416,2025-09-16 12:15:00+00:00,3728.285,-0.7871130882713587,trail_exit,h_ema21,holdout
2025-09-16 14:00:00+00:00,3732.8150000000005,3728.255821599145,3741.933356801712,2025-09-16 14:30:00+00:00,3728.2408215991445,-1.0032900664728348,stop_hit,h_ema21,holdout
2025-09-16 16:00:00+00:00,3723.0150000000003,3717.3541611626797,3734.3366776746416,2025-09-16 22:00:00+00:00,3727.285,0.7543051697300384,eod_force_close,h_ema21,holdout
2025-09-17 03:00:00+00:00,3718.9150000000004,3715.040183231604,3726.6646335367936,2025-09-17 05:30:00+00:00,3715.0251832316035,-1.0038711507916114,stop_hit,h_ema200,holdout
2025-09-17 06:00:00+00:00,3716.6150000000002,3713.221049244355,3723.4029015112906,2025-09-17 06:15:00+00:00,3713.2060492443547,-1.0044196280618916,stop_hit,h_ema21,holdout
2025-09-17 11:30:00+00:00,3703.5150000000003,3698.985464135849,3712.5740717283034,2025-09-17 12:45:00+00:00,3712.559071728303,2.0,scaleout_tier_1,h_ema21,holdout
2025-09-17 11:30:00+00:00,3703.5150000000003,3698.985464135849,3717.103607592455,2025-09-17 14:00:00+00:00,3717.0886075924545,3.0,scaleout_tier_2,h_ema21,holdout
2025-09-17 14:45:00+00:00,3720.0150000000003,3715.2412025617627,3729.5625948764755,2025-09-17 17:15:00+00:00,3715.2262025617624,-1.0031421525932749,stop_hit,h_ema21,holdout
2025-09-17 17:45:00+00:00,3720.1150000000002,3716.1697064133346,3728.0055871733316,2025-09-17 18:00:00+00:00,3716.154706413334,-1.0038019984244073,stop_hit,h_ema21,holdout
2025-09-18 01:00:00+00:00,3699.5150000000003,3692.8574391513907,3712.8301216972195,2025-09-18 01:15:00+00:00,3692.8424391513904,-1.0022530774170033,stop_hit,h_ema21,holdout
2025-09-18 02:00:00+00:00,3692.715,3685.629439415943,3706.886121168114,2025-09-18 04:45:00+00:00,3688.285,-0.6252151749246324,trail_exit,h_ema21,holdout
2025-09-18 05:30:00+00:00,3692.6150000000002,3687.932293915835,3701.9804121683305,2025-09-18 05:45:00+00:00,3687.9172939158348,-1.003203275996982,stop_hit,h_ema21,holdout
2025-09-18 07:30:00+00:00,3682.715,3676.6943414771963,3694.756317045608,2025-09-18 08:30:00+00:00,3694.7413170456075,2.0,scaleout_tier_1,h_ema21,holdout
2025-09-18 07:30:00+00:00,3682.715,3676.6943414771963,3700.7769755684117,2025-09-18 09:00:00+00:00,3700.7619755684113,3.0,scaleout_tier_2,h_ema21,holdout
2025-09-18 12:30:00+00:00,3705.215,3700.2090732095944,3715.2268535808116,2025-09-18 12:45:00+00:00,3700.194073209594,-1.0029964481360527,stop_hit,h_ema21,holdout
2025-09-18 17:00:00+00:00,3679.3150000000005,3673.385501811573,3691.173996376856,2025-09-18 22:00:00+00:00,3677.6849999999995,-0.27489678691228925,eod_force_close,h_ema21,holdout
2025-09-19 01:00:00+00:00,3672.6150000000002,3669.6075315822545,3678.6299368354917,2025-09-19 01:15:00+00:00,3678.6149368354913,2.0,scaleout_tier_1,h_ema21,holdout
2025-09-19 01:00:00+00:00,3672.6150000000002,3669.6075315822545,3678.6299368354917,2025-09-19 01:45:00+00:00,3672.6,-0.004987583547617389,stop_hit,h_ema21,holdout
2025-09-19 02:45:00+00:00,3679.5150000000003,3674.9079624781484,3688.729075043704,2025-09-19 04:00:00+00:00,3688.714075043704,2.0,scaleout_tier_1,h_ema21,holdout
2025-09-19 02:45:00+00:00,3679.5150000000003,3674.9079624781484,3688.729075043704,2025-09-19 06:15:00+00:00,3679.5,-0.0032558883944791084,stop_hit,h_ema21,holdout
2025-09-19 08:00:00+00:00,3685.715,3681.056833876523,3695.0313322469547,2025-09-19 11:15:00+00:00,3682.9849999999997,-0.5860675483944666,trail_exit,h_ema21,holdout
2025-09-19 12:15:00+00:00,3683.1150000000002,3679.3989018177354,3690.54719636453,2025-09-19 12:30:00+00:00,3679.383901817735,-1.0040364918429536,stop_hit,h_ema21,holdout
2025-09-19 13:00:00+00:00,3681.5150000000003,3677.5999971915326,3689.345005616936,2025-09-19 13:30:00+00:00,3689.3300056169355,2.0,scaleout_tier_1,h_ema21,holdout
2025-09-19 13:00:00+00:00,3681.5150000000003,3677.5999971915326,3693.2600084254036,2025-09-19 13:45:00+00:00,3693.2450084254033,3.0,scaleout_tier_2,h_ema21,holdout
2025-09-19 14:30:00+00:00,3697.215,3692.1230946434234,3717.582621426307,2025-09-19 18:45:00+00:00,3717.5676214263067,4.0,scaleout_tier_3,h_ema21,holdout
2025-09-19 14:30:00+00:00,3697.215,3692.1230946434234,3707.3988107131536,2025-09-21 22:00:00+00:00,3721.285,4.727110642170683,eod_force_close,h_ema21,holdout
2025-09-22 00:15:00+00:00,3725.715,3722.27995616816,3732.5850876636805,2025-09-22 01:45:00+00:00,3722.2649561681596,-1.00436675650578,stop_hit,h_ema21,holdout
2025-09-22 02:30:00+00:00,3726.5150000000003,3722.3926072792096,3734.7597854415817,2025-09-22 02:45:00+00:00,3722.3776072792093,-1.003638663518077,stop_hit,h_ema21,holdout
2025-09-22 03:15:00+00:00,3725.215,3720.9491119505915,3733.7467760988175,2025-09-22 05:30:00+00:00,3733.731776098817,2.0,scaleout_tier_1,h_ema21,holdout
2025-09-22 03:15:00+00:00,3725.215,3720.9491119505915,3738.012664148226,2025-09-22 06:15:00+00:00,3737.997664148226,3.0,scaleout_tier_2,h_ema21,holdout
2025-09-22 16:30:00+00:00,3771.0150000000003,3765.86092791142,3781.3231441771613,2025-09-22 22:00:00+00:00,3781.1849999999995,1.9731970809124062,eod_force_close,h_ema21,holdout
2025-09-23 00:30:00+00:00,3783.6150000000002,3780.0860500854233,3790.672899829154,2025-09-23 01:00:00+00:00,3780.071050085423,-1.0042505562174082,stop_hit,h_ema21,holdout
2025-09-23 01:45:00+00:00,3792.9150000000004,3787.8522233283884,3803.0405533432245,2025-09-23 02:00:00+00:00,3787.837223328388,-1.0029628010424467,stop_hit,h_ema21,holdout
2025-09-23 07:30:00+00:00,3788.9150000000004,3784.0536103068275,3798.637779386346,2025-09-23 08:30:00+00:00,3798.622779386346,2.0,scaleout_tier_1,h_ema21,holdout
2025-09-23 07:30:00+00:00,3788.9150000000004,3784.0536103068275,3803.499169079519,2025-09-23 08:30:00+00:00,3803.484169079519,3.0,scaleout_tier_2,h_ema21,holdout
2025-09-23 17:00:00+00:00,3812.5150000000003,3805.5569926616554,3826.43101467669,2025-09-23 18:45:00+00:00,3805.541992661655,-1.0021557896206381,stop_hit,h_ema21,holdout
2025-09-24 00:30:00+00:00,3796.1150000000002,3790.8099433699217,3806.7251132601573,2025-09-24 01:15:00+00:00,3790.7949433699214,-1.0028274910234285,stop_hit,h_ema21,holdout
2025-09-24 01:45:00+00:00,3792.6150000000002,3787.2938854879076,3803.2572290241856,2025-09-24 02:00:00+00:00,3787.2788854879072,-1.0028189583152625,stop_hit,h_ema21,holdout
2025-09-24 02:45:00+00:00,3787.9150000000004,3782.7646732720777,3798.2156534558458,2025-09-24 03:45:00+00:00,3798.2006534558454,2.0,scaleout_tier_1,h_ema21,holdout
2025-09-24 02:45:00+00:00,3787.9150000000004,3782.7646732720777,3803.3659801837684,2025-09-24 05:00:00+00:00,3803.350980183768,3.0,scaleout_tier_2,h_ema21,holdout
2025-09-24 07:15:00+00:00,3806.4150000000004,3801.8363482272457,3815.57230354551,2025-09-24 08:30:00+00:00,3801.8213482272454,-1.0032760735571953,stop_hit,h_ema21,holdout
2025-09-24 11:30:00+00:00,3798.215,3793.9761473939006,3806.692705212199,2025-09-24 13:30:00+00:00,3793.9611473939003,-1.0035386934612314,stop_hit,h_ema21,holdout
2025-09-25 02:30:00+00:00,3766.0150000000003,3760.6387560075477,3776.7674879849055,2025-09-25 07:30:00+00:00,3776.752487984905,2.0,scaleout_tier_1,h_ema21,holdout
2025-09-25 02:30:00+00:00,3766.0150000000003,3760.6387560075477,3782.143731977358,2025-09-25 07:45:00+00:00,3782.128731977358,3.0,scaleout_tier_2,h_ema21,holdout
2025-09-25 10:30:00+00:00,3787.6150000000002,3782.3805710843103,3798.08385783138,2025-09-25 11:00:00+00:00,3782.36557108431,-1.0028656421248487,stop_hit,h_ema21,holdout
2025-09-25 12:30:00+00:00,3784.715,3779.1004183957175,3795.9441632085654,2025-09-25 12:45:00+00:00,3779.085418395717,-1.0026716149229866,stop_hit,h_ema21,holdout
2025-09-25 13:30:00+00:00,3772.6150000000002,3765.195248719286,3787.4545025614284,2025-09-25 13:45:00+00:00,3765.180248719286,-1.0020216311076784,stop_hit,h_ema21,holdout
2025-09-25 14:30:00+00:00,3763.5150000000003,3754.7165822488428,3781.1118355023154,2025-09-25 14:45:00+00:00,3754.7015822488424,-1.0017048519886833,stop_hit,h_ema21,holdout
2025-09-25 15:45:00+00:00,3766.5150000000003,3757.720882552507,3784.1032348949866,2025-09-25 18:30:00+00:00,3784.0882348949863,2.0,scaleout_tier_1,h_ema21,holdout
2025-09-25 15:45:00+00:00,3766.5150000000003,3757.720882552507,3784.1032348949866,2025-09-25 22:00:00+00:00,3781.4849999999997,1.7022742861214248,eod_force_close,h_ema21,holdout
2025-09-26 03:30:00+00:00,3771.8150000000005,3766.4158926639843,3782.613214672033,2025-09-26 08:30:00+00:00,3782.5982146720326,2.0,scaleout_tier_1,h_ema21,holdout
2025-09-26 03:30:00+00:00,3771.8150000000005,3766.4158926639843,3788.012322008049,2025-09-26 13:00:00+00:00,3787.9973220080487,3.0,scaleout_tier_2,h_ema21,holdout
2025-09-26 03:30:00+00:00,3771.8150000000005,3766.4158926639843,3793.4114293440653,2025-09-26 13:00:00+00:00,3793.396429344065,4.0,scaleout_tier_3,h_ema21,holdout
2025-09-29 00:15:00+00:00,3803.3150000000005,3797.801753474701,3814.3414930505996,2025-09-29 01:15:00+00:00,3797.7867534747006,-1.0027207199844037,stop_hit,h_ema21,holdout
2025-09-29 15:30:00+00:00,3858.3150000000005,3850.8924243495853,3873.160151300831,2025-09-29 22:00:00+00:00,3863.0849999999996,0.6426340699851623,eod_force_close,h_ema21,holdout
2025-09-30 10:15:00+00:00,3830.715,3821.3977186529028,3849.349562694195,2025-09-30 13:30:00+00:00,3849.3345626941946,2.0,scaleout_tier_1,h_ema200,holdout
2025-09-30 10:15:00+00:00,3830.715,3821.3977186529028,3858.6668440412923,2025-09-30 14:00:00+00:00,3858.651844041292,3.0,scaleout_tier_2,h_ema200,holdout
2025-09-30 10:15:00+00:00,3830.715,3821.3977186529028,3867.9841253883897,2025-09-30 14:00:00+00:00,3867.9691253883893,4.0,scaleout_tier_3,h_ema200,holdout
2025-09-30 18:30:00+00:00,3873.9150000000004,3866.8786897079644,3887.9876205840724,2025-09-30 22:00:00+00:00,3887.6849999999995,1.9569915805993656,eod_force_close,h_ema21,holdout
2025-10-01 03:30:00+00:00,3891.715,3886.761279546549,3901.6224409069027,2025-10-01 04:00:00+00:00,3886.7462795465485,-1.0030280271447043,stop_hit,h_ema21,holdout
2025-10-01 05:00:00+00:00,3892.4150000000004,3887.378228442204,3902.488543115593,2025-10-01 06:00:00+00:00,3887.3632284422038,-1.0029780981385008,stop_hit,h_ema21,holdout
2025-10-01 07:15:00+00:00,3894.5150000000003,3888.844076913803,3905.8568461723953,2025-10-01 07:45:00+00:00,3905.841846172395,2.0,scaleout_tier_1,h_ema21,holdout
2025-10-01 07:15:00+00:00,3894.5150000000003,3888.844076913803,3911.527769258593,2025-10-01 08:00:00+00:00,3911.5127692585925,3.0,scaleout_tier_2,h_ema21,holdout
2025-10-01 13:45:00+00:00,3899.4150000000004,3892.3180587063707,3913.60888258726,2025-10-01 14:00:00+00:00,3896.9849999999997,-0.34240102876177714,trail_exit,h_ema21,holdout
2025-10-01 14:30:00+00:00,3902.3150000000005,3895.1004664642483,3916.744067071505,2025-10-01 14:45:00+00:00,3895.085466464248,-1.0020791364994,stop_hit,h_ema21,holdout
2025-10-01 15:45:00+00:00,3891.3150000000005,3882.8306949111793,3908.283610177643,2025-10-01 18:00:00+00:00,3882.815694911179,-1.0017679703692046,stop_hit,h_ema21,holdout
2025-10-01 18:30:00+00:00,3889.8150000000005,3883.3263266788267,3902.792346642348,2025-10-01 22:00:00+00:00,3892.6849999999995,0.442309214525197,eod_force_close,h_ema21,holdout
2025-10-02 01:15:00+00:00,3884.8150000000005,3879.4214907745154,3895.6020184509707,2025-10-02 06:00:00+00:00,3895.5870184509704,2.0,scaleout_tier_1,h_ema21,holdout
2025-10-02 01:15:00+00:00,3884.8150000000005,3879.4214907745154,3900.995527676456,2025-10-02 09:30:00+00:00,3900.9805276764555,3.0,scaleout_tier_2,h_ema21,holdout
2025-10-02 18:15:00+00:00,3870.3150000000005,3861.850706847561,3887.2435863048795,2025-10-02 18:30:00+00:00,3872.3849999999998,0.2445567471162857,trail_exit,h_ema21,holdout
2025-10-03 05:15:00+00:00,3874.1150000000002,3868.9995674353995,3884.3458651292017,2025-10-03 07:15:00+00:00,3884.3308651292014,2.0,scaleout_tier_1,h_ema21,holdout
2025-10-03 05:15:00+00:00,3874.1150000000002,3868.9995674353995,3889.4612976938024,2025-10-03 12:30:00+00:00,3889.446297693802,3.0,scaleout_tier_2,h_ema21,holdout
2025-10-03 05:15:00+00:00,3874.1150000000002,3868.9995674353995,3894.576730258403,2025-10-03 12:30:00+00:00,3894.561730258403,4.0,scaleout_tier_3,h_ema21,holdout
2025-10-03 16:00:00+00:00,3914.5150000000003,3906.6086138802116,3930.327772239578,2025-10-03 16:15:00+00:00,3906.5936138802113,-1.0018972005380289,stop_hit,h_ema21,holdout
2025-10-03 17:00:00+00:00,3908.8150000000005,3901.715950281985,3923.0130994360316,2025-10-03 17:45:00+00:00,3901.7009502819847,-1.00211295886015,stop_hit,h_ema21,holdout
2025-10-06 00:45:00+00:00,3930.1150000000002,3923.6807430925155,3942.9835138149697,2025-10-06 01:45:00+00:00,3942.9685138149694,2.0,scaleout_tier_1,h_ema21,holdout
2025-10-06 00:45:00+00:00,3930.1150000000002,3923.6807430925155,3949.4177707224544,2025-10-06 03:30:00+00:00,3949.402770722454,3.0,scaleout_tier_2,h_ema21,holdout
2025-10-06 07:00:00+00:00,3958.3150000000005,3951.7945243533295,3971.3559512933425,2025-10-06 12:15:00+00:00,3951.779524353329,-1.002300445675,stop_hit,h_ema21,holdout
2025-10-06 14:45:00+00:00,3980.9150000000004,3972.6605156088167,3997.423968782368,2025-10-06 15:15:00+00:00,3972.6455156088164,-1.0018171940595524,stop_hit,h_ema21,holdout
2025-10-06 15:45:00+00:00,3980.8150000000005,3972.456547045591,3997.5319059088197,2025-10-06 16:00:00+00:00,3972.4415470455906,-1.0017945904681338,stop_hit,h_ema21,holdout
2025-10-06 17:00:00+00:00,3978.3150000000005,3969.425049806626,3996.09490038675,2025-10-06 22:00:00+00:00,3982.9849999999997,0.5253122794185626,eod_force_close,h_ema21,holdout
2025-10-07 02:15:00+00:00,3984.3150000000005,3978.0525299472806,3996.8399401054403,2025-10-07 04:45:00+00:00,3996.82494010544,2.0,scaleout_tier_1,h_ema21,holdout
2025-10-07 02:15:00+00:00,3984.3150000000005,3978.0525299472806,3996.8399401054403,2025-10-07 05:00:00+00:00,3984.3,-0.0023952210348395482,stop_hit,h_ema21,holdout
2025-10-07 09:15:00+00:00,3981.9150000000004,3975.3044339717026,3995.136132056596,2025-10-07 12:30:00+00:00,3995.121132056596,2.0,scaleout_tier_1,h_ema21,holdout
2025-10-07 09:15:00+00:00,3981.9150000000004,3975.3044339717026,4001.746698084894,2025-10-07 12:45:00+00:00,4001.7316980848937,3.0,scaleout_tier_2,h_ema21,holdout
2025-10-07 17:45:00+00:00,4009.8150000000005,4001.1042028938596,4027.2365942122824,2025-10-07 18:00:00+00:00,4001.0892028938592,-1.0017220008476322,stop_hit,h_ema21,holdout
2025-10-08 02:45:00+00:00,4029.1150000000002,4023.4237945047066,4040.4974109905875,2025-10-08 04:00:00+00:00,4040.482410990587,2.0,scaleout_tier_1,h_ema21,holdout
2025-10-08 02:45:00+00:00,4029.1150000000002,4023.4237945047066,4046.188616485881,2025-10-08 04:45:00+00:00,4046.1736164858808,3.0,scaleout_tier_2,h_ema21,holdout
2025-10-08 09:45:00+00:00,4061.9150000000004,4056.056133582137,4073.632732835727,2025-10-08 10:30:00+00:00,4056.041133582137,-1.0025602222222705,stop_hit,h_ema21,holdout
2025-10-08 13:00:00+00:00,4062.1150000000002,4055.2734994005446,4075.7980011989116,2025-10-08 13:30:00+00:00,4055.258499400544,-1.002192501452316,stop_hit,h_ema21,holdout
2025-10-08 15:00:00+00:00,4069.715,4061.5512665757456,4086.0424668485093,2025-10-08 15:15:00+00:00,4061.5362665757452,-1.0018373946356163,stop_hit,h_ema21,holdout
2025-10-08 16:45:00+00:00,4079.9150000000004,4072.071695415843,4095.6016091683155,2025-10-08 17:15:00+00:00,4072.0566954158426,-1.001912459198719,stop_hit,h_ema21,holdout
2025-10-08 19:00:00+00:00,4070.6150000000002,4063.2932060063195,4085.258587987362,2025-10-08 19:15:00+00:00,4063.278206006319,-1.00204867823559,stop_hit,h_ema21,holdout
2025-10-09 00:30:00+00:00,4047.0150000000003,4037.432189716776,4066.180620566449,2025-10-09 01:00:00+00:00,4037.4171897167757,-1.0015653028242233,stop_hit,h_ema21,holdout
2025-10-09 02:45:00+00:00,4038.0150000000003,4027.4260183976667,4059.1929632046676,2025-10-09 09:00:00+00:00,4059.1779632046673,2.0,scaleout_tier_1,h_ema21,holdout
2025-10-09 02:45:00+00:00,4038.0150000000003,4027.4260183976667,4069.7819448070013,2025-10-09 12:45:00+00:00,4069.766944807001,3.0,scaleout_tier_2,h_ema21,holdout
2025-10-09 15:00:00+00:00,4038.9150000000004,4027.3376584475864,4062.0696831048285,2025-10-09 15:15:00+00:00,4030.9849999999997,-0.6849586292413752,trail_exit,h_ema21,holdout
2025-10-09 16:15:00+00:00,4032.3150000000005,4021.037987674369,4054.8690246512633,2025-10-09 16:30:00+00:00,4021.022987674369,-1.0013301395411474,stop_hit,h_ema21,holdout
2025-10-10 07:30:00+00:00,3977.715,3968.5580954408797,3996.028809118241,2025-10-10 08:00:00+00:00,3996.0138091182407,2.0,scaleout_tier_1,h_ema21,holdout
2025-10-10 07:30:00+00:00,3977.715,3968.5580954408797,4005.1857136773615,2025-10-10 09:00:00+00:00,4005.170713677361,3.0,scaleout_tier_2,h_ema21,holdout
2025-10-10 10:30:00+00:00,4013.0150000000003,4004.196475717656,4030.652048564689,2025-10-10 11:45:00+00:00,4004.1814757176558,-1.0017009648689588,stop_hit,h_ema200,holdout
2025-10-10 15:00:00+00:00,4005.715,3995.708421221451,4025.7281575570987,2025-10-10 15:15:00+00:00,4025.7131575570984,2.0,scaleout_tier_1,h_ema21,holdout
2025-10-10 15:00:00+00:00,4005.715,3995.708421221451,4025.7281575570987,2025-10-10 16:00:00+00:00,4005.7,-0.001499013832028419,stop_hit,h_ema21,holdout
2025-10-13 01:45:00+00:00,4069.0150000000003,4054.7487270843803,4097.54754583124,2025-10-28 04:00:00+00:00,4054.73372708438,-1.0010514308880145,stop_hit,h_ema21,holdout
2025-10-28 11:00:00+00:00,3941.0150000000003,3927.1817075787235,3968.681584842554,2025-10-28 11:15:00+00:00,3927.166707578723,-1.0010843405563563,stop_hit,ema21,holdout
2025-10-28 13:15:00+00:00,3937.6150000000002,3924.954964182463,3962.935071635075,2025-10-28 14:15:00+00:00,3962.9200716350747,2.0,scaleout_tier_1,ema21,holdout
2025-10-28 13:15:00+00:00,3937.6150000000002,3924.954964182463,3975.5951074526124,2025-10-28 15:30:00+00:00,3975.580107452612,3.0,scaleout_tier_2,ema21,holdout
2025-10-28 19:00:00+00:00,3971.5150000000003,3961.1278157897978,3992.2893684204055,2025-10-28 22:00:00+00:00,3967.1849999999995,-0.4168598450143776,eod_force_close,h_ema21,holdout
2025-10-29 00:30:00+00:00,3984.715,3972.628043655776,4008.8889126884487,2025-10-29 02:30:00+00:00,3972.6130436557755,-1.0012410072124978,stop_hit,h_ema21,holdout
2025-10-29 03:30:00+00:00,3978.3150000000005,3966.9372520420575,4001.0704959158866,2025-10-29 04:15:00+00:00,3966.922252042057,-1.0013183628303046,stop_hit,h_ema21,holdout
2025-10-29 04:45:00+00:00,3972.8150000000005,3962.0701798124514,3994.3046403750986,2025-10-29 06:30:00+00:00,3994.2896403750983,2.0,scaleout_tier_1,h_ema21,holdout
2025-10-29 04:45:00+00:00,3972.8150000000005,3962.0701798124514,4005.0494605626477,2025-10-29 07:00:00+00:00,4005.0344605626474,3.0,scaleout_tier_2,h_ema21,holdout
2025-10-29 08:00:00+00:00,4014.8150000000005,4004.246006866775,4035.9529862664513,2025-10-29 13:30:00+00:00,4021.6849999999995,0.6500146147698782,trail_exit,h_ema200,holdout
2025-10-29 15:15:00+00:00,4023.8150000000005,4014.215867783402,4043.013264433198,2025-10-29 15:45:00+00:00,4014.2008677834015,-1.0015626412535905,stop_hit,h_ema21,holdout
2025-10-29 16:15:00+00:00,4011.8150000000005,4002.1006800489836,4031.2436399020344,2025-10-29 17:15:00+00:00,4002.0856800489832,-1.0015441122050708,stop_hit,h_ema21,holdout
2025-10-29 17:45:00+00:00,4005.4150000000004,3996.1189574193622,4024.007085161277,2025-10-29 18:00:00+00:00,3996.103957419362,-1.0016135898550604,stop_hit,h_ema50,holdout
2025-10-30 02:45:00+00:00,3949.6150000000002,3935.213188263915,3978.4186234721706,2025-10-30 03:00:00+00:00,3935.1981882639147,-1.0010415356258784,stop_hit,ema21,holdout
2025-10-30 03:30:00+00:00,3945.1150000000002,3930.937164583025,3973.4706708339504,2025-10-30 04:30:00+00:00,3973.45567083395,2.0,scaleout_tier_1,ema21,holdout
2025-10-30 03:30:00+00:00,3945.1150000000002,3930.937164583025,3987.6485062509255,2025-10-30 04:30:00+00:00,3987.633506250925,3.0,scaleout_tier_2,ema21,holdout
2025-10-30 05:45:00+00:00,3975.215,3960.736578973019,4004.171842053963,2025-10-30 11:00:00+00:00,3988.285,0.9027227468826231,trail_exit,h_ema21,holdout
2025-10-30 15:45:00+00:00,4018.5150000000003,4004.563191206614,4046.4186175867726,2025-10-30 22:00:00+00:00,4038.1849999999995,1.409853037071705,eod_force_close,h_ema21,holdout
2025-10-31 03:00:00+00:00,4023.6150000000002,4012.683796869997,4045.477406260007,2025-10-31 03:15:00+00:00,4012.6687968699966,-1.0013722185766685,stop_hit,h_ema21,holdout
2025-10-31 04:30:00+00:00,4013.9150000000004,4003.347573820123,4035.049852359755,2025-10-31 11:15:00+00:00,4016.785,0.27158931145074594,trail_exit,h_ema21,holdout
2025-10-31 11:45:00+00:00,4020.1150000000002,4011.676165531749,4036.9926689365025,2025-10-31 12:30:00+00:00,4036.977668936502,2.0,scaleout_tier_1,h_ema21,holdout
2025-10-31 11:45:00+00:00,4020.1150000000002,4011.676165531749,4036.9926689365025,2025-10-31 16:00:00+00:00,4020.1,-0.0017774966503681228,stop_hit,h_ema21,holdout
2025-10-31 17:45:00+00:00,4009.6150000000002,3997.3705128720335,4034.1039742559337,2025-11-02 23:00:00+00:00,4000.9849999999997,-0.7048069804646536,eod_force_close,h_ema21,holdout
2025-11-03 01:15:00+00:00,3996.1150000000002,3983.902490383596,4020.5400192328084,2025-11-03 03:30:00+00:00,4020.525019232808,2.0,scaleout_tier_1,ema21,holdout
2025-11-03 01:15:00+00:00,3996.1150000000002,3983.902490383596,4032.7525288492125,2025-11-03 07:30:00+00:00,4032.737528849212,3.0,scaleout_tier_2,ema21,holdout
2025-11-03 10:00:00+00:00,4011.715,4002.2444167617673,4030.656166476466,2025-11-03 10:15:00+00:00,4009.1849999999995,-0.2671429980982604,trail_exit,h_ema21,holdout
2025-11-03 12:00:00+00:00,4019.6150000000002,4011.4632757175873,4035.918448564826,2025-11-03 15:00:00+00:00,4035.903448564826,2.0,scaleout_tier_1,h_ema21,holdout
2025-11-03 12:00:00+00:00,4019.6150000000002,4011.4632757175873,4035.918448564826,2025-11-03 15:15:00+00:00,4019.6,-0.001840101490268677,stop_hit,h_ema21,holdout
2025-11-03 16:45:00+00:00,4015.3150000000005,4004.461984194396,4037.0210316112098,2025-11-03 21:30:00+00:00,4014.0849999999996,-0.11333255401376463,eod_force_close,h_ema21,holdout
2025-11-04 01:15:00+00:00,4000.0150000000003,3991.319945536987,4017.4051089260274,2025-11-04 01:30:00+00:00,3991.3049455369865,-1.001725118579088,stop_hit,h_ema21,holdout
2025-11-04 02:30:00+00:00,3993.4150000000004,3984.5397518579766,4011.165496284048,2025-11-04 05:30:00+00:00,3984.5247518579763,-1.0016900935906572,stop_hit,h_ema21,holdout
2025-11-04 06:45:00+00:00,3988.3150000000005,3980.2172605830333,4004.510478833935,2025-11-04 08:15:00+00:00,4004.4954788339346,2.0,scaleout_tier_1,ema21,holdout
2025-11-04 06:45:00+00:00,3988.3150000000005,3980.2172605830333,4004.510478833935,2025-11-04 13:30:00+00:00,3988.3,-0.001852368818993839,stop_hit,ema21,holdout
2025-11-04 15:00:00+00:00,3966.4150000000004,3953.719396173099,3991.806207653803,2025-11-04 15:15:00+00:00,3953.7043961730988,-1.0011815113487192,stop_hit,ema21,holdout
2025-11-04 15:45:00+00:00,3974.9150000000004,3961.559226819351,4001.6265463612995,2025-11-04 18:00:00+00:00,3961.5442268193506,-1.00112310981906,stop_hit,ema21,holdout
2025-11-04 18:30:00+00:00,3961.4150000000004,3950.6117862603005,3983.0214274794002,2025-11-04 18:45:00+00:00,3950.5967862603,-1.0013884757222942,stop_hit,ema21,holdout
2025-11-05 00:15:00+00:00,3948.5150000000003,3940.7110488814747,3964.1229022370517,2025-11-05 00:30:00+00:00,3940.6960488814743,-1.0019221032746757,stop_hit,ema21,holdout
2025-11-05 01:00:00+00:00,3948.4150000000004,3940.0064793704814,3965.2320412590384,2025-11-05 03:30:00+00:00,3965.217041259038,2.0,scaleout_tier_1,ema21,holdout
2025-11-05 01:00:00+00:00,3948.4150000000004,3940.0064793704814,3973.6405618885574,2025-11-05 04:30:00+00:00,3973.625561888557,3.0,scaleout_tier_2,ema21,holdout
2025-11-05 06:30:00+00:00,3976.6150000000002,3969.17431488817,3991.4963702236605,2025-11-05 09:15:00+00:00,3975.0849999999996,-0.20562622621511947,trail_exit,ema21,holdout
2025-11-05 11:45:00+00:00,3972.215,3964.583985653831,3987.4770286923385,2025-11-05 14:00:00+00:00,3987.462028692338,2.0,scaleout_tier_1,ema21,holdout
2025-11-05 11:45:00+00:00,3972.215,3964.583985653831,3995.1080430385077,2025-11-05 16:45:00+00:00,3995.0930430385074,3.0,scaleout_tier_2,ema21,holdout
2025-11-06 01:00:00+00:00,3984.9150000000004,3979.3010263016463,3996.1429473967087,2025-11-06 01:15:00+00:00,3979.286026301646,-1.0026719042172794,stop_hit,ema21,holdout
2025-11-06 01:45:00+00:00,3979.6150000000002,3973.376151525042,3992.0926969499164,2025-11-06 03:00:00+00:00,3992.077696949916,2.0,scaleout_tier_1,ema21,holdout
2025-11-06 01:45:00+00:00,3979.6150000000002,3973.376151525042,3998.3315454248745,2025-11-06 05:15:00+00:00,3998.316545424874,3.0,scaleout_tier_2,ema21,holdout
2025-11-06 14:45:00+00:00,4006.8150000000005,3999.4815826462977,4021.481834707406,2025-11-06 15:00:00+00:00,3999.4665826462974,-1.0020454311103342,stop_hit,h_ema21,holdout
2025-11-06 17:45:00+00:00,3989.8150000000005,3980.7846047186767,4007.875790562648,2025-11-06 21:30:00+00:00,3988.3849999999998,-0.15835408699752093,eod_force_close,ema21,holdout
2025-11-07 00:30:00+00:00,3999.0150000000003,3993.1616751785173,4010.7216496429664,2025-11-07 04:00:00+00:00,3993.146675178517,-1.002562646095647,stop_hit,ema21,holdout
2025-11-07 05:00:00+00:00,4006.0150000000003,4000.2222401101335,4017.600519779734,2025-11-07 05:15:00+00:00,4000.207240110133,-1.0025894392803276,stop_hit,h_ema21,holdout
2025-11-07 11:00:00+00:00,4015.6150000000002,4010.3706991351673,4026.103601729666,2025-11-07 11:15:00+00:00,4010.355699135167,-1.0028602477979314,stop_hit,h_ema21,holdout
2025-11-07 12:00:00+00:00,4010.9150000000004,4005.020745600779,4022.7035087984436,2025-11-07 12:30:00+00:00,4005.0057456007785,-1.0025448511354225,stop_hit,h_ema21,holdout
2025-11-07 14:00:00+00:00,4004.715,3998.2772294377996,4017.590541124401,2025-11-07 14:30:00+00:00,3998.2622294377993,-1.0023299991597092,stop_hit,h_ema21,holdout
2025-11-07 15:00:00+00:00,4000.5150000000003,3992.8727060332417,4015.7995879335176,2025-11-07 15:45:00+00:00,3992.8577060332414,-1.0019627614516757,stop_hit,h_ema21,holdout
2025-11-07 18:45:00+00:00,4013.5150000000003,4004.2448925897875,4032.055214820426,2025-11-07 20:15:00+00:00,4004.229892589787,-1.0016181042286307,stop_hit,h_ema21,holdout
2025-11-10 16:15:00+00:00,4098.915,4090.944879092854,4114.855241814292,2025-11-10 18:15:00+00:00,4114.840241814291,2.0,scaleout_tier_1,h_ema21,holdout
2025-11-10 16:15:00+00:00,4098.915,4090.944879092854,4114.855241814292,2025-11-10 21:30:00+00:00,4119.585,2.593436190091882,eod_force_close,h_ema21,holdout
2025-11-11 02:45:00+00:00,4144.715,4138.681461207425,4156.782077585151,2025-11-11 05:30:00+00:00,4138.666461207425,-1.0024861031835557,stop_hit,h_ema21,holdout
2025-11-11 07:30:00+00:00,4137.915,4131.687330472717,4150.370339054566,2025-11-11 07:45:00+00:00,4131.672330472717,-1.0024086056484875,stop_hit,h_ema21,holdout
2025-11-11 08:15:00+00:00,4143.415,4136.919303953557,4156.406392092887,2025-11-11 08:30:00+00:00,4136.904303953556,-1.0023092213510423,stop_hit,h_ema21,holdout
2025-11-11 09:00:00+00:00,4142.415,4135.917935782057,4155.4091284358865,2025-11-11 14:15:00+00:00,4135.902935782056,-1.0023087350682023,stop_hit,h_ema21,holdout
2025-11-11 14:45:00+00:00,4138.915,4132.286631871717,4152.171736256566,2025-11-11 15:00:00+00:00,4132.271631871717,-1.0022630004414395,stop_hit,h_ema21,holdout
2025-11-11 16:15:00+00:00,4119.3150000000005,4110.6844930953375,4136.5760138093265,2025-11-11 21:30:00+00:00,4135.085,1.8272391383499327,eod_force_close,h_ema21,holdout
2025-11-12 00:15:00+00:00,4149.615000000001,4143.97038096456,4160.9042380708825,2025-11-12 00:45:00+00:00,4143.9553809645595,-1.002657398117773,stop_hit,h_ema21,holdout
2025-11-12 02:15:00+00:00,4139.915,4133.7103245615135,4152.324350876973,2025-11-12 02:30:00+00:00,4133.695324561513,-1.0024175317708457,stop_hit,h_ema21,holdout
2025-11-12 04:30:00+00:00,4117.715,4110.796990160974,4131.551019678052,2025-11-12 05:15:00+00:00,4110.781990160974,-1.0021682536378755,stop_hit,h_ema200,holdout
2025-11-12 06:15:00+00:00,4111.715,4105.05928141398,4125.0264371720405,2025-11-12 07:00:00+00:00,4125.01143717204,2.0,scaleout_tier_1,h_ema200,holdout
2025-11-12 06:15:00+00:00,4111.715,4105.05928141398,4131.682155758061,2025-11-12 08:15:00+00:00,4131.66715575806,3.0,scaleout_tier_2,h_ema200,holdout
2025-11-12 10:45:00+00:00,4131.8150000000005,4124.468769271534,4161.1999229138655,2025-11-12 15:00:00+00:00,4161.184922913865,4.0,scaleout_tier_3,h_ema21,holdout
2025-11-12 10:45:00+00:00,4131.8150000000005,4124.468769271534,4168.546153642332,2025-11-12 15:00:00+00:00,4168.531153642331,5.0,scaleout_tier_4,h_ema21,holdout
2025-11-13 00:30:00+00:00,4196.515,4188.939954416049,4211.6650911679035,2025-11-13 01:15:00+00:00,4188.924954416048,-1.0019801861037123,stop_hit,h_ema21,holdout
2025-11-13 03:15:00+00:00,4203.515,4193.7382169258,4223.068566148401,2025-11-13 07:45:00+00:00,4223.053566148401,2.0,scaleout_tier_1,h_ema21,holdout
2025-11-13 03:15:00+00:00,4203.515,4193.7382169258,4232.845349222602,2025-11-13 08:00:00+00:00,4232.830349222601,3.0,scaleout_tier_2,h_ema21,holdout
2025-11-13 12:15:00+00:00,4239.415,4231.170714055726,4255.903571888547,2025-11-13 13:00:00+00:00,4231.155714055726,-1.0018194419870585,stop_hit,h_ema21,holdout
2025-11-13 16:00:00+00:00,4206.615000000001,4193.555624635505,4232.733750728991,2025-11-13 18:15:00+00:00,4193.540624635505,-1.001148600111542,stop_hit,h_ema21,holdout
2025-11-14 00:30:00+00:00,4190.615000000001,4180.750741518076,4210.34351696385,2025-11-14 01:15:00+00:00,4180.735741518076,-1.0015206414174784,stop_hit,h_ema21,holdout
2025-11-14 03:30:00+00:00,4213.615000000001,4204.566924867817,4231.711150264368,2025-11-14 03:45:00+00:00,4204.5519248678165,-1.0016578111677006,stop_hit,h_ema50,holdout
2025-11-14 04:45:00+00:00,4205.215,4196.997850411931,4221.649299176139,2025-11-14 05:00:00+00:00,4196.9828504119305,-1.0018254505214443,stop_hit,h_ema21,holdout
2025-11-14 06:45:00+00:00,4182.715,4173.890891789483,4200.363216421034,2025-11-14 07:00:00+00:00,4173.875891789483,-1.0016998884921255,stop_hit,h_ema21,holdout
2025-11-14 07:45:00+00:00,4177.415,4167.891602077244,4196.461795845512,2025-11-14 10:00:00+00:00,4167.876602077244,-1.0015750680715005,stop_hit,h_ema21,holdout
2025-11-14 10:45:00+00:00,4170.915,4161.675440719473,4189.394118561054,2025-11-14 11:00:00+00:00,4161.660440719473,-1.0016234540571585,stop_hit,h_ema21,holdout
2025-11-14 16:00:00+00:00,4095.715,4078.54101957914,4130.06296084172,2025-11-14 20:15:00+00:00,4078.5260195791398,-1.0008734142949243,stop_hit,ema21,holdout
2025-11-17 01:15:00+00:00,4095.1150000000002,4083.100221613057,4119.1445567738865,2025-11-17 02:45:00+00:00,4083.0852216130565,-1.0012484624782283,stop_hit,h_ema21,holdout
2025-11-17 07:15:00+00:00,4073.6150000000002,4064.316403601533,4092.212192796935,2025-11-17 10:45:00+00:00,4072.0849999999996,-0.1645409623599559,trail_exit,ema21,holdout
2025-11-17 11:45:00+00:00,4082.3150000000005,4072.735588468559,4101.473823062884,2025-11-17 13:30:00+00:00,4072.7205884685586,-1.001565858189837,stop_hit,ema21,holdout
2025-11-17 14:15:00+00:00,4074.715,4064.3739246598407,4095.397150680319,2025-11-17 15:00:00+00:00,4064.3589246598403,-1.0014505261306892,stop_hit,ema21,holdout
2025-11-17 16:30:00+00:00,4070.215,4059.0643355354014,4092.5163289291977,2025-11-17 19:00:00+00:00,4059.049335535401,-1.0013452113143526,stop_hit,ema21,holdout
2025-11-18 00:45:00+00:00,4036.1150000000002,4025.6445673773214,4057.055865245358,2025-11-18 01:45:00+00:00,4025.629567377321,-1.0014326055609046,stop_hit,ema21,holdout
2025-11-18 02:15:00+00:00,4034.215,4023.411289012093,4055.822421975814,2025-11-18 02:45:00+00:00,4023.396289012093,-1.0013884118167469,stop_hit,ema21,holdout
2025-11-18 03:45:00+00:00,4021.715,4010.949702532822,4043.2455949343566,2025-11-18 04:00:00+00:00,4010.9347025328216,-1.001393366049202,stop_hit,ema21,holdout
2025-11-18 04:30:00+00:00,4017.215,4006.534949513342,4038.5751009733167,2025-11-18 07:00:00+00:00,4006.5199495133415,-1.0014044877427373,stop_hit,ema21,holdout
2025-11-18 07:45:00+00:00,4011.5150000000003,4001.6641682039904,4031.2166635920203,2025-11-18 08:30:00+00:00,4031.20166359202,2.0,scaleout_tier_1,ema21,holdout
2025-11-18 07:45:00+00:00,4011.5150000000003,4001.6641682039904,4041.0674953880302,2025-11-18 10:30:00+00:00,4041.05249538803,3.0,scaleout_tier_2,ema21,holdout
2025-11-18 17:00:00+00:00,4067.215,4055.5260603683378,4090.592879263325,2025-11-18 21:30:00+00:00,4066.1849999999995,-0.08811748819462165,eod_force_close,ema21,holdout
2025-11-19 18:00:00+00:00,4079.4150000000004,4066.5629688914837,4105.119062217034,2025-11-19 21:15:00+00:00,4066.5479688914834,-1.0011671306950376,stop_hit,ema21,holdout
2025-11-20 03:15:00+00:00,4076.3150000000005,4064.1661171544765,4100.6127656910485,2025-11-20 03:30:00+00:00,4064.151117154476,-1.0012346814263546,stop_hit,ema21,holdout
2025-11-20 04:00:00+00:00,4070.4150000000004,4058.6984199666126,4093.848160066776,2025-11-20 06:15:00+00:00,4058.6834199666123,-1.0012802370621448,stop_hit,ema21,holdout
2025-11-20 06:45:00+00:00,4066.5150000000003,4056.260218781161,4087.0245624376794,2025-11-20 07:45:00+00:00,4056.2452187811605,-1.001462732327509,stop_hit,ema21,holdout
2025-11-20 08:45:00+00:00,4053.0150000000003,4041.7852118600476,4075.4745762799057,2025-11-20 12:30:00+00:00,4075.4595762799054,2.0,scaleout_tier_1,ema21,holdout
2025-11-20 08:45:00+00:00,4053.0150000000003,4041.7852118600476,4086.7043644198584,2025-11-20 13:00:00+00:00,4086.689364419858,3.0,scaleout_tier_2,ema21,holdout
2025-11-20 17:30:00+00:00,4055.1150000000002,4040.97015887504,4083.404682249921,2025-11-20 18:15:00+00:00,4059.6849999999995,0.3230859901236312,trail_exit,ema21,holdout
2025-11-21 01:45:00+00:00,4063.8150000000005,4054.776168484271,4081.89266303146,2025-11-21 03:00:00+00:00,4054.7611684842705,-1.0016595065384528,stop_hit,ema21,holdout
2025-11-21 04:30:00+00:00,4057.6150000000002,4048.6112474227402,4075.6225051545202,2025-11-21 04:45:00+00:00,4048.59624742274,-1.0016659720346173,stop_hit,ema21,holdout
2025-11-21 05:15:00+00:00,4054.715,4045.9091164678425,4072.3267670643154,2025-11-21 05:30:00+00:00,4045.894116467842,-1.0017034065855572,stop_hit,ema21,holdout
2025-11-21 06:00:00+00:00,4056.6150000000002,4047.1566814430944,4075.531637113812,2025-11-21 06:15:00+00:00,4047.141681443094,-1.0015859055613405,stop_hit,ema21,holdout
2025-11-21 08:15:00+00:00,4034.215,4023.7471047742492,4055.150790451502,2025-11-21 09:00:00+00:00,4055.1357904515016,2.0,scaleout_tier_1,ema21,holdout
2025-11-21 08:15:00+00:00,4034.215,4023.7471047742492,4055.150790451502,2025-11-21 10:00:00+00:00,4034.2,-0.0014329528216357747,stop_hit,ema21,holdout
2025-11-21 10:45:00+00:00,4030.6150000000002,4019.7080535824944,4052.428892835012,2025-11-21 12:30:00+00:00,4052.4138928350117,2.0,scaleout_tier_1,ema21,holdout
2025-11-21 10:45:00+00:00,4030.6150000000002,4019.7080535824944,4063.335839252518,2025-11-21 12:45:00+00:00,4063.3208392525175,3.0,scaleout_tier_2,ema21,holdout
2025-11-21 15:00:00+00:00,4070.1150000000002,4059.200555542761,4091.943888914479,2025-11-21 15:30:00+00:00,4059.1855555427605,-1.0013743255608742,stop_hit,ema21,holdout
2025-11-24 01:30:00+00:00,4052.9150000000004,4043.4598926562467,4071.825214687508,2025-11-24 01:45:00+00:00,4043.4448926562463,-1.0015864441782607,stop_hit,ema21,holdout
2025-11-24 03:30:00+00:00,4045.6150000000002,4037.4979275564488,4061.849144887103,2025-11-24 05:15:00+00:00,4037.4829275564484,-1.0018479568963616,stop_hit,ema21,holdout
2025-11-24 06:15:00+00:00,4046.6150000000002,4038.5483511906227,4062.7482976187553,2025-11-24 09:00:00+00:00,4062.733297618755,2.0,scaleout_tier_1,ema21,holdout
2025-11-24 06:15:00+00:00,4046.6150000000002,4038.5483511906227,4070.8149464281328,2025-11-24 12:30:00+00:00,4070.7999464281324,3.0,scaleout_tier_2,ema21,holdout
2025-11-24 15:45:00+00:00,4091.6150000000002,4083.4542987995324,4124.257804801871,2025-11-24 20:30:00+00:00,4124.242804801871,4.0,scaleout_tier_3,ema21,holdout
2025-11-24 15:45:00+00:00,4091.6150000000002,4083.4542987995324,4107.936402400936,2025-11-24 21:30:00+00:00,4130.285,4.7385633967069545,eod_force_close,ema21,holdout
2025-11-25 01:45:00+00:00,4133.8150000000005,4126.002118683164,4149.440762633674,2025-11-25 07:15:00+00:00,4133.384999999999,-0.055037313708393945,trail_exit,h_ema21,holdout
2025-11-25 09:15:00+00:00,4160.715,4144.856282409276,4192.432435181448,2025-11-25 09:30:00+00:00,4144.841282409276,-1.0009458520157457,stop_hit,h_ema21,holdout
2025-11-25 11:15:00+00:00,4132.015,4103.060392608999,4189.924214782003,2025-11-25 18:30:00+00:00,4135.985,0.13711116667508838,trail_exit,h_ema21,holdout
2025-11-26 07:15:00+00:00,4188.015,4180.935551322285,4202.17389735543,2025-11-26 11:30:00+00:00,4202.15889735543,2.0,scaleout_tier_1,h_ema21,holdout
2025-11-26 07:15:00+00:00,4188.015,4180.935551322285,4202.17389735543,2025-11-26 12:45:00+00:00,4188.0,-0.0021188090603079324,stop_hit,h_ema21,holdout
2025-11-26 13:15:00+00:00,4194.215,4186.698259003923,4209.248481992154,2025-11-26 13:45:00+00:00,4186.683259003923,-1.0019955456770635,stop_hit,h_ema21,holdout
2025-11-26 14:45:00+00:00,4183.515,4174.471795134451,4201.601409731099,2025-11-26 15:00:00+00:00,4174.456795134451,-1.0016587039908242,stop_hit,h_ema21,holdout
2025-11-26 17:30:00+00:00,4202.215,4189.679716002178,4227.285567995645,2025-11-26 21:30:00+00:00,4196.884999999999,-0.4251997801507178,eod_force_close,h_ema21,holdout
2025-11-27 02:00:00+00:00,4187.715,4181.761545133296,4199.621909733409,2025-11-27 02:45:00+00:00,4181.7465451332955,-1.0025195454296996,stop_hit,h_ema21,holdout
2025-11-27 04:45:00+00:00,4183.915,4178.440332330583,4194.864335338833,2025-11-27 05:45:00+00:00,4178.425332330583,-1.0027398923379627,stop_hit,h_ema21,holdout
2025-11-27 06:15:00+00:00,4185.515,4180.162172816659,4196.2206543666825,2025-11-27 08:15:00+00:00,4196.205654366682,2.0,scaleout_tier_1,h_ema21,holdout
2025-11-27 06:15:00+00:00,4185.515,4180.162172816659,4196.2206543666825,2025-11-27 09:15:00+00:00,4185.5,-0.0028022574775083214,stop_hit,h_ema21,holdout
2025-11-27 17:30:00+00:00,4189.215,4185.053586952122,4197.537826095757,2025-11-27 23:00:00+00:00,4190.985,0.4253362931377229,eod_force_close,h_ema21,holdout
2025-11-28 16:30:00+00:00,4244.915,4236.848851398023,4261.047297203954,2025-11-30 23:00:00+00:00,4258.485,1.6823394496691366,eod_force_close,h_ema21,holdout
2025-12-01 01:30:00+00:00,4275.015,4265.977657038281,4293.089685923439,2025-12-01 05:00:00+00:00,4265.962657038281,-1.001659779878208,stop_hit,h_ema21,holdout
2025-12-01 05:45:00+00:00,4257.615000000001,4248.348463510187,4276.1480729796285,2025-12-01 07:45:00+00:00,4276.133072979628,2.0,scaleout_tier_1,h_ema21,holdout
2025-12-01 05:45:00+00:00,4257.615000000001,4248.348463510187,4285.414609469442,2025-12-01 08:00:00+00:00,4285.399609469442,3.0,scaleout_tier_2,h_ema21,holdout
2025-12-01 13:15:00+00:00,4288.715,4280.994188897587,4304.156622204826,2025-12-01 14:00:00+00:00,4280.979188897587,-1.0019428010608418,stop_hit,h_ema21,holdout
2025-12-01 15:00:00+00:00,4274.115000000001,4263.431391266024,4295.482217467955,2025-12-01 15:15:00+00:00,4263.416391266023,-1.0014040199687042,stop_hit,h_ema21,holdout
2025-12-01 16:00:00+00:00,4265.415,4253.937187394546,4288.370625210909,2025-12-01 21:30:00+00:00,4272.085,0.5811211795556269,eod_force_close,h_ema21,holdout
2025-12-02 00:45:00+00:00,4261.215,4254.04508653973,4275.554826920541,2025-12-02 01:00:00+00:00,4254.030086539729,-1.0020920754599683,stop_hit,h_ema21,holdout
2025-12-02 02:00:00+00:00,4250.8150000000005,4240.684334618009,4271.076330763983,2025-12-02 06:15:00+00:00,4240.669334618009,-1.0014806529911642,stop_hit,h_ema21,holdout
2025-12-02 07:00:00+00:00,4244.015,4236.709648223578,4258.625703552844,2025-12-02 09:00:00+00:00,4236.694648223578,-1.0020532892130862,stop_hit,h_ema21,holdout
2025-12-02 11:30:00+00:00,4227.915,4220.194302148961,4243.356395702079,2025-12-02 14:00:00+00:00,4243.341395702078,2.0,scaleout_tier_1,h_ema21,holdout
2025-12-02 11:30:00+00:00,4227.915,4220.194302148961,4251.077093553118,2025-12-02 14:00:00+00:00,4251.062093553118,3.0,scaleout_tier_2,h_ema21,holdout
2025-12-02 16:45:00+00:00,4217.015,4205.425667422385,4240.1936651552305,2025-12-02 17:00:00+00:00,4218.384999999999,0.11821215681092362,trail_exit,h_ema21,holdout
2025-12-02 19:00:00+00:00,4222.3150000000005,4213.15763851785,4240.629722964302,2025-12-02 20:30:00+00:00,4240.614722964302,2.0,scaleout_tier_1,h_ema21,holdout
2025-12-02 19:00:00+00:00,4222.3150000000005,4213.15763851785,4240.629722964302,2025-12-02 21:30:00+00:00,4241.485,2.093397758444328,eod_force_close,h_ema21,holdout
2025-12-03 01:00:00+00:00,4243.215,4235.527137452854,4258.590725094293,2025-12-03 05:30:00+00:00,4237.785,-0.7063081534952607,trail_exit,h_ema21,holdout
2025-12-03 06:15:00+00:00,4239.115000000001,4232.86099145556,4251.623017088882,2025-12-03 07:15:00+00:00,4232.84599145556,-1.0023984617055985,stop_hit,h_ema21,holdout
2025-12-03 07:45:00+00:00,4236.115000000001,4230.073055658625,4248.198888682752,2025-12-03 09:00:00+00:00,4230.058055658625,-1.0024826445185213,stop_hit,h_ema50,holdout
2025-12-03 10:00:00+00:00,4232.915,4227.490046207813,4243.764907584374,2025-12-03 10:15:00+00:00,4227.475046207813,-1.0027650005096689,stop_hit,h_ema21,holdout
2025-12-03 19:15:00+00:00,4232.615000000001,4222.945801530187,4251.953396939628,2025-12-03 21:30:00+00:00,4238.485,0.607082377957655,eod_force_close,h_ema21,holdout
2025-12-04 01:15:00+00:00,4243.915,4238.129169353193,4255.486661293614,2025-12-04 01:45:00+00:00,4238.114169353193,-1.0025925404520102,stop_hit,h_ema21,holdout
2025-12-04 06:30:00+00:00,4212.015,4205.13569534154,4225.7736093169215,2025-12-04 09:30:00+00:00,4225.758609316921,2.0,scaleout_tier_1,h_ema21,holdout
2025-12-04 06:30:00+00:00,4212.015,4205.13569534154,4225.7736093169215,2025-12-04 12:45:00+00:00,4219.884999999999,1.1440109706901842,trail_exit,h_ema21,holdout
2025-12-04 13:30:00+00:00,4224.115000000001,4217.526282772374,4237.292434455255,2025-12-04 14:15:00+00:00,4237.2774344552545,2.0,scaleout_tier_1,h_ema21,holdout
2025-12-04 13:30:00+00:00,4224.115000000001,4217.526282772374,4237.292434455255,2025-12-04 14:30:00+00:00,4224.1,-0.002276619178226549,stop_hit,h_ema21,holdout
2025-12-04 17:45:00+00:00,4244.015,4236.107256387881,4259.83048722424,2025-12-04 19:00:00+00:00,4236.09225638788,-1.0018968748528136,stop_hit,h_ema21,holdout
2025-12-05 01:30:00+00:00,4229.8150000000005,4224.672418134542,4240.100163730918,2025-12-05 04:00:00+00:00,4240.085163730918,2.0,scaleout_tier_1,h_ema21,holdout
2025-12-05 01:30:00+00:00,4229.8150000000005,4224.672418134542,4245.242745596377,2025-12-05 04:45:00+00:00,4245.227745596377,3.0,scaleout_tier_2,h_ema21,holdout
2025-12-05 05:30:00+00:00,4249.115000000001,4244.069877990594,4259.205244018814,2025-12-05 09:00:00+00:00,4248.485,-0.12487309500670296,trail_exit,h_ema21,holdout
2025-12-05 09:30:00+00:00,4251.415,4246.28957329173,4261.665853416539,2025-12-05 13:15:00+00:00,4261.650853416539,2.0,scaleout_tier_1,h_ema21,holdout
2025-12-05 09:30:00+00:00,4251.415,4246.28957329173,4266.7912801248085,2025-12-05 14:00:00+00:00,4266.776280124808,3.0,scaleout_tier_2,h_ema21,holdout
2025-12-05 15:30:00+00:00,4279.615000000001,4272.380967890349,4294.083064219304,2025-12-05 15:45:00+00:00,4272.365967890349,-1.0020735324052978,stop_hit,h_ema21,holdout
2025-12-05 16:30:00+00:00,4246.415,4234.666116954296,4269.912766091408,2025-12-05 19:00:00+00:00,4234.6511169542955,-1.0012767171093606,stop_hit,h_ema21,holdout
2025-12-08 02:30:00+00:00,4231.715,4225.068491577865,4245.008016844271,2025-12-08 05:45:00+00:00,4244.993016844271,2.0,scaleout_tier_1,h_ema21,holdout
2025-12-08 02:30:00+00:00,4231.715,4225.068491577865,4245.008016844271,2025-12-08 10:30:00+00:00,4231.7,-0.0022568240416835535,stop_hit,h_ema21,holdout
2025-12-08 11:30:00+00:00,4238.615000000001,4232.991736052642,4249.861527894717,2025-12-08 13:15:00+00:00,4232.976736052642,-1.0026674899383612,stop_hit,h_ema21,holdout
2025-12-08 14:15:00+00:00,4239.015,4232.561812903752,4251.921374192497,2025-12-08 14:30:00+00:00,4232.546812903752,-1.0023244328386276,stop_hit,h_ema21,holdout
2025-12-08 15:30:00+00:00,4221.115000000001,4211.911644261828,4239.521711476346,2025-12-08 15:45:00+00:00,4211.8966442618275,-1.0016298402916353,stop_hit,h_ema21,holdout
2025-12-08 16:30:00+00:00,4223.8150000000005,4214.5003461256265,4242.4443077487485,2025-12-08 17:00:00+00:00,4214.485346125626,-1.0016103657959416,stop_hit,h_ema21,holdout
2025-12-08 18:00:00+00:00,4224.3150000000005,4215.9996577594275,4240.945684481147,2025-12-08 18:15:00+00:00,4215.984657759427,-1.0018038944839982,stop_hit,h_ema21,holdout
2025-12-08 18:45:00+00:00,4218.8150000000005,4211.078590778959,4234.287818442084,2025-12-08 21:30:00+00:00,4220.085,0.1641588447189839,eod_force_close,h_ema21,holdout
2025-12-09 01:15:00+00:00,4225.115000000001,4220.4654014076705,4234.414197184661,2025-12-09 02:00:00+00:00,4220.45040140767,-1.003226084940982,stop_hit,h_ema21,holdout
2025-12-09 07:15:00+00:00,4210.515,4205.516086781672,4220.512826436657,2025-12-09 09:00:00+00:00,4220.497826436656,2.0,scaleout_tier_1,ema21,holdout
2025-12-09 07:15:00+00:00,4210.515,4205.516086781672,4225.511739654985,2025-12-09 09:00:00+00:00,4225.496739654985,3.0,scaleout_tier_2,ema21,holdout
2025-12-09 07:15:00+00:00,4210.515,4205.516086781672,4230.510652873313,2025-12-09 09:00:00+00:00,4230.495652873313,4.0,scaleout_tier_3,ema21,holdout
2025-12-09 13:00:00+00:00,4233.615000000001,4228.686568678827,4243.471862642348,2025-12-09 13:15:00+00:00,4228.671568678827,-1.0030435647821414,stop_hit,h_ema21,holdout
2025-12-09 14:30:00+00:00,4222.915,4216.993590479291,4234.757819041418,2025-12-09 15:15:00+00:00,4234.7428190414175,2.0,scaleout_tier_1,h_ema21,holdout
2025-12-09 14:30:00+00:00,4222.915,4216.993590479291,4240.679228562127,2025-12-09 15:45:00+00:00,4240.6642285621265,3.0,scaleout_tier_2,h_ema21,holdout
2025-12-09 16:45:00+00:00,4249.015,4240.277232373472,4266.490535253058,2025-12-09 17:00:00+00:00,4240.262232373471,-1.0017166856159903,stop_hit,h_ema21,holdout
2025-12-09 19:00:00+00:00,4237.915,4230.570759416892,4252.603481166217,2025-12-09 21:30:00+00:00,4238.884999999999,0.13207628331652616,eod_force_close,h_ema21,holdout
2025-12-10 04:15:00+00:00,4236.915,4232.466402334289,4245.812195331421,2025-12-10 05:00:00+00:00,4232.451402334289,-1.0033718490921186,stop_hit,h_ema21,holdout
2025-12-10 05:30:00+00:00,4234.3150000000005,4230.058242820896,4242.828514358209,2025-12-10 07:45:00+00:00,4231.1849999999995,-0.7353015143465909,trail_exit,h_ema21,holdout
2025-12-10 08:30:00+00:00,4232.115000000001,4227.776889830928,4240.791220338147,2025-12-10 08:45:00+00:00,4227.761889830927,-1.0034577268478022,stop_hit,h_ema21,holdout
2025-12-10 11:45:00+00:00,4223.015,4218.7015890579905,4231.64182188402,2025-12-10 14:00:00+00:00,4231.62682188402,2.0,scaleout_tier_1,h_ema21,holdout
2025-12-10 11:45:00+00:00,4223.015,4218.7015890579905,4231.64182188402,2025-12-10 14:15:00+00:00,4223.0,-0.003477526301571976,stop_hit,h_ema21,holdout
2025-12-11 03:45:00+00:00,4244.515,4236.443560608225,4260.657878783551,2025-12-11 04:45:00+00:00,4236.428560608225,-1.0018584045883578,stop_hit,h_ema21,holdout
2025-12-11 06:30:00+00:00,4240.415,4233.68371219152,4253.877575616961,2025-12-11 11:45:00+00:00,4238.085,-0.34614475956064306,trail_exit,h_ema21,holdout
2025-12-12 01:15:00+00:00,4305.715,4299.14891771349,4318.847164573021,2025-12-12 01:30:00+00:00,4299.13391771349,-1.0022844672585272,stop_hit,h_ema21,holdout
2025-12-29 09:15:00+00:00,4487.615000000001,4474.2767215662525,4514.291556867497,2025-12-29 11:30:00+00:00,4474.261721566252,-1.0011245829118678,stop_hit,h_ema21,holdout
2025-12-29 12:30:00+00:00,4476.8150000000005,4465.136281655746,4500.17243668851,2025-12-29 13:30:00+00:00,4465.121281655745,-1.00128438751224,stop_hit,h_ema21,holdout
2025-12-29 16:15:00+00:00,4352.015,4331.69149669689,4392.662006606221,2025-12-29 21:30:00+00:00,4350.384999999999,-0.08020270795299074,eod_force_close,h_ema200,holdout
2025-12-30 03:30:00+00:00,4382.715,4372.238041362677,4403.668917274646,2025-12-30 03:45:00+00:00,4372.223041362677,-1.0014317132022352,stop_hit,h_ema21,holdout
2025-12-30 07:45:00+00:00,4392.015,4383.258314026169,4409.528371947664,2025-12-30 08:00:00+00:00,4383.243314026168,-1.0017129768093949,stop_hit,h_ema21,holdout
2025-12-30 16:00:00+00:00,4381.715,4370.05720728387,4405.03058543226,2025-12-30 19:45:00+00:00,4370.04220728387,-1.0012866929757271,stop_hit,h_ema21,holdout
2025-12-31 00:45:00+00:00,4355.015,4344.951259582973,4375.142480834055,2025-12-31 01:30:00+00:00,4375.127480834055,2.0,scaleout_tier_1,h_ema21,holdout
2025-12-31 00:45:00+00:00,4355.015,4344.951259582973,4375.142480834055,2025-12-31 03:15:00+00:00,4355.0,-0.001490499494099428,stop_hit,h_ema21,holdout
2025-12-31 05:30:00+00:00,4354.015,4343.532423253304,4374.980153493393,2025-12-31 05:45:00+00:00,4343.517423253304,-1.0014309458793187,stop_hit,h_ema21,holdout
2025-12-31 06:45:00+00:00,4325.715,4310.16845193221,4356.808096135581,2025-12-31 12:00:00+00:00,4321.085,-0.29781530792630645,trail_exit,ema21,holdout
2025-12-31 12:45:00+00:00,4329.615000000001,4318.910578195863,4351.0238436082755,2025-12-31 13:45:00+00:00,4351.008843608275,2.0,scaleout_tier_1,h_ema21,holdout
2025-12-31 12:45:00+00:00,4329.615000000001,4318.910578195863,4351.0238436082755,2025-12-31 16:30:00+00:00,4333.585,0.3708747723734966,trail_exit,h_ema21,holdout
2025-12-31 17:45:00+00:00,4339.215,4327.957406424753,4361.730187150495,2025-12-31 19:30:00+00:00,4327.942406424752,-1.001332433961136,stop_hit,h_ema21,holdout
2026-01-02 00:45:00+00:00,4363.115000000001,4354.335064502296,4380.674870995411,2026-01-02 03:00:00+00:00,4380.6598709954105,2.0,scaleout_tier_1,h_ema50,holdout
2026-01-02 00:45:00+00:00,4363.115000000001,4354.335064502296,4389.454806493116,2026-01-02 05:00:00+00:00,4389.439806493116,3.0,scaleout_tier_2,h_ema50,holdout
2026-01-02 15:45:00+00:00,4357.415,4346.042396186139,4380.160207627722,2026-01-02 16:00:00+00:00,4346.0273961861385,-1.0013189591623728,stop_hit,h_ema50,holdout
2026-01-05 13:45:00+00:00,4423.115000000001,4413.55657445003,4442.231851099942,2026-01-05 14:45:00+00:00,4442.216851099942,2.0,scaleout_tier_1,h_ema21,holdout
2026-01-05 13:45:00+00:00,4423.115000000001,4413.55657445003,4451.790276649913,2026-01-05 15:00:00+00:00,4451.7752766499125,3.0,scaleout_tier_2,h_ema21,holdout
2026-01-06 01:15:00+00:00,4452.415,4444.387540954953,4468.469918090094,2026-01-06 01:30:00+00:00,4444.3725409549525,-1.0018685863006156,stop_hit,h_ema21,holdout
2026-01-06 10:15:00+00:00,4460.115000000001,4451.990729671319,4476.363540657364,2026-01-06 13:45:00+00:00,4476.348540657364,2.0,scaleout_tier_1,h_ema21,holdout
2026-01-06 10:15:00+00:00,4460.115000000001,4451.990729671319,4484.487810986046,2026-01-06 14:30:00+00:00,4484.472810986045,3.0,scaleout_tier_2,h_ema21,holdout
2026-01-07 01:00:00+00:00,4503.215,4496.665272878947,4516.314454242107,2026-01-07 01:15:00+00:00,4496.650272878946,-1.002290171746562,stop_hit,h_ema21,holdout
2026-01-07 02:15:00+00:00,4483.415,4474.32511328621,4501.594773427581,2026-01-07 04:30:00+00:00,4474.310113286209,-1.0016501855823539,stop_hit,h_ema21,holdout
2026-01-07 05:15:00+00:00,4476.215,4469.249929712267,4490.145140575467,2026-01-07 05:30:00+00:00,4469.234929712266,-1.0021536035360252,stop_hit,h_ema21,holdout
2026-01-07 07:15:00+00:00,4460.415,4452.022264904376,4477.200470191247,2026-01-07 08:45:00+00:00,4477.185470191247,2.0,scaleout_tier_1,h_ema200,holdout
2026-01-07 07:15:00+00:00,4460.415,4452.022264904376,4477.200470191247,2026-01-07 11:30:00+00:00,4460.4,-0.0017872600325666143,stop_hit,h_ema200,holdout
2026-01-07 12:30:00+00:00,4459.3150000000005,4451.749368770619,4474.446262458763,2026-01-07 13:00:00+00:00,4451.734368770619,-1.0019826501643478,stop_hit,h_ema21,holdout
2026-01-07 13:45:00+00:00,4455.115000000001,4445.580791381473,4474.183417237055,2026-01-07 14:30:00+00:00,4445.565791381473,-1.001573282125501,stop_hit,h_ema21,holdout
2026-01-07 15:00:00+00:00,4454.615000000001,4444.405378784512,4475.034242430977,2026-01-07 15:15:00+00:00,4444.390378784512,-1.0014692024007288,stop_hit,h_ema21,holdout
2026-01-07 18:30:00+00:00,4462.415,4452.732278016629,4481.7804439667425,2026-01-07 21:30:00+00:00,4462.485,0.007229372083586027,eod_force_close,h_ema21,holdout
2026-01-08 01:15:00+00:00,4466.115000000001,4458.997275397771,4480.35044920446,2026-01-08 01:30:00+00:00,4458.9822753977705,-1.0021074150572822,stop_hit,h_ema21,holdout
2026-01-08 06:45:00+00:00,4443.415,4435.215940532862,4459.813118934276,2026-01-08 08:00:00+00:00,4435.200940532862,-1.001829478132272,stop_hit,h_ema21,holdout
2026-01-08 08:30:00+00:00,4434.915,4427.319876400298,4450.1052471994035,2026-01-08 12:00:00+00:00,4427.304876400298,-1.0019749514018332,stop_hit,h_ema21,holdout
2026-01-08 12:30:00+00:00,4427.915,4420.323306896055,4443.098386207889,2026-01-08 15:00:00+00:00,4443.083386207889,2.0,scaleout_tier_1,h_ema21,holdout
2026-01-08 12:30:00+00:00,4427.915,4420.323306896055,4450.690079311834,2026-01-08 15:00:00+00:00,4450.6750793118335,3.0,scaleout_tier_2,h_ema21,holdout
2026-01-09 05:30:00+00:00,4473.715,4467.609171309071,4485.926657381859,2026-01-09 12:30:00+00:00,4473.985,0.044220041810317565,trail_exit,h_ema21,holdout
2026-01-09 18:45:00+00:00,4511.915,4501.545469277945,4532.65406144411,2026-01-09 21:30:00+00:00,4518.285,0.6142997374463122,eod_force_close,h_ema21,holdout
2026-01-12 11:45:00+00:00,4601.715,4594.402814756587,4616.339370486827,2026-01-12 12:00:00+00:00,4594.3878147565865,-1.002051370349765,stop_hit,h_ema21,holdout
2026-01-12 14:45:00+00:00,4612.515,4601.403880327582,4634.737239344838,2026-01-12 16:00:00+00:00,4634.722239344837,2.0,scaleout_tier_1,h_ema21,holdout
2026-01-12 14:45:00+00:00,4612.515,4601.403880327582,4634.737239344838,2026-01-12 18:15:00+00:00,4612.5,-0.0013499989598313993,stop_hit,h_ema21,holdout
2026-01-13 02:15:00+00:00,4595.215,4585.066737427601,4615.511525144799,2026-01-13 06:30:00+00:00,4585.0517374276005,-1.0014780855238337,stop_hit,h_ema21,holdout
2026-01-13 07:00:00+00:00,4590.8150000000005,4582.953238013243,4606.538523973515,2026-01-13 12:15:00+00:00,4588.985,-0.2327722466138468,trail_exit,h_ema21,holdout
2026-01-13 12:45:00+00:00,4594.215,4587.7700668240095,4607.104866351981,2026-01-13 13:00:00+00:00,4607.089866351981,2.0,scaleout_tier_1,h_ema21,holdout
2026-01-13 12:45:00+00:00,4594.215,4587.7700668240095,4613.549799527972,2026-01-13 13:30:00+00:00,4613.534799527972,3.0,scaleout_tier_2,h_ema21,holdout
2026-01-13 12:45:00+00:00,4594.215,4587.7700668240095,4619.994732703963,2026-01-13 13:30:00+00:00,4619.979732703962,4.0,scaleout_tier_3,h_ema21,holdout
2026-01-13 12:45:00+00:00,4594.215,4587.7700668240095,4626.439665879953,2026-01-13 13:30:00+00:00,4626.424665879953,5.0,scaleout_tier_4,h_ema21,holdout
2026-01-13 14:15:00+00:00,4626.715,4617.975727585568,4644.193544828864,2026-01-13 15:15:00+00:00,4617.960727585568,-1.001716390025279,stop_hit,h_ema21,holdout
2026-01-13 18:45:00+00:00,4608.615000000001,4597.141131873862,4631.562736252278,2026-01-13 19:00:00+00:00,4597.126131873862,-1.0013073184941141,stop_hit,h_ema21,holdout
2026-01-14 04:45:00+00:00,4635.8150000000005,4628.985949472341,4649.473101055319,2026-01-14 05:45:00+00:00,4628.970949472341,-1.0021964986112746,stop_hit,h_ema21,holdout
2026-01-14 13:00:00+00:00,4647.015,4640.376733259539,4660.291533480923,2026-01-14 13:15:00+00:00,4640.361733259539,-1.002259625981719,stop_hit,h_ema21,holdout
2026-01-14 16:00:00+00:00,4624.915,4614.709646542657,4645.325706914687,2026-01-14 17:15:00+00:00,4614.694646542656,-1.0014698168038005,stop_hit,h_ema21,holdout
2026-01-14 18:00:00+00:00,4621.415,4611.2699525955295,4641.705094808941,2026-01-14 18:45:00+00:00,4641.690094808941,2.0,scaleout_tier_1,h_ema21,holdout
2026-01-14 18:00:00+00:00,4621.415,4611.2699525955295,4641.705094808941,2026-01-14 21:30:00+00:00,4628.6849999999995,0.7166058185983408,eod_force_close,h_ema21,holdout
2026-01-15 02:15:00+00:00,4617.8150000000005,4607.462937930055,4638.519124139892,2026-01-15 02:45:00+00:00,4607.447937930055,-1.0014489866752128,stop_hit,h_ema21,holdout
2026-01-15 03:45:00+00:00,4600.115000000001,4588.827316726055,4622.690366547892,2026-01-15 05:15:00+00:00,4588.812316726055,-1.001328882077596,stop_hit,h_ema21,holdout
2026-01-15 06:00:00+00:00,4598.915,4588.830341046629,4619.084317906742,2026-01-15 10:30:00+00:00,4619.069317906742,2.0,scaleout_tier_1,h_ema21,holdout
2026-01-15 06:00:00+00:00,4598.915,4588.830341046629,4619.084317906742,2026-01-15 13:15:00+00:00,4609.884999999999,1.0877908762925657,trail_exit,h_ema21,holdout
2026-01-15 14:15:00+00:00,4603.615000000001,4595.106155525548,4620.6326889489055,2026-01-15 15:15:00+00:00,4620.617688948905,2.0,scaleout_tier_1,h_ema21,holdout
2026-01-15 14:15:00+00:00,4603.615000000001,4595.106155525548,4620.6326889489055,2026-01-15 20:00:00+00:00,4609.585,0.7016228840383808,trail_exit,h_ema21,holdout
2026-01-16 01:15:00+00:00,4607.715,4601.405669247882,4620.333661504237,2026-01-16 02:00:00+00:00,4601.390669247881,-1.0023774312347298,stop_hit,h_ema21,holdout
2026-01-16 02:30:00+00:00,4603.515,4597.005716213955,4616.533567572092,2026-01-16 02:45:00+00:00,4596.990716213954,-1.0023044009899345,stop_hit,h_ema21,holdout
2026-01-16 03:15:00+00:00,4602.015,4595.33941819317,4615.366163613661,2026-01-16 05:45:00+00:00,4615.351163613661,2.0,scaleout_tier_1,h_ema21,holdout
2026-01-16 03:15:00+00:00,4602.015,4595.33941819317,4615.366163613661,2026-01-16 06:30:00+00:00,4602.0,-0.0022469951585312653,stop_hit,h_ema21,holdout
2026-01-16 08:30:00+00:00,4611.215,4603.894911401705,4625.85517719659,2026-01-16 09:15:00+00:00,4603.879911401705,-1.0020491555257707,stop_hit,h_ema21,holdout
2026-01-16 10:15:00+00:00,4610.615000000001,4603.925306262549,4623.994387474903,2026-01-16 10:45:00+00:00,4603.910306262549,-1.0022422551149617,stop_hit,h_ema21,holdout
2026-01-16 13:45:00+00:00,4603.215,4595.127022732316,4619.390954535369,2026-01-16 15:00:00+00:00,4619.375954535369,2.0,scaleout_tier_1,h_ema21,holdout
2026-01-16 13:45:00+00:00,4603.215,4595.127022732316,4619.390954535369,2026-01-16 15:15:00+00:00,4603.2,-0.0018546046191623227,stop_hit,h_ema21,holdout
2026-01-16 16:15:00+00:00,4597.215,4581.917621554563,4627.809756890874,2026-01-16 17:15:00+00:00,4581.902621554563,-1.0009805601694324,stop_hit,h_ema21,holdout
2026-01-19 05:00:00+00:00,4669.3150000000005,4660.302930898856,4687.339138202289,2026-01-19 10:30:00+00:00,4666.384999999999,-0.3251195665631498,trail_exit,h_ema21,holdout
2026-01-19 12:15:00+00:00,4670.8150000000005,4664.434273581709,4683.5764528365835,2026-01-19 18:15:00+00:00,4683.561452836583,2.0,scaleout_tier_1,h_ema21,holdout
2026-01-19 12:15:00+00:00,4670.8150000000005,4664.434273581709,4683.5764528365835,2026-01-19 23:00:00+00:00,4677.884999999999,1.108024312048764,eod_force_close,h_ema21,holdout
2026-01-20 00:15:00+00:00,4673.8150000000005,4669.119920879494,4683.205158241013,2026-01-20 00:30:00+00:00,4669.104920879494,-1.003194834339386,stop_hit,h_ema21,holdout
2026-01-20 01:15:00+00:00,4675.115000000001,4669.50265996562,4686.3396800687615,2026-01-20 04:15:00+00:00,4686.324680068761,2.0,scaleout_tier_1,h_ema21,holdout
2026-01-20 01:15:00+00:00,4675.115000000001,4669.50265996562,4691.952020103142,2026-01-20 04:30:00+00:00,4691.937020103142,3.0,scaleout_tier_2,h_ema21,holdout
2026-01-20 11:30:00+00:00,4732.515,4725.8219714698025,4745.901057060396,2026-01-20 13:15:00+00:00,4725.806971469802,-1.0022411379142715,stop_hit,h_ema21,holdout
2026-01-21 10:45:00+00:00,4867.415,4855.947935450218,4890.3491290995635,2026-01-21 14:00:00+00:00,4855.932935450218,-1.001308094145211,stop_hit,h_ema21,holdout
2026-01-21 14:30:00+00:00,4862.415,4849.043246468115,4889.158507063769,2026-01-21 14:45:00+00:00,4849.028246468115,-1.0011217676099518,stop_hit,h_ema21,holdout
2026-01-21 15:45:00+00:00,4839.515,4822.30317552933,4873.938648941342,2026-01-21 16:45:00+00:00,4822.288175529329,-1.00087149389804,stop_hit,h_ema21,holdout
2026-01-21 18:00:00+00:00,4828.615000000001,4811.0020430099985,4863.840913980005,2026-01-21 19:15:00+00:00,4810.987043009998,-1.0008516457519792,stop_hit,h_ema21,holdout
2026-01-22 00:15:00+00:00,4791.915,4773.133568809308,4829.4778623813845,2026-01-22 01:00:00+00:00,4773.118568809307,-1.0007986611801853,stop_hit,h_ema21,holdout
2026-01-22 03:00:00+00:00,4790.215,4774.559886400741,4821.525227198519,2026-01-22 05:45:00+00:00,4821.510227198519,2.0,scaleout_tier_1,h_ema21,holdout
2026-01-22 03:00:00+00:00,4790.215,4774.559886400741,4837.180340797779,2026-01-22 07:15:00+00:00,4837.165340797778,3.0,scaleout_tier_2,h_ema21,holdout
2026-01-23 05:30:00+00:00,4958.715,4950.12826899589,4975.888462008221,2026-01-23 06:00:00+00:00,4950.1132689958895,-1.0017468813210926,stop_hit,h_ema21,holdout
2026-01-23 11:00:00+00:00,4930.915,4920.392080488987,4951.960839022026,2026-01-23 11:15:00+00:00,4920.377080488986,-1.001425459919619,stop_hit,h_ema21,holdout
2026-01-23 14:45:00+00:00,4948.3150000000005,4937.255761976134,4970.433476047734,2026-01-23 16:00:00+00:00,4970.418476047734,2.0,scaleout_tier_1,h_ema21,holdout
2026-01-26 06:00:00+00:00,5071.8150000000005,5058.329308620386,5098.78638275923,2026-01-26 12:30:00+00:00,5080.985,0.6799799685361861,trail_exit,h_ema21,holdout
2026-01-26 14:15:00+00:00,5068.915,5057.142275289727,5092.460449420546,2026-01-26 14:45:00+00:00,5092.445449420546,2.0,scaleout_tier_1,h_ema21,holdout
2026-01-26 17:45:00+00:00,5098.915,5083.122531731409,5130.499936537181,2026-01-26 18:00:00+00:00,5083.107531731409,-1.0009498198600253,stop_hit,h_ema21,holdout
2026-01-27 02:15:00+00:00,5059.515,5038.885650547683,5100.773698904634,2026-01-27 14:00:00+00:00,5055.985,-0.1711154298956422,trail_exit,h_ema21,holdout
2026-01-27 14:45:00+00:00,5074.715,5061.315153070124,5101.514693859752,2026-01-27 15:00:00+00:00,5061.300153070124,-1.0011194157723462,stop_hit,h_ema21,holdout
2026-01-28 13:30:00+00:00,5276.615000000001,5262.83179267293,5304.181414654143,2026-01-28 13:45:00+00:00,5262.816792672929,-1.001088280807535,stop_hit,h_ema21,holdout
2026-01-28 16:15:00+00:00,5280.115000000001,5260.816511880227,5318.711976239548,2026-01-28 18:30:00+00:00,5271.085,-0.46791230193563055,trail_exit,h_ema21,holdout
2026-01-29 09:00:00+00:00,5540.115000000001,5512.911001972651,5594.522996054699,2026-01-29 11:00:00+00:00,5512.896001972651,-1.000551389541539,stop_hit,h_ema21,holdout
2026-01-29 17:30:00+00:00,5391.415,5328.689484907117,5516.866030185766,2026-01-29 19:30:00+00:00,5328.6744849071165,-1.0002391371354722,stop_hit,h_ema21,holdout
2026-01-30 01:30:00+00:00,5387.915,5340.429920225476,5482.885159549048,2026-01-30 01:45:00+00:00,5340.414920225476,-1.000315888697493,stop_hit,h_ema21,holdout
2026-01-30 08:00:00+00:00,5208.8150000000005,5165.546191265803,5295.352617468396,2026-01-30 08:15:00+00:00,5165.531191265803,-1.0003466700479893,stop_hit,h_ema21,holdout
2026-01-30 10:45:00+00:00,5106.215,5050.682222875168,5217.280554249664,2026-01-30 13:15:00+00:00,5050.667222875168,-1.0002701107485874,stop_hit,h_ema21,holdout
2026-01-30 14:15:00+00:00,5080.615000000001,5032.172579231301,5177.4998415374,2026-01-30 15:00:00+00:00,5032.157579231301,-1.0003096459624086,stop_hit,h_ema21,holdout
2026-01-30 15:30:00+00:00,5073.015,5021.458792328954,5176.127415342094,2026-01-30 16:15:00+00:00,5021.443792328953,-1.0002909445957708,stop_hit,h_ema21,holdout
2026-01-30 19:00:00+00:00,4898.3150000000005,4824.90910520216,5045.126789595681,2026-01-30 21:30:00+00:00,4898.985,0.009127332373569502,eod_force_close,ema21,holdout
2026-02-02 00:15:00+00:00,4867.3150000000005,4797.767856984792,5006.409286030417,2026-02-02 00:45:00+00:00,4797.752856984792,-1.00021568103807,stop_hit,ema21,holdout
2026-02-02 02:00:00+00:00,4758.715,4684.902677845419,4906.339644309162,2026-02-02 03:15:00+00:00,4684.887677845419,-1.0002032181018354,stop_hit,ema21,holdout
2026-02-02 04:45:00+00:00,4708.8150000000005,4646.077762672384,4834.289474655234,2026-02-02 05:30:00+00:00,4646.0627626723835,-1.0002390924535296,stop_hit,ema50,holdout
2026-02-02 07:00:00+00:00,4525.8150000000005,4455.896348878361,4665.652302243279,2026-02-02 08:15:00+00:00,4665.637302243279,2.0,scaleout_tier_1,ema50,holdout
2026-02-02 09:15:00+00:00,4666.715,4605.468851215115,4789.20729756977,2026-02-02 15:30:00+00:00,4697.585,0.5040316919913554,trail_exit,ema50,holdout
2026-02-02 16:15:00+00:00,4721.3150000000005,4662.609681058494,4838.725637883013,2026-02-02 18:00:00+00:00,4662.594681058494,-1.0002555134742608,stop_hit,ema21,holdout
2026-02-03 03:00:00+00:00,4806.115000000001,4765.01515016614,4888.3146996677215,2026-02-03 06:15:00+00:00,4888.299699667721,2.0,scaleout_tier_1,ema21,holdout
2026-02-03 07:15:00+00:00,4915.915,4885.786535832747,4976.1719283345055,2026-02-03 18:15:00+00:00,4931.384999999999,0.5134679256838451,trail_exit,ema21,holdout
2026-02-04 08:30:00+00:00,5106.615000000001,5087.776268845314,5144.292462309374,2026-02-04 09:15:00+00:00,5087.761268845314,-1.0007962319689772,stop_hit,h_ema21,holdout
2026-02-04 10:45:00+00:00,5082.8150000000005,5064.690784485563,5119.063431028875,2026-02-04 11:15:00+00:00,5064.675784485563,-1.00082762202802,stop_hit,h_ema21,holdout
2026-02-04 11:45:00+00:00,5055.3150000000005,5036.773339772287,5092.398320455428,2026-02-04 14:30:00+00:00,5036.7583397722865,-1.0008089890449998,stop_hit,h_ema21,holdout
2026-02-04 18:15:00+00:00,4933.3150000000005,4897.265376256276,5005.41424748745,2026-02-04 21:30:00+00:00,4981.585,1.3389876228154025,eod_force_close,ema21,holdout
2026-02-05 00:30:00+00:00,5037.515,5010.161965642659,5092.221068714683,2026-02-05 01:00:00+00:00,5010.146965642659,-1.0005483852286503,stop_hit,h_ema21,holdout
2026-02-05 02:30:00+00:00,4956.115000000001,4923.986737530658,5020.371524938687,2026-02-05 02:45:00+00:00,4923.971737530657,-1.0004668786559696,stop_hit,ema21,holdout
2026-02-05 04:00:00+00:00,4898.415,4857.5021784076225,4980.240643184755,2026-02-05 05:30:00+00:00,4857.487178407622,-1.0003666332317476,stop_hit,ema21,holdout
2026-02-05 09:30:00+00:00,4896.515,4864.935774030742,4959.673451938516,2026-02-05 12:00:00+00:00,4864.920774030742,-1.0004749958094263,stop_hit,ema21,holdout
2026-02-05 12:30:00+00:00,4868.8150000000005,4839.754681654147,4926.935636691707,2026-02-05 13:00:00+00:00,4839.739681654147,-1.0005161677797816,stop_hit,ema21,holdout
2026-02-05 13:30:00+00:00,4876.015,4843.8772253156,4940.2905493688,2026-02-05 13:45:00+00:00,4843.8622253156,-1.0004667404681136,stop_hit,ema21,holdout
2026-02-05 14:30:00+00:00,4857.115000000001,4824.197786267151,4922.9494274657,2026-02-05 15:45:00+00:00,4824.182786267151,-1.0004556886291187,stop_hit,ema21,holdout
2026-02-06 00:30:00+00:00,4742.015,4710.088135565488,4805.868728869024,2026-02-06 01:00:00+00:00,4710.073135565488,-1.0004698237758705,stop_hit,ema21,holdout
2026-02-06 01:45:00+00:00,4760.515,4722.810421408336,4835.924157183329,2026-02-06 02:15:00+00:00,4835.909157183329,2.0,scaleout_tier_1,ema21,holdout
2026-02-06 05:15:00+00:00,4842.8150000000005,4813.957985302078,4929.386044093769,2026-02-06 13:00:00+00:00,4929.371044093768,3.0,scaleout_tier_2,ema21,holdout
2026-02-06 13:45:00+00:00,4955.115000000001,4932.544055702887,5000.256888594228,2026-02-06 14:00:00+00:00,4932.529055702887,-1.0006645712205424,stop_hit,ema21,holdout
2026-02-06 14:45:00+00:00,4956.415,4931.505799664987,5006.233400670027,2026-02-06 21:30:00+00:00,4977.285,0.8378430346743894,eod_force_close,ema21,holdout
2026-02-09 06:45:00+00:00,5057.3150000000005,5039.559478944159,5092.826042111683,2026-02-09 07:00:00+00:00,5039.544478944159,-1.000844807649021,stop_hit,h_ema21,holdout
2026-02-09 08:15:00+00:00,5041.115000000001,5024.039762012956,5075.26547597409,2026-02-09 09:45:00+00:00,5024.024762012956,-1.0008784650621976,stop_hit,h_ema21,holdout
2026-02-09 11:30:00+00:00,5027.415,5010.997989017541,5060.249021964918,2026-02-09 15:30:00+00:00,5060.234021964918,2.0,scaleout_tier_1,ema21,holdout
2026-02-09 11:30:00+00:00,5027.415,5010.997989017541,5076.666032947377,2026-02-09 15:30:00+00:00,5076.651032947377,3.0,scaleout_tier_2,ema21,holdout
2026-02-10 01:15:00+00:00,5055.515,5036.584637807856,5093.375724384289,2026-02-10 03:45:00+00:00,5036.5696378078555,-1.0007923778662065,stop_hit,h_ema21,holdout
2026-02-25 05:00:00+00:00,5202.115000000001,5187.151717217874,5232.041565564255,2026-02-25 10:15:00+00:00,5193.985,-0.5433299709948662,trail_exit,h_ema21,holdout
2026-02-25 15:00:00+00:00,5209.3150000000005,5197.979021125132,5231.9869577497375,2026-02-25 15:15:00+00:00,5197.964021125132,-1.0013232205322455,stop_hit,h_ema21,holdout
2026-02-26 00:15:00+00:00,5183.115000000001,5169.483366732787,5210.378266534429,2026-02-26 04:00:00+00:00,5210.3632665344285,2.0,scaleout_tier_1,h_ema21,holdout
2026-02-26 05:15:00+00:00,5214.015,5204.48644261029,5233.07211477942,2026-02-26 07:00:00+00:00,5204.47144261029,-1.0015742152129479,stop_hit,h_ema21,holdout
2026-02-26 09:00:00+00:00,5195.415,5185.541661223657,5215.161677552686,2026-02-26 10:45:00+00:00,5185.526661223656,-1.001519242916719,stop_hit,h_ema21,holdout
2026-02-26 11:15:00+00:00,5191.615000000001,5182.632331114183,5209.580337771636,2026-02-26 11:45:00+00:00,5182.617331114183,-1.0016698823246186,stop_hit,h_ema21,holdout
2026-02-26 12:30:00+00:00,5195.115000000001,5185.652333442499,5214.040333115004,2026-02-26 13:00:00+00:00,5185.637333442499,-1.0015851768536044,stop_hit,h_ema21,holdout
2026-02-26 14:00:00+00:00,5182.215,5172.340999649415,5201.963000701171,2026-02-26 14:30:00+00:00,5172.325999649414,-1.0015191411249482,stop_hit,h_ema21,holdout
2026-02-26 15:45:00+00:00,5192.115000000001,5176.910901936277,5222.5231961274485,2026-02-26 18:30:00+00:00,5176.8959019362765,-1.0009865761150354,stop_hit,h_ema21,holdout
2026-02-27 01:45:00+00:00,5204.715,5194.24899398829,5225.647012023421,2026-02-27 02:30:00+00:00,5194.2339939882895,-1.0014332114833056,stop_hit,h_ema21,holdout
2026-02-27 08:45:00+00:00,5197.015,5189.642322518039,5211.760354963923,2026-02-27 09:45:00+00:00,5189.627322518038,-1.0020345390174774,stop_hit,h_ema21,holdout
2026-02-27 10:45:00+00:00,5192.015,5184.542345252139,5206.960309495723,2026-02-27 13:00:00+00:00,5206.9453094957225,2.0,scaleout_tier_1,h_ema21,holdout
2026-02-27 10:45:00+00:00,5192.015,5184.542345252139,5214.432964243584,2026-02-27 13:00:00+00:00,5214.417964243584,3.0,scaleout_tier_2,h_ema21,holdout
2026-02-27 10:45:00+00:00,5192.015,5184.542345252139,5221.905618991445,2026-02-27 13:00:00+00:00,5221.890618991445,4.0,scaleout_tier_3,h_ema21,holdout
2026-02-27 10:45:00+00:00,5192.015,5184.542345252139,5229.378273739307,2026-02-27 13:00:00+00:00,5229.363273739306,5.0,scaleout_tier_4,h_ema21,holdout
2026-02-27 17:45:00+00:00,5251.915,5237.321726280864,5281.101547438272,2026-02-27 21:30:00+00:00,5280.384999999999,1.9508987872040562,eod_force_close,h_ema21,holdout
2026-03-02 03:15:00+00:00,5367.915,5347.547751535151,5408.649496929697,2026-03-02 07:00:00+00:00,5408.634496929697,2.0,scaleout_tier_1,h_ema21,holdout
2026-03-02 09:45:00+00:00,5411.715,5397.3104921030035,5440.524015793993,2026-03-02 10:00:00+00:00,5397.295492103003,-1.001041340676654,stop_hit,h_ema21,holdout
2026-03-02 11:30:00+00:00,5405.515,5391.653851821572,5433.237296356857,2026-03-02 11:45:00+00:00,5391.638851821572,-1.00108216143477,stop_hit,h_ema21,holdout
2026-03-02 13:30:00+00:00,5417.415,5401.645685660758,5448.953628678483,2026-03-02 14:00:00+00:00,5401.630685660758,-1.000951214471196,stop_hit,h_ema21,holdout
2026-03-02 15:45:00+00:00,5356.715,5332.603018351896,5404.938963296208,2026-03-02 16:00:00+00:00,5332.588018351896,-1.0006220973547193,stop_hit,h_ema21,holdout
2026-03-02 18:00:00+00:00,5321.415,5296.24114225484,5371.762715490319,2026-03-02 21:30:00+00:00,5346.6849999999995,1.0038191307749929,eod_force_close,h_ema21,holdout
2026-03-03 03:45:00+00:00,5382.915,5367.895575956096,5412.953848087808,2026-03-03 05:15:00+00:00,5367.8805759560955,-1.000998706738453,stop_hit,h_ema21,holdout
2026-03-03 07:15:00+00:00,5327.515,5308.031894785638,5366.481210428726,2026-03-03 08:45:00+00:00,5308.016894785637,-1.0007698978081414,stop_hit,h_ema21,holdout
2026-03-03 12:00:00+00:00,5154.515,5118.531156894754,5226.482686210494,2026-03-03 12:45:00+00:00,5226.467686210493,2.0,scaleout_tier_1,ema21,holdout
2026-03-03 16:15:00+00:00,5118.715,5076.24736156077,5203.650276878461,2026-03-03 16:30:00+00:00,5122.1849999999995,0.08170927622841034,trail_exit,ema21,holdout
2026-03-03 18:15:00+00:00,5114.8150000000005,5080.625869041842,5183.193261916318,2026-03-03 21:30:00+00:00,5100.985,-0.4045145229612948,eod_force_close,ema21,holdout
2026-03-04 01:45:00+00:00,5171.915,5151.189411180526,5213.366177638948,2026-03-04 03:00:00+00:00,5151.174411180526,-1.0007237430082678,stop_hit,ema21,holdout
2026-03-04 04:00:00+00:00,5183.3150000000005,5163.435406813157,5223.074186373688,2026-03-04 04:30:00+00:00,5163.420406813157,-1.0007545426035305,stop_hit,ema21,holdout
2026-03-04 05:45:00+00:00,5169.215,5152.156408113729,5203.332183772542,2026-03-04 06:00:00+00:00,5152.141408113729,-1.000879322285235,stop_hit,ema21,holdout
2026-03-04 06:45:00+00:00,5157.8150000000005,5138.404789596425,5196.635420807152,2026-03-04 10:00:00+00:00,5196.620420807151,2.0,scaleout_tier_1,ema21,holdout
2026-03-04 11:00:00+00:00,5201.3150000000005,5185.714435441571,5232.516129116859,2026-03-04 12:30:00+00:00,5185.699435441571,-1.0009615036650852,stop_hit,h_ema21,holdout
2026-03-04 15:30:00+00:00,5167.615000000001,5147.480057717294,5207.884884565415,2026-03-04 15:45:00+00:00,5147.465057717293,-1.000744973578256,stop_hit,ema21,holdout
2026-03-04 18:00:00+00:00,5152.715,5134.218593686774,5189.707812626453,2026-03-04 18:15:00+00:00,5134.203593686773,-1.0008109683441373,stop_hit,ema21,holdout
2026-03-04 19:00:00+00:00,5144.8150000000005,5126.127711872344,5182.189576255314,2026-03-04 21:30:00+00:00,5153.585,0.46930297965600093,eod_force_close,ema21,holdout
2026-03-05 02:15:00+00:00,5187.215,5174.382374582251,5212.880250835498,2026-03-05 05:30:00+00:00,5174.367374582251,-1.0011688956477744,stop_hit,h_ema200,holdout
2026-03-05 06:45:00+00:00,5159.3150000000005,5145.0877228637555,5187.7695542724905,2026-03-05 09:00:00+00:00,5187.75455427249,2.0,scaleout_tier_1,ema21,holdout
2026-03-05 12:00:00+00:00,5175.115000000001,5163.591768022188,5198.161463955626,2026-03-05 13:00:00+00:00,5163.576768022188,-1.0013017181316153,stop_hit,ema21,holdout
2026-03-05 14:30:00+00:00,5128.415,5110.936010421612,5163.372979156776,2026-03-05 14:45:00+00:00,5110.921010421612,-1.0008581731760327,stop_hit,ema21,holdout
2026-03-05 18:15:00+00:00,5080.415,5059.855165809031,5121.534668381938,2026-03-05 21:30:00+00:00,5090.585,0.4946537946530369,eod_force_close,ema21,holdout
2026-03-06 04:15:00+00:00,5144.8150000000005,5131.534625735106,5171.37574852979,2026-03-06 05:00:00+00:00,5131.519625735105,-1.0011294862404576,stop_hit,ema21,holdout
2026-03-06 05:30:00+00:00,5138.615000000001,5127.070854327931,5161.703291344141,2026-03-06 05:45:00+00:00,5127.05585432793,-1.0012993599029696,stop_hit,ema21,holdout
2026-03-06 06:30:00+00:00,5128.115000000001,5116.964605775199,5150.415788449604,2026-03-06 07:00:00+00:00,5116.9496057751985,-1.0013452439167543,stop_hit,ema21,holdout
2026-03-06 08:00:00+00:00,5128.015,5117.7034957987025,5148.638008402596,2026-03-06 08:15:00+00:00,5117.688495798702,-1.0014546859223934,stop_hit,ema21,holdout
2026-03-06 08:45:00+00:00,5115.515,5104.337531074982,5137.869937850038,2026-03-06 09:00:00+00:00,5104.322531074981,-1.0013419853905166,stop_hit,ema21,holdout
2026-03-06 09:30:00+00:00,5106.915,5095.813287453256,5129.118425093488,2026-03-06 09:45:00+00:00,5095.798287453255,-1.0013511428923394,stop_hit,ema21,holdout
2026-03-06 10:30:00+00:00,5095.715,5083.517675654739,5120.109648690523,2026-03-06 11:45:00+00:00,5083.502675654739,-1.001229777906673,stop_hit,ema21,holdout
2026-03-06 12:15:00+00:00,5098.915,5085.312090233969,5126.120819532062,2026-03-06 13:00:00+00:00,5085.297090233968,-1.0011027052489743,stop_hit,ema21,holdout
2026-03-06 13:30:00+00:00,5092.715,5078.723627402721,5120.697745194559,2026-03-06 14:45:00+00:00,5120.682745194558,2.0,scaleout_tier_1,ema21,holdout
2026-03-06 13:30:00+00:00,5092.715,5078.723627402721,5134.689117791838,2026-03-06 14:45:00+00:00,5134.6741177918375,3.0,scaleout_tier_2,ema21,holdout
2026-03-06 17:30:00+00:00,5151.915,5131.604642281803,5192.535715436395,2026-03-06 21:30:00+00:00,5176.384999999999,1.2048039891525455,eod_force_close,ema21,holdout
2026-03-09 01:15:00+00:00,5078.215,5049.0077789299385,5136.6294421401235,2026-03-09 08:15:00+00:00,5098.985,0.7111255107145209,trail_exit,ema21,holdout
2026-03-09 09:00:00+00:00,5104.115000000001,5088.295304570815,5135.754390858373,2026-03-09 10:45:00+00:00,5094.785,-0.5897711521542756,trail_exit,ema21,holdout
2026-03-09 12:00:00+00:00,5096.215,5082.006213363624,5124.632573272753,2026-03-09 13:45:00+00:00,5081.9912133636235,-1.0010556847945007,stop_hit,ema21,holdout
2026-03-09 14:30:00+00:00,5089.415,5072.65097663735,5122.9430467253,2026-03-09 18:30:00+00:00,5122.928046725299,2.0,scaleout_tier_1,ema21,holdout
2026-03-10 00:45:00+00:00,5147.015,5131.937170756102,5192.248487731695,2026-03-10 01:45:00+00:00,5192.233487731694,3.0,scaleout_tier_2,ema21,holdout
2026-03-10 04:15:00+00:00,5173.115000000001,5159.092237288693,5229.206050845233,2026-03-10 13:15:00+00:00,5229.191050845233,4.0,scaleout_tier_3,ema21,holdout
2026-03-10 14:30:00+00:00,5217.915,5203.288030349114,5247.168939301772,2026-03-10 18:15:00+00:00,5203.2730303491135,-1.0010255029140243,stop_hit,h_ema21,holdout
2026-03-10 19:15:00+00:00,5207.015,5191.979833095589,5237.085333808823,2026-03-10 19:30:00+00:00,5191.964833095589,-1.0009976610233655,stop_hit,ema21,holdout
2026-03-11 00:30:00+00:00,5220.215,5208.097833164821,5244.449333670358,2026-03-11 02:00:00+00:00,5208.082833164821,-1.0012379131363265,stop_hit,h_ema21,holdout
2026-03-11 06:15:00+00:00,5216.715,5207.593801242642,5234.957397514716,2026-03-11 06:30:00+00:00,5207.578801242642,-1.0016445206819145,stop_hit,h_ema21,holdout
2026-03-11 08:00:00+00:00,5203.3150000000005,5194.2241605351965,5221.496678929609,2026-03-11 08:15:00+00:00,5194.209160535196,-1.001650012637271,stop_hit,ema21,holdout
2026-03-11 09:00:00+00:00,5194.915,5185.014488079075,5214.71602384185,2026-03-11 10:30:00+00:00,5184.999488079075,-1.0015150731719866,stop_hit,ema21,holdout
2026-03-11 11:00:00+00:00,5194.3150000000005,5184.361466471544,5214.222067056913,2026-03-11 11:45:00+00:00,5184.346466471544,-1.0015070025089525,stop_hit,ema21,holdout
2026-03-11 12:15:00+00:00,5199.615000000001,5188.914669363247,5221.015661273507,2026-03-11 12:30:00+00:00,5188.899669363247,-1.0014018258416058,stop_hit,ema21,holdout
2026-03-11 13:15:00+00:00,5185.015,5172.406294166069,5210.232411667864,2026-03-11 13:30:00+00:00,5172.391294166068,-1.0011896542117718,stop_hit,ema21,holdout
2026-03-11 14:00:00+00:00,5184.015,5170.226652071011,5211.591695857979,2026-03-11 15:45:00+00:00,5170.211652071011,-1.0010878750723131,stop_hit,ema21,holdout
2026-03-11 16:15:00+00:00,5179.715,5166.237894378415,5206.66921124317,2026-03-11 17:30:00+00:00,5166.222894378415,-1.0011129986231095,stop_hit,ema21,holdout
2026-03-12 00:30:00+00:00,5158.3150000000005,5145.499947726729,5183.945104546543,2026-03-12 04:30:00+00:00,5148.585,-0.7592633875005438,trail_exit,ema21,holdout
2026-03-12 05:15:00+00:00,5150.8150000000005,5141.652776943393,5169.139446113215,2026-03-12 06:30:00+00:00,5169.124446113215,2.0,scaleout_tier_1,ema21,holdout
2026-03-12 07:15:00+00:00,5175.8150000000005,5166.736846711453,5193.971306577096,2026-03-12 12:00:00+00:00,5174.785,-0.11345919894303139,trail_exit,ema21,holdout
2026-03-12 14:15:00+00:00,5168.015,5157.52385222041,5188.997295559181,2026-03-12 14:30:00+00:00,5157.50885222041,-1.0014297768285667,stop_hit,ema21,holdout
2026-03-13 09:00:00+00:00,5092.3150000000005,5081.101683475704,5114.741633048594,2026-03-13 12:15:00+00:00,5114.726633048594,2.0,scaleout_tier_1,ema21,holdout
2026-03-13 15:15:00+00:00,5073.715,5057.685295069949,5105.774409860103,2026-03-13 15:30:00+00:00,5057.670295069948,-1.0009357627021696,stop_hit,ema21,holdout
2026-03-13 16:30:00+00:00,5045.215,5027.71481753772,5080.215364924561,2026-03-13 19:30:00+00:00,5027.699817537719,-1.0008571339203267,stop_hit,ema21,holdout
2026-03-16 00:15:00+00:00,5027.215,5008.369736670852,5064.905526658296,2026-03-16 01:00:00+00:00,5008.354736670852,-1.0007959559778148,stop_hit,ema21,holdout
2026-03-16 01:45:00+00:00,5008.715,4988.692218032492,5048.760563935017,2026-03-16 07:15:00+00:00,5006.585,-0.10637882405434655,trail_exit,ema21,holdout
2026-03-16 08:30:00+00:00,5001.115000000001,4988.9225496672825,5025.499900665437,2026-03-16 09:00:00+00:00,4988.907549667282,-1.0012302695185131,stop_hit,ema21,holdout
2026-03-16 09:30:00+00:00,4992.715,4980.833641348585,5016.477717302831,2026-03-16 09:45:00+00:00,4980.818641348585,-1.0012624818794222,stop_hit,ema50,holdout
2026-03-16 10:30:00+00:00,4991.515,4979.509107027201,5015.526785945599,2026-03-16 11:15:00+00:00,5015.511785945599,2.0,scaleout_tier_1,ema50,holdout
2026-03-16 16:15:00+00:00,5001.3150000000005,4987.07298216351,5029.799035672982,2026-03-16 16:30:00+00:00,4987.057982163509,-1.00105322154294,stop_hit,h_ema21,holdout
2026-03-17 06:45:00+00:00,5019.115000000001,5010.023373207605,5037.298253584792,2026-03-17 10:00:00+00:00,5010.008373207605,-1.0016498697474991,stop_hit,ema21,holdout
2026-03-17 11:15:00+00:00,5009.415,4999.699022884269,5028.846954231462,2026-03-17 13:30:00+00:00,5028.831954231462,2.0,scaleout_tier_1,ema21,holdout
2026-03-17 16:00:00+00:00,5002.515,4989.092605732456,5029.359788535089,2026-03-17 16:45:00+00:00,5006.485,0.29577435447555567,trail_exit,ema21,holdout
2026-03-17 17:15:00+00:00,5008.515,4996.920148087889,5031.704703824223,2026-03-17 22:00:00+00:00,5010.585,0.17852750649083624,eod_force_close,ema21,holdout
2026-03-18 03:15:00+00:00,4997.615000000001,4989.209315212647,5014.426369574708,2026-03-18 04:30:00+00:00,4989.194315212647,-1.0017845066023527,stop_hit,ema21,holdout
2026-03-18 05:15:00+00:00,4993.115000000001,4986.022490411092,5007.300019177818,2026-03-18 06:00:00+00:00,5007.285019177818,2.0,scaleout_tier_1,ema50,holdout
2026-03-18 09:30:00+00:00,4996.8150000000005,4988.432852778333,5013.579294443336,2026-03-18 10:00:00+00:00,4993.585,-0.3853427904070876,trail_exit,ema50,holdout
2026-03-18 16:15:00+00:00,4881.715,4864.581859163355,4915.98128167329,2026-03-18 18:45:00+00:00,4864.566859163355,-1.0008754962177306,stop_hit,ema50,holdout
2026-03-19 01:30:00+00:00,4847.115000000001,4832.946100442131,4875.45279911574,2026-03-19 05:30:00+00:00,4834.985,-0.8561003591322471,trail_exit,ema50,holdout
2026-03-19 10:15:00+00:00,4707.015,4683.709473569193,4753.626052861616,2026-03-19 10:30:00+00:00,4683.694473569192,-1.0006436241654897,stop_hit,ema100,holdout
2026-03-19 13:30:00+00:00,4579.415,4544.404665002674,4649.435669994652,2026-03-19 13:45:00+00:00,4544.389665002674,-1.0004284449149508,stop_hit,ema100,holdout
2026-03-19 14:45:00+00:00,4614.515,4575.207213043371,4693.1305739132595,2026-03-19 15:30:00+00:00,4575.19221304337,-1.0003816037778184,stop_hit,ema100,holdout
2026-03-19 16:00:00+00:00,4598.015,4558.8598125362805,4676.32537492744,2026-03-19 22:00:00+00:00,4653.884999999999,1.4268862855468813,eod_force_close,ema100,holdout
2026-03-20 07:00:00+00:00,4669.915,4653.244896644231,4703.255206711538,2026-03-20 07:45:00+00:00,4703.240206711538,2.0,scaleout_tier_1,ema100,holdout
2026-03-20 11:15:00+00:00,4664.215,4645.092596862211,4702.459806275578,2026-03-20 13:00:00+00:00,4662.384999999999,-0.0956992689054066,trail_exit,ema100,holdout
2026-03-20 15:15:00+00:00,4578.615000000001,4553.966644352993,4627.911711294016,2026-03-20 15:45:00+00:00,4553.951644352993,-1.0006085598656211,stop_hit,ema100,holdout
2026-03-20 16:15:00+00:00,4590.715,4565.212121365207,4641.720757269586,2026-03-20 17:30:00+00:00,4565.197121365207,-1.0005881688971323,stop_hit,ema100,holdout
2026-03-20 18:00:00+00:00,4576.115000000001,4552.4498585455985,4623.445282908805,2026-03-20 18:15:00+00:00,4552.434858545598,-1.0006338436653435,stop_hit,ema100,holdout
2026-03-23 01:45:00+00:00,4435.915,4396.396234105313,4514.952531789374,2026-03-23 02:00:00+00:00,4396.381234105313,-1.0003795665087392,stop_hit,donchian_low,holdout
2026-03-23 04:45:00+00:00,4378.015,4346.51977945097,4441.00544109806,2026-03-23 05:30:00+00:00,4346.50477945097,-1.0004762627388806,stop_hit,donchian_low,holdout
2026-03-23 08:15:00+00:00,4255.715,4208.33496196852,4350.475076062961,2026-03-23 11:00:00+00:00,4350.460076062961,2.0,scaleout_tier_1,ema200,holdout
2026-03-23 08:15:00+00:00,4255.715,4208.33496196852,4397.855114094442,2026-03-23 11:00:00+00:00,4397.840114094442,3.0,scaleout_tier_2,ema200,holdout
2026-03-23 08:15:00+00:00,4255.715,4208.33496196852,4445.2351521259225,2026-03-23 11:00:00+00:00,4445.220152125922,4.0,scaleout_tier_3,ema200,holdout
2026-03-23 12:30:00+00:00,4391.915,4336.356001411035,4503.032997177929,2026-03-23 15:45:00+00:00,4365.585,-0.4739106295776487,trail_exit,donchian_low,holdout
2026-03-23 17:15:00+00:00,4400.015,4355.638181410069,4488.768637179864,2026-03-23 22:00:00+00:00,4414.785,0.332831430222233,eod_force_close,donchian_low,holdout
2026-03-24 01:00:00+00:00,4366.615000000001,4334.9269393137265,4429.991121372549,2026-03-24 01:15:00+00:00,4334.911939313726,-1.0004733644052515,stop_hit,donchian_low,holdout
2026-03-24 06:15:00+00:00,4369.715,4342.387190667684,4424.370618664632,2026-03-24 07:00:00+00:00,4424.355618664632,2.0,scaleout_tier_1,h_ema21,holdout
2026-03-24 06:15:00+00:00,4369.715,4342.387190667684,4424.370618664632,2026-03-24 12:30:00+00:00,4369.7,-0.0005488914174539928,stop_hit,h_ema21,holdout
2026-03-24 13:00:00+00:00,4379.015,4352.744673596214,4431.555652807573,2026-03-24 13:30:00+00:00,4352.729673596214,-1.000570986434267,stop_hit,h_ema21,holdout
2026-03-24 14:00:00+00:00,4381.015,4354.341299135294,4434.362401729412,2026-03-24 17:30:00+00:00,4378.1849999999995,-0.10609701347237585,trail_exit,h_ema21,holdout
2026-03-24 19:15:00+00:00,4404.115000000001,4382.3484932353895,4447.648013529223,2026-03-24 20:15:00+00:00,4447.633013529223,2.0,scaleout_tier_1,h_ema21,holdout
2026-03-24 19:15:00+00:00,4404.115000000001,4382.3484932353895,4469.414520293834,2026-03-24 20:45:00+00:00,4469.399520293834,3.0,scaleout_tier_2,h_ema21,holdout
2026-03-25 01:15:00+00:00,4570.8150000000005,4548.864695367155,4614.7156092656915,2026-03-25 05:15:00+00:00,4554.085,-0.7621762103003543,trail_exit,ema100,holdout
2026-03-25 11:00:00+00:00,4557.515,4544.087283720222,4584.370432559556,2026-03-25 12:15:00+00:00,4544.072283720222,-1.0011170924145096,stop_hit,ema100,holdout
2026-03-26 00:15:00+00:00,4524.215,4504.87539596851,4562.89420806298,2026-03-26 02:45:00+00:00,4504.86039596851,-1.0007756105024646,stop_hit,ema100,holdout
2026-03-26 03:45:00+00:00,4511.615000000001,4496.734479235744,4541.376041528513,2026-03-26 05:15:00+00:00,4496.719479235744,-1.0010080292375492,stop_hit,ema100,holdout
2026-03-26 10:30:00+00:00,4439.015,4421.891624748199,4473.261750503602,2026-03-26 11:45:00+00:00,4421.876624748199,-1.0008759955195603,stop_hit,h_ema21,holdout
2026-03-26 12:15:00+00:00,4438.8150000000005,4420.544756117537,4475.355487764928,2026-03-26 13:00:00+00:00,4420.529756117537,-1.0008210071029606,stop_hit,h_ema21,holdout
2026-03-27 01:15:00+00:00,4388.715,4370.764145668897,4424.616708662206,2026-03-27 02:00:00+00:00,4424.601708662206,2.0,scaleout_tier_1,h_ema21,holdout
2026-03-27 01:15:00+00:00,4388.715,4370.764145668897,4442.567562993309,2026-03-27 05:30:00+00:00,4442.552562993309,3.0,scaleout_tier_2,h_ema21,holdout
2026-03-27 06:15:00+00:00,4464.8150000000005,4451.041274972068,4492.362450055865,2026-03-27 06:45:00+00:00,4451.026274972068,-1.0010890300169277,stop_hit,h_ema200,holdout
2026-03-27 11:30:00+00:00,4410.415,4399.677890149658,4431.8892197006835,2026-03-27 12:45:00+00:00,4431.874219700683,2.0,scaleout_tier_1,h_ema21,holdout
2026-03-27 11:30:00+00:00,4410.415,4399.677890149658,4431.8892197006835,2026-03-27 13:30:00+00:00,4410.4,-0.0013970239859146046,stop_hit,h_ema21,holdout
2026-03-27 14:45:00+00:00,4459.915,4444.983486565116,4489.778026869767,2026-03-27 15:00:00+00:00,4489.763026869767,2.0,scaleout_tier_1,h_ema21,holdout
2026-03-27 14:45:00+00:00,4459.915,4444.983486565116,4504.709540304651,2026-03-27 15:00:00+00:00,4504.69454030465,3.0,scaleout_tier_2,h_ema21,holdout
2026-03-27 14:45:00+00:00,4459.915,4444.983486565116,4519.641053739534,2026-03-27 15:00:00+00:00,4519.626053739534,4.0,scaleout_tier_3,h_ema21,holdout
2026-03-30 00:30:00+00:00,4477.515,4455.920956618978,4520.703086762044,2026-03-30 00:45:00+00:00,4461.1849999999995,-0.7562270627997605,trail_exit,ema100,holdout
2026-03-30 01:15:00+00:00,4488.715,4466.967619056813,4532.209761886374,2026-03-30 03:00:00+00:00,4532.194761886373,2.0,scaleout_tier_1,h_ema21,holdout
2026-03-30 01:15:00+00:00,4488.715,4466.967619056813,4553.95714282956,2026-03-30 06:00:00+00:00,4553.94214282956,3.0,scaleout_tier_2,h_ema21,holdout
2026-03-30 09:45:00+00:00,4566.115000000001,4552.4591568781525,4593.426686243697,2026-03-30 13:45:00+00:00,4552.444156878152,-1.0010984308963193,stop_hit,ema100,holdout
2026-03-30 15:45:00+00:00,4581.915,4564.704985814148,4616.335028371704,2026-03-30 16:30:00+00:00,4564.689985814148,-1.0008715855686312,stop_hit,ema100,holdout
2026-03-31 00:45:00+00:00,4565.115000000001,4548.250522924211,4598.843954151581,2026-03-31 01:15:00+00:00,4598.828954151581,2.0,scaleout_tier_1,ema100,holdout
2026-03-31 00:45:00+00:00,4565.115000000001,4548.250522924211,4615.708431227371,2026-03-31 01:30:00+00:00,4615.693431227371,3.0,scaleout_tier_2,ema100,holdout
2026-03-31 00:45:00+00:00,4565.115000000001,4548.250522924211,4632.572908303161,2026-03-31 01:30:00+00:00,4632.557908303161,4.0,scaleout_tier_3,ema100,holdout
2026-03-31 10:15:00+00:00,4585.915,4574.140448630239,4609.464102739522,2026-03-31 10:30:00+00:00,4574.125448630239,-1.0012739338875238,stop_hit,ema100,holdout
2026-03-31 11:00:00+00:00,4577.515,4564.724879971077,4603.095240057847,2026-03-31 11:15:00+00:00,4603.080240057847,2.0,scaleout_tier_1,ema100,holdout
2026-03-31 11:00:00+00:00,4577.515,4564.724879971077,4615.885360086771,2026-03-31 11:30:00+00:00,4615.87036008677,3.0,scaleout_tier_2,ema100,holdout
2026-03-31 13:45:00+00:00,4618.415,4602.493983553637,4682.099065785452,2026-03-31 17:30:00+00:00,4682.0840657854515,4.0,scaleout_tier_3,ema100,holdout
2026-03-31 13:45:00+00:00,4618.415,4602.493983553637,4698.020082231815,2026-03-31 18:30:00+00:00,4698.005082231814,5.0,scaleout_tier_4,ema100,holdout
2026-03-31 19:15:00+00:00,4702.015,4685.660831040398,4734.723337919205,2026-03-31 21:00:00+00:00,4685.645831040398,-1.0009171973236537,stop_hit,ema21,holdout
2026-04-01 10:30:00+00:00,4755.415,4741.628102222588,4782.988795554825,2026-04-01 11:30:00+00:00,4782.973795554824,2.0,scaleout_tier_1,ema21,holdout
2026-04-01 10:30:00+00:00,4755.415,4741.628102222588,4782.988795554825,2026-04-01 12:15:00+00:00,4755.4,-0.0010879894986167602,stop_hit,ema21,holdout
2026-04-01 12:45:00+00:00,4776.3150000000005,4761.801263332839,4805.342473334324,2026-04-01 13:00:00+00:00,4761.786263332839,-1.0010335036623799,stop_hit,ema21,holdout
2026-04-01 14:15:00+00:00,4772.115000000001,4755.866620396173,4804.611759207656,2026-04-01 15:30:00+00:00,4804.596759207656,2.0,scaleout_tier_1,ema21,holdout
2026-04-01 14:15:00+00:00,4772.115000000001,4755.866620396173,4804.611759207656,2026-04-01 18:15:00+00:00,4780.485,0.5151282899635852,trail_exit,ema21,holdout
2026-04-02 02:00:00+00:00,4723.115000000001,4699.312675857006,4770.71964828599,2026-04-02 02:30:00+00:00,4699.297675857006,-1.000630190560813,stop_hit,ema21,holdout
2026-04-02 05:00:00+00:00,4699.3150000000005,4680.584809700772,4736.775380598458,2026-04-02 05:30:00+00:00,4680.569809700772,-1.0008008461078446,stop_hit,ema21,holdout
2026-04-02 07:00:00+00:00,4624.515,4601.284962552659,4670.9750748946835,2026-04-02 11:30:00+00:00,4626.285,0.07619445315195057,trail_exit,ema21,holdout
2026-04-02 12:15:00+00:00,4639.215,4621.179680971702,4675.285638056597,2026-04-02 13:00:00+00:00,4621.164680971701,-1.0008317013952894,stop_hit,ema21,holdout
2026-04-02 13:45:00+00:00,4627.3150000000005,4607.691139711177,4666.562720577647,2026-04-02 14:00:00+00:00,4666.547720577647,2.0,scaleout_tier_1,ema21,holdout
2026-04-02 13:45:00+00:00,4627.3150000000005,4607.691139711177,4686.186580866471,2026-04-02 14:15:00+00:00,4686.17158086647,3.0,scaleout_tier_2,ema21,holdout
2026-04-06 00:15:00+00:00,4652.215,4633.107288293055,4690.430423413891,2026-04-06 00:30:00+00:00,4633.0922882930545,-1.0007850233576046,stop_hit,ema21,holdout
2026-04-06 02:15:00+00:00,4662.215,4643.757593529799,4699.129812940402,2026-04-06 05:00:00+00:00,4699.114812940402,2.0,scaleout_tier_1,ema21,holdout
2026-04-06 02:15:00+00:00,4662.215,4643.757593529799,4717.587219410603,2026-04-06 08:30:00+00:00,4717.572219410603,3.0,scaleout_tier_2,ema21,holdout
2026-04-06 16:00:00+00:00,4693.515,4678.409399806467,4723.7262003870665,2026-04-06 16:45:00+00:00,4685.585,-0.5249708650037781,trail_exit,ema21,holdout
2026-04-06 17:30:00+00:00,4683.215,4669.773272931487,4710.098454137027,2026-04-06 22:00:00+00:00,4678.585,-0.34444978509090746,eod_force_close,ema21,holdout
2026-04-07 01:30:00+00:00,4681.015,4669.944527164627,4703.155945670746,2026-04-07 01:45:00+00:00,4669.929527164627,-1.0013549556756418,stop_hit,ema21,holdout
2026-04-07 02:30:00+00:00,4659.215,4645.175621234614,4687.293757530773,2026-04-07 04:30:00+00:00,4687.278757530773,2.0,scaleout_tier_1,ema21,holdout
2026-04-07 02:30:00+00:00,4659.215,4645.175621234614,4687.293757530773,2026-04-07 05:15:00+00:00,4659.2,-0.0010684233434394698,stop_hit,ema21,holdout
2026-04-07 06:00:00+00:00,4668.115000000001,4655.116680331806,4694.111639336391,2026-04-07 08:15:00+00:00,4694.096639336391,2.0,scaleout_tier_1,ema21,holdout
2026-04-07 06:00:00+00:00,4668.115000000001,4655.116680331806,4707.109959004586,2026-04-07 08:30:00+00:00,4707.094959004586,3.0,scaleout_tier_2,ema21,holdout
2026-04-07 11:30:00+00:00,4673.015,4656.58857190743,4705.86785618514,2026-04-07 12:45:00+00:00,4676.085,0.18689394813643878,trail_exit,ema21,holdout
2026-04-07 14:30:00+00:00,4670.415,4650.677036101151,4709.890927797697,2026-04-07 15:00:00+00:00,4650.662036101151,-1.00075995680594,stop_hit,ema21,holdout
2026-04-08 10:45:00+00:00,4818.515,4804.3874338625465,4846.770132274908,2026-04-08 12:15:00+00:00,4804.372433862546,-1.001061754010166,stop_hit,ema21,holdout
2026-04-08 14:00:00+00:00,4803.715,4788.021642383074,4835.101715233852,2026-04-08 14:15:00+00:00,4788.006642383074,-1.0009558184020575,stop_hit,ema21,holdout
2026-04-08 16:45:00+00:00,4783.515,4768.277849723537,4813.9893005529275,2026-04-08 17:30:00+00:00,4768.262849723536,-1.0009844360479596,stop_hit,ema21,holdout
2026-04-08 18:15:00+00:00,4768.915,4754.10218668869,4798.540626622619,2026-04-08 18:30:00+00:00,4754.08718668869,-1.0010126368087604,stop_hit,ema21,holdout
2026-04-08 19:15:00+00:00,4740.3150000000005,4724.1802082209415,4772.5845835581185,2026-04-08 21:00:00+00:00,4772.569583558118,2.0,scaleout_tier_1,ema21,holdout
2026-04-08 19:15:00+00:00,4740.3150000000005,4724.1802082209415,4772.5845835581185,2026-04-08 22:00:00+00:00,4744.785,0.27704107132022976,eod_force_close,ema21,holdout
2026-04-09 00:30:00+00:00,4730.115000000001,4715.81357865007,4758.717842699863,2026-04-09 10:15:00+00:00,4758.702842699862,2.0,scaleout_tier_1,ema21,holdout
2026-04-09 00:30:00+00:00,4730.115000000001,4715.81357865007,4773.0192640497935,2026-04-09 11:30:00+00:00,4773.004264049793,3.0,scaleout_tier_2,ema21,holdout
2026-04-09 15:00:00+00:00,4794.015,4780.828149562657,4820.388700874687,2026-04-09 18:30:00+00:00,4794.985,0.07355812554394651,trail_exit,ema21,holdout
2026-04-10 02:45:00+00:00,4772.3150000000005,4761.275628150073,4794.393743699855,2026-04-10 06:45:00+00:00,4769.6849999999995,-0.2382381928749292,trail_exit,ema21,holdout
2026-04-10 07:30:00+00:00,4777.215,4768.250012566925,4795.144974866151,2026-04-10 08:15:00+00:00,4768.2350125669245,-1.0016731757977693,stop_hit,ema21,holdout
2026-04-10 09:15:00+00:00,4769.215,4760.389985564002,4786.865028871996,2026-04-10 11:30:00+00:00,4786.850028871996,2.0,scaleout_tier_1,ema21,holdout
2026-04-10 09:15:00+00:00,4769.215,4760.389985564002,4795.6900433079945,2026-04-10 12:30:00+00:00,4795.675043307994,3.0,scaleout_tier_2,ema21,holdout
2026-04-10 13:15:00+00:00,4796.8150000000005,4787.163477134686,4816.118045730629,2026-04-10 15:30:00+00:00,4787.148477134686,-1.0015541588834893,stop_hit,ema21,holdout
2026-04-10 17:00:00+00:00,4788.415,4775.867985094801,4813.509029810398,2026-04-10 18:00:00+00:00,4775.852985094801,-1.0011955034813989,stop_hit,ema21,holdout
2026-04-13 01:00:00+00:00,4717.515,4701.137501380457,4750.2699972390865,2026-04-13 05:45:00+00:00,4750.254997239086,2.0,scaleout_tier_1,ema21,holdout
2026-04-13 01:00:00+00:00,4717.515,4701.137501380457,4750.2699972390865,2026-04-13 09:15:00+00:00,4738.285,1.2682034346328646,trail_exit,ema21,holdout
2026-04-13 12:15:00+00:00,4739.8150000000005,4730.01809998324,4759.408800033521,2026-04-13 15:00:00+00:00,4730.00309998324,-1.0015310965687785,stop_hit,ema21,holdout
2026-04-13 15:45:00+00:00,4734.615000000001,4721.764862890854,4760.315274218295,2026-04-13 16:30:00+00:00,4760.300274218294,2.0,scaleout_tier_1,ema21,holdout
2026-04-13 15:45:00+00:00,4734.615000000001,4721.764862890854,4760.315274218295,2026-04-13 22:00:00+00:00,4769.285,2.6980256868481445,eod_force_close,ema21,holdout
2026-04-14 01:15:00+00:00,4799.215,4790.396474903684,4816.852050192632,2026-04-14 01:30:00+00:00,4790.381474903684,-1.0017009647119555,stop_hit,ema21,holdout
2026-04-14 08:15:00+00:00,4804.015,4794.672907607507,4822.699184784987,2026-04-14 10:30:00+00:00,4794.657907607507,-1.0016056360149446,stop_hit,ema21,holdout
2026-04-14 16:15:00+00:00,4833.015,4821.258605845786,4856.527788308428,2026-04-14 17:30:00+00:00,4856.512788308428,2.0,scaleout_tier_1,ema50,holdout
2026-04-14 16:15:00+00:00,4833.015,4821.258605845786,4868.284182462642,2026-04-14 19:45:00+00:00,4868.269182462642,3.0,scaleout_tier_2,ema50,holdout
2026-04-15 03:30:00+00:00,4850.715,4840.123917015601,4871.897165968798,2026-04-15 04:30:00+00:00,4847.1849999999995,-0.33329924854715326,trail_exit,ema50,holdout
2026-04-15 05:00:00+00:00,4849.115000000001,4840.495797094424,4866.353405811154,2026-04-15 05:30:00+00:00,4840.480797094424,-1.001740300137339,stop_hit,ema50,holdout
2026-04-15 06:00:00+00:00,4843.415,4834.534888739427,4861.175222521147,2026-04-15 06:45:00+00:00,4834.519888739426,-1.001689168025059,stop_hit,ema50,holdout
2026-04-15 09:00:00+00:00,4841.415,4832.511100791334,4859.222798417332,2026-04-15 09:15:00+00:00,4832.496100791333,-1.0016846551885636,stop_hit,ema50,holdout
2026-04-15 10:00:00+00:00,4820.615000000001,4810.10441416861,4841.6361716627825,2026-04-15 13:15:00+00:00,4841.621171662782,2.0,scaleout_tier_1,ema21,holdout
2026-04-15 10:00:00+00:00,4820.615000000001,4810.10441416861,4841.6361716627825,2026-04-15 15:15:00+00:00,4820.6,-0.0014271326299936968,stop_hit,ema21,holdout
2026-04-15 15:45:00+00:00,4825.615000000001,4814.818792930116,4847.207414139771,2026-04-15 17:30:00+00:00,4814.803792930115,-1.0013893768342188,stop_hit,ema21,holdout
2026-04-15 18:15:00+00:00,4819.015,4809.296890381242,4838.451219237518,2026-04-15 22:00:00+00:00,4813.585,-0.5587506431825842,eod_force_close,ema21,holdout
2026-04-16 09:00:00+00:00,4834.915,4826.788697074893,4851.1676058502135,2026-04-16 10:15:00+00:00,4826.773697074893,-1.001845857844406,stop_hit,ema21,holdout
2026-04-16 11:00:00+00:00,4838.715,4830.83950431516,4854.46599136968,2026-04-16 13:45:00+00:00,4830.82450431516,-1.0019046420188131,stop_hit,ema21,holdout
2026-04-16 15:15:00+00:00,4828.615000000001,4815.804175874286,4854.236648251431,2026-04-16 16:30:00+00:00,4815.789175874285,-1.0011708848590168,stop_hit,ema21,holdout
2026-04-16 18:45:00+00:00,4810.915,4801.007174278727,4830.730651442546,2026-04-16 22:00:00+00:00,4811.785,0.08780937659530141,eod_force_close,ema21,holdout
2026-04-17 00:30:00+00:00,4814.015,4807.801997739314,4826.441004521373,2026-04-17 01:00:00+00:00,4807.786997739314,-1.0024142917338439,stop_hit,ema21,holdout
2026-04-17 02:00:00+00:00,4809.8150000000005,4800.452921814984,4828.539156370034,2026-04-17 06:00:00+00:00,4808.985,-0.08865552963755209,trail_exit,ema21,holdout
2026-04-17 08:30:00+00:00,4806.015,4798.673785770766,4820.697428458469,2026-04-17 11:30:00+00:00,4820.682428458469,2.0,scaleout_tier_1,ema21,holdout
2026-04-17 08:30:00+00:00,4806.015,4798.673785770766,4828.038642687704,2026-04-17 12:15:00+00:00,4828.023642687704,3.0,scaleout_tier_2,ema21,holdout
2026-04-17 08:30:00+00:00,4806.015,4798.673785770766,4835.3798569169385,2026-04-17 12:15:00+00:00,4835.364856916938,4.0,scaleout_tier_3,ema21,holdout
2026-04-17 18:45:00+00:00,4884.415,4872.522626565029,4908.199746869942,2026-04-17 20:00:00+00:00,4872.507626565029,-1.001261312561563,stop_hit,h_ema21,holdout
2026-04-20 01:15:00+00:00,4813.3150000000005,4798.21432081634,4843.516358367322,2026-04-20 04:30:00+00:00,4806.585,-0.4456753181858515,trail_exit,ema21,holdout
2026-04-20 06:00:00+00:00,4810.015,4799.982484316019,4830.080031367964,2026-04-20 11:45:00+00:00,4830.0650313679635,2.0,scaleout_tier_1,ema21,holdout
2026-04-20 06:00:00+00:00,4810.015,4799.982484316019,4840.1125470519455,2026-04-20 13:15:00+00:00,4840.097547051945,3.0,scaleout_tier_2,ema21,holdout
2026-04-20 14:30:00+00:00,4843.515,4833.231565025281,4864.081869949438,2026-04-20 14:45:00+00:00,4833.216565025281,-1.0014586565711947,stop_hit,ema21,holdout
2026-04-20 15:30:00+00:00,4828.415,4816.255853125965,4852.7332937480705,2026-04-20 15:45:00+00:00,4816.240853125964,-1.001233639181739,stop_hit,ema21,holdout
2026-04-20 19:15:00+00:00,4840.915,4832.782148837998,4857.180702324004,2026-04-20 19:30:00+00:00,4832.767148837997,-1.0018443716356706,stop_hit,ema21,holdout
2026-04-21 03:00:00+00:00,4826.215,4818.951270956901,4840.742458086199,2026-04-21 03:15:00+00:00,4818.9362709569,-1.0020650550029226,stop_hit,ema21,holdout
2026-04-21 05:45:00+00:00,4815.3150000000005,4808.386579761872,4829.171840476258,2026-04-21 06:00:00+00:00,4808.3715797618715,-1.0021649956966783,stop_hit,ema21,holdout
2026-04-21 07:15:00+00:00,4801.715,4793.177118600512,4818.790762798977,2026-04-21 12:30:00+00:00,4793.162118600511,-1.0017568761263451,stop_hit,ema21,holdout
2026-04-21 13:30:00+00:00,4792.915,4782.360465185034,4814.0240696299325,2026-04-21 14:30:00+00:00,4782.345465185033,-1.001421190063162,stop_hit,ema21,holdout
2026-04-22 01:30:00+00:00,4764.215,4752.757103482146,4787.130793035709,2026-04-22 08:15:00+00:00,4772.985,0.7654109972396426,trail_exit,ema21,holdout
2026-04-22 13:30:00+00:00,4768.8150000000005,4760.703994105527,4785.037011788947,2026-04-22 14:30:00+00:00,4760.688994105527,-1.0018493390580012,stop_hit,ema21,holdout
2026-04-22 17:15:00+00:00,4754.015,4745.244530177665,4771.555939644671,2026-04-22 21:00:00+00:00,4752.985,-0.11743954666802747,trail_exit,ema21,holdout
2026-04-23 00:30:00+00:00,4758.615000000001,4747.774119113467,4780.296761773067,2026-04-23 01:15:00+00:00,4747.759119113467,-1.001383651398565,stop_hit,ema21,holdout
2026-04-23 02:30:00+00:00,4730.115000000001,4718.140890526223,4754.0632189475555,2026-04-23 02:45:00+00:00,4718.125890526223,-1.001252702761168,stop_hit,ema21,holdout
2026-04-23 04:15:00+00:00,4722.215,4711.764670953209,4743.115658093582,2026-04-23 05:30:00+00:00,4711.749670953209,-1.0014353615023188,stop_hit,ema21,holdout
2026-04-23 06:00:00+00:00,4729.615000000001,4719.827115272745,4749.1907694545125,2026-04-23 07:15:00+00:00,4719.812115272744,-1.001532506810032,stop_hit,ema21,holdout
2026-04-23 07:45:00+00:00,4730.615000000001,4721.068133018875,4749.708733962251,2026-04-23 08:30:00+00:00,4721.053133018875,-1.0015711960824407,stop_hit,ema21,holdout
2026-04-23 09:30:00+00:00,4716.8150000000005,4707.769228258442,4734.906543483117,2026-04-23 10:00:00+00:00,4707.754228258442,-1.0016582333082111,stop_hit,ema21,holdout
2026-04-23 11:00:00+00:00,4712.8150000000005,4703.475630143199,4731.493739713604,2026-04-23 11:45:00+00:00,4731.478739713603,2.0,scaleout_tier_1,ema21,holdout
2026-04-23 11:00:00+00:00,4712.8150000000005,4703.475630143199,4740.833109570405,2026-04-23 12:00:00+00:00,4740.818109570405,3.0,scaleout_tier_2,ema21,holdout
2026-04-23 14:30:00+00:00,4748.515,4737.228364219757,4771.088271560487,2026-04-23 15:45:00+00:00,4737.213364219757,-1.0013290054089088,stop_hit,ema21,holdout
2026-04-23 16:30:00+00:00,4739.515,4729.434196321252,4759.676607357497,2026-04-23 17:00:00+00:00,4729.419196321252,-1.0014879766017017,stop_hit,ema21,holdout
2026-04-23 18:00:00+00:00,4726.115000000001,4709.998244874078,4758.348510251845,2026-04-23 19:00:00+00:00,4709.983244874078,-1.0009307084387105,stop_hit,ema21,holdout
2026-04-24 02:00:00+00:00,4715.215,4705.003861736524,4735.637276526952,2026-04-24 02:15:00+00:00,4704.988861736524,-1.0014689841243245,stop_hit,ema21,holdout
2026-04-24 05:00:00+00:00,4689.615000000001,4679.722974910898,4709.3990501782055,2026-04-24 07:45:00+00:00,4709.384050178205,2.0,scaleout_tier_1,ema100,holdout
2026-04-24 05:00:00+00:00,4689.615000000001,4679.722974910898,4709.3990501782055,2026-04-24 10:30:00+00:00,4689.6,-0.0015163730242508443,stop_hit,ema100,holdout
2026-04-24 13:45:00+00:00,4724.615000000001,4713.580490768759,4746.684018462484,2026-04-24 14:00:00+00:00,4746.669018462484,2.0,scaleout_tier_1,ema21,holdout
2026-04-24 18:00:00+00:00,4740.415,4730.7203768186255,4759.804246362749,2026-04-24 18:15:00+00:00,4733.285,-0.735459219673274,trail_exit,ema21,holdout
2026-04-27 00:30:00+00:00,4695.615000000001,4687.8769718619305,4711.091056276141,2026-04-27 00:45:00+00:00,4711.076056276141,2.0,scaleout_tier_1,ema21,holdout
2026-04-27 00:30:00+00:00,4695.615000000001,4687.8769718619305,4718.829084414211,2026-04-27 02:15:00+00:00,4718.814084414211,3.0,scaleout_tier_2,ema21,holdout
2026-04-27 06:15:00+00:00,4729.415,4722.141599034702,4743.961801930595,2026-04-27 08:30:00+00:00,4722.126599034702,-1.002062308962739,stop_hit,ema21,holdout
2026-04-27 09:45:00+00:00,4720.415,4713.925527482085,4733.393945035829,2026-04-27 11:30:00+00:00,4713.910527482085,-1.0023114359385787,stop_hit,ema21,holdout
2026-04-27 13:30:00+00:00,4715.515,4708.301186560705,4729.942626878591,2026-04-27 13:45:00+00:00,4708.286186560705,-1.002079344042725,stop_hit,ema21,holdout
2026-04-27 14:45:00+00:00,4708.615000000001,4700.095628359248,4725.653743281507,2026-04-27 15:00:00+00:00,4700.080628359247,-1.001760693233357,stop_hit,ema21,holdout
2026-04-27 15:30:00+00:00,4695.615000000001,4686.177223216206,4714.490553567591,2026-04-27 15:45:00+00:00,4686.162223216205,-1.001589357360738,stop_hit,ema21,holdout
2026-04-27 17:30:00+00:00,4694.615000000001,4686.163638342469,4711.517723315063,2026-04-27 22:00:00+00:00,4697.485,0.3395902478556693,eod_force_close,ema100,holdout
2026-04-28 00:15:00+00:00,4712.615000000001,4707.494714073008,4722.855571853986,2026-04-28 00:30:00+00:00,4707.479714073008,-1.0029295239004627,stop_hit,ema21,holdout
2026-04-28 03:15:00+00:00,4686.615000000001,4680.030990930645,4699.783018138712,2026-04-28 04:15:00+00:00,4680.015990930645,-1.0022782471655671,stop_hit,ema21,holdout
2026-04-28 04:45:00+00:00,4683.215,4677.556852216119,4694.531295567762,2026-04-28 05:00:00+00:00,4677.541852216119,-1.0026510442238818,stop_hit,ema100,holdout
2026-04-28 07:15:00+00:00,4647.8150000000005,4637.7630192372035,4667.918961525595,2026-04-28 07:45:00+00:00,4637.748019237203,-1.00149224320602,stop_hit,ema100,holdout
2026-04-28 10:45:00+00:00,4627.015,4617.355326411832,4646.334347176337,2026-04-28 11:00:00+00:00,4617.3403264118315,-1.0015528475018762,stop_hit,ema100,holdout
2026-04-28 12:45:00+00:00,4600.015,4585.673739543194,4628.6975209136135,2026-04-28 13:00:00+00:00,4585.658739543193,-1.0010459331692292,stop_hit,ema100,holdout
2026-04-28 15:00:00+00:00,4587.915,4571.602463360093,4620.540073279814,2026-04-28 22:00:00+00:00,4611.384999999999,1.4387707147018474,eod_force_close,ema100,holdout
2026-04-29 01:45:00+00:00,4603.8150000000005,4595.28311625028,4620.878767499442,2026-04-29 06:15:00+00:00,4599.384999999999,-0.5192288280001736,trail_exit,ema100,holdout
2026-04-29 10:15:00+00:00,4581.415,4572.0694578641,4600.106084271801,2026-04-29 11:45:00+00:00,4572.054457864099,-1.0016050433224954,stop_hit,donchian_low,holdout
2026-04-29 12:15:00+00:00,4578.915,4570.29189942901,4596.161201141979,2026-04-29 12:30:00+00:00,4570.27689942901,-1.0017395135168423,stop_hit,donchian_low,holdout
2026-04-29 14:45:00+00:00,4551.8150000000005,4539.706208650428,4576.032582699145,2026-04-29 18:00:00+00:00,4539.691208650428,-1.0012387693839366,stop_hit,donchian_low,holdout
2026-04-29 18:30:00+00:00,4547.615000000001,4535.189467536626,4572.466064926751,2026-04-29 18:45:00+00:00,4535.174467536625,-1.0012071917275611,stop_hit,donchian_low,holdout
2026-04-30 00:30:00+00:00,4576.015,4567.275326394984,4593.494347210032,2026-04-30 03:30:00+00:00,4572.785,-0.36957901930647535,trail_exit,donchian_low,holdout
2026-04-30 05:15:00+00:00,4564.515,4556.135177346587,4581.274645306828,2026-04-30 06:15:00+00:00,4581.259645306827,2.0,scaleout_tier_1,donchian_low,holdout
2026-04-30 05:15:00+00:00,4564.515,4556.135177346587,4589.654467960241,2026-04-30 06:45:00+00:00,4589.639467960241,3.0,scaleout_tier_2,donchian_low,holdout
2026-04-30 05:15:00+00:00,4564.515,4556.135177346587,4598.034290613655,2026-04-30 06:45:00+00:00,4598.019290613654,4.0,scaleout_tier_3,donchian_low,holdout
2026-04-30 13:00:00+00:00,4652.515,4641.715382212872,4674.114235574257,2026-04-30 13:30:00+00:00,4641.700382212872,-1.0013889380435488,stop_hit,ema100,holdout
2026-04-30 19:00:00+00:00,4635.515,4626.772971107785,4652.99905778443,2026-04-30 22:00:00+00:00,4636.884999999999,0.15671419265372377,eod_force_close,ema100,holdout
2026-05-01 05:15:00+00:00,4625.3150000000005,4618.592604520241,4638.759790959519,2026-05-01 05:45:00+00:00,4618.577604520241,-1.0022313474483153,stop_hit,ema100,holdout
2026-05-01 07:00:00+00:00,4606.015,4599.097078828891,4619.850842342218,2026-05-01 07:15:00+00:00,4599.082078828891,-1.0021682814286712,stop_hit,ema100,holdout
2026-05-01 09:30:00+00:00,4579.915,4572.2350673630945,4595.274865273811,2026-05-01 09:45:00+00:00,4572.220067363094,-1.0019531421315138,stop_hit,donchian_low,holdout
2026-05-01 11:30:00+00:00,4582.615000000001,4574.729185412666,4598.38662917467,2026-05-01 12:15:00+00:00,4598.37162917467,2.0,scaleout_tier_1,donchian_low,holdout
2026-05-01 11:30:00+00:00,4582.615000000001,4574.729185412666,4606.2724437620045,2026-05-01 12:15:00+00:00,4606.257443762004,3.0,scaleout_tier_2,donchian_low,holdout
2026-05-01 11:30:00+00:00,4582.615000000001,4574.729185412666,4614.158258349339,2026-05-01 12:15:00+00:00,4614.143258349339,4.0,scaleout_tier_3,donchian_low,holdout
2026-05-01 19:00:00+00:00,4636.215,4625.658623333699,4657.327753332602,2026-05-01 19:30:00+00:00,4625.643623333699,-1.0014209420973212,stop_hit,ema100,holdout
2026-05-04 01:00:00+00:00,4624.715,4615.519878558007,4643.105242883987,2026-05-04 01:15:00+00:00,4615.504878558007,-1.001631299825125,stop_hit,ema100,holdout
2026-05-04 01:45:00+00:00,4612.515,4602.667521206976,4632.209957586049,2026-05-04 02:15:00+00:00,4602.6525212069755,-1.0015232325263754,stop_hit,ema100,holdout
2026-05-04 02:45:00+00:00,4615.015,4603.977449453156,4637.09010109369,2026-05-04 05:30:00+00:00,4603.962449453155,-1.0013589971739352,stop_hit,ema100,holdout
2026-05-04 07:15:00+00:00,4602.615000000001,4593.050742004032,4621.743515991938,2026-05-04 07:45:00+00:00,4593.035742004032,-1.001568339123291,stop_hit,ema100,holdout
2026-05-04 09:15:00+00:00,4595.115000000001,4586.386279687969,4612.572440624063,2026-05-04 09:45:00+00:00,4586.371279687969,-1.0017184649598236,stop_hit,ema100,holdout
2026-05-04 11:15:00+00:00,4576.3150000000005,4564.693101611806,4599.5587967763895,2026-05-04 11:30:00+00:00,4564.678101611806,-1.0012906669374741,stop_hit,donchian_low,holdout
2026-05-04 12:00:00+00:00,4571.3150000000005,4560.048122901289,4593.848754197423,2026-05-04 15:00:00+00:00,4560.033122901289,-1.0013313360808775,stop_hit,donchian_low,holdout
2026-05-05 02:00:00+00:00,4550.515,4542.813020089707,4565.918959820588,2026-05-05 03:45:00+00:00,4542.798020089706,-1.001947551171911,stop_hit,donchian_low,holdout
2026-05-05 06:45:00+00:00,4556.3150000000005,4548.406170327875,4572.132659344252,2026-05-05 11:30:00+00:00,4572.1176593442515,2.0,scaleout_tier_1,donchian_low,holdout
2026-05-05 06:45:00+00:00,4556.3150000000005,4548.406170327875,4580.041489016377,2026-05-05 12:15:00+00:00,4580.026489016377,3.0,scaleout_tier_2,donchian_low,holdout
2026-05-05 14:00:00+00:00,4590.3150000000005,4580.985683203345,4608.973633593312,2026-05-05 14:15:00+00:00,4580.970683203344,-1.0016078347779662,stop_hit,ema100,holdout
2026-05-05 17:00:00+00:00,4571.715,4562.718117775508,4589.708764448984,2026-05-05 19:45:00+00:00,4562.703117775508,-1.001667244232618,stop_hit,h_ema21,holdout
2026-05-06 00:30:00+00:00,4612.715,4603.219280082745,4631.70643983451,2026-05-06 01:15:00+00:00,4631.69143983451,2.0,scaleout_tier_1,ema100,holdout
2026-05-06 00:30:00+00:00,4612.715,4603.219280082745,4641.202159751765,2026-05-06 02:00:00+00:00,4641.187159751765,3.0,scaleout_tier_2,ema100,holdout
2026-05-06 02:45:00+00:00,4644.215,4634.883562054387,4681.540751782453,2026-05-06 07:45:00+00:00,4681.525751782453,4.0,scaleout_tier_3,ema21,holdout
2026-05-06 02:45:00+00:00,4644.215,4634.883562054387,4690.872189728067,2026-05-06 07:45:00+00:00,4690.857189728066,5.0,scaleout_tier_4,ema21,holdout
2026-05-06 10:30:00+00:00,4716.015,4705.557498006902,4736.930003986196,2026-05-06 11:45:00+00:00,4705.542498006902,-1.0014343769678675,stop_hit,ema21,holdout
2026-05-06 16:30:00+00:00,4699.3150000000005,4687.633153151411,4722.67869369718,2026-05-06 22:00:00+00:00,4702.1849999999995,0.24568033096114583,eod_force_close,ema21,holdout
2026-05-07 01:45:00+00:00,4722.015,4712.738169495477,4740.568661009046,2026-05-07 02:00:00+00:00,4712.723169495477,-1.0016169315579297,stop_hit,ema21,holdout
2026-05-07 04:45:00+00:00,4706.615000000001,4699.250905920986,4721.34318815803,2026-05-07 06:15:00+00:00,4721.32818815803,2.0,scaleout_tier_1,ema21,holdout
2026-05-07 04:45:00+00:00,4706.615000000001,4699.250905920986,4728.707282237045,2026-05-07 06:30:00+00:00,4728.692282237044,3.0,scaleout_tier_2,ema21,holdout
2026-05-07 04:45:00+00:00,4706.615000000001,4699.250905920986,4736.071376316059,2026-05-07 06:30:00+00:00,4736.056376316059,4.0,scaleout_tier_3,ema21,holdout
2026-05-07 04:45:00+00:00,4706.615000000001,4699.250905920986,4743.435470395074,2026-05-07 06:30:00+00:00,4743.420470395074,5.0,scaleout_tier_4,ema21,holdout
2026-05-07 04:45:00+00:00,4706.615000000001,4699.250905920986,4750.799564474089,2026-05-07 06:30:00+00:00,4750.784564474088,6.0,scaleout_tier_5,ema21,holdout
2026-05-07 07:15:00+00:00,4759.515,4749.1419289112955,4780.26114217741,2026-05-07 07:30:00+00:00,4749.126928911295,-1.0014460519813329,stop_hit,ema21,holdout
2026-05-07 10:45:00+00:00,4748.8150000000005,4738.907250006583,4768.630499986835,2026-05-07 11:00:00+00:00,4738.892250006583,-1.0015139663405206,stop_hit,ema50,holdout
2026-05-07 14:15:00+00:00,4762.415,4751.103032760224,4785.038934479552,2026-05-07 15:15:00+00:00,4751.0880327602235,-1.0013260292999775,stop_hit,ema50,holdout
2026-05-07 16:30:00+00:00,4729.915,4716.710057445169,4756.324885109662,2026-05-07 17:15:00+00:00,4716.6950574451685,-1.0011359383002267,stop_hit,ema21,holdout
2026-05-07 18:00:00+00:00,4721.015,4707.267129431596,4748.510741136809,2026-05-07 18:45:00+00:00,4707.252129431596,-1.0010910780637403,stop_hit,ema21,holdout
2026-05-08 08:15:00+00:00,4721.015,4710.725075472049,4741.594849055903,2026-05-08 12:00:00+00:00,4713.884999999999,-0.6929108158794762,trail_exit,ema21,holdout
2026-05-08 12:30:00+00:00,4720.015,4711.290360702109,4737.464278595783,2026-05-08 13:30:00+00:00,4737.449278595783,2.0,scaleout_tier_1,ema21,holdout
2026-05-08 12:30:00+00:00,4720.015,4711.290360702109,4746.188917893674,2026-05-08 13:30:00+00:00,4746.173917893674,3.0,scaleout_tier_2,ema21,holdout
2026-05-08 17:15:00+00:00,4724.8150000000005,4714.3802332844925,4745.6845334310165,2026-05-08 17:45:00+00:00,4730.384999999999,0.5337924796843573,trail_exit,ema21,holdout
2026-05-08 18:15:00+00:00,4737.715,4728.566838500583,4756.011322998835,2026-05-08 20:00:00+00:00,4728.551838500583,-1.0016396737203734,stop_hit,ema21,holdout
