entry_date,entry_price,stop,target,exit_date,exit_price,R_multiple,exit_reason,zone_triggered,period
2023-02-02 15:30:00+00:00,32.405,32.29660176233324,32.621796475333525,2023-02-02 19:45:00+00:00,32.305,-0.9225242232020553,trail_exit,ema21,train
2023-02-03 15:30:00+00:00,32.375,32.29149226264835,32.542015474703305,2023-02-03 16:45:00+00:00,32.27649226264835,-1.1796240740763373,stop_hit,ema21,train
2023-02-03 17:15:00+00:00,32.355000000000004,32.27756074765486,32.50987850469029,2023-02-03 18:00:00+00:00,32.26256074765486,-1.193700217212146,stop_hit,ema21,train
2023-02-03 18:30:00+00:00,32.255,32.183979122685145,32.39704175462972,2023-02-03 19:30:00+00:00,32.168979122685144,-1.2112055013556202,stop_hit,ema21,train
2023-02-06 19:15:00+00:00,31.95,31.900224235267764,32.049551529464466,2023-02-06 20:00:00+00:00,31.885224235267764,-1.3013514725628401,stop_hit,h_ema21,train
2023-02-07 15:45:00+00:00,31.895,31.844543335005312,31.995913329989374,2023-02-07 17:00:00+00:00,31.980913329989374,2.0,scaleout_tier_1,h_ema21,train
2023-02-07 15:45:00+00:00,31.895,31.844543335005312,32.04636999498406,2023-02-07 17:30:00+00:00,32.03136999498406,3.0,scaleout_tier_2,h_ema21,train
2023-02-07 15:45:00+00:00,31.895,31.844543335005312,32.096826659978746,2023-02-07 17:45:00+00:00,32.081826659978745,4.0,scaleout_tier_3,h_ema21,train
2023-02-07 15:45:00+00:00,31.895,31.844543335005312,32.147283324973436,2023-02-07 17:45:00+00:00,32.132283324973436,5.0,scaleout_tier_4,h_ema21,train
2023-02-07 15:45:00+00:00,31.895,31.844543335005312,32.19773998996813,2023-02-07 17:45:00+00:00,32.18273998996813,6.0,scaleout_tier_5,h_ema21,train
2023-02-07 15:45:00+00:00,31.895,31.844543335005312,32.24819665496281,2023-02-07 17:45:00+00:00,32.23319665496281,7.0,scaleout_tier_6,h_ema21,train
2023-02-08 16:00:00+00:00,32.315,32.2403921942307,32.46421561153859,2023-02-08 16:15:00+00:00,32.2253921942307,-1.2010513490556702,stop_hit,ema21,train
2023-02-08 17:00:00+00:00,32.285000000000004,32.21253205589919,32.42993588820163,2023-02-08 20:00:00+00:00,32.19753205589919,-1.2069880715690386,stop_hit,ema21,train
2023-02-10 18:15:00+00:00,32.355000000000004,32.301271805600656,32.4624563887987,2023-02-13 14:30:00+00:00,32.4474563887987,2.0,scaleout_tier_1,ema21,train
2023-02-10 18:15:00+00:00,32.355000000000004,32.301271805600656,32.51618458319805,2023-02-13 14:30:00+00:00,32.50118458319805,3.0,scaleout_tier_2,ema21,train
2023-02-10 18:15:00+00:00,32.355000000000004,32.301271805600656,32.569912777597395,2023-02-13 14:30:00+00:00,32.554912777597394,4.0,scaleout_tier_3,ema21,train
2023-02-15 15:15:00+00:00,32.555,32.469631017654734,32.72573796469053,2023-02-16 14:30:00+00:00,32.505,-0.5856928198789773,trail_exit,ema21,train
2023-02-16 15:30:00+00:00,32.655,32.58915108138605,32.786697837227905,2023-02-16 17:30:00+00:00,32.771697837227904,2.0,scaleout_tier_1,ema21,train
2023-02-16 15:30:00+00:00,32.655,32.58915108138605,32.786697837227905,2023-02-16 20:15:00+00:00,32.655,0.0,trail_exit,ema21,train
2023-02-17 15:15:00+00:00,32.675,32.614505486843534,32.795989026312924,2023-02-17 16:00:00+00:00,32.59950548684353,-1.2479563718647422,stop_hit,ema21,train
2023-02-17 16:45:00+00:00,32.715,32.644225478654434,32.85654904269114,2023-02-21 14:30:00+00:00,32.84154904269114,2.0,scaleout_tier_1,ema21,train
2023-02-17 16:45:00+00:00,32.715,32.644225478654434,32.92732356403671,2023-02-21 15:30:00+00:00,32.91232356403671,3.0,scaleout_tier_2,ema21,train
2023-02-17 16:45:00+00:00,32.715,32.644225478654434,32.85654904269114,2023-02-21 17:00:00+00:00,32.839999999999996,1.7661723120620996,trail_exit,ema21,train
2023-02-21 17:30:00+00:00,32.885,32.82952131780877,32.995957364382456,2023-02-21 18:30:00+00:00,32.81452131780877,-1.270374122231261,stop_hit,h_ema21,train
2023-02-22 16:00:00+00:00,32.52,32.45738191931263,32.64523616137475,2023-02-22 19:30:00+00:00,32.44238191931263,-1.239547425205985,stop_hit,ema21,train
2023-02-23 14:45:00+00:00,32.525,32.464524987403166,32.64595002519366,2023-02-23 15:45:00+00:00,32.449524987403166,-1.2480363270033659,stop_hit,ema21,train
2023-02-23 18:45:00+00:00,32.395,32.340431691289446,32.50413661742112,2023-02-23 19:30:00+00:00,32.48913661742112,2.0,scaleout_tier_1,ema21,train
2023-02-23 18:45:00+00:00,32.395,32.340431691289446,32.558704926131675,2023-02-23 20:30:00+00:00,32.543704926131674,3.0,scaleout_tier_2,ema21,train
2023-02-23 18:45:00+00:00,32.395,32.340431691289446,32.50413661742112,2023-02-24 14:30:00+00:00,32.38,-0.27488482517506596,stop_hit,ema21,train
2023-02-24 18:30:00+00:00,32.175,32.11143697458022,32.30212605083955,2023-03-13 13:30:00+00:00,32.09643697458022,-1.2359862498825291,stop_hit,h_ema21,train
2023-03-13 14:45:00+00:00,31.475,31.339714395463503,31.745571209073,2023-03-13 16:15:00+00:00,31.324714395463502,-1.1108765419010542,stop_hit,ema21,train
2023-03-13 18:30:00+00:00,31.475,31.365009970692807,31.69498005861439,2023-03-13 19:15:00+00:00,31.350009970692806,-1.136375997847101,stop_hit,ema100,train
2023-03-15 18:30:00+00:00,30.445,30.311780322755656,30.71143935448869,2023-03-16 13:30:00+00:00,30.296780322755655,-1.1125959791396909,stop_hit,h_ema21,train
2023-03-23 13:45:00+00:00,31.615000000000002,31.506820698381702,31.831358603236602,2023-03-23 16:45:00+00:00,31.515,-0.9243912514137098,trail_exit,ema21,train
2023-03-23 17:45:00+00:00,31.455000000000002,31.380977159692776,31.603045680614454,2023-03-23 18:00:00+00:00,31.365977159692775,-1.2026401572507117,stop_hit,ema21,train
2023-03-28 15:00:00+00:00,31.585,31.53666257248703,31.68167485502594,2023-03-28 17:00:00+00:00,31.52166257248703,-1.310318541382369,stop_hit,ema21,train
2023-03-28 19:00:00+00:00,31.485,31.449062018047883,31.556875963904233,2023-03-29 13:30:00+00:00,31.541875963904232,2.0,scaleout_tier_1,ema21,train
2023-03-28 19:00:00+00:00,31.485,31.449062018047883,31.59281394585635,2023-03-29 13:30:00+00:00,31.57781394585635,3.0,scaleout_tier_2,ema21,train
2023-03-28 19:00:00+00:00,31.485,31.449062018047883,31.628751927808466,2023-03-29 13:30:00+00:00,31.613751927808465,4.0,scaleout_tier_3,ema21,train
2023-03-28 19:00:00+00:00,31.485,31.449062018047883,31.664689909760583,2023-03-29 13:30:00+00:00,31.649689909760582,5.0,scaleout_tier_4,ema21,train
2023-03-28 19:00:00+00:00,31.485,31.449062018047883,31.7006278917127,2023-03-29 13:30:00+00:00,31.6856278917127,6.0,scaleout_tier_5,ema21,train
2023-03-28 19:00:00+00:00,31.485,31.449062018047883,31.736565873664816,2023-03-29 13:30:00+00:00,31.721565873664815,7.0,scaleout_tier_6,ema21,train
2023-03-28 19:00:00+00:00,31.485,31.449062018047883,31.772503855616932,2023-03-29 13:30:00+00:00,31.757503855616932,8.0,scaleout_tier_7,ema21,train
2023-03-28 19:00:00+00:00,31.485,31.449062018047883,31.80844183756905,2023-03-29 13:30:00+00:00,31.79344183756905,9.0,scaleout_tier_8,ema21,train
2023-03-29 14:00:00+00:00,31.895,31.834072214446106,32.01685557110778,2023-03-29 14:30:00+00:00,31.819072214446106,-1.2461930934078078,stop_hit,ema21,train
2023-03-29 15:15:00+00:00,31.835,31.777366713866133,31.950266572267736,2023-03-30 13:30:00+00:00,31.935266572267736,2.0,scaleout_tier_1,ema21,train
2023-03-29 15:15:00+00:00,31.835,31.777366713866133,32.0078998584016,2023-03-30 13:30:00+00:00,31.9928998584016,3.0,scaleout_tier_2,ema21,train
2023-03-29 15:15:00+00:00,31.835,31.777366713866133,32.06553314453547,2023-03-30 13:30:00+00:00,32.05053314453547,4.0,scaleout_tier_3,ema21,train
2023-03-29 15:15:00+00:00,31.835,31.777366713866133,32.12316643066934,2023-03-30 13:30:00+00:00,32.10816643066934,5.0,scaleout_tier_4,ema21,train
2023-03-29 15:15:00+00:00,31.835,31.777366713866133,32.18079971680321,2023-03-30 13:30:00+00:00,32.16579971680321,6.0,scaleout_tier_5,ema21,train
2023-03-31 17:00:00+00:00,32.28,32.23832897499222,32.36334205001556,2023-03-31 17:15:00+00:00,32.22332897499222,-1.3599623478712153,stop_hit,h_ema21,train
2023-03-31 19:15:00+00:00,32.285000000000004,32.24921248423537,32.35657503152927,2023-03-31 19:30:00+00:00,32.23421248423537,-1.4191405768048524,stop_hit,h_ema21,train
2023-04-10 14:15:00+00:00,32.955,32.90670697458927,33.051586050821456,2023-04-10 14:30:00+00:00,32.89170697458927,-1.31060385785373,stop_hit,h_ema21,train
2023-04-10 18:00:00+00:00,33.065,33.023135638051855,33.148728723896284,2023-04-10 19:30:00+00:00,33.008135638051854,-1.3582999788359598,stop_hit,h_ema21,train
2023-04-11 14:15:00+00:00,33.1923,33.15135655077611,33.274186898447795,2023-04-11 14:30:00+00:00,33.13635655077611,-1.3663589727864482,stop_hit,h_ema21,train
2023-04-14 15:00:00+00:00,33.635,33.58766544826341,33.72966910347318,2023-04-14 15:15:00+00:00,33.57266544826341,-1.316893251328827,stop_hit,h_ema21,train
2023-04-17 17:15:00+00:00,33.455,33.416961808574094,33.53107638285181,2023-04-17 18:00:00+00:00,33.40196180857409,-1.3943405150904544,stop_hit,h_ema21,train
2023-04-19 16:30:00+00:00,33.665,33.63830733710518,33.71838532578963,2023-04-20 13:30:00+00:00,33.62330733710518,-1.5619521761132786,stop_hit,h_ema21,train
2023-04-20 16:15:00+00:00,33.745,33.71573088278918,33.80353823442163,2023-04-20 18:30:00+00:00,33.70073088278918,-1.5124855625798421,stop_hit,h_ema21,train
2023-04-20 19:00:00+00:00,33.705,33.67574223725596,33.763515525488074,2023-04-20 19:15:00+00:00,33.66074223725596,-1.5126844499775425,stop_hit,h_ema21,train
2023-04-21 14:15:00+00:00,33.62,33.57309215513482,33.713815689730346,2023-04-21 14:30:00+00:00,33.55809215513482,-1.3197759360532249,stop_hit,h_ema21,train
2023-04-21 15:00:00+00:00,33.61,33.55418675832041,33.721626483359174,2023-04-21 16:00:00+00:00,33.70662648335917,2.0,scaleout_tier_1,h_ema21,train
2023-04-21 15:00:00+00:00,33.61,33.55418675832041,33.77743972503876,2023-04-24 13:45:00+00:00,33.76243972503876,3.0,scaleout_tier_2,h_ema21,train
2023-04-21 15:00:00+00:00,33.61,33.55418675832041,33.83325296671835,2023-04-24 17:30:00+00:00,33.81825296671835,4.0,scaleout_tier_3,h_ema21,train
2023-04-21 15:00:00+00:00,33.61,33.55418675832041,33.721626483359174,2023-04-25 13:30:00+00:00,33.595,-0.268753427477168,stop_hit,h_ema21,train
2023-04-25 15:15:00+00:00,33.625,33.5728867011584,33.729226597683194,2023-04-25 15:30:00+00:00,33.5578867011584,-1.2878343980025977,stop_hit,h_ema200,train
2023-04-26 17:00:00+00:00,33.61,33.55950276777636,33.71099446444728,2023-04-26 17:45:00+00:00,33.54450276777636,-1.297045983303973,stop_hit,h_ema21,train
2023-04-26 19:15:00+00:00,33.445,33.403068803552735,33.52886239289453,2023-04-26 19:30:00+00:00,33.388068803552734,-1.3577288813798867,stop_hit,h_ema21,train
2023-05-12 16:00:00+00:00,33.26,33.211318304185724,33.357363391628546,2023-05-12 16:15:00+00:00,33.19631830418572,-1.3081240238061391,stop_hit,ema21,train
2023-05-12 19:00:00+00:00,33.1473,33.107099090879125,33.227701818241755,2023-05-15 13:30:00+00:00,33.212701818241754,2.0,scaleout_tier_1,ema21,train
2023-05-12 19:00:00+00:00,33.1473,33.107099090879125,33.26790272736263,2023-05-15 13:30:00+00:00,33.25290272736263,3.0,scaleout_tier_2,ema21,train
2023-05-12 19:00:00+00:00,33.1473,33.107099090879125,33.30810363648351,2023-05-15 13:30:00+00:00,33.29310363648351,4.0,scaleout_tier_3,ema21,train
2023-05-12 19:00:00+00:00,33.1473,33.107099090879125,33.348304545604385,2023-05-15 13:30:00+00:00,33.333304545604385,5.0,scaleout_tier_4,ema21,train
2023-05-12 19:00:00+00:00,33.1473,33.107099090879125,33.38850545472526,2023-05-15 13:30:00+00:00,33.37350545472526,6.0,scaleout_tier_5,ema21,train
2023-05-15 16:30:00+00:00,33.4975,33.45647947093016,33.57954105813968,2023-05-16 13:30:00+00:00,33.44147947093016,-1.3656705639866842,stop_hit,h_ema200,train
2023-05-16 15:30:00+00:00,33.2751,33.22537085273969,33.37455829452063,2023-05-16 15:45:00+00:00,33.210370852739686,-1.3016339677308495,stop_hit,ema21,train
2023-05-17 14:30:00+00:00,33.125,33.08250585861641,33.209988282767185,2023-05-17 14:45:00+00:00,33.06750585861641,-1.3529898360481352,stop_hit,ema21,train
2023-05-17 15:45:00+00:00,33.15,33.104489508023555,33.241020983952886,2023-05-17 16:30:00+00:00,33.226020983952886,2.0,scaleout_tier_1,ema21,train
2023-05-17 15:45:00+00:00,33.15,33.104489508023555,33.28653147592933,2023-05-17 16:45:00+00:00,33.27153147592933,3.0,scaleout_tier_2,ema21,train
2023-05-17 15:45:00+00:00,33.15,33.104489508023555,33.241020983952886,2023-05-18 13:30:00+00:00,33.135,-0.32959432756219326,stop_hit,ema21,train
2023-05-19 15:00:00+00:00,33.325,33.27924905818586,33.416501883628285,2023-05-19 15:30:00+00:00,33.26424905818586,-1.3278621030565139,stop_hit,ema21,train
2023-05-19 16:45:00+00:00,33.26,33.20857542180563,33.36284915638874,2023-05-22 13:30:00+00:00,33.193575421805626,-1.2916893152395827,stop_hit,ema21,train
2023-05-22 14:30:00+00:00,33.235,33.18959895880142,33.32580208239716,2023-05-22 14:45:00+00:00,33.17459895880142,-1.3303888986684633,stop_hit,ema21,train
2023-05-22 16:00:00+00:00,33.245,33.202232906720056,33.33053418655988,2023-05-22 19:30:00+00:00,33.205,-0.9352985422266186,trail_exit,ema21,train
2023-05-23 14:15:00+00:00,33.22,33.183785860868134,33.29242827826373,2023-05-23 14:30:00+00:00,33.168785860868134,-1.4142028599763738,stop_hit,ema21,train
2023-05-23 15:45:00+00:00,33.225,33.19088313384929,33.293233732301424,2023-05-23 16:00:00+00:00,33.17588313384929,-1.439665235773359,stop_hit,ema21,train
2023-05-25 17:15:00+00:00,32.105000000000004,32.04839046643335,32.21821906713332,2023-05-26 13:30:00+00:00,32.20321906713332,2.0,scaleout_tier_1,ema100,train
2023-05-25 17:15:00+00:00,32.105000000000004,32.04839046643335,32.274828600699976,2023-05-26 13:30:00+00:00,32.259828600699976,3.0,scaleout_tier_2,ema100,train
2023-05-25 17:15:00+00:00,32.105000000000004,32.04839046643335,32.331438134266634,2023-05-26 13:30:00+00:00,32.31643813426663,4.0,scaleout_tier_3,ema100,train
2023-05-25 17:15:00+00:00,32.105000000000004,32.04839046643335,32.38804766783329,2023-05-26 13:30:00+00:00,32.37304766783329,5.0,scaleout_tier_4,ema100,train
2023-05-30 16:15:00+00:00,32.0951,32.041670577555834,32.20195884488834,2023-05-30 16:30:00+00:00,32.04,-1.0312669963367225,trail_exit,ema100,train
2023-05-30 17:00:00+00:00,32.105000000000004,32.053654285309825,32.20769142938036,2023-05-30 17:15:00+00:00,32.038654285309825,-1.2921373300675816,stop_hit,ema100,train
2023-05-30 18:45:00+00:00,32.115,32.0712659733338,32.2024680533324,2023-05-30 19:00:00+00:00,32.0562659733338,-1.3429823673563814,stop_hit,ema100,train
2023-05-31 17:45:00+00:00,31.835,31.77821262745319,31.948574745093623,2023-06-01 13:30:00+00:00,31.933574745093622,2.0,scaleout_tier_1,ema200,train
2023-05-31 17:45:00+00:00,31.835,31.77821262745319,32.00536211764043,2023-06-01 13:30:00+00:00,31.99036211764043,3.0,scaleout_tier_2,ema200,train
2023-05-31 17:45:00+00:00,31.835,31.77821262745319,32.062149490187245,2023-06-01 14:00:00+00:00,32.047149490187245,4.0,scaleout_tier_3,ema200,train
2023-05-31 17:45:00+00:00,31.835,31.77821262745319,32.11893686273406,2023-06-01 14:00:00+00:00,32.10393686273406,5.0,scaleout_tier_4,ema200,train
2023-05-31 17:45:00+00:00,31.835,31.77821262745319,32.17572423528087,2023-06-01 14:30:00+00:00,32.16072423528087,6.0,scaleout_tier_5,ema200,train
2023-05-31 17:45:00+00:00,31.835,31.77821262745319,32.232511607827675,2023-06-01 14:45:00+00:00,32.217511607827674,7.0,scaleout_tier_6,ema200,train
2023-05-31 17:45:00+00:00,31.835,31.77821262745319,32.28929898037449,2023-06-01 15:15:00+00:00,32.27429898037449,8.0,scaleout_tier_7,ema200,train
2023-05-31 17:45:00+00:00,31.835,31.77821262745319,32.346086352921304,2023-06-01 19:00:00+00:00,32.331086352921304,9.0,scaleout_tier_8,ema200,train
2023-05-31 17:45:00+00:00,31.835,31.77821262745319,32.40287372546811,2023-06-02 13:30:00+00:00,32.38787372546811,10.0,scaleout_tier_9,ema200,train
2023-05-31 17:45:00+00:00,31.835,31.77821262745319,32.45966109801492,2023-06-02 13:30:00+00:00,32.44466109801492,11.0,scaleout_tier_10,ema200,train
2023-05-31 17:45:00+00:00,31.835,31.77821262745319,32.516448470561734,2023-06-02 13:30:00+00:00,32.50144847056173,12.0,scaleout_tier_11,ema200,train
2023-05-31 17:45:00+00:00,31.835,31.77821262745319,32.57323584310855,2023-06-02 13:30:00+00:00,32.55823584310855,13.0,scaleout_tier_12,ema200,train
2023-05-31 17:45:00+00:00,31.835,31.77821262745319,32.630023215655356,2023-06-02 13:30:00+00:00,32.615023215655356,14.0,scaleout_tier_13,ema200,train
2023-06-05 14:45:00+00:00,32.505,32.45401311826498,32.606973763470045,2023-06-05 15:00:00+00:00,32.43901311826498,-1.2941933197239954,stop_hit,ema21,train
2023-06-05 15:45:00+00:00,32.479,32.430279900842514,32.57644019831497,2023-06-05 18:30:00+00:00,32.41527990084251,-1.3078811467832576,stop_hit,ema50,train
2023-06-05 19:00:00+00:00,32.4683,32.42819225953495,32.54851548093009,2023-06-05 19:30:00+00:00,32.41319225953495,-1.3739926464586785,stop_hit,ema50,train
2023-06-06 13:45:00+00:00,32.495,32.45545997560449,32.57408004879101,2023-06-06 14:00:00+00:00,32.44045997560449,-1.3793624366530532,stop_hit,ema50,train
2023-06-06 18:15:00+00:00,32.6251,32.58993087356943,32.69543825286115,2023-06-07 13:30:00+00:00,32.57493087356943,-1.426510451705742,stop_hit,ema21,train
2023-06-07 17:30:00+00:00,31.9851,31.93492864994454,32.08544270011092,2023-06-08 13:30:00+00:00,32.07044270011092,2.0,scaleout_tier_1,ema100,train
2023-06-07 17:30:00+00:00,31.9851,31.93492864994454,32.13561405016638,2023-06-08 14:00:00+00:00,32.12061405016638,3.0,scaleout_tier_2,ema100,train
2023-06-07 17:30:00+00:00,31.9851,31.93492864994454,32.185785400221846,2023-06-08 15:15:00+00:00,32.170785400221845,4.0,scaleout_tier_3,ema100,train
2023-06-07 17:30:00+00:00,31.9851,31.93492864994454,32.2359567502773,2023-06-08 18:30:00+00:00,32.2209567502773,5.0,scaleout_tier_4,ema100,train
2023-06-07 17:30:00+00:00,31.9851,31.93492864994454,32.28612810033276,2023-06-08 19:45:00+00:00,32.27112810033276,6.0,scaleout_tier_5,ema100,train
2023-06-07 17:30:00+00:00,31.9851,31.93492864994454,32.08544270011092,2023-06-09 13:30:00+00:00,32.065,1.592542355580921,trail_exit,ema100,train
2023-06-09 14:15:00+00:00,32.195,32.148887935978685,32.28722412804263,2023-06-09 14:30:00+00:00,32.133887935978684,-1.3252944824388433,stop_hit,ema100,train
2023-06-12 17:15:00+00:00,31.9679,31.935697737837085,32.03230452432583,2023-06-12 17:30:00+00:00,31.920697737837084,-1.46580578482697,stop_hit,ema200,train
2023-06-12 18:00:00+00:00,31.976300000000002,31.946122277707026,32.03665544458595,2023-06-13 13:30:00+00:00,32.02165544458595,2.0,scaleout_tier_1,ema100,train
2023-06-12 18:00:00+00:00,31.976300000000002,31.946122277707026,32.06683316687893,2023-06-13 13:30:00+00:00,32.05183316687893,3.0,scaleout_tier_2,ema100,train
2023-06-12 18:00:00+00:00,31.976300000000002,31.946122277707026,32.097010889171905,2023-06-13 13:30:00+00:00,32.082010889171904,4.0,scaleout_tier_3,ema100,train
2023-06-12 18:00:00+00:00,31.976300000000002,31.946122277707026,32.12718861146488,2023-06-13 13:30:00+00:00,32.11218861146488,5.0,scaleout_tier_4,ema100,train
2023-06-12 18:00:00+00:00,31.976300000000002,31.946122277707026,32.15736633375786,2023-06-13 13:30:00+00:00,32.142366333757856,6.0,scaleout_tier_5,ema100,train
2023-06-12 18:00:00+00:00,31.976300000000002,31.946122277707026,32.18754405605083,2023-06-13 13:30:00+00:00,32.17254405605083,7.0,scaleout_tier_6,ema100,train
2023-06-12 18:00:00+00:00,31.976300000000002,31.946122277707026,32.21772177834381,2023-06-13 13:30:00+00:00,32.20272177834381,8.0,scaleout_tier_7,ema100,train
2023-06-12 18:00:00+00:00,31.976300000000002,31.946122277707026,32.247899500636784,2023-06-13 13:30:00+00:00,32.23289950063678,9.0,scaleout_tier_8,ema100,train
2023-06-12 18:00:00+00:00,31.976300000000002,31.946122277707026,32.27807722292976,2023-06-13 13:30:00+00:00,32.26307722292976,10.0,scaleout_tier_9,ema100,train
2023-06-12 18:00:00+00:00,31.976300000000002,31.946122277707026,32.308254945222735,2023-06-13 13:30:00+00:00,32.293254945222735,11.0,scaleout_tier_10,ema100,train
2023-06-13 16:15:00+00:00,32.335,32.28804345673125,32.4289130865375,2023-06-13 18:15:00+00:00,32.27304345673125,-1.3194442979788839,stop_hit,ema21,train
2023-06-13 19:00:00+00:00,32.2969,32.258410114182716,32.37387977163457,2023-06-14 13:30:00+00:00,32.35887977163457,2.0,scaleout_tier_1,ema100,train
2023-06-13 19:00:00+00:00,32.2969,32.258410114182716,32.412369657451855,2023-06-14 13:30:00+00:00,32.397369657451854,3.0,scaleout_tier_2,ema100,train
2023-06-13 19:00:00+00:00,32.2969,32.258410114182716,32.45085954326914,2023-06-14 13:30:00+00:00,32.43585954326914,4.0,scaleout_tier_3,ema100,train
2023-06-13 19:00:00+00:00,32.2969,32.258410114182716,32.489349429086424,2023-06-14 13:30:00+00:00,32.47434942908642,5.0,scaleout_tier_4,ema100,train
2023-06-13 19:00:00+00:00,32.2969,32.258410114182716,32.52783931490371,2023-06-14 13:30:00+00:00,32.51283931490371,6.0,scaleout_tier_5,ema100,train
2023-06-13 19:00:00+00:00,32.2969,32.258410114182716,32.56632920072099,2023-06-14 13:30:00+00:00,32.55132920072099,7.0,scaleout_tier_6,ema100,train
2023-06-13 19:00:00+00:00,32.2969,32.258410114182716,32.60481908653828,2023-06-14 13:30:00+00:00,32.58981908653828,8.0,scaleout_tier_7,ema100,train
2023-06-13 19:00:00+00:00,32.2969,32.258410114182716,32.64330897235556,2023-06-14 13:30:00+00:00,32.62830897235556,9.0,scaleout_tier_8,ema100,train
2023-06-14 16:30:00+00:00,32.57,32.52139388358307,32.667212232833855,2023-06-14 17:00:00+00:00,32.525,-0.9258094107746984,trail_exit,ema21,train
2023-06-14 17:45:00+00:00,32.555,32.51240350433824,32.640192991323524,2023-06-14 18:00:00+00:00,32.49740350433824,-1.35214164374244,stop_hit,ema21,train
2023-06-14 18:45:00+00:00,32.505,32.44072126424939,32.63355747150123,2023-06-14 19:15:00+00:00,32.42572126424939,-1.2333586655810618,stop_hit,ema21,train
2023-06-16 16:30:00+00:00,33.06,33.010661693495166,33.158676613009675,2023-06-16 19:00:00+00:00,32.995661693495165,-1.3040234062052825,stop_hit,h_ema21,train
2023-06-20 16:15:00+00:00,32.515,32.462883808581374,32.619232382837254,2023-06-21 13:30:00+00:00,32.44788380858137,-1.2878184224843319,stop_hit,ema21,train
2023-06-21 14:45:00+00:00,32.475,32.42057280740147,32.583854385197064,2023-06-21 15:00:00+00:00,32.40557280740147,-1.2755975328480442,stop_hit,ema21,train
2023-06-21 15:30:00+00:00,32.47,32.414015910299206,32.581968179401585,2023-06-21 19:45:00+00:00,32.464999999999996,-0.08931108868117811,trail_exit,ema21,train
2023-06-22 15:45:00+00:00,32.305,32.2526484205638,32.4097031588724,2023-06-22 17:00:00+00:00,32.2376484205638,-1.2865243066502183,stop_hit,ema100,train
2023-06-22 17:45:00+00:00,32.275,32.23157587706588,32.36184824586824,2023-06-23 13:30:00+00:00,32.21657587706588,-1.3454301200914895,stop_hit,ema100,train
2023-06-23 17:45:00+00:00,32.045,32.003277320747294,32.12844535850542,2023-06-23 18:30:00+00:00,31.988277320747294,-1.3595167009565234,stop_hit,ema100,train
2023-07-11 17:00:00+00:00,31.725,31.677785659729018,31.819428680541968,2023-07-12 13:30:00+00:00,31.804428680541967,2.0,scaleout_tier_1,donchian_low,train
2023-07-11 17:00:00+00:00,31.725,31.677785659729018,31.86664302081295,2023-07-12 13:30:00+00:00,31.85164302081295,3.0,scaleout_tier_2,donchian_low,train
2023-07-11 17:00:00+00:00,31.725,31.677785659729018,31.913857361083934,2023-07-12 13:30:00+00:00,31.898857361083934,4.0,scaleout_tier_3,donchian_low,train
2023-07-11 17:00:00+00:00,31.725,31.677785659729018,31.961071701354918,2023-07-12 13:30:00+00:00,31.946071701354917,5.0,scaleout_tier_4,donchian_low,train
2023-07-11 17:00:00+00:00,31.725,31.677785659729018,32.0082860416259,2023-07-12 13:30:00+00:00,31.9932860416259,6.0,scaleout_tier_5,donchian_low,train
2023-07-11 17:00:00+00:00,31.725,31.677785659729018,32.055500381896884,2023-07-12 13:30:00+00:00,32.040500381896884,7.0,scaleout_tier_6,donchian_low,train
2023-07-11 17:00:00+00:00,31.725,31.677785659729018,32.10271472216787,2023-07-12 13:30:00+00:00,32.08771472216787,8.0,scaleout_tier_7,donchian_low,train
2023-07-11 17:00:00+00:00,31.725,31.677785659729018,32.14992906243885,2023-07-12 13:30:00+00:00,32.13492906243885,9.0,scaleout_tier_8,donchian_low,train
2023-07-11 17:00:00+00:00,31.725,31.677785659729018,32.197143402709834,2023-07-12 13:30:00+00:00,32.18214340270983,10.0,scaleout_tier_9,donchian_low,train
2023-07-11 17:00:00+00:00,31.725,31.677785659729018,32.24435774298082,2023-07-12 13:30:00+00:00,32.22935774298082,11.0,scaleout_tier_10,donchian_low,train
2023-07-11 17:00:00+00:00,31.725,31.677785659729018,32.2915720832518,2023-07-12 13:30:00+00:00,32.2765720832518,12.0,scaleout_tier_11,donchian_low,train
2023-07-14 16:45:00+00:00,32.81,32.76812799503933,32.89374400992135,2023-07-14 17:00:00+00:00,32.75312799503933,-1.358234577352786,stop_hit,h_ema21,train
2023-07-14 17:45:00+00:00,32.8,32.762912663117405,32.87417467376518,2023-07-14 19:00:00+00:00,32.747912663117404,-1.4044507171675897,stop_hit,h_ema50,train
2023-07-17 14:15:00+00:00,32.730000000000004,32.68852980886028,32.81294038227945,2023-07-17 14:30:00+00:00,32.67352980886028,-1.3617055911187377,stop_hit,ema21,train
2023-07-17 16:30:00+00:00,32.695,32.66030612819836,32.76438774360329,2023-07-17 17:15:00+00:00,32.64530612819836,-1.4323530128248798,stop_hit,ema21,train
2023-07-17 17:45:00+00:00,32.715,32.684990806392335,32.77501838721534,2023-07-17 18:00:00+00:00,32.669990806392335,-1.4998468201480628,stop_hit,ema21,train
2023-07-17 19:00:00+00:00,32.705,32.67881791827406,32.75736416345187,2023-07-17 19:45:00+00:00,32.66381791827406,-1.572910899790761,stop_hit,ema21,train
2023-07-18 13:45:00+00:00,32.76,32.72741792097364,32.82516415805271,2023-07-18 14:30:00+00:00,32.81016415805271,2.0,scaleout_tier_1,ema21,train
2023-07-18 13:45:00+00:00,32.76,32.72741792097364,32.85774623707906,2023-07-18 15:00:00+00:00,32.84274623707906,3.0,scaleout_tier_2,ema21,train
2023-07-18 13:45:00+00:00,32.76,32.72741792097364,32.82516415805271,2023-07-18 16:00:00+00:00,32.7622,0.0675217808606519,trail_exit,ema21,train
2023-07-18 18:00:00+00:00,32.755,32.724296136034255,32.8164077279315,2023-07-19 13:30:00+00:00,32.8014077279315,2.0,scaleout_tier_1,h_ema21,train
2023-07-18 18:00:00+00:00,32.755,32.724296136034255,32.847111591897246,2023-07-19 13:30:00+00:00,32.832111591897245,3.0,scaleout_tier_2,h_ema21,train
2023-07-18 18:00:00+00:00,32.755,32.724296136034255,32.877815455862994,2023-07-19 13:30:00+00:00,32.86281545586299,4.0,scaleout_tier_3,h_ema21,train
2023-07-18 18:00:00+00:00,32.755,32.724296136034255,32.90851931982874,2023-07-19 13:30:00+00:00,32.89351931982874,5.0,scaleout_tier_4,h_ema21,train
2023-07-18 18:00:00+00:00,32.755,32.724296136034255,32.93922318379449,2023-07-19 13:30:00+00:00,32.92422318379449,6.0,scaleout_tier_5,h_ema21,train
2023-07-18 18:00:00+00:00,32.755,32.724296136034255,32.96992704776024,2023-07-19 13:30:00+00:00,32.954927047760236,7.0,scaleout_tier_6,h_ema21,train
2023-07-18 18:00:00+00:00,32.755,32.724296136034255,33.000630911725985,2023-07-19 13:30:00+00:00,32.985630911725984,8.0,scaleout_tier_7,h_ema21,train
2023-07-18 18:00:00+00:00,32.755,32.724296136034255,33.03133477569173,2023-07-19 13:30:00+00:00,33.01633477569173,9.0,scaleout_tier_8,h_ema21,train
2023-07-19 16:45:00+00:00,33.012100000000004,32.96453318761049,33.10723362477903,2023-07-20 14:15:00+00:00,33.115,2.163272980274097,trail_exit,h_ema21,train
2023-07-20 15:00:00+00:00,33.175,33.12582178740541,33.27335642518918,2023-07-20 15:45:00+00:00,33.110821787405406,-1.3050131187901406,stop_hit,h_ema21,train
2023-07-21 14:15:00+00:00,33.225,33.18265842328998,33.309683153420046,2023-07-21 14:30:00+00:00,33.16765842328998,-1.3542617248934432,stop_hit,h_ema21,train
2023-07-21 15:15:00+00:00,33.215,33.173386230414025,33.29822753917196,2023-07-24 13:30:00+00:00,33.158386230414024,-1.3604576117289455,stop_hit,h_ema21,train
2023-07-24 14:45:00+00:00,33.185,33.13726587658576,33.28046824682849,2023-07-24 16:45:00+00:00,33.26546824682849,2.0,scaleout_tier_1,h_ema21,train
2023-07-24 14:45:00+00:00,33.185,33.13726587658576,33.28046824682849,2023-07-24 19:15:00+00:00,33.195,0.20949373916886288,trail_exit,h_ema21,train
2023-07-25 14:15:00+00:00,33.355000000000004,33.319874731159544,33.425250537680924,2023-07-25 19:00:00+00:00,33.41025053768092,2.0,scaleout_tier_1,h_ema21,train
2023-07-25 14:15:00+00:00,33.355000000000004,33.319874731159544,33.425250537680924,2023-07-26 13:30:00+00:00,33.34,-0.42704299483460245,stop_hit,h_ema21,train
2023-07-26 14:45:00+00:00,33.415,33.37686412587065,33.491271748258704,2023-07-26 15:15:00+00:00,33.476271748258704,2.0,scaleout_tier_1,h_ema21,train
2023-07-26 14:45:00+00:00,33.415,33.37686412587065,33.52940762238806,2023-07-26 15:45:00+00:00,33.514407622388056,3.0,scaleout_tier_2,h_ema21,train
2023-07-26 14:45:00+00:00,33.415,33.37686412587065,33.491271748258704,2023-07-26 17:45:00+00:00,33.455,1.048881162768782,trail_exit,h_ema21,train
2023-07-26 18:15:00+00:00,33.505,33.47199229862663,33.571015402746745,2023-07-26 18:30:00+00:00,33.45699229862663,-1.4544393997729772,stop_hit,h_ema21,train
2023-07-27 14:00:00+00:00,33.425,33.361732482843976,33.55153503431204,2023-07-27 14:15:00+00:00,33.346732482843976,-1.2370884882839612,stop_hit,h_ema21,train
2023-07-27 15:15:00+00:00,33.375,33.315874635852225,33.49325072829555,2023-07-27 17:00:00+00:00,33.300874635852225,-1.253698226069447,stop_hit,h_ema50,train
2023-07-28 13:45:00+00:00,33.325,33.25417780714469,33.46664438571062,2023-07-28 17:00:00+00:00,33.3,-0.35299669485073326,trail_exit,ema21,train
2023-07-31 16:45:00+00:00,33.375,33.334266830301985,33.45646633939603,2023-07-31 17:00:00+00:00,33.319266830301984,-1.368250251851417,stop_hit,h_ema21,train
2023-08-01 16:30:00+00:00,32.96,32.91797904141547,33.04404191716906,2023-08-02 13:30:00+00:00,32.90297904141547,-1.356964726776196,stop_hit,ema21,train
2023-08-02 15:15:00+00:00,32.33,32.26323345205391,32.463533095892174,2023-08-03 13:30:00+00:00,32.24823345205391,-1.2246634049750877,stop_hit,ema100,train
2023-08-03 14:45:00+00:00,32.29,32.225526493969234,32.41894701206153,2023-08-03 15:00:00+00:00,32.21052649396923,-1.2326537041873125,stop_hit,ema100,train
2023-08-03 18:30:00+00:00,32.375,32.32985709947983,32.46528580104034,2023-08-03 19:00:00+00:00,32.31485709947983,-1.3322781617299688,stop_hit,ema100,train
2023-08-04 16:30:00+00:00,32.665,32.60946224223866,32.77607551552267,2023-08-04 17:45:00+00:00,32.59446224223866,-1.2700865249990934,stop_hit,ema50,train
2023-08-07 13:45:00+00:00,32.525,32.458619154859825,32.657761690280346,2023-08-07 14:00:00+00:00,32.443619154859825,-1.2259688012155574,stop_hit,ema50,train
2023-08-07 15:45:00+00:00,32.59,32.52945227660871,32.71109544678259,2023-08-08 13:30:00+00:00,32.51445227660871,-1.2477384641378133,stop_hit,ema50,train
2023-08-08 16:15:00+00:00,32.365,32.309739938051536,32.475520123896935,2023-08-08 19:15:00+00:00,32.460520123896934,2.0,scaleout_tier_1,ema100,train
2023-08-08 16:15:00+00:00,32.365,32.309739938051536,32.5307801858454,2023-08-09 13:30:00+00:00,32.5157801858454,3.0,scaleout_tier_2,ema100,train
2023-08-08 16:15:00+00:00,32.365,32.309739938051536,32.58604024779387,2023-08-09 13:30:00+00:00,32.57104024779387,4.0,scaleout_tier_3,ema100,train
2023-08-08 16:15:00+00:00,32.365,32.309739938051536,32.641300309742334,2023-08-09 13:30:00+00:00,32.626300309742334,5.0,scaleout_tier_4,ema100,train
2023-08-09 16:15:00+00:00,32.645,32.592749283303405,32.95850430017959,2023-08-10 13:45:00+00:00,32.94350430017959,6.0,scaleout_tier_5,ema21,train
2023-08-09 16:15:00+00:00,32.645,32.592749283303405,33.01075501687619,2023-08-10 14:00:00+00:00,32.99575501687619,7.0,scaleout_tier_6,ema21,train
2023-08-09 16:15:00+00:00,32.645,32.592749283303405,32.7495014333932,2023-08-10 15:45:00+00:00,32.865,4.210468562134057,trail_exit,ema21,train
2023-08-10 16:45:00+00:00,32.89,32.830208977795415,33.00958204440917,2023-08-10 17:00:00+00:00,32.815208977795415,-1.2508737841724038,stop_hit,ema21,train
2023-08-10 18:15:00+00:00,32.72,32.65451184864562,32.85097630270876,2023-08-10 19:30:00+00:00,32.63951184864562,-1.2290490674997097,stop_hit,ema21,train
2023-08-11 14:45:00+00:00,32.575,32.494222172566566,32.736555654866876,2023-08-11 15:00:00+00:00,32.479222172566566,-1.185694521338309,stop_hit,ema21,train
2023-08-11 16:00:00+00:00,32.4607,32.387232970300246,32.607634059399516,2023-08-14 13:30:00+00:00,32.372232970300246,-1.2041732197599695,stop_hit,ema21,train
2023-08-14 14:00:00+00:00,32.145,32.07085007920722,32.29329984158557,2023-08-14 15:15:00+00:00,32.27829984158557,2.0,scaleout_tier_1,ema100,train
2023-08-14 14:00:00+00:00,32.145,32.07085007920722,32.36744976237836,2023-08-14 19:45:00+00:00,32.352449762378356,3.0,scaleout_tier_2,ema100,train
2023-08-14 14:00:00+00:00,32.145,32.07085007920722,32.29329984158557,2023-08-15 13:30:00+00:00,32.13,-0.2022928661234688,stop_hit,ema100,train
2023-09-15 16:45:00+00:00,32.605000000000004,32.55584397167267,32.70331205665467,2023-09-15 17:00:00+00:00,32.54084397167267,-1.3051507721517916,stop_hit,h_ema21,train
2023-09-15 17:45:00+00:00,32.565,32.51715338075133,32.66069323849733,2023-09-15 18:15:00+00:00,32.50215338075133,-1.3135017736998973,stop_hit,ema50,train
2023-09-15 18:45:00+00:00,32.55,32.50734526258951,32.63530947482097,2023-09-15 19:30:00+00:00,32.49234526258951,-1.3516608215319283,stop_hit,ema50,train
2023-09-18 15:30:00+00:00,32.3277,32.277231104808706,32.42863779038259,2023-09-18 18:45:00+00:00,32.2767,-1.0105234086598276,trail_exit,ema21,train
2023-09-19 15:30:00+00:00,32.35,32.311452909221316,32.42709418155737,2023-09-19 16:00:00+00:00,32.296452909221316,-1.3891344248550874,stop_hit,ema21,train
2023-09-19 17:00:00+00:00,32.32,32.28259431004854,32.394811379902926,2023-09-20 13:30:00+00:00,32.379811379902925,2.0,scaleout_tier_1,ema21,train
2023-09-19 17:00:00+00:00,32.32,32.28259431004854,32.43221706985439,2023-09-20 13:30:00+00:00,32.41721706985439,3.0,scaleout_tier_2,ema21,train
2023-09-19 17:00:00+00:00,32.32,32.28259431004854,32.46962275980585,2023-09-20 13:30:00+00:00,32.45462275980585,4.0,scaleout_tier_3,ema21,train
2023-09-19 17:00:00+00:00,32.32,32.28259431004854,32.507028449757314,2023-09-20 13:30:00+00:00,32.49202844975731,5.0,scaleout_tier_4,ema21,train
2023-09-19 17:00:00+00:00,32.32,32.28259431004854,32.54443413970878,2023-09-20 13:30:00+00:00,32.529434139708776,6.0,scaleout_tier_5,ema21,train
2023-09-19 17:00:00+00:00,32.32,32.28259431004854,32.58183982966024,2023-09-20 13:30:00+00:00,32.56683982966024,7.0,scaleout_tier_6,ema21,train
2023-09-19 17:00:00+00:00,32.32,32.28259431004854,32.6192455196117,2023-09-20 13:30:00+00:00,32.6042455196117,8.0,scaleout_tier_7,ema21,train
2023-09-19 17:00:00+00:00,32.32,32.28259431004854,32.656651209563165,2023-09-20 13:30:00+00:00,32.641651209563165,9.0,scaleout_tier_8,ema21,train
2023-09-21 17:15:00+00:00,32.235,32.18461096510999,32.33577806978002,2023-09-21 17:30:00+00:00,32.2151,-0.394927190874718,trail_exit,ema21,train
2023-10-12 14:15:00+00:00,32.106,32.053681132191684,32.210637735616636,2023-10-12 14:30:00+00:00,32.038681132191684,-1.2867034518972518,stop_hit,ema50,train
2023-10-12 16:00:00+00:00,32.005,31.953992486995872,32.10701502600826,2023-10-12 17:00:00+00:00,31.938992486995872,-1.2940743258505079,stop_hit,ema50,train
2023-10-12 19:15:00+00:00,31.845,31.79754928289785,31.939901434204295,2023-10-13 14:00:00+00:00,31.78254928289785,-1.3161174565119815,stop_hit,ema21,train
2023-10-18 17:15:00+00:00,31.646,31.57517547871657,31.787649042566862,2023-10-18 17:30:00+00:00,31.56017547871657,-1.2117910538353305,stop_hit,ema21,train
2023-10-18 18:00:00+00:00,31.625,31.55526367592577,31.764472648148462,2023-10-18 18:45:00+00:00,31.540263675925768,-1.2150959374347539,stop_hit,ema21,train
2023-11-21 16:45:00+00:00,32.215,32.177675273313724,32.28964945337256,2023-11-21 18:00:00+00:00,32.162675273313724,-1.4018783613897088,stop_hit,h_ema21,train
2023-11-21 18:45:00+00:00,32.18,32.14738424751069,32.24523150497861,2023-11-22 14:30:00+00:00,32.13238424751069,-1.4599004730894565,stop_hit,ema200,train
2023-11-22 16:15:00+00:00,31.97,31.921265634306646,32.067468731386704,2023-11-22 20:45:00+00:00,32.0524687313867,2.0,scaleout_tier_1,ema50,train
2023-11-22 16:15:00+00:00,31.97,31.921265634306646,32.11620309708006,2023-11-24 14:30:00+00:00,32.10120309708006,3.0,scaleout_tier_2,ema50,train
2023-11-22 16:15:00+00:00,31.97,31.921265634306646,32.16493746277341,2023-11-24 14:30:00+00:00,32.14993746277341,4.0,scaleout_tier_3,ema50,train
2023-11-22 16:15:00+00:00,31.97,31.921265634306646,32.21367182846676,2023-11-24 14:30:00+00:00,32.19867182846676,5.0,scaleout_tier_4,ema50,train
2023-11-22 16:15:00+00:00,31.97,31.921265634306646,32.262406194160114,2023-11-24 14:30:00+00:00,32.247406194160114,6.0,scaleout_tier_5,ema50,train
2023-11-22 16:15:00+00:00,31.97,31.921265634306646,32.31114055985347,2023-11-24 14:30:00+00:00,32.29614055985347,7.0,scaleout_tier_6,ema50,train
2023-11-27 17:00:00+00:00,32.345,32.30355705143644,32.42788589712711,2023-11-27 17:15:00+00:00,32.28855705143644,-1.3619433587597343,stop_hit,h_ema21,train
2023-11-27 17:45:00+00:00,32.34,32.30140482580389,32.417190348392225,2023-11-27 18:00:00+00:00,32.28640482580389,-1.388649625566714,stop_hit,h_ema21,train
2023-11-28 15:00:00+00:00,32.4,32.37045251445618,32.45909497108763,2023-11-28 15:15:00+00:00,32.35545251445618,-1.50765741056907,stop_hit,h_ema21,train
2023-11-29 15:45:00+00:00,32.365,32.32290962982354,32.44918074035292,2023-11-29 16:15:00+00:00,32.30790962982354,-1.3563760531711746,stop_hit,h_ema21,train
2023-11-29 16:45:00+00:00,32.345,32.30250450690832,32.429990986183356,2023-11-29 18:15:00+00:00,32.414990986183355,2.0,scaleout_tier_1,h_ema21,train
2023-11-29 16:45:00+00:00,32.345,32.30250450690832,32.472486479275034,2023-11-29 19:00:00+00:00,32.45748647927503,3.0,scaleout_tier_2,h_ema21,train
2023-11-29 16:45:00+00:00,32.345,32.30250450690832,32.429990986183356,2023-11-29 20:15:00+00:00,32.339999999999996,-0.11765953601751905,trail_exit,h_ema21,train
2023-11-30 15:45:00+00:00,32.455,32.40911143555351,32.54677712889297,2023-11-30 16:15:00+00:00,32.39411143555351,-1.3268788244071845,stop_hit,h_ema21,train
2023-11-30 18:15:00+00:00,32.3949,32.34970485419266,32.48529029161468,2023-11-30 18:45:00+00:00,32.33470485419266,-1.3318940503907866,stop_hit,h_ema21,train
2023-12-04 17:00:00+00:00,32.65,32.5972833930316,32.75543321393679,2023-12-04 18:15:00+00:00,32.5822833930316,-1.2845403159007038,stop_hit,h_ema50,train
2023-12-05 17:30:00+00:00,32.455,32.40384390993035,32.55731218013929,2023-12-05 17:45:00+00:00,32.38884390993035,-1.2932202203018013,stop_hit,h_ema21,train
2023-12-05 19:15:00+00:00,32.410000000000004,32.36566391951653,32.498672160966954,2023-12-05 19:30:00+00:00,32.35066391951653,-1.3383249000910502,stop_hit,h_ema200,train
2023-12-06 18:30:00+00:00,32.45,32.40871166487458,32.53257667025085,2023-12-06 19:15:00+00:00,32.39371166487458,-1.3632987369055887,stop_hit,h_ema21,train
2023-12-07 14:45:00+00:00,32.385,32.34573061851241,32.46353876297517,2023-12-07 15:00:00+00:00,32.33073061851241,-1.381976986440253,stop_hit,h_ema21,train
2023-12-07 15:30:00+00:00,32.410000000000004,32.36885028020109,32.492299439597836,2023-12-07 17:30:00+00:00,32.477299439597836,2.0,scaleout_tier_1,ema21,train
2023-12-07 15:30:00+00:00,32.410000000000004,32.36885028020109,32.53344915939675,2023-12-08 14:30:00+00:00,32.51844915939675,3.0,scaleout_tier_2,ema21,train
2023-12-07 15:30:00+00:00,32.410000000000004,32.36885028020109,32.57459887919567,2023-12-08 15:00:00+00:00,32.55959887919567,4.0,scaleout_tier_3,ema21,train
2023-12-07 15:30:00+00:00,32.410000000000004,32.36885028020109,32.615748598994585,2023-12-08 15:00:00+00:00,32.600748598994585,5.0,scaleout_tier_4,ema21,train
2023-12-07 15:30:00+00:00,32.410000000000004,32.36885028020109,32.492299439597836,2023-12-08 16:00:00+00:00,32.5,2.1871351843899163,trail_exit,ema21,train
2023-12-08 17:30:00+00:00,32.5156,32.46755878412133,32.61168243175734,2023-12-12 14:30:00+00:00,32.45255878412133,-1.3122318976664522,stop_hit,h_ema21,train
2023-12-12 15:15:00+00:00,32.515,32.47970656261883,32.58558687476234,2023-12-12 17:00:00+00:00,32.46470656261883,-1.4250081916929747,stop_hit,h_ema21,train
2023-12-12 18:15:00+00:00,32.5251,32.48717709015871,32.600945819682586,2023-12-13 14:45:00+00:00,32.5,-0.661869041828429,trail_exit,h_ema21,train
2023-12-13 16:45:00+00:00,32.525,32.488340255147314,32.59831948970537,2023-12-13 17:15:00+00:00,32.47334025514731,-1.4091681505225233,stop_hit,h_ema21,train
2023-12-13 19:00:00+00:00,32.475,32.4453093867598,32.5343812264804,2023-12-13 19:15:00+00:00,32.5193812264804,2.0,scaleout_tier_1,ema21,train
2023-12-13 19:00:00+00:00,32.475,32.4453093867598,32.5640718397206,2023-12-13 19:15:00+00:00,32.5490718397206,3.0,scaleout_tier_2,ema21,train
2023-12-13 19:00:00+00:00,32.475,32.4453093867598,32.593762452960796,2023-12-13 19:15:00+00:00,32.578762452960795,4.0,scaleout_tier_3,ema21,train
2023-12-13 19:00:00+00:00,32.475,32.4453093867598,32.623453066200994,2023-12-13 19:15:00+00:00,32.608453066200994,5.0,scaleout_tier_4,ema21,train
2023-12-13 19:00:00+00:00,32.475,32.4453093867598,32.65314367944119,2023-12-13 19:15:00+00:00,32.63814367944119,6.0,scaleout_tier_5,ema21,train
2023-12-13 19:00:00+00:00,32.475,32.4453093867598,32.68283429268139,2023-12-13 19:15:00+00:00,32.66783429268139,7.0,scaleout_tier_6,ema21,train
2023-12-13 19:00:00+00:00,32.475,32.4453093867598,32.71252490592159,2023-12-13 19:15:00+00:00,32.69752490592159,8.0,scaleout_tier_7,ema21,train
2023-12-18 14:45:00+00:00,33.105000000000004,33.04207721580721,33.23084556838559,2023-12-18 15:00:00+00:00,33.02707721580721,-1.238387417092689,stop_hit,h_ema50,train
2023-12-18 16:00:00+00:00,33.055,32.99319118724472,33.17861762551056,2023-12-19 14:30:00+00:00,33.16361762551056,2.0,scaleout_tier_1,h_ema21,train
2023-12-18 16:00:00+00:00,33.055,32.99319118724472,33.24042643826584,2023-12-19 14:30:00+00:00,33.22542643826584,3.0,scaleout_tier_2,h_ema21,train
2023-12-18 16:00:00+00:00,33.055,32.99319118724472,33.30223525102112,2023-12-19 14:30:00+00:00,33.28723525102112,4.0,scaleout_tier_3,h_ema21,train
2023-12-20 16:00:00+00:00,32.81,32.73827771388635,32.95344457222731,2023-12-20 16:15:00+00:00,32.839999999999996,0.4182800301771542,trail_exit,ema21,train
2023-12-21 14:45:00+00:00,32.7949,32.71484035021921,32.95501929956157,2023-12-21 15:00:00+00:00,32.69984035021921,-1.1873602999897275,stop_hit,ema21,train
2023-12-21 17:45:00+00:00,32.675,32.61499449514245,32.7950110097151,2023-12-21 18:15:00+00:00,32.59999449514245,-1.2499770651977653,stop_hit,ema21,train
2023-12-21 19:00:00+00:00,32.7,32.646477228024274,32.80704554395146,2023-12-21 20:45:00+00:00,32.79204554395146,2.0,scaleout_tier_1,ema21,train
2023-12-21 19:00:00+00:00,32.7,32.646477228024274,32.86056831592719,2023-12-22 14:30:00+00:00,32.84556831592719,3.0,scaleout_tier_2,ema21,train
2023-12-21 19:00:00+00:00,32.7,32.646477228024274,32.91409108790292,2023-12-22 14:30:00+00:00,32.89909108790292,4.0,scaleout_tier_3,ema21,train
2023-12-21 19:00:00+00:00,32.7,32.646477228024274,32.96761385987865,2023-12-22 14:30:00+00:00,32.952613859878646,5.0,scaleout_tier_4,ema21,train
2023-12-21 19:00:00+00:00,32.7,32.646477228024274,33.021136631854375,2023-12-22 14:30:00+00:00,33.006136631854375,6.0,scaleout_tier_5,ema21,train
2023-12-22 17:00:00+00:00,32.99,32.935555085538894,33.09888982892222,2023-12-22 17:15:00+00:00,32.9295,-1.111214896723222,trail_exit,h_ema200,train
2024-01-09 17:00:00+00:00,32.885,32.84072338002193,32.97355323995614,2024-01-09 17:15:00+00:00,32.82572338002193,-1.3387792475448619,stop_hit,ema21,train
2024-01-09 19:00:00+00:00,32.83,32.79153144268014,32.90693711463972,2024-01-09 19:15:00+00:00,32.77653144268014,-1.3899288417623283,stop_hit,ema21,train
2024-01-10 14:45:00+00:00,32.835,32.80013349945405,32.904733001091905,2024-01-10 15:00:00+00:00,32.78513349945405,-1.4302123747759348,stop_hit,ema21,train
2024-01-10 15:45:00+00:00,32.83,32.79583142643448,32.89833714713103,2024-01-10 16:15:00+00:00,32.78083142643448,-1.4389998889253885,stop_hit,ema21,train
2024-01-10 17:00:00+00:00,32.79,32.75799482305575,32.85401035388849,2024-01-11 14:30:00+00:00,32.74299482305575,-1.4686741781222188,stop_hit,ema21,train
2024-01-11 18:15:00+00:00,32.56,32.50504388514885,32.669912229702305,2024-01-12 14:30:00+00:00,32.654912229702305,2.0,scaleout_tier_1,ema21,train
2024-01-11 18:15:00+00:00,32.56,32.50504388514885,32.72486834455346,2024-01-12 14:30:00+00:00,32.709868344553456,3.0,scaleout_tier_2,ema21,train
2024-01-11 18:15:00+00:00,32.56,32.50504388514885,32.77982445940461,2024-01-12 14:30:00+00:00,32.76482445940461,4.0,scaleout_tier_3,ema21,train
2024-01-11 18:15:00+00:00,32.56,32.50504388514885,32.83478057425576,2024-01-12 14:30:00+00:00,32.81978057425576,5.0,scaleout_tier_4,ema21,train
2024-01-11 18:15:00+00:00,32.56,32.50504388514885,32.88973668910691,2024-01-12 14:30:00+00:00,32.87473668910691,6.0,scaleout_tier_5,ema21,train
2024-01-12 16:30:00+00:00,32.79,32.72584001766214,32.918319964675725,2024-01-12 16:45:00+00:00,32.710840017662136,-1.2337905880492837,stop_hit,ema21,train
2024-01-12 19:00:00+00:00,32.778,32.73109765832138,32.87180468335723,2024-01-12 20:15:00+00:00,32.71609765832138,-1.3198134562829105,stop_hit,ema21,train
2024-01-26 15:45:00+00:00,32.675,32.60857570877993,32.80784858244013,2024-01-26 16:00:00+00:00,32.59357570877993,-1.225821001993156,stop_hit,ema21,train
2024-01-29 18:30:00+00:00,32.555,32.52510121016259,32.61479757967482,2024-01-29 20:00:00+00:00,32.59979757967482,2.0,scaleout_tier_1,ema21,train
2024-01-29 18:30:00+00:00,32.555,32.52510121016259,32.64469636951223,2024-01-29 20:15:00+00:00,32.62969636951223,3.0,scaleout_tier_2,ema21,train
2024-01-29 18:30:00+00:00,32.555,32.52510121016259,32.67459515934964,2024-01-29 20:15:00+00:00,32.65959515934964,4.0,scaleout_tier_3,ema21,train
2024-01-29 18:30:00+00:00,32.555,32.52510121016259,32.704493949187054,2024-01-30 14:45:00+00:00,32.68949394918705,5.0,scaleout_tier_4,ema21,train
2024-01-29 18:30:00+00:00,32.555,32.52510121016259,32.61479757967482,2024-01-30 15:00:00+00:00,32.61,1.8395393358423189,trail_exit,ema21,train
2024-01-31 17:45:00+00:00,32.6525,32.61027720870216,32.736945582595695,2024-01-31 19:00:00+00:00,32.59527720870216,-1.3552583696844769,stop_hit,ema21,train
2024-02-01 14:45:00+00:00,32.595,32.517617718116085,32.749764563767826,2024-02-01 15:00:00+00:00,32.502617718116085,-1.1938428233804617,stop_hit,ema21,train
2024-02-02 18:45:00+00:00,32.43,32.37564364209798,32.538712715804046,2024-02-05 14:30:00+00:00,32.360643642097976,-1.2759566788311678,stop_hit,ema21,train
2024-02-05 17:45:00+00:00,32.21,32.15914769348006,32.311704613039886,2024-02-06 14:30:00+00:00,32.296704613039886,2.0,scaleout_tier_1,ema100,train
2024-02-05 17:45:00+00:00,32.21,32.15914769348006,32.36255691955983,2024-02-06 14:30:00+00:00,32.34755691955983,3.0,scaleout_tier_2,ema100,train
2024-02-05 17:45:00+00:00,32.21,32.15914769348006,32.41340922607977,2024-02-06 14:30:00+00:00,32.39840922607977,4.0,scaleout_tier_3,ema100,train
2024-02-05 17:45:00+00:00,32.21,32.15914769348006,32.464261532599714,2024-02-06 15:15:00+00:00,32.449261532599714,5.0,scaleout_tier_4,ema100,train
2024-02-06 16:30:00+00:00,32.575,32.52427774723289,32.676444505534235,2024-02-07 14:30:00+00:00,32.509277747232886,-1.2957281899301853,stop_hit,ema21,train
2024-02-07 15:30:00+00:00,32.515,32.465230580383164,32.614538839233674,2024-02-07 15:45:00+00:00,32.45023058038316,-1.3013898919352906,stop_hit,ema21,train
2024-02-07 17:00:00+00:00,32.4447,32.39773114293745,32.53863771412509,2024-02-08 14:30:00+00:00,32.38273114293745,-1.3193605494812477,stop_hit,ema21,train
2024-02-08 15:30:00+00:00,32.295,32.25049864530577,32.38400270938847,2024-02-08 15:45:00+00:00,32.23549864530577,-1.3370683904583311,stop_hit,ema21,train
2024-02-08 16:15:00+00:00,32.241,32.19455791681369,32.33388416637261,2024-02-08 16:30:00+00:00,32.17955791681369,-1.3229829277861356,stop_hit,ema21,train
2024-02-08 18:15:00+00:00,32.3,32.257393923209364,32.385212153581264,2024-02-09 14:30:00+00:00,32.24239392320936,-1.3520624551683234,stop_hit,ema21,train
2024-02-09 18:00:00+00:00,32.205,32.16516444269645,32.28467111460709,2024-02-12 14:30:00+00:00,32.15016444269645,-1.3765480142702764,stop_hit,ema100,train
2024-02-12 15:00:00+00:00,32.185,32.14419760017517,32.26660479964967,2024-02-12 15:15:00+00:00,32.12919760017517,-1.3676254353762543,stop_hit,ema50,train
2024-02-12 16:30:00+00:00,32.155,32.115819211556186,32.23336157688763,2024-02-12 19:45:00+00:00,32.135,-0.5104542505233896,trail_exit,ema100,train
2024-02-13 15:30:00+00:00,31.79,31.729858702970652,31.910282594058692,2024-02-13 15:45:00+00:00,31.714858702970652,-1.2494126455683379,stop_hit,ema100,train
2024-02-16 15:15:00+00:00,32.695,32.6410642208726,32.8028715582548,2024-02-16 20:00:00+00:00,32.69,-0.09270284180362383,trail_exit,ema21,train
2024-02-20 17:45:00+00:00,32.835,32.79133148444403,32.922337031111944,2024-03-07 14:30:00+00:00,32.90733703111194,2.0,scaleout_tier_1,h_ema21,train
2024-02-20 17:45:00+00:00,32.835,32.79133148444403,32.966005546667915,2024-03-07 14:30:00+00:00,32.951005546667915,3.0,scaleout_tier_2,h_ema21,train
2024-02-20 17:45:00+00:00,32.835,32.79133148444403,33.00967406222389,2024-03-07 14:30:00+00:00,32.994674062223886,4.0,scaleout_tier_3,h_ema21,train
2024-02-20 17:45:00+00:00,32.835,32.79133148444403,33.05334257777986,2024-03-07 14:30:00+00:00,33.03834257777986,5.0,scaleout_tier_4,h_ema21,train
2024-02-20 17:45:00+00:00,32.835,32.79133148444403,33.09701109333583,2024-03-07 14:30:00+00:00,33.08201109333583,6.0,scaleout_tier_5,h_ema21,train
2024-02-20 17:45:00+00:00,32.835,32.79133148444403,33.1406796088918,2024-03-07 14:30:00+00:00,33.1256796088918,7.0,scaleout_tier_6,h_ema21,train
2024-02-20 17:45:00+00:00,32.835,32.79133148444403,33.18434812444777,2024-03-07 14:30:00+00:00,33.16934812444777,8.0,scaleout_tier_7,h_ema21,train
2024-02-20 17:45:00+00:00,32.835,32.79133148444403,33.228016640003744,2024-03-07 14:30:00+00:00,33.213016640003744,9.0,scaleout_tier_8,h_ema21,train
2024-02-20 17:45:00+00:00,32.835,32.79133148444403,33.271685155559716,2024-03-07 14:30:00+00:00,33.256685155559715,10.0,scaleout_tier_9,h_ema21,train
2024-02-20 17:45:00+00:00,32.835,32.79133148444403,33.31535367111569,2024-03-07 14:30:00+00:00,33.30035367111569,11.0,scaleout_tier_10,h_ema21,train
2024-03-07 15:45:00+00:00,33.385,33.32366265685702,33.50767468628596,2024-03-08 16:15:00+00:00,33.375,-0.16303281961019192,trail_exit,h_ema21,train
2024-03-08 17:00:00+00:00,33.395,33.35226907351264,33.480461852974734,2024-03-08 17:45:00+00:00,33.33726907351264,-1.3510338116454286,stop_hit,h_ema21,train
2024-03-08 19:15:00+00:00,33.345,33.30916648259243,33.416667034815134,2024-03-11 13:30:00+00:00,33.29416648259243,-1.418602500820439,stop_hit,h_ema21,train
2024-03-11 16:00:00+00:00,33.255,33.21353966259263,33.33792067481475,2024-03-11 17:15:00+00:00,33.322920674814746,2.0,scaleout_tier_1,h_ema21,train
2024-03-11 16:00:00+00:00,33.255,33.21353966259263,33.37938101222212,2024-03-11 18:15:00+00:00,33.36438101222212,3.0,scaleout_tier_2,h_ema21,train
2024-03-11 16:00:00+00:00,33.255,33.21353966259263,33.42084134962949,2024-03-12 13:30:00+00:00,33.40584134962949,4.0,scaleout_tier_3,h_ema21,train
2024-03-11 16:00:00+00:00,33.255,33.21353966259263,33.46230168703686,2024-03-12 13:30:00+00:00,33.44730168703686,5.0,scaleout_tier_4,h_ema21,train
2024-03-11 16:00:00+00:00,33.255,33.21353966259263,33.503762024444235,2024-03-12 13:45:00+00:00,33.488762024444235,6.0,scaleout_tier_5,h_ema21,train
2024-03-11 16:00:00+00:00,33.255,33.21353966259263,33.54522236185161,2024-03-12 13:45:00+00:00,33.53022236185161,7.0,scaleout_tier_6,h_ema21,train
2024-03-11 16:00:00+00:00,33.255,33.21353966259263,33.58668269925898,2024-03-12 15:30:00+00:00,33.57168269925898,8.0,scaleout_tier_7,h_ema21,train
2024-03-11 16:00:00+00:00,33.255,33.21353966259263,33.62814303666635,2024-03-12 18:15:00+00:00,33.61314303666635,9.0,scaleout_tier_8,h_ema21,train
2024-03-11 16:00:00+00:00,33.255,33.21353966259263,33.66960337407372,2024-03-13 13:30:00+00:00,33.65460337407372,10.0,scaleout_tier_9,h_ema21,train
2024-03-11 16:00:00+00:00,33.255,33.21353966259263,33.711063711481096,2024-03-13 13:30:00+00:00,33.696063711481095,11.0,scaleout_tier_10,h_ema21,train
2024-03-11 16:00:00+00:00,33.255,33.21353966259263,33.75252404888847,2024-03-13 15:15:00+00:00,33.73752404888847,12.0,scaleout_tier_11,h_ema21,train
2024-03-11 16:00:00+00:00,33.255,33.21353966259263,33.79398438629584,2024-03-13 17:00:00+00:00,33.77898438629584,13.0,scaleout_tier_12,h_ema21,train
2024-03-11 16:00:00+00:00,33.255,33.21353966259263,33.33792067481475,2024-03-13 19:15:00+00:00,33.705,10.853746692374504,trail_exit,h_ema21,train
2024-03-14 18:00:00+00:00,33.485,33.438778202946764,33.57744359410647,2024-03-14 18:45:00+00:00,33.423778202946764,-1.3245222158438499,stop_hit,h_ema21,train
2024-03-15 14:15:00+00:00,33.505,33.45621805761452,33.602563884770966,2024-03-15 14:30:00+00:00,33.44121805761452,-1.3074908309609425,stop_hit,h_ema21,train
2024-03-15 15:15:00+00:00,33.465,33.4205627588382,33.55387448232361,2024-03-15 15:30:00+00:00,33.4055627588382,-1.3375547087944448,stop_hit,h_ema21,train
2024-03-15 17:15:00+00:00,33.365,33.32105797390317,33.45288405219366,2024-03-18 14:30:00+00:00,33.30605797390317,-1.3413588614905263,stop_hit,h_ema21,train
2024-03-18 15:30:00+00:00,33.355000000000004,33.31561595021625,33.433768099567516,2024-03-18 16:30:00+00:00,33.30061595021625,-1.3808648445845553,stop_hit,h_ema21,train
2024-03-18 17:15:00+00:00,33.345,33.30911632045373,33.41676735909253,2024-03-18 17:30:00+00:00,33.29411632045373,-1.4180173323825496,stop_hit,h_ema21,train
2024-03-18 18:00:00+00:00,33.335,33.30024182071314,33.40451635857372,2024-03-19 13:30:00+00:00,33.28524182071314,-1.4315530993785612,stop_hit,h_ema21,train
2024-03-19 14:30:00+00:00,33.295,33.262006005561084,33.36098798887784,2024-03-19 16:15:00+00:00,33.34598798887784,2.0,scaleout_tier_1,h_ema21,train
2024-03-19 14:30:00+00:00,33.295,33.262006005561084,33.393981983316756,2024-03-19 16:30:00+00:00,33.378981983316756,3.0,scaleout_tier_2,h_ema21,train
2024-03-19 14:30:00+00:00,33.295,33.262006005561084,33.36098798887784,2024-03-20 13:30:00+00:00,33.325,0.9092563816587954,trail_exit,h_ema21,train
2024-03-20 16:45:00+00:00,33.425,33.394455959633326,33.48608808073334,2024-03-20 17:00:00+00:00,33.379455959633326,-1.4910941650132294,stop_hit,h_ema21,train
2024-03-20 18:00:00+00:00,33.425,33.397679950355766,33.47964009928846,2024-03-20 18:15:00+00:00,33.46464009928846,2.0,scaleout_tier_1,h_ema21,train
2024-03-20 18:00:00+00:00,33.425,33.397679950355766,33.50696014893269,2024-03-20 18:15:00+00:00,33.49196014893269,3.0,scaleout_tier_2,h_ema21,train
2024-03-20 18:00:00+00:00,33.425,33.397679950355766,33.53428019857692,2024-03-20 18:30:00+00:00,33.51928019857692,4.0,scaleout_tier_3,h_ema21,train
2024-03-20 18:00:00+00:00,33.425,33.397679950355766,33.561600248221154,2024-03-20 18:30:00+00:00,33.546600248221154,5.0,scaleout_tier_4,h_ema21,train
2024-03-20 18:00:00+00:00,33.425,33.397679950355766,33.588920297865386,2024-03-20 18:45:00+00:00,33.573920297865385,6.0,scaleout_tier_5,h_ema21,train
2024-03-20 18:00:00+00:00,33.425,33.397679950355766,33.61624034750962,2024-03-20 18:45:00+00:00,33.601240347509616,7.0,scaleout_tier_6,h_ema21,train
2024-03-20 18:00:00+00:00,33.425,33.397679950355766,33.64356039715385,2024-03-20 18:45:00+00:00,33.62856039715385,8.0,scaleout_tier_7,h_ema21,train
2024-03-22 17:30:00+00:00,33.965,33.932976157885655,34.0290476842287,2024-03-22 17:45:00+00:00,33.917976157885654,-1.4684010102985008,stop_hit,h_ema21,train
2024-03-25 15:00:00+00:00,34.065,34.03179816176695,34.13140367646609,2024-03-25 15:15:00+00:00,34.01679816176695,-1.4517822144278238,stop_hit,h_ema21,train
2024-03-25 17:30:00+00:00,33.985,33.95635052626634,34.042298947467316,2024-03-25 17:45:00+00:00,33.94135052626634,-1.5235698267775906,stop_hit,h_ema21,train
2024-03-26 13:45:00+00:00,34.005,33.97163290378093,34.07173419243815,2024-03-26 14:00:00+00:00,33.95663290378093,-1.4495446622480164,stop_hit,h_ema21,train
2024-03-26 16:00:00+00:00,33.985,33.949447916084154,34.05610416783169,2024-03-26 19:30:00+00:00,33.935,-1.406387319470512,trail_exit,h_ema21,train
2024-03-27 14:15:00+00:00,33.955,33.92101947412597,34.022961051748055,2024-03-27 17:15:00+00:00,34.007961051748055,2.0,scaleout_tier_1,h_ema21,train
2024-03-27 14:15:00+00:00,33.955,33.92101947412597,34.056941577622084,2024-03-27 19:30:00+00:00,34.04194157762208,3.0,scaleout_tier_2,h_ema21,train
2024-03-27 14:15:00+00:00,33.955,33.92101947412597,34.09092210349611,2024-03-28 13:30:00+00:00,34.07592210349611,4.0,scaleout_tier_3,h_ema21,train
2024-03-27 14:15:00+00:00,33.955,33.92101947412597,34.12490262937014,2024-03-28 13:30:00+00:00,34.10990262937014,5.0,scaleout_tier_4,h_ema21,train
2024-03-27 14:15:00+00:00,33.955,33.92101947412597,34.15888315524417,2024-03-28 13:30:00+00:00,34.14388315524417,6.0,scaleout_tier_5,h_ema21,train
2024-03-27 14:15:00+00:00,33.955,33.92101947412597,34.1928636811182,2024-03-28 14:45:00+00:00,34.1778636811182,7.0,scaleout_tier_6,h_ema21,train
2024-04-01 16:30:00+00:00,34.105000000000004,34.06441049021575,34.18617901956851,2024-04-01 18:45:00+00:00,34.075,-0.7391072264597464,trail_exit,h_ema50,train
2024-04-02 14:30:00+00:00,33.955,33.90242365501742,34.06015268996515,2024-04-02 14:45:00+00:00,33.88742365501742,-1.2852994061297265,stop_hit,h_ema21,train
2024-04-02 15:15:00+00:00,33.965,33.91212819609085,34.070743607818315,2024-04-02 15:30:00+00:00,33.89712819609085,-1.283705092146535,stop_hit,h_ema200,train
2024-04-02 16:30:00+00:00,34.005,33.953821527695226,34.107356944609556,2024-04-02 17:15:00+00:00,33.938821527695225,-1.2930919842755941,stop_hit,h_ema21,train
2024-04-02 18:00:00+00:00,33.975,33.930226309997465,34.064547380005074,2024-04-03 13:30:00+00:00,33.915226309997465,-1.3350181769505909,stop_hit,h_ema21,train
2024-04-03 14:00:00+00:00,33.935,33.88954515105728,34.02590969788545,2024-04-03 14:45:00+00:00,34.01090969788545,2.0,scaleout_tier_1,h_ema21,train
2024-04-03 14:00:00+00:00,33.935,33.88954515105728,34.07136454682818,2024-04-03 15:00:00+00:00,34.05636454682818,3.0,scaleout_tier_2,h_ema21,train
2024-04-03 14:00:00+00:00,33.935,33.88954515105728,34.116819395770904,2024-04-03 16:15:00+00:00,34.1018193957709,4.0,scaleout_tier_3,h_ema21,train
2024-04-03 14:00:00+00:00,33.935,33.88954515105728,34.16227424471363,2024-04-03 17:15:00+00:00,34.14727424471363,5.0,scaleout_tier_4,h_ema21,train
2024-04-03 14:00:00+00:00,33.935,33.88954515105728,34.207729093656354,2024-04-03 18:00:00+00:00,34.192729093656354,6.0,scaleout_tier_5,h_ema21,train
2024-04-03 14:00:00+00:00,33.935,33.88954515105728,34.25318394259908,2024-04-04 13:30:00+00:00,34.23818394259908,7.0,scaleout_tier_6,h_ema21,train
2024-04-03 14:00:00+00:00,33.935,33.88954515105728,34.298638791541805,2024-04-04 13:30:00+00:00,34.283638791541804,8.0,scaleout_tier_7,h_ema21,train
2024-04-03 14:00:00+00:00,33.935,33.88954515105728,34.34409364048453,2024-04-04 13:30:00+00:00,34.32909364048453,9.0,scaleout_tier_8,h_ema21,train
2024-04-03 14:00:00+00:00,33.935,33.88954515105728,34.389548489427256,2024-04-04 13:30:00+00:00,34.374548489427255,10.0,scaleout_tier_9,h_ema21,train
2024-04-03 14:00:00+00:00,33.935,33.88954515105728,34.43500333836998,2024-04-04 13:30:00+00:00,34.42000333836998,11.0,scaleout_tier_10,h_ema21,train
2024-04-05 14:45:00+00:00,34.005,33.946672605749825,34.12165478850036,2024-04-05 15:00:00+00:00,34.025,0.3428920536757068,trail_exit,h_ema200,train
2024-04-05 15:45:00+00:00,34.105000000000004,34.04885623940079,34.21728752119843,2024-04-08 13:30:00+00:00,34.20228752119843,2.0,scaleout_tier_1,h_ema21,train
2024-04-05 15:45:00+00:00,34.105000000000004,34.04885623940079,34.27343128179764,2024-04-08 13:30:00+00:00,34.25843128179764,3.0,scaleout_tier_2,h_ema21,train
2024-04-05 15:45:00+00:00,34.105000000000004,34.04885623940079,34.21728752119843,2024-04-08 14:00:00+00:00,34.155,0.8905709105759195,trail_exit,h_ema21,train
2024-04-08 17:30:00+00:00,34.315,34.27288384632133,34.39923230735734,2024-04-08 19:45:00+00:00,34.25788384632133,-1.3561578798112677,stop_hit,h_ema21,train
2024-04-10 14:15:00+00:00,34.025,33.95171856572304,34.17156286855391,2024-04-10 16:00:00+00:00,33.955,-0.9552214785459139,trail_exit,ema21,train
2024-04-10 17:00:00+00:00,34.025,33.965226761538396,34.1445464769232,2024-04-10 17:15:00+00:00,33.950226761538396,-1.2509484241787636,stop_hit,ema21,train
2024-04-10 18:00:00+00:00,34.055,33.98053822720476,34.20392354559048,2024-04-10 18:45:00+00:00,33.96553822720476,-1.2014456470335297,stop_hit,ema21,train
2024-04-11 15:45:00+00:00,33.865,33.79138103686405,34.0122379262719,2024-04-11 17:30:00+00:00,33.9972379262719,2.0,scaleout_tier_1,ema21,train
2024-04-11 15:45:00+00:00,33.865,33.79138103686405,34.08585688940785,2024-04-11 18:15:00+00:00,34.07085688940785,3.0,scaleout_tier_2,ema21,train
2024-04-11 15:45:00+00:00,33.865,33.79138103686405,34.1594758525438,2024-04-12 13:30:00+00:00,34.1444758525438,4.0,scaleout_tier_3,ema21,train
2024-04-11 15:45:00+00:00,33.865,33.79138103686405,34.0122379262719,2024-04-12 14:30:00+00:00,33.995,1.765849374432635,trail_exit,ema21,train
2024-04-12 15:30:00+00:00,34.025,33.95954817584817,34.155903648303656,2024-04-12 16:15:00+00:00,33.94454817584817,-1.2291761947719744,stop_hit,ema21,train
2024-04-15 13:45:00+00:00,34.105000000000004,34.02783755405391,34.25932489189219,2024-04-15 14:00:00+00:00,34.01283755405391,-1.1943950819091411,stop_hit,ema21,train
2024-04-15 16:00:00+00:00,33.915,33.845033820551436,34.054932358897126,2024-04-15 16:15:00+00:00,33.830033820551435,-1.2143892966319247,stop_hit,ema21,train
2024-04-15 18:00:00+00:00,33.685,33.62186528977947,33.811269420441064,2024-04-15 18:15:00+00:00,33.60686528977947,-1.2375872154573166,stop_hit,ema21,train
2024-04-15 18:45:00+00:00,33.655,33.592537551620076,33.77992489675985,2024-04-15 19:00:00+00:00,33.577537551620075,-1.240144284911211,stop_hit,ema21,train
2024-04-16 15:45:00+00:00,33.225,33.14927580130656,33.37644839738689,2024-04-16 17:30:00+00:00,33.13427580130656,-1.1980872727452103,stop_hit,ema50,train
2024-04-16 18:15:00+00:00,33.295,33.21882892623401,33.447342147531984,2024-04-16 18:30:00+00:00,33.20382892623401,-1.196925148332329,stop_hit,ema50,train
2024-04-17 18:45:00+00:00,33.555,33.48802989935194,33.68894020129611,2024-04-17 19:00:00+00:00,33.47302989935194,-1.2239805503478196,stop_hit,ema50,train
2024-04-18 15:15:00+00:00,33.515,33.44911827876537,33.646763442469265,2024-04-18 15:45:00+00:00,33.43411827876537,-1.2276807545233883,stop_hit,ema50,train
2024-04-18 18:00:00+00:00,33.365,33.30623084003244,33.482538319935124,2024-04-18 18:30:00+00:00,33.29123084003244,-1.255235909587277,stop_hit,ema50,train
2024-04-19 13:45:00+00:00,33.425,33.36756599150549,33.53986801698902,2024-04-19 16:15:00+00:00,33.355,-1.2187900833474068,trail_exit,ema50,train
2024-04-19 16:45:00+00:00,33.425,33.37087594720825,33.533248105583496,2024-05-06 13:30:00+00:00,33.518248105583496,2.0,scaleout_tier_1,ema50,train
2024-04-19 16:45:00+00:00,33.425,33.37087594720825,33.587372158375246,2024-05-06 13:30:00+00:00,33.572372158375245,3.0,scaleout_tier_2,ema50,train
2024-04-19 16:45:00+00:00,33.425,33.37087594720825,33.641496211166995,2024-05-06 13:30:00+00:00,33.626496211166994,4.0,scaleout_tier_3,ema50,train
2024-04-19 16:45:00+00:00,33.425,33.37087594720825,33.695620263958745,2024-05-06 13:30:00+00:00,33.680620263958744,5.0,scaleout_tier_4,ema50,train
2024-04-19 16:45:00+00:00,33.425,33.37087594720825,33.749744316750494,2024-05-06 13:30:00+00:00,33.73474431675049,6.0,scaleout_tier_5,ema50,train
2024-04-19 16:45:00+00:00,33.425,33.37087594720825,33.80386836954224,2024-05-06 13:30:00+00:00,33.78886836954224,7.0,scaleout_tier_6,ema50,train
2024-04-19 16:45:00+00:00,33.425,33.37087594720825,33.85799242233399,2024-05-06 13:30:00+00:00,33.84299242233399,8.0,scaleout_tier_7,ema50,train
2024-04-19 16:45:00+00:00,33.425,33.37087594720825,33.91211647512574,2024-05-06 13:30:00+00:00,33.89711647512574,9.0,scaleout_tier_8,ema50,train
2024-04-19 16:45:00+00:00,33.425,33.37087594720825,33.96624052791749,2024-05-06 13:30:00+00:00,33.95124052791749,10.0,scaleout_tier_9,ema50,train
2024-04-19 16:45:00+00:00,33.425,33.37087594720825,34.02036458070924,2024-05-06 13:30:00+00:00,34.00536458070924,11.0,scaleout_tier_10,ema50,train
2024-04-19 16:45:00+00:00,33.425,33.37087594720825,34.07448863350099,2024-05-06 13:30:00+00:00,34.05948863350099,12.0,scaleout_tier_11,ema50,train
2024-04-19 16:45:00+00:00,33.425,33.37087594720825,34.12861268629274,2024-05-06 13:30:00+00:00,34.11361268629274,13.0,scaleout_tier_12,ema50,train
2024-04-19 16:45:00+00:00,33.425,33.37087594720825,34.18273673908449,2024-05-06 13:30:00+00:00,34.16773673908449,14.0,scaleout_tier_13,ema50,train
2024-04-19 16:45:00+00:00,33.425,33.37087594720825,34.23686079187624,2024-05-06 13:30:00+00:00,34.22186079187624,15.0,scaleout_tier_14,ema50,train
2024-04-19 16:45:00+00:00,33.425,33.37087594720825,34.29098484466799,2024-05-06 13:30:00+00:00,34.27598484466799,16.0,scaleout_tier_15,ema50,train
2024-04-19 16:45:00+00:00,33.425,33.37087594720825,34.34510889745974,2024-05-06 13:30:00+00:00,34.33010889745974,17.0,scaleout_tier_16,ema50,train
2024-04-19 16:45:00+00:00,33.425,33.37087594720825,34.39923295025149,2024-05-06 13:30:00+00:00,34.38423295025149,18.0,scaleout_tier_17,ema50,train
2024-04-19 16:45:00+00:00,33.425,33.37087594720825,34.45335700304324,2024-05-06 13:30:00+00:00,34.43835700304324,19.0,scaleout_tier_18,ema50,train
2024-04-19 16:45:00+00:00,33.425,33.37087594720825,34.50748105583499,2024-05-06 13:30:00+00:00,34.492481055834986,20.0,scaleout_tier_19,ema50,train
2024-04-19 16:45:00+00:00,33.425,33.37087594720825,34.561605108626736,2024-05-06 13:30:00+00:00,34.546605108626736,21.0,scaleout_tier_20,ema50,train
2024-04-19 16:45:00+00:00,33.425,33.37087594720825,34.615729161418486,2024-05-06 13:30:00+00:00,34.600729161418485,22.0,scaleout_tier_21,ema50,train
2024-04-19 16:45:00+00:00,33.425,33.37087594720825,34.669853214210235,2024-05-06 13:30:00+00:00,34.654853214210235,23.0,scaleout_tier_22,ema50,train
2024-04-19 16:45:00+00:00,33.425,33.37087594720825,34.723977267001985,2024-05-06 13:30:00+00:00,34.708977267001984,24.0,scaleout_tier_23,ema50,train
2024-04-19 16:45:00+00:00,33.425,33.37087594720825,34.778101319793734,2024-05-06 13:30:00+00:00,34.76310131979373,25.0,scaleout_tier_24,ema50,train
2024-04-19 16:45:00+00:00,33.425,33.37087594720825,34.832225372585484,2024-05-06 13:30:00+00:00,34.81722537258548,26.0,scaleout_tier_25,ema50,train
2024-04-19 16:45:00+00:00,33.425,33.37087594720825,34.88634942537723,2024-05-06 13:30:00+00:00,34.87134942537723,27.0,scaleout_tier_26,ema50,train
2024-04-19 16:45:00+00:00,33.425,33.37087594720825,34.94047347816898,2024-05-06 13:30:00+00:00,34.92547347816898,28.0,scaleout_tier_27,ema50,train
2024-04-19 16:45:00+00:00,33.425,33.37087594720825,34.99459753096073,2024-05-06 13:30:00+00:00,34.97959753096073,29.0,scaleout_tier_28,ema50,train
2024-04-19 16:45:00+00:00,33.425,33.37087594720825,35.04872158375248,2024-05-06 13:30:00+00:00,35.03372158375248,30.0,scaleout_tier_29,ema50,train
2024-04-19 16:45:00+00:00,33.425,33.37087594720825,35.10284563654423,2024-05-06 13:30:00+00:00,35.08784563654423,31.0,scaleout_tier_30,ema50,train
2024-04-19 16:45:00+00:00,33.425,33.37087594720825,35.15696968933598,2024-05-06 13:30:00+00:00,35.14196968933598,32.0,scaleout_tier_31,ema50,train
2024-04-19 16:45:00+00:00,33.425,33.37087594720825,35.21109374212773,2024-05-06 13:30:00+00:00,35.19609374212773,33.0,scaleout_tier_32,ema50,train
2024-04-19 16:45:00+00:00,33.425,33.37087594720825,35.26521779491948,2024-05-06 13:30:00+00:00,35.25021779491948,34.0,scaleout_tier_33,ema50,train
2024-04-19 16:45:00+00:00,33.425,33.37087594720825,35.31934184771123,2024-05-06 13:30:00+00:00,35.30434184771123,35.0,scaleout_tier_34,ema50,train
2024-04-19 16:45:00+00:00,33.425,33.37087594720825,35.37346590050298,2024-05-06 13:30:00+00:00,35.35846590050298,36.0,scaleout_tier_35,ema50,train
2024-04-19 16:45:00+00:00,33.425,33.37087594720825,35.42758995329473,2024-05-06 13:30:00+00:00,35.41258995329473,37.0,scaleout_tier_36,ema50,train
2024-05-06 14:00:00+00:00,35.485,35.310911803650306,35.833176392699386,2024-05-07 17:45:00+00:00,35.615,0.7467479284975179,trail_exit,ema50,train
2024-05-08 18:45:00+00:00,35.755,35.72975785913006,35.805484281739886,2024-05-08 19:00:00+00:00,35.71475785913006,-1.594244366089503,stop_hit,h_ema21,train
2024-05-14 19:15:00+00:00,36.405,36.37804920417111,36.45890159165778,2024-05-15 13:30:00+00:00,36.44390159165778,2.0,scaleout_tier_1,h_ema21,train
2024-05-14 19:15:00+00:00,36.405,36.37804920417111,36.485852387486666,2024-05-15 13:30:00+00:00,36.470852387486666,3.0,scaleout_tier_2,h_ema21,train
2024-05-14 19:15:00+00:00,36.405,36.37804920417111,36.512803183315555,2024-05-15 13:30:00+00:00,36.497803183315554,4.0,scaleout_tier_3,h_ema21,train
2024-05-14 19:15:00+00:00,36.405,36.37804920417111,36.53975397914444,2024-05-15 13:30:00+00:00,36.52475397914444,5.0,scaleout_tier_4,h_ema21,train
2024-05-14 19:15:00+00:00,36.405,36.37804920417111,36.56670477497333,2024-05-15 13:30:00+00:00,36.55170477497333,6.0,scaleout_tier_5,h_ema21,train
2024-05-16 14:15:00+00:00,36.715,36.682010817801064,36.78097836439788,2024-05-16 14:30:00+00:00,36.667010817801064,-1.4546945089315644,stop_hit,h_ema21,train
2024-05-16 18:00:00+00:00,36.685,36.649777703343425,36.75544459331316,2024-05-16 18:15:00+00:00,36.634777703343424,-1.4258666079118207,stop_hit,h_ema21,train
2024-05-17 14:00:00+00:00,36.645,36.60475434941564,36.725491301168724,2024-05-17 16:45:00+00:00,36.71049130116872,2.0,scaleout_tier_1,h_ema21,train
2024-05-17 14:00:00+00:00,36.645,36.60475434941564,36.725491301168724,2024-05-20 16:00:00+00:00,36.685,0.9938962203171201,trail_exit,h_ema21,train
2024-05-21 13:45:00+00:00,36.675,36.64815529597865,36.7286894080427,2024-05-21 14:00:00+00:00,36.633155295978646,-1.5587694313213785,stop_hit,h_ema21,train
2024-05-21 15:15:00+00:00,36.775,36.74115911538605,36.8426817692279,2024-05-21 15:30:00+00:00,36.72615911538605,-1.4432508242948396,stop_hit,h_ema21,train
2024-05-21 17:30:00+00:00,36.725,36.69628382633208,36.78243234733585,2024-05-22 13:30:00+00:00,36.68128382633208,-1.5223537151384379,stop_hit,h_ema21,train
2024-05-22 15:00:00+00:00,36.485,36.4420889481091,36.57082210378179,2024-05-22 17:30:00+00:00,36.445,-0.9321607892927126,trail_exit,h_ema200,train
2024-05-23 14:15:00+00:00,36.445,36.38293765109385,36.569124697812306,2024-05-23 14:30:00+00:00,36.36793765109385,-1.2416924313110143,stop_hit,h_ema21,train
2024-05-23 15:15:00+00:00,36.405,36.34507697971917,36.52484604056167,2024-05-23 16:45:00+00:00,36.330076979719166,-1.2503211608777696,stop_hit,h_ema21,train
2024-05-24 13:45:00+00:00,36.315,36.25315619895561,36.43868760208878,2024-05-24 19:00:00+00:00,36.325,0.16169769372402293,trail_exit,h_ema50,train
2024-05-28 15:00:00+00:00,36.175,36.12724797192036,36.27050405615927,2024-05-28 17:45:00+00:00,36.11224797192036,-1.3141227839576832,stop_hit,h_ema21,train
2024-05-29 16:00:00+00:00,35.685,35.62362828348737,35.807743433025266,2024-05-29 18:45:00+00:00,35.60862828348737,-1.2444122610928312,stop_hit,ema21,train
2024-05-29 19:15:00+00:00,35.665,35.62132061982934,35.752358760341316,2024-05-29 19:45:00+00:00,35.60632061982934,-1.343411466495048,stop_hit,ema21,train
2024-05-30 13:45:00+00:00,35.905,35.84840127090134,36.01819745819732,2024-05-30 17:00:00+00:00,36.00319745819732,2.0,scaleout_tier_1,ema21,train
2024-05-30 13:45:00+00:00,35.905,35.84840127090134,36.01819745819732,2024-05-30 19:45:00+00:00,35.89,-0.2650236187079994,stop_hit,ema21,train
2024-05-31 15:45:00+00:00,36.155,36.10237109788849,36.260257804223016,2024-05-31 16:00:00+00:00,36.08737109788849,-1.285014495803452,stop_hit,h_ema200,train
2024-06-03 14:15:00+00:00,36.315,36.25355450800824,36.43789098398351,2024-06-03 14:30:00+00:00,36.23855450800824,-1.2441188037360553,stop_hit,h_ema21,train
2024-06-03 18:30:00+00:00,36.205,36.152747319787466,36.309505360425064,2024-06-04 13:30:00+00:00,36.137747319787465,-1.2870666143629288,stop_hit,h_ema21,train
2024-06-04 14:30:00+00:00,36.125,36.0677790953089,36.2394418093822,2024-06-04 14:45:00+00:00,36.0527790953089,-1.2621419581003874,stop_hit,ema21,train
2024-06-04 15:30:00+00:00,36.105000000000004,36.04668064715529,36.22163870568943,2024-06-04 15:45:00+00:00,36.03168064715529,-1.2572045001929495,stop_hit,ema21,train
2024-06-04 16:30:00+00:00,36.075,36.01871982932638,36.18756034134725,2024-06-05 13:30:00+00:00,36.17256034134725,2.0,scaleout_tier_1,ema21,train
2024-06-04 16:30:00+00:00,36.075,36.01871982932638,36.18756034134725,2024-06-05 14:00:00+00:00,36.06,-0.2665237120012938,stop_hit,ema21,train
2024-06-05 18:00:00+00:00,36.115,36.07406037396201,36.19687925207598,2024-06-05 18:45:00+00:00,36.18187925207598,2.0,scaleout_tier_1,h_ema21,train
2024-06-05 18:00:00+00:00,36.115,36.07406037396201,36.23781887811397,2024-06-06 13:30:00+00:00,36.22281887811397,3.0,scaleout_tier_2,h_ema21,train
2024-06-05 18:00:00+00:00,36.115,36.07406037396201,36.27875850415196,2024-06-06 13:30:00+00:00,36.26375850415196,4.0,scaleout_tier_3,h_ema21,train
2024-06-05 18:00:00+00:00,36.115,36.07406037396201,36.31969813018995,2024-06-06 13:45:00+00:00,36.30469813018995,5.0,scaleout_tier_4,h_ema21,train
2024-06-05 18:00:00+00:00,36.115,36.07406037396201,36.36063775622794,2024-06-06 15:15:00+00:00,36.34563775622794,6.0,scaleout_tier_5,h_ema21,train
2024-06-05 18:00:00+00:00,36.115,36.07406037396201,36.40157738226593,2024-06-06 17:30:00+00:00,36.386577382265926,7.0,scaleout_tier_6,h_ema21,train
2024-06-05 18:00:00+00:00,36.115,36.07406037396201,36.19687925207598,2024-06-07 13:30:00+00:00,36.1,-0.3663931855674879,stop_hit,h_ema21,train
2024-06-07 18:00:00+00:00,36.005,35.959387391714095,36.09622521657182,2024-06-07 18:15:00+00:00,35.944387391714095,-1.3288564404380945,stop_hit,ema21,train
2024-06-10 14:45:00+00:00,35.905,35.85846209985248,35.99807580029504,2024-06-10 15:00:00+00:00,35.84346209985248,-1.322317937690619,stop_hit,ema21,train
2024-06-10 15:30:00+00:00,35.955,35.908384195836696,36.0482316083266,2024-06-10 17:45:00+00:00,36.0332316083266,2.0,scaleout_tier_1,ema21,train
2024-06-10 15:30:00+00:00,35.955,35.908384195836696,36.0482316083266,2024-06-11 13:30:00+00:00,35.94,-0.3217792821390207,stop_hit,ema21,train
2024-06-11 14:45:00+00:00,34.935,34.82815127679979,35.14869744640043,2024-06-11 16:15:00+00:00,34.813151276799786,-1.1403853930186254,stop_hit,ema21,train
2024-06-12 18:30:00+00:00,35.505,35.44682029605812,35.621359407883766,2024-06-12 18:45:00+00:00,35.43182029605812,-1.25782186885971,stop_hit,ema50,train
2024-06-13 15:30:00+00:00,35.005,34.93365072098088,35.14769855803825,2024-06-14 13:30:00+00:00,34.91865072098088,-1.210233378756078,stop_hit,ema50,train
2024-06-14 15:00:00+00:00,34.755,34.68692628805478,34.89114742389045,2024-06-14 19:45:00+00:00,34.87614742389045,2.0,scaleout_tier_1,donchian_low,train
2024-06-14 15:00:00+00:00,34.755,34.68692628805478,34.89114742389045,2024-06-17 13:30:00+00:00,34.74,-0.22034937674722796,stop_hit,donchian_low,train
2024-06-17 15:00:00+00:00,34.775,34.721633118529745,34.881733762940506,2024-06-17 17:45:00+00:00,34.866733762940505,2.0,scaleout_tier_1,donchian_low,train
2024-06-17 15:00:00+00:00,34.775,34.721633118529745,34.93510064441076,2024-06-17 18:15:00+00:00,34.92010064441076,3.0,scaleout_tier_2,donchian_low,train
2024-06-17 15:00:00+00:00,34.775,34.721633118529745,34.98846752588101,2024-06-18 13:30:00+00:00,34.97346752588101,4.0,scaleout_tier_3,donchian_low,train
2024-06-17 15:00:00+00:00,34.775,34.721633118529745,35.04183440735127,2024-06-18 13:30:00+00:00,35.02683440735127,5.0,scaleout_tier_4,donchian_low,train
2024-06-17 15:00:00+00:00,34.775,34.721633118529745,34.881733762940506,2024-06-18 19:00:00+00:00,34.985,3.9350247609475413,trail_exit,donchian_low,train
2024-07-05 14:45:00+00:00,35.395,35.31558359060324,35.55383281879353,2024-07-08 13:30:00+00:00,35.53883281879353,2.0,scaleout_tier_1,ema21,train
2024-07-05 14:45:00+00:00,35.395,35.31558359060324,35.55383281879353,2024-07-08 14:30:00+00:00,35.485,1.133267050016792,trail_exit,ema21,train
2024-07-08 16:30:00+00:00,35.435,35.393891386104464,35.51721722779108,2024-07-08 18:30:00+00:00,35.37889138610446,-1.3648870292274333,stop_hit,ema21,train
2024-07-08 19:00:00+00:00,35.435,35.40204535466981,35.50090929066039,2024-07-08 19:30:00+00:00,35.38704535466981,-1.4551710343020319,stop_hit,ema21,train
2024-07-09 17:00:00+00:00,35.215,35.165503630267075,35.31399273946586,2024-07-09 18:00:00+00:00,35.150503630267075,-1.303052528517492,stop_hit,ema50,train
2024-07-15 18:00:00+00:00,35.695,35.65079410458987,35.78341179082026,2024-07-16 13:30:00+00:00,35.63579410458987,-1.339321257059376,stop_hit,ema21,train
2024-07-16 15:15:00+00:00,35.635,35.58404441909751,35.736911161804976,2024-07-16 17:45:00+00:00,35.721911161804975,2.0,scaleout_tier_1,ema21,train
2024-07-16 15:15:00+00:00,35.635,35.58404441909751,35.787866742707465,2024-07-16 19:45:00+00:00,35.772866742707464,3.0,scaleout_tier_2,ema21,train
2024-07-16 15:15:00+00:00,35.635,35.58404441909751,35.83882232360995,2024-07-17 13:30:00+00:00,35.82382232360995,4.0,scaleout_tier_3,ema21,train
2024-07-16 15:15:00+00:00,35.635,35.58404441909751,35.88977790451244,2024-07-17 13:30:00+00:00,35.87477790451244,5.0,scaleout_tier_4,ema21,train
2024-07-16 15:15:00+00:00,35.635,35.58404441909751,35.94073348541493,2024-07-17 13:45:00+00:00,35.92573348541493,6.0,scaleout_tier_5,ema21,train
2024-07-16 15:15:00+00:00,35.635,35.58404441909751,35.736911161804976,2024-07-17 15:00:00+00:00,35.865,4.513735216563293,trail_exit,ema21,train
2024-07-17 16:00:00+00:00,35.925,35.87848975816921,36.01802048366157,2024-07-17 16:15:00+00:00,35.86348975816921,-1.3225096109922003,stop_hit,h_ema21,train
2024-07-18 19:00:00+00:00,35.675,35.62676009943054,35.77147980113891,2024-07-18 19:15:00+00:00,35.61176009943054,-1.31094591454233,stop_hit,ema21,train
2024-07-19 14:00:00+00:00,35.565,35.50478164972878,35.68543670054244,2024-07-19 14:15:00+00:00,35.489781649728776,-1.2490935060897754,stop_hit,ema21,train
2024-07-19 16:15:00+00:00,35.585,35.525295572842445,35.70440885431511,2024-07-19 16:30:00+00:00,35.510295572842445,-1.2512376504411755,stop_hit,ema21,train
2024-07-19 17:30:00+00:00,35.525,35.47156988927119,35.63186022145762,2024-07-22 13:30:00+00:00,35.61686022145762,2.0,scaleout_tier_1,ema21,train
2024-07-19 17:30:00+00:00,35.525,35.47156988927119,35.68529033218643,2024-07-22 13:30:00+00:00,35.67029033218643,3.0,scaleout_tier_2,ema21,train
2024-07-19 17:30:00+00:00,35.525,35.47156988927119,35.738720442915245,2024-07-22 13:30:00+00:00,35.723720442915244,4.0,scaleout_tier_3,ema21,train
2024-07-19 17:30:00+00:00,35.525,35.47156988927119,35.792150553644056,2024-07-22 13:30:00+00:00,35.777150553644056,5.0,scaleout_tier_4,ema21,train
2024-07-22 14:45:00+00:00,35.735,35.666472970602555,35.87205405879489,2024-07-22 15:15:00+00:00,35.695,-0.583711279355283,trail_exit,ema21,train
2024-07-22 17:00:00+00:00,35.755,35.700872150864846,35.863255698270315,2024-07-23 13:30:00+00:00,35.685872150864846,-1.2771216710005573,stop_hit,ema21,train
2024-07-23 17:15:00+00:00,35.505,35.45956784306629,35.59586431386743,2024-07-24 13:30:00+00:00,35.58086431386743,2.0,scaleout_tier_1,ema21,train
2024-07-23 17:15:00+00:00,35.505,35.45956784306629,35.59586431386743,2024-07-24 13:45:00+00:00,35.49,-0.33016262075969116,stop_hit,ema21,train
2024-07-24 14:30:00+00:00,35.555,35.50882662309925,35.64734675380149,2024-07-24 14:45:00+00:00,35.49382662309925,-1.3248625291635971,stop_hit,ema21,train
2024-07-25 14:00:00+00:00,35.405,35.36031912506843,35.494361749863145,2024-07-25 14:15:00+00:00,35.34531912506843,-1.3357141063815954,stop_hit,ema50,train
2024-07-26 14:45:00+00:00,35.915,35.842194497276516,36.060611005446965,2024-07-26 16:15:00+00:00,36.045611005446965,2.0,scaleout_tier_1,ema21,train
2024-07-26 14:45:00+00:00,35.915,35.842194497276516,36.060611005446965,2024-07-29 14:15:00+00:00,35.935,0.2747045106736447,trail_exit,ema21,train
2024-07-29 15:00:00+00:00,35.955,35.89954773468205,36.06590453063589,2024-07-29 17:15:00+00:00,35.88454773468205,-1.2705029256062887,stop_hit,h_ema21,train
2024-07-29 18:15:00+00:00,35.925,35.88352608412127,36.00794783175745,2024-07-29 18:30:00+00:00,35.86852608412127,-1.3616731066307375,stop_hit,h_ema21,train
2024-07-30 18:15:00+00:00,35.805,35.759825584097044,35.89534883180591,2024-07-31 13:30:00+00:00,35.88034883180591,2.0,scaleout_tier_1,ema21,train
2024-07-30 18:15:00+00:00,35.805,35.759825584097044,35.94052324770887,2024-07-31 13:30:00+00:00,35.92552324770887,3.0,scaleout_tier_2,ema21,train
2024-07-30 18:15:00+00:00,35.805,35.759825584097044,35.98569766361182,2024-07-31 13:30:00+00:00,35.97069766361182,4.0,scaleout_tier_3,ema21,train
2024-07-30 18:15:00+00:00,35.805,35.759825584097044,36.03087207951478,2024-07-31 13:30:00+00:00,36.01587207951478,5.0,scaleout_tier_4,ema21,train
2024-07-30 18:15:00+00:00,35.805,35.759825584097044,36.076046495417735,2024-07-31 13:30:00+00:00,36.061046495417735,6.0,scaleout_tier_5,ema21,train
2024-08-01 18:00:00+00:00,35.575,35.504725586882586,35.71554882623484,2024-08-01 18:15:00+00:00,35.489725586882585,-1.2134489543859728,stop_hit,ema21,train
2024-08-01 19:15:00+00:00,35.585,35.52014979311149,35.71470041377702,2024-08-02 13:30:00+00:00,35.50514979311149,-1.2313022690241981,stop_hit,ema21,train
2024-08-02 16:30:00+00:00,35.375,35.2946881643264,35.535623671347196,2024-08-05 13:30:00+00:00,35.2796881643264,-1.186771972950081,stop_hit,ema50,train
2024-08-05 16:15:00+00:00,34.695,34.543857422525264,34.99728515494947,2024-08-05 17:00:00+00:00,34.52885742252526,-1.0992440399695302,stop_hit,ema100,train
2024-08-05 18:15:00+00:00,34.575,34.4572956466637,34.810408706672604,2024-08-06 13:30:00+00:00,34.4422956466637,-1.1274379372965342,stop_hit,ema100,train
2024-08-06 14:15:00+00:00,34.435,34.30967923807674,34.68564152384653,2024-08-06 18:15:00+00:00,34.67064152384653,2.0,scaleout_tier_1,ema200,train
2024-08-06 14:15:00+00:00,34.435,34.30967923807674,34.81096228576979,2024-08-07 13:30:00+00:00,34.79596228576979,3.0,scaleout_tier_2,ema200,train
2024-08-06 14:15:00+00:00,34.435,34.30967923807674,34.93628304769305,2024-08-07 13:30:00+00:00,34.92128304769305,4.0,scaleout_tier_3,ema200,train
2024-08-06 14:15:00+00:00,34.435,34.30967923807674,35.061603809616315,2024-08-07 13:45:00+00:00,35.046603809616315,5.0,scaleout_tier_4,ema200,train
2024-08-06 14:15:00+00:00,34.435,34.30967923807674,34.68564152384653,2024-08-07 17:00:00+00:00,34.825,3.1120142745286574,trail_exit,ema200,train
2024-08-08 17:30:00+00:00,35.185,35.10301186495105,35.34897627009791,2024-08-09 13:45:00+00:00,35.08801186495105,-1.1829533016093678,stop_hit,ema50,train
2024-08-09 18:45:00+00:00,35.355000000000004,35.301143141131796,35.46271371773642,2024-08-12 14:30:00+00:00,35.44771371773642,2.0,scaleout_tier_1,ema21,train
2024-08-09 18:45:00+00:00,35.355000000000004,35.301143141131796,35.51657057660463,2024-08-12 14:30:00+00:00,35.50157057660463,3.0,scaleout_tier_2,ema21,train
2024-08-09 18:45:00+00:00,35.355000000000004,35.301143141131796,35.57042743547284,2024-08-12 14:45:00+00:00,35.555427435472836,4.0,scaleout_tier_3,ema21,train
2024-08-09 18:45:00+00:00,35.355000000000004,35.301143141131796,35.46271371773642,2024-08-12 19:30:00+00:00,35.475,2.228128459805768,trail_exit,ema21,train
2024-08-13 14:30:00+00:00,35.695,35.638538193535624,35.807923612928754,2024-08-13 16:30:00+00:00,35.79292361292875,2.0,scaleout_tier_1,ema21,train
2024-08-13 14:30:00+00:00,35.695,35.638538193535624,35.86438541939313,2024-08-13 17:15:00+00:00,35.84938541939313,3.0,scaleout_tier_2,ema21,train
2024-08-13 14:30:00+00:00,35.695,35.638538193535624,35.92084722585751,2024-08-13 18:15:00+00:00,35.90584722585751,4.0,scaleout_tier_3,ema21,train
2024-08-13 14:30:00+00:00,35.695,35.638538193535624,35.977309032321884,2024-08-14 13:30:00+00:00,35.96230903232188,5.0,scaleout_tier_4,ema21,train
2024-08-13 14:30:00+00:00,35.695,35.638538193535624,36.03377083878626,2024-08-14 15:30:00+00:00,36.01877083878626,6.0,scaleout_tier_5,ema21,train
2024-08-13 14:30:00+00:00,35.695,35.638538193535624,36.09023264525064,2024-08-14 18:45:00+00:00,36.07523264525064,7.0,scaleout_tier_6,ema21,train
2024-08-13 14:30:00+00:00,35.695,35.638538193535624,36.146694451715014,2024-08-15 13:30:00+00:00,36.13169445171501,8.0,scaleout_tier_7,ema21,train
2024-08-13 14:30:00+00:00,35.695,35.638538193535624,36.20315625817939,2024-08-15 13:30:00+00:00,36.18815625817939,9.0,scaleout_tier_8,ema21,train
2024-08-13 14:30:00+00:00,35.695,35.638538193535624,36.25961806464377,2024-08-15 13:30:00+00:00,36.24461806464377,10.0,scaleout_tier_9,ema21,train
2024-08-13 14:30:00+00:00,35.695,35.638538193535624,36.316079871108144,2024-08-15 13:30:00+00:00,36.30107987110814,11.0,scaleout_tier_10,ema21,train
2024-08-13 14:30:00+00:00,35.695,35.638538193535624,36.37254167757252,2024-08-15 13:30:00+00:00,36.35754167757252,12.0,scaleout_tier_11,ema21,train
2024-08-16 15:00:00+00:00,36.405,36.36356410274914,36.94366666426123,2024-09-03 13:30:00+00:00,36.92866666426123,13.0,scaleout_tier_12,h_ema21,train
2024-08-16 15:00:00+00:00,36.405,36.36356410274914,36.98510256151209,2024-09-03 13:30:00+00:00,36.97010256151209,14.0,scaleout_tier_13,h_ema21,train
2024-08-16 15:00:00+00:00,36.405,36.36356410274914,37.02653845876296,2024-09-03 13:30:00+00:00,37.011538458762956,15.0,scaleout_tier_14,h_ema21,train
2024-08-16 15:00:00+00:00,36.405,36.36356410274914,37.06797435601382,2024-09-03 13:30:00+00:00,37.05297435601382,16.0,scaleout_tier_15,h_ema21,train
2024-09-04 16:30:00+00:00,36.925,36.873374228237346,37.0282515435253,2024-09-04 16:45:00+00:00,36.905,-0.3874034095208417,trail_exit,h_ema21,train
2024-09-04 18:15:00+00:00,36.885,36.83823763123283,36.978524737534336,2024-09-04 19:00:00+00:00,36.82323763123283,-1.3207707478354218,stop_hit,h_ema21,train
2024-09-05 16:30:00+00:00,36.805,36.74985640807806,36.91528718384388,2024-09-05 19:30:00+00:00,36.795,-0.18134473383877073,trail_exit,h_ema21,train
2024-09-06 18:00:00+00:00,36.505,36.44178463265969,36.63143073468063,2024-09-06 18:15:00+00:00,36.42678463265969,-1.2372840755515957,stop_hit,h_ema200,train
2024-09-06 19:00:00+00:00,36.485,36.4271682604486,36.60066347910279,2024-09-09 13:30:00+00:00,36.58566347910279,2.0,scaleout_tier_1,h_ema200,train
2024-09-06 19:00:00+00:00,36.485,36.4271682604486,36.65849521865419,2024-09-09 13:30:00+00:00,36.64349521865419,3.0,scaleout_tier_2,h_ema200,train
2024-09-06 19:00:00+00:00,36.485,36.4271682604486,36.716326958205585,2024-09-09 14:00:00+00:00,36.701326958205584,4.0,scaleout_tier_3,h_ema200,train
2024-09-06 19:00:00+00:00,36.485,36.4271682604486,36.77415869775698,2024-09-09 15:30:00+00:00,36.75915869775698,5.0,scaleout_tier_4,h_ema200,train
2024-09-06 19:00:00+00:00,36.485,36.4271682604486,36.83199043730838,2024-09-09 16:00:00+00:00,36.81699043730838,6.0,scaleout_tier_5,h_ema200,train
2024-09-06 19:00:00+00:00,36.485,36.4271682604486,36.889822176859774,2024-09-09 16:30:00+00:00,36.87482217685977,7.0,scaleout_tier_6,h_ema200,train
2024-09-06 19:00:00+00:00,36.485,36.4271682604486,36.60066347910279,2024-09-09 17:45:00+00:00,36.714999999999996,3.9770548453862595,trail_exit,h_ema200,train
2024-09-10 16:30:00+00:00,36.305,36.24066718187783,36.433665636244335,2024-09-10 18:30:00+00:00,36.418665636244334,2.0,scaleout_tier_1,ema21,train
2024-09-10 16:30:00+00:00,36.305,36.24066718187783,36.4979984543665,2024-09-10 19:00:00+00:00,36.4829984543665,3.0,scaleout_tier_2,ema21,train
2024-09-10 16:30:00+00:00,36.305,36.24066718187783,36.433665636244335,2024-09-11 13:45:00+00:00,36.29,-0.23316248903500017,stop_hit,ema21,train
2024-09-11 15:00:00+00:00,36.195,36.12835678237893,36.32828643524214,2024-09-11 15:30:00+00:00,36.31328643524214,2.0,scaleout_tier_1,ema21,train
2024-09-11 15:00:00+00:00,36.195,36.12835678237893,36.39492965286321,2024-09-11 16:30:00+00:00,36.37992965286321,3.0,scaleout_tier_2,ema21,train
2024-09-11 15:00:00+00:00,36.195,36.12835678237893,36.46157287048428,2024-09-11 17:00:00+00:00,36.44657287048428,4.0,scaleout_tier_3,ema21,train
2024-09-11 15:00:00+00:00,36.195,36.12835678237893,36.52821608810535,2024-09-11 18:30:00+00:00,36.51321608810535,5.0,scaleout_tier_4,ema21,train
2024-09-11 15:00:00+00:00,36.195,36.12835678237893,36.59485930572642,2024-09-11 19:15:00+00:00,36.57985930572642,6.0,scaleout_tier_5,ema21,train
2024-09-11 15:00:00+00:00,36.195,36.12835678237893,36.32828643524214,2024-09-12 13:45:00+00:00,36.425,3.4512139150868077,trail_exit,ema21,train
2024-09-12 15:15:00+00:00,36.585,36.52269204050661,36.70961591898678,2024-09-12 16:45:00+00:00,36.69461591898678,2.0,scaleout_tier_1,h_ema21,train
2024-09-12 15:15:00+00:00,36.585,36.52269204050661,36.771923878480166,2024-09-12 19:45:00+00:00,36.756923878480166,3.0,scaleout_tier_2,h_ema21,train
2024-09-12 15:15:00+00:00,36.585,36.52269204050661,36.834231837973554,2024-09-13 13:30:00+00:00,36.819231837973554,4.0,scaleout_tier_3,h_ema21,train
2024-09-12 15:15:00+00:00,36.585,36.52269204050661,36.89653979746694,2024-09-13 13:45:00+00:00,36.88153979746694,5.0,scaleout_tier_4,h_ema21,train
2024-09-12 15:15:00+00:00,36.585,36.52269204050661,36.95884775696033,2024-09-13 13:45:00+00:00,36.94384775696033,6.0,scaleout_tier_5,h_ema21,train
2024-09-12 15:15:00+00:00,36.585,36.52269204050661,36.70961591898678,2024-09-13 16:30:00+00:00,36.855,4.333314751362482,trail_exit,h_ema21,train
2024-09-16 14:00:00+00:00,37.135,37.08171469481297,37.24157061037405,2024-09-16 14:30:00+00:00,37.06671469481297,-1.2815035017131353,stop_hit,h_ema21,train
2024-09-17 14:15:00+00:00,37.235,37.18594103673745,37.333117926525105,2024-09-17 14:45:00+00:00,37.170941036737446,-1.3057545248097444,stop_hit,h_ema21,train
2024-09-18 15:30:00+00:00,36.985,36.937364228241016,37.080271543517966,2024-09-18 15:45:00+00:00,36.922364228241015,-1.314889408654784,stop_hit,h_ema21,train
2024-09-18 17:30:00+00:00,37.015,36.97425241911243,37.09649516177514,2024-09-18 18:00:00+00:00,37.08149516177514,2.0,scaleout_tier_1,h_ema21,train
2024-09-18 17:30:00+00:00,37.015,36.97425241911243,37.13724274266271,2024-09-18 18:00:00+00:00,37.122242742662706,3.0,scaleout_tier_2,h_ema21,train
2024-09-18 17:30:00+00:00,37.015,36.97425241911243,37.177990323550276,2024-09-18 18:15:00+00:00,37.162990323550275,4.0,scaleout_tier_3,h_ema21,train
2024-09-18 17:30:00+00:00,37.015,36.97425241911243,37.218737904437845,2024-09-18 18:15:00+00:00,37.203737904437844,5.0,scaleout_tier_4,h_ema21,train
2024-09-18 17:30:00+00:00,37.015,36.97425241911243,37.09649516177514,2024-09-18 19:00:00+00:00,37.0,-0.36812001285152957,stop_hit,h_ema21,train
2024-09-20 14:30:00+00:00,37.085,37.009693157948305,37.23561368410339,2024-09-20 15:30:00+00:00,36.994693157948305,-1.199185088516972,stop_hit,h_ema21,train
2024-09-20 17:00:00+00:00,37.095,37.037780928966754,37.20943814206649,2024-09-20 18:00:00+00:00,37.02278092896675,-1.262150358772609,stop_hit,h_ema200,train
2024-09-20 19:00:00+00:00,37.085,37.03833081045094,37.17833837909813,2024-09-20 19:45:00+00:00,37.023330810450936,-1.3214111953718592,stop_hit,h_ema21,train
2024-09-23 13:45:00+00:00,37.265,37.2026954107752,37.389609178449604,2024-09-23 15:15:00+00:00,37.3746091784496,2.0,scaleout_tier_1,h_ema21,train
2024-09-23 13:45:00+00:00,37.265,37.2026954107752,37.451913767674405,2024-09-24 13:30:00+00:00,37.436913767674405,3.0,scaleout_tier_2,h_ema21,train
2024-09-23 13:45:00+00:00,37.265,37.2026954107752,37.51421835689921,2024-09-24 13:30:00+00:00,37.499218356899206,4.0,scaleout_tier_3,h_ema21,train
2024-09-23 13:45:00+00:00,37.265,37.2026954107752,37.57652294612401,2024-09-24 14:00:00+00:00,37.56152294612401,5.0,scaleout_tier_4,h_ema21,train
2024-09-23 13:45:00+00:00,37.265,37.2026954107752,37.389609178449604,2024-09-24 18:45:00+00:00,37.525,4.173047334633578,trail_exit,h_ema21,train
2024-09-25 16:15:00+00:00,37.405,37.3646946856385,37.48561062872301,2024-09-25 16:30:00+00:00,37.3496946856385,-1.372159360065114,stop_hit,h_ema50,train
2024-09-25 18:30:00+00:00,37.415,37.375960017735416,37.493079964529166,2024-09-25 18:45:00+00:00,37.360960017735415,-1.3842214860227648,stop_hit,h_ema21,train
2024-09-27 14:00:00+00:00,37.765,37.71790270804418,37.859194583911645,2024-09-27 15:45:00+00:00,37.745,-0.4246528657903173,trail_exit,h_ema21,train
2024-09-27 17:00:00+00:00,37.735,37.692351385920055,37.82029722815989,2024-09-27 17:15:00+00:00,37.677351385920055,-1.3517113116942874,stop_hit,h_ema21,train
2024-09-30 16:45:00+00:00,37.425,37.37698665545616,37.52102668908768,2024-09-30 18:00:00+00:00,37.36198665545616,-1.312413145605894,stop_hit,h_ema200,train
2024-09-30 18:45:00+00:00,37.385,37.33763060184777,37.47973879630445,2024-09-30 19:00:00+00:00,37.32263060184777,-1.3166601347096751,stop_hit,h_ema200,train
2024-10-01 14:00:00+00:00,37.345,37.285275436103184,37.46444912779363,2024-10-01 14:15:00+00:00,37.270275436103184,-1.251152943132676,stop_hit,h_ema21,train
2024-10-01 14:45:00+00:00,37.315,37.24339837212781,37.45820325574438,2024-10-01 15:00:00+00:00,37.228398372127806,-1.209492443758061,stop_hit,ema21,train
2024-10-01 15:30:00+00:00,37.295,37.22020452753819,37.44459094492362,2024-10-01 16:30:00+00:00,37.20520452753819,-1.2005468981783596,stop_hit,ema21,train
2024-10-01 17:00:00+00:00,37.245,37.18047636804739,37.37404726390522,2024-10-01 17:15:00+00:00,37.165476368047386,-1.2324729644948897,stop_hit,ema21,train
2024-10-01 17:45:00+00:00,37.275,37.21184459934407,37.40131080131186,2024-10-01 18:30:00+00:00,37.38631080131186,2.0,scaleout_tier_1,ema21,train
2024-10-01 17:45:00+00:00,37.275,37.21184459934407,37.40131080131186,2024-10-02 13:30:00+00:00,37.26,-0.23750937915381867,stop_hit,ema21,train
2024-10-02 14:00:00+00:00,37.375,37.30926755768197,37.50646488463606,2024-10-02 14:30:00+00:00,37.29426755768197,-1.2281978193876752,stop_hit,h_ema21,train
2024-10-02 15:30:00+00:00,37.345,37.28079658638027,37.47340682723946,2024-10-02 16:30:00+00:00,37.26579658638027,-1.2336324371916434,stop_hit,h_ema21,train
2024-10-02 17:30:00+00:00,37.225,37.17681176182087,37.32137647635826,2024-10-03 13:30:00+00:00,37.16181176182087,-1.3112792782388367,stop_hit,ema21,train
2024-10-03 15:00:00+00:00,36.815,36.741958491345734,36.961083017308525,2024-10-03 18:30:00+00:00,36.815,0.0,trail_exit,ema21,train
2024-10-04 14:15:00+00:00,36.895,36.84304971918958,36.99890056162085,2024-10-04 14:30:00+00:00,36.82804971918958,-1.2887376115393567,stop_hit,ema21,train
2024-10-04 15:45:00+00:00,36.845,36.78830818353637,36.95838363292725,2024-10-04 19:30:00+00:00,36.94338363292725,2.0,scaleout_tier_1,ema21,train
2024-10-04 15:45:00+00:00,36.845,36.78830818353637,36.95838363292725,2024-10-07 13:45:00+00:00,36.83,-0.26458845272006104,stop_hit,ema21,train
2024-10-07 14:45:00+00:00,36.835,36.78715049590091,36.93069900819818,2024-10-07 18:15:00+00:00,36.785,-1.044942908843112,trail_exit,ema21,train
2024-10-08 17:30:00+00:00,36.435,36.39155379775796,36.52189240448409,2024-10-09 13:30:00+00:00,36.37655379775796,-1.3452545729183303,stop_hit,ema50,train
2024-10-09 16:15:00+00:00,36.615,36.57581885981417,36.693362280371666,2024-10-09 16:30:00+00:00,36.56081885981417,-1.382837251005386,stop_hit,ema50,train
2024-10-09 17:00:00+00:00,36.625,36.58612209730748,36.70275580538504,2024-10-10 13:30:00+00:00,36.57112209730748,-1.3858232816372273,stop_hit,ema50,train
2024-10-10 15:45:00+00:00,36.495,36.44889188124921,36.58721623750157,2024-10-10 17:00:00+00:00,36.43389188124921,-1.3253223164682784,stop_hit,ema50,train
2024-10-10 17:30:00+00:00,36.535000000000004,36.4886466611216,36.62770667775681,2024-10-10 18:30:00+00:00,36.4736466611216,-1.32360128445869,stop_hit,ema50,train
2024-10-10 19:15:00+00:00,36.485,36.446228717312934,36.56254256537413,2024-10-11 13:45:00+00:00,36.54754256537413,2.0,scaleout_tier_1,ema50,train
2024-10-10 19:15:00+00:00,36.485,36.446228717312934,36.601313848061196,2024-10-11 14:00:00+00:00,36.586313848061195,3.0,scaleout_tier_2,ema50,train
2024-10-10 19:15:00+00:00,36.485,36.446228717312934,36.64008513074826,2024-10-11 14:15:00+00:00,36.62508513074826,4.0,scaleout_tier_3,ema50,train
2024-10-10 19:15:00+00:00,36.485,36.446228717312934,36.56254256537413,2024-10-11 15:30:00+00:00,36.575,2.3213057129530696,trail_exit,ema50,train
2024-10-14 15:00:00+00:00,36.665,36.62706833639477,36.740863327210455,2024-10-14 16:15:00+00:00,36.725863327210455,2.0,scaleout_tier_1,ema50,train
2024-10-14 15:00:00+00:00,36.665,36.62706833639477,36.77879499081568,2024-10-14 16:30:00+00:00,36.76379499081568,3.0,scaleout_tier_2,ema50,train
2024-10-14 15:00:00+00:00,36.665,36.62706833639477,36.81672665442091,2024-10-14 19:45:00+00:00,36.80172665442091,4.0,scaleout_tier_3,ema50,train
2024-10-14 15:00:00+00:00,36.665,36.62706833639477,36.740863327210455,2024-10-15 13:30:00+00:00,36.65,-0.39544798657165015,stop_hit,ema50,train
2024-10-15 14:15:00+00:00,36.685,36.63979550073443,36.77540899853115,2024-10-15 14:30:00+00:00,36.62479550073443,-1.3318253767589978,stop_hit,ema21,train
2024-10-15 15:00:00+00:00,36.645,36.59628123728628,36.742437525427455,2024-10-15 15:30:00+00:00,36.58128123728628,-1.3078895925198544,stop_hit,ema21,train
2024-10-17 14:45:00+00:00,36.935,36.89058192614133,37.02383614771735,2024-10-17 18:00:00+00:00,36.87558192614133,-1.3377003705232011,stop_hit,ema21,train
2024-11-04 18:45:00+00:00,35.905,35.84310027198512,36.02879945602976,2024-11-04 20:30:00+00:00,35.82810027198512,-1.2423273975678049,stop_hit,ema100,train
2024-11-05 15:30:00+00:00,35.905,35.849256723150404,36.016486553699195,2024-11-05 17:15:00+00:00,36.001486553699195,2.0,scaleout_tier_1,ema100,train
2024-11-05 15:30:00+00:00,35.905,35.849256723150404,36.016486553699195,2024-11-06 14:30:00+00:00,35.89,-0.26909074686212997,stop_hit,ema100,train
2024-11-06 16:00:00+00:00,35.595,35.517020968890996,35.750958062218004,2024-11-06 16:15:00+00:00,35.502020968890996,-1.192359404658836,stop_hit,donchian_low,train
2024-11-06 18:15:00+00:00,35.625,35.56472095503714,35.74555808992572,2024-11-07 14:30:00+00:00,35.73055808992572,2.0,scaleout_tier_1,donchian_low,train
2024-11-06 18:15:00+00:00,35.625,35.56472095503714,35.805837134888584,2024-11-07 14:30:00+00:00,35.790837134888584,3.0,scaleout_tier_2,donchian_low,train
2024-11-06 18:15:00+00:00,35.625,35.56472095503714,35.866116179851446,2024-11-07 14:30:00+00:00,35.851116179851445,4.0,scaleout_tier_3,donchian_low,train
2024-11-07 15:30:00+00:00,35.945,35.882580743152424,36.06983851369515,2024-11-07 16:00:00+00:00,35.86758074315242,-1.2403104547788766,stop_hit,ema100,train
2024-11-07 19:15:00+00:00,35.845,35.79669448429815,35.941611031403696,2024-11-07 19:30:00+00:00,35.78169448429815,-1.310523545439069,stop_hit,ema100,train
2024-11-08 19:15:00+00:00,35.335,35.2835427347335,35.437914530533,2024-11-08 20:30:00+00:00,35.2685427347335,-1.2915040261528645,stop_hit,donchian_low,train
2024-11-11 16:45:00+00:00,35.415,35.362807183073315,35.51938563385337,2024-11-11 18:00:00+00:00,35.347807183073314,-1.2873958694559673,stop_hit,donchian_low,train
2024-11-22 15:15:00+00:00,35.125,35.074303384675616,35.22639323064877,2024-11-22 16:15:00+00:00,35.059303384675616,-1.2958777406346091,stop_hit,ema200,train
2024-11-25 15:30:00+00:00,35.455,35.39439483146175,35.57621033707649,2024-11-25 15:45:00+00:00,35.37939483146175,-1.2475036430355722,stop_hit,ema21,train
2024-11-25 18:00:00+00:00,35.275,35.21832465741743,35.38835068516513,2024-11-25 19:00:00+00:00,35.37335068516513,2.0,scaleout_tier_1,ema21,train
2024-11-25 18:00:00+00:00,35.275,35.21832465741743,35.38835068516513,2024-11-26 14:30:00+00:00,35.26,-0.26466536092214016,stop_hit,ema21,train
2024-11-26 15:45:00+00:00,35.195,35.14193932977775,35.3011213404445,2024-11-26 16:00:00+00:00,35.12693932977775,-1.2826952606736999,stop_hit,ema21,train
2024-11-26 16:45:00+00:00,35.165,35.112924671953934,35.26915065609213,2024-11-26 17:00:00+00:00,35.09792467195393,-1.288044272841291,stop_hit,h_ema50,train
2024-11-26 17:45:00+00:00,35.165,35.117159166901196,35.260681666197605,2024-11-26 18:15:00+00:00,35.102159166901195,-1.313539690436031,stop_hit,ema200,train
2024-11-26 19:15:00+00:00,35.145,35.10534193026386,35.224316139472286,2024-11-27 14:30:00+00:00,35.209316139472286,2.0,scaleout_tier_1,ema200,train
2024-11-26 19:15:00+00:00,35.145,35.10534193026386,35.26397420920843,2024-11-27 14:30:00+00:00,35.24897420920843,3.0,scaleout_tier_2,ema200,train
2024-11-26 19:15:00+00:00,35.145,35.10534193026386,35.30363227894457,2024-11-27 14:30:00+00:00,35.28863227894457,4.0,scaleout_tier_3,ema200,train
2024-11-26 19:15:00+00:00,35.145,35.10534193026386,35.34329034868071,2024-11-27 14:30:00+00:00,35.32829034868071,5.0,scaleout_tier_4,ema200,train
2024-11-26 19:15:00+00:00,35.145,35.10534193026386,35.38294841841685,2024-11-27 14:30:00+00:00,35.36794841841685,6.0,scaleout_tier_5,ema200,train
2024-11-26 19:15:00+00:00,35.145,35.10534193026386,35.422606488152994,2024-11-27 14:30:00+00:00,35.40760648815299,7.0,scaleout_tier_6,ema200,train
2024-11-26 19:15:00+00:00,35.145,35.10534193026386,35.462264557889135,2024-11-27 14:30:00+00:00,35.447264557889135,8.0,scaleout_tier_7,ema200,train
2024-11-26 19:15:00+00:00,35.145,35.10534193026386,35.50192262762528,2024-11-27 14:30:00+00:00,35.486922627625276,9.0,scaleout_tier_8,ema200,train
2024-11-29 17:30:00+00:00,35.715,35.672381974806164,35.80023605038768,2024-12-02 14:30:00+00:00,35.657381974806164,-1.3519637508255309,stop_hit,ema50,train
2024-12-02 15:45:00+00:00,35.505,35.44688076806192,35.621238463876175,2024-12-02 16:15:00+00:00,35.606238463876174,2.0,scaleout_tier_1,ema21,train
2024-12-02 15:45:00+00:00,35.505,35.44688076806192,35.67935769581426,2024-12-02 18:30:00+00:00,35.66435769581426,3.0,scaleout_tier_2,ema21,train
2024-12-02 15:45:00+00:00,35.505,35.44688076806192,35.73747692775235,2024-12-02 20:15:00+00:00,35.722476927752346,4.0,scaleout_tier_3,ema21,train
2024-12-02 15:45:00+00:00,35.505,35.44688076806192,35.79559615969043,2024-12-03 14:30:00+00:00,35.78059615969043,5.0,scaleout_tier_4,ema21,train
2024-12-02 15:45:00+00:00,35.505,35.44688076806192,35.85371539162852,2024-12-03 14:30:00+00:00,35.83871539162852,6.0,scaleout_tier_5,ema21,train
2024-12-02 15:45:00+00:00,35.505,35.44688076806192,35.621238463876175,2024-12-03 15:15:00+00:00,35.825,5.505922726936471,trail_exit,ema21,train
2024-12-03 15:45:00+00:00,35.895,35.8422379581588,36.000524083682414,2024-12-03 19:45:00+00:00,35.865,-0.5685905805216968,trail_exit,ema50,train
2024-12-04 15:30:00+00:00,35.895,35.85156939693238,35.98186120613524,2024-12-04 17:30:00+00:00,35.83656939693238,-1.3453785796307312,stop_hit,ema50,train
2024-12-04 19:15:00+00:00,35.935,35.88847596638794,36.028048067224134,2024-12-04 19:30:00+00:00,35.873475966387936,-1.3224140048791984,stop_hit,ema50,train
2024-12-05 18:45:00+00:00,36.165,36.114660749076805,36.26567850184639,2024-12-06 14:30:00+00:00,36.099660749076804,-1.297978212327533,stop_hit,h_ema21,train
2024-12-06 18:15:00+00:00,35.895,35.848108828329856,35.9887823433403,2024-12-06 18:30:00+00:00,35.833108828329856,-1.319889639472375,stop_hit,ema50,train
2024-12-09 15:00:00+00:00,36.315,36.25230565320366,36.440388693592666,2024-12-09 16:15:00+00:00,36.23730565320366,-1.2392560217387512,stop_hit,ema50,train
2024-12-09 18:45:00+00:00,36.185,36.141104321204466,36.272791357591075,2024-12-09 19:45:00+00:00,36.126104321204465,-1.3417192856242133,stop_hit,h_ema21,train
2024-12-10 15:45:00+00:00,35.825,35.77555766472352,35.923884670552965,2024-12-10 16:15:00+00:00,35.76055766472352,-1.3033837280565463,stop_hit,ema21,train
2024-12-11 14:45:00+00:00,35.975,35.930009589179704,36.064980821640596,2024-12-11 15:00:00+00:00,35.915009589179704,-1.3334043794335257,stop_hit,ema21,train
2024-12-11 16:45:00+00:00,35.985,35.93491255977539,36.085174880449216,2024-12-11 17:00:00+00:00,35.91991255977539,-1.2994762745457884,stop_hit,ema21,train
2024-12-11 17:45:00+00:00,35.935,35.88883050342943,36.02733899314114,2024-12-11 19:00:00+00:00,35.87383050342943,-1.3248898323392584,stop_hit,ema50,train
2024-12-12 16:00:00+00:00,35.785000000000004,35.73176420677925,35.891471586441504,2024-12-12 18:00:00+00:00,35.725,-1.1270612565347364,trail_exit,ema21,train
2024-12-12 18:30:00+00:00,35.745,35.69962327239384,35.835753455212306,2024-12-12 18:45:00+00:00,35.68462327239384,-1.33056592644125,stop_hit,ema21,train
2024-12-13 18:45:00+00:00,35.535000000000004,35.4952973153801,35.61440536923981,2024-12-13 19:00:00+00:00,35.4802973153801,-1.3778082047499798,stop_hit,h_ema21,train
2024-12-16 15:00:00+00:00,35.495,35.45697561541326,35.571048769173466,2024-12-16 17:00:00+00:00,35.556048769173465,2.0,scaleout_tier_1,h_ema21,train
2024-12-16 15:00:00+00:00,35.495,35.45697561541326,35.571048769173466,2024-12-16 19:15:00+00:00,35.495,0.0,trail_exit,h_ema21,train
2025-01-22 16:30:00+00:00,34.985,34.939692147862246,35.075615704275506,2025-01-22 18:00:00+00:00,34.924692147862245,-1.331068441611285,stop_hit,ema50,holdout
2025-01-24 18:45:00+00:00,35.255,35.220458417126224,35.32408316574756,2025-01-24 19:00:00+00:00,35.20545841712622,-1.4342591957876805,stop_hit,ema50,holdout
2025-01-27 16:15:00+00:00,35.365,35.318990296202564,35.45701940759488,2025-01-27 16:30:00+00:00,35.303990296202564,-1.3260181822956199,stop_hit,ema50,holdout
2025-01-27 18:15:00+00:00,35.315,35.27122280683068,35.402554386338636,2025-01-27 20:30:00+00:00,35.387554386338635,2.0,scaleout_tier_1,ema50,holdout
2025-01-27 18:15:00+00:00,35.315,35.27122280683068,35.402554386338636,2025-01-28 14:45:00+00:00,35.345,0.6852883391579878,trail_exit,ema50,holdout
2025-01-28 17:15:00+00:00,35.275,35.2256603827877,35.37367923442459,2025-01-28 19:15:00+00:00,35.2106603827877,-1.3040153298202335,stop_hit,ema50,holdout
2025-01-31 16:30:00+00:00,35.875,35.813191497163565,35.99861700567287,2025-01-31 18:15:00+00:00,35.798191497163565,-1.2426850564508154,stop_hit,h_ema21,holdout
2025-02-03 15:30:00+00:00,35.435,35.3130001388334,35.6789997223332,2025-02-03 16:00:00+00:00,35.2980001388334,-1.1229509595877076,stop_hit,ema21,holdout
2025-02-03 17:30:00+00:00,35.345,35.23618383372038,35.56263233255923,2025-02-03 17:45:00+00:00,35.22118383372038,-1.137847164744402,stop_hit,ema50,holdout
2025-02-03 18:15:00+00:00,35.325,35.21979259573021,35.535414808539585,2025-02-04 16:00:00+00:00,35.520414808539584,2.0,scaleout_tier_1,ema50,holdout
2025-02-03 18:15:00+00:00,35.325,35.21979259573021,35.640622212809376,2025-02-05 14:30:00+00:00,35.625622212809375,3.0,scaleout_tier_2,ema50,holdout
2025-02-03 18:15:00+00:00,35.325,35.21979259573021,35.74582961707917,2025-02-05 14:30:00+00:00,35.730829617079166,4.0,scaleout_tier_3,ema50,holdout
2025-02-03 18:15:00+00:00,35.325,35.21979259573021,35.85103702134896,2025-02-05 16:15:00+00:00,35.83603702134896,5.0,scaleout_tier_4,ema50,holdout
2025-02-03 18:15:00+00:00,35.325,35.21979259573021,35.95624442561875,2025-02-05 18:30:00+00:00,35.94124442561875,6.0,scaleout_tier_5,ema50,holdout
2025-02-03 18:15:00+00:00,35.325,35.21979259573021,36.06145182988854,2025-02-06 14:30:00+00:00,36.04645182988854,7.0,scaleout_tier_6,ema50,holdout
2025-02-03 18:15:00+00:00,35.325,35.21979259573021,35.535414808539585,2025-02-06 17:00:00+00:00,36.035,6.748574446141537,trail_exit,ema50,holdout
2025-02-07 17:15:00+00:00,35.915,35.84670197629917,36.05159604740165,2025-02-07 17:30:00+00:00,35.83170197629917,-1.2196256814941928,stop_hit,h_ema21,holdout
2025-02-07 18:00:00+00:00,35.905,35.8387460794203,36.03750784115941,2025-02-07 20:15:00+00:00,35.825,-1.2074757131354505,trail_exit,h_ema50,holdout
2025-02-10 15:00:00+00:00,36.135,36.071407886131006,36.26218422773798,2025-02-11 15:45:00+00:00,36.24718422773798,2.0,scaleout_tier_1,h_ema21,holdout
2025-02-10 15:00:00+00:00,36.135,36.071407886131006,36.325776341606975,2025-02-11 16:00:00+00:00,36.310776341606974,3.0,scaleout_tier_2,h_ema21,holdout
2025-02-10 15:00:00+00:00,36.135,36.071407886131006,36.38936845547597,2025-02-11 18:30:00+00:00,36.37436845547597,4.0,scaleout_tier_3,h_ema21,holdout
2025-02-10 15:00:00+00:00,36.135,36.071407886131006,36.45296056934496,2025-02-11 20:00:00+00:00,36.43796056934496,5.0,scaleout_tier_4,h_ema21,holdout
2025-02-10 15:00:00+00:00,36.135,36.071407886131006,36.26218422773798,2025-02-12 14:30:00+00:00,36.305,2.673287451180234,trail_exit,h_ema21,holdout
2025-02-12 15:30:00+00:00,36.425,36.36945738052238,36.53608523895524,2025-02-12 16:45:00+00:00,36.52108523895524,2.0,scaleout_tier_1,h_ema21,holdout
2025-02-12 15:30:00+00:00,36.425,36.36945738052238,36.59162785843286,2025-02-12 17:00:00+00:00,36.57662785843286,3.0,scaleout_tier_2,h_ema21,holdout
2025-02-12 15:30:00+00:00,36.425,36.36945738052238,36.64717047791048,2025-02-12 17:00:00+00:00,36.63217047791048,4.0,scaleout_tier_3,h_ema21,holdout
2025-02-12 15:30:00+00:00,36.425,36.36945738052238,36.53608523895524,2025-02-13 14:30:00+00:00,36.41,-0.2700628839812731,stop_hit,h_ema21,holdout
2025-02-13 15:00:00+00:00,36.475,36.41377608276873,36.59744783446255,2025-02-13 16:00:00+00:00,36.58244783446255,2.0,scaleout_tier_1,h_ema21,holdout
2025-02-13 15:00:00+00:00,36.475,36.41377608276873,36.658671751693824,2025-02-13 17:15:00+00:00,36.64367175169382,3.0,scaleout_tier_2,h_ema21,holdout
2025-02-13 15:00:00+00:00,36.475,36.41377608276873,36.59744783446255,2025-02-13 18:30:00+00:00,36.46,-0.24500229123428824,stop_hit,h_ema21,holdout
2025-03-03 15:15:00+00:00,37.665,37.55361417521114,37.88777164957772,2025-03-03 18:00:00+00:00,37.53861417521114,-1.1346670460844903,stop_hit,h_ema50,holdout
2025-03-04 15:45:00+00:00,37.275,37.18285814910086,37.45928370179828,2025-03-04 16:15:00+00:00,37.16785814910086,-1.1627924754454946,stop_hit,h_ema21,holdout
2025-03-04 18:15:00+00:00,37.575,37.48440780904074,37.75618438191853,2025-03-04 19:00:00+00:00,37.74118438191853,2.0,scaleout_tier_1,h_ema21,holdout
2025-03-04 18:15:00+00:00,37.575,37.48440780904074,37.84677657287779,2025-03-04 20:15:00+00:00,37.83177657287779,3.0,scaleout_tier_2,h_ema21,holdout
2025-03-04 18:15:00+00:00,37.575,37.48440780904074,37.75618438191853,2025-03-04 20:45:00+00:00,37.56,-0.1655771854192775,stop_hit,h_ema21,holdout
2025-03-05 15:45:00+00:00,37.755,37.656751090893806,37.951497818212395,2025-03-05 16:00:00+00:00,37.641751090893806,-1.1526734508958993,stop_hit,h_ema21,holdout
2025-03-05 19:00:00+00:00,37.895,37.8111343448056,38.062731310388806,2025-03-06 14:30:00+00:00,37.7961343448056,-1.178857483021273,stop_hit,h_ema21,holdout
2025-03-06 17:30:00+00:00,37.325,37.22441264051363,37.526174718972754,2025-03-07 14:45:00+00:00,37.511174718972754,2.0,scaleout_tier_1,h_ema50,holdout
2025-03-06 17:30:00+00:00,37.325,37.22441264051363,37.62676207845913,2025-03-07 15:45:00+00:00,37.61176207845913,3.0,scaleout_tier_2,h_ema50,holdout
2025-03-06 17:30:00+00:00,37.325,37.22441264051363,37.727349437945506,2025-03-07 18:30:00+00:00,37.712349437945505,4.0,scaleout_tier_3,h_ema50,holdout
2025-03-06 17:30:00+00:00,37.325,37.22441264051363,37.82793679743188,2025-03-07 20:45:00+00:00,37.81293679743188,5.0,scaleout_tier_4,h_ema50,holdout
2025-03-06 17:30:00+00:00,37.325,37.22441264051363,37.526174718972754,2025-03-10 13:30:00+00:00,37.31,-0.1491241054203463,stop_hit,h_ema50,holdout
2025-03-10 15:00:00+00:00,37.285000000000004,37.189517337711656,37.4759653245767,2025-03-10 16:00:00+00:00,37.174517337711656,-1.157096583196457,stop_hit,h_ema200,holdout
2025-03-11 15:15:00+00:00,36.875,36.78628865422971,37.052422691540585,2025-03-11 16:45:00+00:00,36.77128865422971,-1.1690877290808022,stop_hit,ema21,holdout
2025-03-11 18:00:00+00:00,36.845,36.77137457150963,36.99225085698073,2025-03-11 18:30:00+00:00,36.97725085698073,2.0,scaleout_tier_1,ema21,holdout
2025-03-11 18:00:00+00:00,36.845,36.77137457150963,37.0658762854711,2025-03-11 18:45:00+00:00,37.0508762854711,3.0,scaleout_tier_2,ema21,holdout
2025-03-11 18:00:00+00:00,36.845,36.77137457150963,37.139501713961465,2025-03-12 17:15:00+00:00,37.124501713961465,4.0,scaleout_tier_3,ema21,holdout
2025-03-11 18:00:00+00:00,36.845,36.77137457150963,36.99225085698073,2025-03-13 15:00:00+00:00,37.015,2.308984864138959,trail_exit,ema21,holdout
2025-03-13 18:15:00+00:00,37.075,37.01182723158519,37.201345536829635,2025-03-14 13:30:00+00:00,37.186345536829634,2.0,scaleout_tier_1,h_ema21,holdout
2025-03-13 18:15:00+00:00,37.075,37.01182723158519,37.26451830524445,2025-03-14 13:30:00+00:00,37.24951830524445,3.0,scaleout_tier_2,h_ema21,holdout
2025-03-13 18:15:00+00:00,37.075,37.01182723158519,37.32769107365927,2025-03-14 13:30:00+00:00,37.312691073659266,4.0,scaleout_tier_3,h_ema21,holdout
2025-03-18 16:15:00+00:00,37.955,37.90995168189372,38.04509663621255,2025-03-18 16:45:00+00:00,37.89495168189372,-1.332975805325596,stop_hit,h_ema21,holdout
2025-03-19 14:00:00+00:00,37.845,37.79516199131193,37.94467601737614,2025-03-19 16:15:00+00:00,37.92967601737614,2.0,scaleout_tier_1,h_ema21,holdout
2025-03-19 14:00:00+00:00,37.845,37.79516199131193,37.94467601737614,2025-03-19 17:00:00+00:00,37.83,-0.3009751070489936,stop_hit,h_ema21,holdout
2025-03-19 17:45:00+00:00,37.87,37.82775414634021,37.95449170731957,2025-03-19 18:30:00+00:00,37.93949170731957,2.0,scaleout_tier_1,h_ema21,holdout
2025-03-19 17:45:00+00:00,37.87,37.82775414634021,37.996737560979355,2025-03-19 18:30:00+00:00,37.981737560979354,3.0,scaleout_tier_2,h_ema21,holdout
2025-03-19 17:45:00+00:00,37.87,37.82775414634021,38.03898341463914,2025-03-19 18:45:00+00:00,38.02398341463914,4.0,scaleout_tier_3,h_ema21,holdout
2025-03-19 17:45:00+00:00,37.87,37.82775414634021,37.95449170731957,2025-03-19 19:15:00+00:00,37.935,1.538612535172389,trail_exit,h_ema21,holdout
2025-03-20 14:00:00+00:00,37.815,37.744354992904164,37.956290014191666,2025-03-21 13:30:00+00:00,37.72935499290416,-1.2123292305661773,stop_hit,h_ema21,holdout
2025-03-21 18:45:00+00:00,37.535000000000004,37.48428524190138,37.636429516197246,2025-03-21 19:00:00+00:00,37.46928524190138,-1.2957718928843385,stop_hit,h_ema21,holdout
2025-03-24 17:00:00+00:00,37.445,37.3937684574919,37.5474630850162,2025-03-24 18:00:00+00:00,37.3787684574919,-1.2927883734445325,stop_hit,h_ema21,holdout
2025-03-24 18:45:00+00:00,37.475,37.429965830981146,37.56506833803771,2025-03-25 13:30:00+00:00,37.55006833803771,2.0,scaleout_tier_1,h_ema21,holdout
2025-03-24 18:45:00+00:00,37.475,37.429965830981146,37.61010250705657,2025-03-25 13:30:00+00:00,37.595102507056566,3.0,scaleout_tier_2,h_ema21,holdout
2025-03-24 18:45:00+00:00,37.475,37.429965830981146,37.65513667607542,2025-03-25 13:30:00+00:00,37.64013667607542,4.0,scaleout_tier_3,h_ema21,holdout
2025-03-24 18:45:00+00:00,37.475,37.429965830981146,37.70017084509428,2025-03-25 13:30:00+00:00,37.68517084509428,5.0,scaleout_tier_4,h_ema21,holdout
2025-03-24 18:45:00+00:00,37.475,37.429965830981146,37.74520501411313,2025-03-25 13:30:00+00:00,37.73020501411313,6.0,scaleout_tier_5,h_ema21,holdout
2025-03-24 18:45:00+00:00,37.475,37.429965830981146,37.79023918313199,2025-03-25 13:30:00+00:00,37.77523918313199,7.0,scaleout_tier_6,h_ema21,holdout
2025-03-24 18:45:00+00:00,37.475,37.429965830981146,37.83527335215084,2025-03-25 13:30:00+00:00,37.82027335215084,8.0,scaleout_tier_7,h_ema21,holdout
2025-03-25 16:15:00+00:00,37.665,37.61243655014946,37.770126899701076,2025-03-25 16:30:00+00:00,37.644999999999996,-0.38049252963555835,trail_exit,h_ema21,holdout
2025-03-25 19:15:00+00:00,37.635,37.592895259889055,37.719209480221885,2025-03-25 19:30:00+00:00,37.577895259889054,-1.3562544255225544,stop_hit,h_ema21,holdout
2025-03-26 14:15:00+00:00,37.625,37.56595200839598,37.743095983208036,2025-03-26 15:45:00+00:00,37.55095200839598,-1.2540306552776954,stop_hit,h_ema21,holdout
2025-03-26 18:15:00+00:00,37.545,37.49395300188756,37.64709399622488,2025-03-26 18:30:00+00:00,37.47895300188756,-1.2938468578888884,stop_hit,h_ema21,holdout
2025-03-27 14:30:00+00:00,37.595,37.54280889678213,37.69938220643574,2025-03-27 16:15:00+00:00,37.68438220643574,2.0,scaleout_tier_1,ema21,holdout
2025-03-27 14:30:00+00:00,37.595,37.54280889678213,37.69938220643574,2025-03-28 14:00:00+00:00,37.615,0.38320707490150163,trail_exit,ema21,holdout
2025-03-28 15:15:00+00:00,37.635,37.58198174977483,37.74103650045033,2025-03-28 17:00:00+00:00,37.595,-0.754457188423268,trail_exit,h_ema21,holdout
2025-03-31 14:00:00+00:00,37.285000000000004,37.20922928314503,37.436541433709955,2025-03-31 14:15:00+00:00,37.19422928314503,-1.197965660384478,stop_hit,ema21,holdout
2025-03-31 14:45:00+00:00,37.265,37.18942118624986,37.41615762750028,2025-03-31 18:15:00+00:00,37.40115762750028,2.0,scaleout_tier_1,ema21,holdout
2025-03-31 14:45:00+00:00,37.265,37.18942118624986,37.491736441250424,2025-03-31 19:30:00+00:00,37.476736441250424,3.0,scaleout_tier_2,ema21,holdout
2025-03-31 14:45:00+00:00,37.265,37.18942118624986,37.41615762750028,2025-04-01 13:30:00+00:00,37.25,-0.19846831745189367,stop_hit,ema21,holdout
2025-04-01 17:00:00+00:00,37.475,37.41190182639046,37.60119634721908,2025-04-01 17:15:00+00:00,37.39690182639046,-1.2377247888793543,stop_hit,ema21,holdout
2025-04-01 19:15:00+00:00,37.385,37.33289870616219,37.489202587675614,2025-04-02 13:30:00+00:00,37.31789870616219,-1.2879007198304098,stop_hit,ema21,holdout
2025-04-02 14:15:00+00:00,37.405,37.34319127048361,37.52861745903279,2025-04-02 17:00:00+00:00,37.51361745903279,2.0,scaleout_tier_1,ema21,holdout
2025-04-02 14:15:00+00:00,37.405,37.34319127048361,37.52861745903279,2025-04-02 18:15:00+00:00,37.39,-0.24268416641733767,stop_hit,ema21,holdout
2025-04-02 18:45:00+00:00,37.505,37.44625925875589,37.62248148248823,2025-04-02 19:00:00+00:00,37.43125925875589,-1.255359392515383,stop_hit,ema21,holdout
2025-04-03 15:45:00+00:00,37.485,37.40348092895048,37.64803814209904,2025-04-03 17:15:00+00:00,37.394999999999996,-1.1040361334016104,trail_exit,ema21,holdout
2025-04-03 17:45:00+00:00,37.505,37.433612558451934,37.64777488309614,2025-04-03 18:00:00+00:00,37.41861255845193,-1.2101209915178188,stop_hit,ema21,holdout
2025-04-15 17:15:00+00:00,36.735,36.649892871507554,36.90521425698489,2025-04-15 17:45:00+00:00,36.63489287150755,-1.1762484561012063,stop_hit,ema50,holdout
2025-05-01 14:15:00+00:00,38.065,37.91499680371537,38.365006392569256,2025-05-01 15:30:00+00:00,37.89999680371537,-1.0999978691889887,stop_hit,ema50,holdout
2025-05-06 17:15:00+00:00,38.675,38.617804466129456,38.78939106774108,2025-05-06 17:30:00+00:00,38.602804466129456,-1.2622582391476984,stop_hit,h_ema21,holdout
2025-05-06 18:30:00+00:00,38.635,38.58059760933428,38.74380478133143,2025-05-06 19:45:00+00:00,38.56559760933428,-1.2757231771701143,stop_hit,h_ema21,holdout
2025-05-07 14:00:00+00:00,38.495,38.4307492671894,38.623501465621196,2025-05-07 14:15:00+00:00,38.4157492671894,-1.233460372260938,stop_hit,h_ema21,holdout
2025-05-07 14:45:00+00:00,38.515,38.453437004378685,38.63812599124263,2025-05-07 15:00:00+00:00,38.438437004378684,-1.2436528607585655,stop_hit,h_ema21,holdout
2025-05-08 14:30:00+00:00,38.345,38.270817363936104,38.49336527212779,2025-05-08 14:45:00+00:00,38.2558173639361,-1.2022036529826292,stop_hit,h_ema21,holdout
2025-05-08 18:15:00+00:00,38.205,38.14207772017378,38.330844559652434,2025-05-08 19:45:00+00:00,38.12707772017378,-1.2383893279364386,stop_hit,h_ema21,holdout
2025-05-09 13:45:00+00:00,38.305,38.236149874301816,38.44270025139637,2025-05-09 16:15:00+00:00,38.221149874301815,-1.217864525996011,stop_hit,h_ema21,holdout
2025-05-09 17:15:00+00:00,38.195,38.139396419431286,38.30620716113743,2025-05-12 13:30:00+00:00,38.124396419431285,-1.2697668000258306,stop_hit,h_ema21,holdout
2025-05-12 14:45:00+00:00,38.165,38.102256793683736,38.290486412632525,2025-05-12 15:45:00+00:00,38.087256793683736,-1.2390697077926123,stop_hit,h_ema21,holdout
2025-05-13 14:45:00+00:00,38.275,38.22906677339621,38.36686645320757,2025-05-13 15:15:00+00:00,38.35186645320757,2.0,scaleout_tier_1,h_ema21,holdout
2025-05-13 14:45:00+00:00,38.275,38.22906677339621,38.41279967981136,2025-05-13 18:00:00+00:00,38.39779967981136,3.0,scaleout_tier_2,h_ema21,holdout
2025-05-13 14:45:00+00:00,38.275,38.22906677339621,38.45873290641514,2025-05-13 19:15:00+00:00,38.44373290641514,4.0,scaleout_tier_3,h_ema21,holdout
2025-05-13 14:45:00+00:00,38.275,38.22906677339621,38.36686645320757,2025-05-14 14:00:00+00:00,38.365,1.9593659460575517,trail_exit,h_ema21,holdout
2025-05-14 15:30:00+00:00,38.355000000000004,38.30914983943482,38.446700321130365,2025-05-14 15:45:00+00:00,38.29414983943482,-1.3271526165906578,stop_hit,h_ema21,holdout
2025-05-14 17:00:00+00:00,38.275,38.22586329653414,38.37327340693171,2025-05-14 17:15:00+00:00,38.21086329653414,-1.3052707841995135,stop_hit,h_ema21,holdout
2025-05-14 18:00:00+00:00,38.285000000000004,38.24124939119929,38.37250121760143,2025-05-14 18:15:00+00:00,38.22624939119929,-1.3428523719138685,stop_hit,h_ema21,holdout
2025-05-16 17:00:00+00:00,38.845,38.80309003585988,38.928819928280234,2025-05-19 13:30:00+00:00,38.91381992828023,2.0,scaleout_tier_1,h_ema21,holdout
2025-05-16 17:00:00+00:00,38.845,38.80309003585988,38.97072989242035,2025-05-19 13:45:00+00:00,38.95572989242035,3.0,scaleout_tier_2,h_ema21,holdout
2025-05-16 17:00:00+00:00,38.845,38.80309003585988,39.01263985656047,2025-05-19 14:00:00+00:00,38.99763985656047,4.0,scaleout_tier_3,h_ema21,holdout
2025-05-16 17:00:00+00:00,38.845,38.80309003585988,39.054549820700586,2025-05-19 14:15:00+00:00,39.039549820700586,5.0,scaleout_tier_4,h_ema21,holdout
2025-05-16 17:00:00+00:00,38.845,38.80309003585988,39.096459784840704,2025-05-19 15:00:00+00:00,39.0814597848407,6.0,scaleout_tier_5,h_ema21,holdout
2025-05-16 17:00:00+00:00,38.845,38.80309003585988,39.13836974898082,2025-05-19 15:30:00+00:00,39.12336974898082,7.0,scaleout_tier_6,h_ema21,holdout
2025-05-16 17:00:00+00:00,38.845,38.80309003585988,39.18027971312094,2025-05-19 15:30:00+00:00,39.16527971312094,8.0,scaleout_tier_7,h_ema21,holdout
2025-05-16 17:00:00+00:00,38.845,38.80309003585988,39.222189677261056,2025-05-19 17:15:00+00:00,39.207189677261056,9.0,scaleout_tier_8,h_ema21,holdout
2025-05-16 17:00:00+00:00,38.845,38.80309003585988,39.264099641401174,2025-05-19 19:45:00+00:00,39.24909964140117,10.0,scaleout_tier_9,h_ema21,holdout
2025-05-16 17:00:00+00:00,38.845,38.80309003585988,39.30600960554129,2025-05-19 19:45:00+00:00,39.29100960554129,11.0,scaleout_tier_10,h_ema21,holdout
2025-05-16 17:00:00+00:00,38.845,38.80309003585988,39.34791956968141,2025-05-20 13:30:00+00:00,39.33291956968141,12.0,scaleout_tier_11,h_ema21,holdout
2025-05-16 17:00:00+00:00,38.845,38.80309003585988,39.389829533821526,2025-05-20 13:30:00+00:00,39.374829533821526,13.0,scaleout_tier_12,h_ema21,holdout
2025-05-16 17:00:00+00:00,38.845,38.80309003585988,39.431739497961644,2025-05-20 13:30:00+00:00,39.41673949796164,14.0,scaleout_tier_13,h_ema21,holdout
2025-05-21 17:45:00+00:00,39.605000000000004,39.54595751098746,39.723084978025085,2025-05-21 18:00:00+00:00,39.53095751098746,-1.254054330209802,stop_hit,h_ema21,holdout
2025-05-21 18:30:00+00:00,39.575,39.51530016459164,39.69439967081672,2025-05-21 18:45:00+00:00,39.50030016459164,-1.2512569741172213,stop_hit,h_ema21,holdout
2025-05-22 14:15:00+00:00,39.365,39.296204733515395,39.502590532969215,2025-05-22 15:30:00+00:00,39.487590532969215,2.0,scaleout_tier_1,h_ema50,holdout
2025-05-22 14:15:00+00:00,39.365,39.296204733515395,39.57138579945382,2025-05-22 16:15:00+00:00,39.55638579945382,3.0,scaleout_tier_2,h_ema50,holdout
2025-05-22 14:15:00+00:00,39.365,39.296204733515395,39.64018106593843,2025-05-22 19:15:00+00:00,39.62518106593843,4.0,scaleout_tier_3,h_ema50,holdout
2025-05-22 14:15:00+00:00,39.365,39.296204733515395,39.502590532969215,2025-05-22 19:45:00+00:00,39.525,2.3257414089063495,trail_exit,h_ema50,holdout
2025-05-23 14:15:00+00:00,39.605000000000004,39.54575017580491,39.72349964839019,2025-05-23 16:15:00+00:00,39.70849964839019,2.0,scaleout_tier_1,h_ema21,holdout
2025-05-23 14:15:00+00:00,39.605000000000004,39.54575017580491,39.78274947258528,2025-05-23 17:15:00+00:00,39.76774947258528,3.0,scaleout_tier_2,h_ema21,holdout
2025-05-23 14:15:00+00:00,39.605000000000004,39.54575017580491,39.84199929678037,2025-05-23 18:00:00+00:00,39.82699929678037,4.0,scaleout_tier_3,h_ema21,holdout
2025-05-23 14:15:00+00:00,39.605000000000004,39.54575017580491,39.901249120975464,2025-05-27 13:30:00+00:00,39.886249120975464,5.0,scaleout_tier_4,h_ema21,holdout
2025-05-23 14:15:00+00:00,39.605000000000004,39.54575017580491,39.960498945170556,2025-05-27 13:30:00+00:00,39.945498945170556,6.0,scaleout_tier_5,h_ema21,holdout
2025-05-23 14:15:00+00:00,39.605000000000004,39.54575017580491,40.01974876936565,2025-05-27 13:30:00+00:00,40.00474876936565,7.0,scaleout_tier_6,h_ema21,holdout
2025-05-23 14:15:00+00:00,39.605000000000004,39.54575017580491,40.07899859356074,2025-05-27 13:30:00+00:00,40.06399859356074,8.0,scaleout_tier_7,h_ema21,holdout
2025-05-27 17:45:00+00:00,40.025,39.975767344377964,40.12346531124407,2025-05-28 13:30:00+00:00,39.96076734437796,-1.3046758256381175,stop_hit,h_ema21,holdout
2025-05-28 17:15:00+00:00,39.745,39.69746257695399,39.840074846092016,2025-05-28 18:00:00+00:00,39.68246257695399,-1.3155408736708936,stop_hit,h_ema21,holdout
2025-05-29 14:00:00+00:00,39.695,39.64228452721582,39.80043094556836,2025-05-29 14:30:00+00:00,39.62728452721582,-1.2845464378440021,stop_hit,h_ema21,holdout
2025-05-29 15:15:00+00:00,39.665,39.6072204735444,39.780559052911194,2025-05-29 15:30:00+00:00,39.5922204735444,-1.259607527443615,stop_hit,h_ema21,holdout
2025-05-29 16:15:00+00:00,39.675,39.60886242567944,39.80727514864111,2025-05-30 14:00:00+00:00,39.79227514864111,2.0,scaleout_tier_1,h_ema21,holdout
2025-05-29 16:15:00+00:00,39.675,39.60886242567944,39.87341272296167,2025-05-30 14:00:00+00:00,39.85841272296167,3.0,scaleout_tier_2,h_ema21,holdout
2025-05-29 16:15:00+00:00,39.675,39.60886242567944,39.80727514864111,2025-05-30 16:15:00+00:00,39.725,0.7559999064626013,trail_exit,h_ema21,holdout
2025-06-02 14:15:00+00:00,39.975,39.90732293035707,40.11035413928587,2025-06-02 15:00:00+00:00,40.09535413928587,2.0,scaleout_tier_1,h_ema21,holdout
2025-06-02 14:15:00+00:00,39.975,39.90732293035707,40.1780312089288,2025-06-02 18:45:00+00:00,40.1630312089288,3.0,scaleout_tier_2,h_ema21,holdout
2025-06-02 14:15:00+00:00,39.975,39.90732293035707,40.24570827857173,2025-06-02 19:45:00+00:00,40.23070827857173,4.0,scaleout_tier_3,h_ema21,holdout
2025-06-02 14:15:00+00:00,39.975,39.90732293035707,40.11035413928587,2025-06-03 13:30:00+00:00,39.96,-0.22164080210832404,stop_hit,h_ema21,holdout
2025-06-03 15:15:00+00:00,40.035000000000004,39.97507557043574,40.15484885912853,2025-06-04 13:45:00+00:00,40.13984885912853,2.0,scaleout_tier_1,h_ema50,holdout
2025-06-03 15:15:00+00:00,40.035000000000004,39.97507557043574,40.21477328869279,2025-06-04 14:00:00+00:00,40.19977328869279,3.0,scaleout_tier_2,h_ema50,holdout
2025-06-03 15:15:00+00:00,40.035000000000004,39.97507557043574,40.27469771825705,2025-06-04 14:15:00+00:00,40.25969771825705,4.0,scaleout_tier_3,h_ema50,holdout
2025-06-03 15:15:00+00:00,40.035000000000004,39.97507557043574,40.15484885912853,2025-06-04 15:30:00+00:00,40.185,2.5031527390534594,trail_exit,h_ema50,holdout
2025-06-05 15:30:00+00:00,40.355000000000004,40.30680936756144,40.45138126487713,2025-06-05 15:45:00+00:00,40.29180936756144,-1.3112638129230618,stop_hit,h_ema21,holdout
2025-06-09 15:00:00+00:00,40.295,40.259573615764204,40.3658527684716,2025-06-09 15:30:00+00:00,40.3508527684716,2.0,scaleout_tier_1,h_ema21,holdout
2025-06-09 15:00:00+00:00,40.295,40.259573615764204,40.401279152707396,2025-06-09 17:00:00+00:00,40.386279152707395,3.0,scaleout_tier_2,h_ema21,holdout
2025-06-09 15:00:00+00:00,40.295,40.259573615764204,40.436705536943194,2025-06-09 17:15:00+00:00,40.42170553694319,4.0,scaleout_tier_3,h_ema21,holdout
2025-06-09 15:00:00+00:00,40.295,40.259573615764204,40.3658527684716,2025-06-09 19:30:00+00:00,40.325,0.8468264726177283,trail_exit,h_ema21,holdout
2025-06-10 13:45:00+00:00,40.515,40.4720119473431,40.600976105313805,2025-06-10 14:00:00+00:00,40.4570119473431,-1.3489341589794521,stop_hit,h_ema21,holdout
2025-06-10 17:00:00+00:00,40.355000000000004,40.31629576307806,40.43240847384389,2025-06-10 18:00:00+00:00,40.30129576307806,-1.38755446930142,stop_hit,h_ema21,holdout
2025-06-10 19:00:00+00:00,40.315,40.27978501618588,40.38542996762823,2025-06-11 13:45:00+00:00,40.370429967628226,2.0,scaleout_tier_1,h_ema21,holdout
2025-06-10 19:00:00+00:00,40.315,40.27978501618588,40.42064495144234,2025-06-11 13:45:00+00:00,40.40564495144234,3.0,scaleout_tier_2,h_ema21,holdout
2025-06-10 19:00:00+00:00,40.315,40.27978501618588,40.455859935256456,2025-06-11 14:15:00+00:00,40.440859935256455,4.0,scaleout_tier_3,h_ema21,holdout
2025-06-10 19:00:00+00:00,40.315,40.27978501618588,40.49107491907057,2025-06-11 14:30:00+00:00,40.47607491907057,5.0,scaleout_tier_4,h_ema21,holdout
2025-06-10 19:00:00+00:00,40.315,40.27978501618588,40.38542996762823,2025-06-11 16:00:00+00:00,40.405,2.555730267407666,trail_exit,h_ema21,holdout
2025-06-11 16:30:00+00:00,40.455,40.415472880366075,40.534054239267846,2025-06-11 18:15:00+00:00,40.400472880366074,-1.3794862903981238,stop_hit,h_ema21,holdout
2025-06-13 15:00:00+00:00,40.495,40.437568785343316,40.60986242931336,2025-06-13 16:00:00+00:00,40.59486242931336,2.0,scaleout_tier_1,h_ema200,holdout
2025-06-13 15:00:00+00:00,40.495,40.437568785343316,40.60986242931336,2025-06-13 17:15:00+00:00,40.48,-0.2611820085935721,stop_hit,h_ema200,holdout
2025-06-13 18:00:00+00:00,40.525,40.47804196050138,40.61891607899724,2025-06-13 18:15:00+00:00,40.46304196050138,-1.319434119485366,stop_hit,h_ema21,holdout
2025-06-30 14:15:00+00:00,39.645,39.54581514016619,39.84336971966763,2025-07-01 16:00:00+00:00,39.82836971966763,2.0,scaleout_tier_1,ema21,holdout
2025-06-30 14:15:00+00:00,39.645,39.54581514016619,39.84336971966763,2025-07-02 13:30:00+00:00,39.63,-0.15123275896274482,stop_hit,ema21,holdout
2025-07-02 16:30:00+00:00,39.525,39.46951776414154,39.63596447171691,2025-07-03 13:30:00+00:00,39.62096447171691,2.0,scaleout_tier_1,donchian_low,holdout
2025-07-02 16:30:00+00:00,39.525,39.46951776414154,39.691446707575366,2025-07-03 13:30:00+00:00,39.676446707575366,3.0,scaleout_tier_2,donchian_low,holdout
2025-07-02 16:30:00+00:00,39.525,39.46951776414154,39.74692894343382,2025-07-03 13:30:00+00:00,39.73192894343382,4.0,scaleout_tier_3,donchian_low,holdout
2025-07-02 16:30:00+00:00,39.525,39.46951776414154,39.80241117929228,2025-07-03 13:30:00+00:00,39.78741117929228,5.0,scaleout_tier_4,donchian_low,holdout
2025-07-03 16:45:00+00:00,39.795,39.75080453213945,39.88339093572111,2025-07-07 13:30:00+00:00,39.73580453213945,-1.3394013170610322,stop_hit,ema21,holdout
2025-07-07 18:45:00+00:00,39.485,39.425204965505756,39.604590068988486,2025-07-07 19:45:00+00:00,39.410204965505756,-1.2508569503617342,stop_hit,donchian_low,holdout
2025-07-08 13:45:00+00:00,39.545,39.489392785869924,39.65621442826016,2025-07-08 15:30:00+00:00,39.641214428260156,2.0,scaleout_tier_1,donchian_low,holdout
2025-07-08 13:45:00+00:00,39.545,39.489392785869924,39.711821642390234,2025-07-08 15:30:00+00:00,39.69682164239023,3.0,scaleout_tier_2,donchian_low,holdout
2025-07-08 13:45:00+00:00,39.545,39.489392785869924,39.76742885652031,2025-07-08 15:45:00+00:00,39.75242885652031,4.0,scaleout_tier_3,donchian_low,holdout
2025-07-08 13:45:00+00:00,39.545,39.489392785869924,39.82303607065039,2025-07-08 18:00:00+00:00,39.80803607065039,5.0,scaleout_tier_4,donchian_low,holdout
2025-07-08 13:45:00+00:00,39.545,39.489392785869924,39.878643284780466,2025-07-09 17:00:00+00:00,39.863643284780466,6.0,scaleout_tier_5,donchian_low,holdout
2025-07-08 13:45:00+00:00,39.545,39.489392785869924,39.934250498910544,2025-07-09 18:45:00+00:00,39.91925049891054,7.0,scaleout_tier_6,donchian_low,holdout
2025-07-08 13:45:00+00:00,39.545,39.489392785869924,39.98985771304062,2025-07-09 19:30:00+00:00,39.97485771304062,8.0,scaleout_tier_7,donchian_low,holdout
2025-07-08 13:45:00+00:00,39.545,39.489392785869924,40.0454649271707,2025-07-10 13:30:00+00:00,40.0304649271707,9.0,scaleout_tier_8,donchian_low,holdout
2025-07-08 13:45:00+00:00,39.545,39.489392785869924,40.101072141300776,2025-07-10 13:45:00+00:00,40.086072141300775,10.0,scaleout_tier_9,donchian_low,holdout
2025-07-08 13:45:00+00:00,39.545,39.489392785869924,40.15667935543085,2025-07-10 14:00:00+00:00,40.14167935543085,11.0,scaleout_tier_10,donchian_low,holdout
2025-07-08 13:45:00+00:00,39.545,39.489392785869924,40.21228656956093,2025-07-10 15:00:00+00:00,40.19728656956093,12.0,scaleout_tier_11,donchian_low,holdout
2025-07-08 13:45:00+00:00,39.545,39.489392785869924,40.26789378369101,2025-07-10 16:00:00+00:00,40.25289378369101,13.0,scaleout_tier_12,donchian_low,holdout
2025-07-08 13:45:00+00:00,39.545,39.489392785869924,40.323500997821085,2025-07-10 17:45:00+00:00,40.308500997821085,14.0,scaleout_tier_13,donchian_low,holdout
2025-07-08 13:45:00+00:00,39.545,39.489392785869924,39.65621442826016,2025-07-11 13:30:00+00:00,39.885,6.114314578044894,trail_exit,donchian_low,holdout
2025-07-11 15:45:00+00:00,39.935,39.88297862118399,40.03904275763203,2025-07-11 16:00:00+00:00,39.86797862118399,-1.2883429916967675,stop_hit,ema21,holdout
2025-07-11 17:15:00+00:00,39.945,39.90009256487232,40.03481487025537,2025-07-11 19:45:00+00:00,39.885092564872316,-1.334020412373846,stop_hit,ema21,holdout
2025-07-14 15:15:00+00:00,39.975,39.93331151603296,40.05837696793409,2025-07-14 19:30:00+00:00,39.964999999999996,-0.239874398117011,trail_exit,ema21,holdout
2025-07-16 13:45:00+00:00,39.655,39.61273217288223,39.73953565423554,2025-07-16 14:15:00+00:00,39.59773217288223,-1.3548798465132075,stop_hit,ema21,holdout
2025-07-16 16:15:00+00:00,39.745,39.68315987414437,39.86868025171125,2025-07-17 13:30:00+00:00,39.66815987414437,-1.2425609552448256,stop_hit,ema21,holdout
2025-07-17 14:15:00+00:00,39.785000000000004,39.73460423281614,39.88579153436773,2025-07-17 14:30:00+00:00,39.71960423281614,-1.297644045089626,stop_hit,ema21,holdout
2025-07-17 17:45:00+00:00,39.705,39.66463969102441,39.78572061795117,2025-07-17 19:00:00+00:00,39.77072061795117,2.0,scaleout_tier_1,ema21,holdout
2025-07-17 17:45:00+00:00,39.705,39.66463969102441,39.82608092692676,2025-07-18 13:30:00+00:00,39.811080926926756,3.0,scaleout_tier_2,ema21,holdout
2025-07-17 17:45:00+00:00,39.705,39.66463969102441,39.86644123590234,2025-07-18 13:30:00+00:00,39.85144123590234,4.0,scaleout_tier_3,ema21,holdout
2025-07-17 17:45:00+00:00,39.705,39.66463969102441,39.90680154487793,2025-07-18 13:30:00+00:00,39.89180154487793,5.0,scaleout_tier_4,ema21,holdout
2025-07-18 15:15:00+00:00,39.915,39.872625278694166,39.999749442611666,2025-07-18 16:15:00+00:00,39.857625278694165,-1.3539846289900113,stop_hit,ema21,holdout
2025-07-24 17:15:00+00:00,40.915,40.87225779310761,41.00048441378478,2025-07-24 17:45:00+00:00,40.85725779310761,-1.3509411677727532,stop_hit,h_ema21,holdout
2025-07-28 14:45:00+00:00,40.275,40.22469545913919,40.37560908172161,2025-07-28 15:00:00+00:00,40.20969545913919,-1.298183816874615,stop_hit,ema21,holdout
2025-07-29 13:45:00+00:00,40.315,40.27409848455975,40.39680303088049,2025-07-29 18:30:00+00:00,40.38180303088049,2.0,scaleout_tier_1,ema21,holdout
2025-07-29 13:45:00+00:00,40.315,40.27409848455975,40.39680303088049,2025-07-30 13:30:00+00:00,40.3,-0.3667345778890305,stop_hit,ema21,holdout
2025-07-30 14:45:00+00:00,40.185,40.13580059644189,40.28339880711623,2025-07-30 15:00:00+00:00,40.12080059644189,-1.3048817448017027,stop_hit,ema21,holdout
2025-07-30 15:45:00+00:00,40.155,40.111487552972115,40.242024894055774,2025-07-30 18:45:00+00:00,40.096487552972114,-1.3447289459585505,stop_hit,ema21,holdout
2025-07-31 14:45:00+00:00,39.975,39.915064125789584,40.094871748420836,2025-07-31 15:15:00+00:00,39.900064125789584,-1.250267476659137,stop_hit,ema21,holdout
2025-07-31 15:45:00+00:00,40.005,39.94357146753114,40.12785706493772,2025-07-31 17:15:00+00:00,39.92857146753114,-1.2441862013813312,stop_hit,ema21,holdout
2025-07-31 18:45:00+00:00,39.905,39.848473672918324,40.018052654163355,2025-07-31 19:15:00+00:00,39.83347367291832,-1.2653630754803238,stop_hit,ema21,holdout
2025-08-01 14:30:00+00:00,39.805,39.72979933736761,39.95540132526478,2025-08-01 15:15:00+00:00,39.71479933736761,-1.1994663274887123,stop_hit,ema50,holdout
2025-08-01 15:45:00+00:00,39.875,39.792044796009904,40.04091040798019,2025-08-01 17:00:00+00:00,39.7770447960099,-1.1808204823628836,stop_hit,ema50,holdout
2025-08-04 15:15:00+00:00,40.145,40.07237256353927,40.29025487292147,2025-08-04 15:30:00+00:00,40.05737256353927,-1.2065335186119386,stop_hit,ema21,holdout
2025-08-05 19:15:00+00:00,40.255,40.21998212828079,40.32503574343843,2025-08-06 13:30:00+00:00,40.310035743438426,2.0,scaleout_tier_1,ema21,holdout
2025-08-05 19:15:00+00:00,40.255,40.21998212828079,40.36005361515764,2025-08-06 13:30:00+00:00,40.34505361515764,3.0,scaleout_tier_2,ema21,holdout
2025-08-05 19:15:00+00:00,40.255,40.21998212828079,40.39507148687685,2025-08-06 13:30:00+00:00,40.38007148687685,4.0,scaleout_tier_3,ema21,holdout
2025-08-05 19:15:00+00:00,40.255,40.21998212828079,40.430089358596064,2025-08-06 15:15:00+00:00,40.41508935859606,5.0,scaleout_tier_4,ema21,holdout
2025-08-06 18:15:00+00:00,40.435,40.39630250798984,40.51239498402033,2025-08-06 18:30:00+00:00,40.38130250798984,-1.3876220194337239,stop_hit,h_ema21,holdout
2025-08-08 16:00:00+00:00,40.565,40.520239557517826,40.65452088496434,2025-08-08 19:15:00+00:00,40.525,-0.8936462148677627,trail_exit,h_ema21,holdout
2025-08-11 14:15:00+00:00,40.625,40.586983937947174,40.70103212410565,2025-08-11 14:30:00+00:00,40.571983937947174,-1.39457006302118,stop_hit,h_ema21,holdout
2025-08-11 18:30:00+00:00,40.645,40.61675574709472,40.701488505810566,2025-08-11 18:45:00+00:00,40.60175574709472,-1.5310814929431409,stop_hit,h_ema21,holdout
2025-09-02 16:15:00+00:00,40.735,40.657686838325525,40.88962632334895,2025-09-02 19:45:00+00:00,40.87462632334895,2.0,scaleout_tier_1,h_ema200,holdout
2025-09-02 16:15:00+00:00,40.735,40.657686838325525,40.966939485023424,2025-09-03 13:30:00+00:00,40.95193948502342,3.0,scaleout_tier_2,h_ema200,holdout
2025-09-02 16:15:00+00:00,40.735,40.657686838325525,41.0442526466979,2025-09-03 14:30:00+00:00,41.0292526466979,4.0,scaleout_tier_3,h_ema200,holdout
2025-09-02 16:15:00+00:00,40.735,40.657686838325525,41.121565808372374,2025-09-03 15:00:00+00:00,41.10656580837237,5.0,scaleout_tier_4,h_ema200,holdout
2025-09-02 16:15:00+00:00,40.735,40.657686838325525,40.88962632334895,2025-09-03 17:45:00+00:00,41.055,4.139010655745166,trail_exit,h_ema200,holdout
2025-09-03 18:15:00+00:00,41.105000000000004,41.05861830637451,41.19776338725099,2025-09-04 13:30:00+00:00,41.182763387250986,2.0,scaleout_tier_1,h_ema21,holdout
2025-09-03 18:15:00+00:00,41.105000000000004,41.05861830637451,41.24414508087648,2025-09-04 13:30:00+00:00,41.22914508087648,3.0,scaleout_tier_2,h_ema21,holdout
2025-09-03 18:15:00+00:00,41.105000000000004,41.05861830637451,41.29052677450197,2025-09-04 13:30:00+00:00,41.27552677450197,4.0,scaleout_tier_3,h_ema21,holdout
2025-09-03 18:15:00+00:00,41.105000000000004,41.05861830637451,41.33690846812746,2025-09-04 13:30:00+00:00,41.32190846812746,5.0,scaleout_tier_4,h_ema21,holdout
2025-09-08 18:15:00+00:00,41.595,41.5548678561857,41.67526428762859,2025-09-09 19:00:00+00:00,41.705,2.7409450267346944,trail_exit,h_ema21,holdout
2025-09-10 15:15:00+00:00,41.745,41.71003339337304,41.814933213253916,2025-09-10 15:30:00+00:00,41.69503339337304,-1.428980717517942,stop_hit,h_ema21,holdout
2025-09-10 19:00:00+00:00,41.775,41.7464242910485,41.832151417903,2025-09-10 19:15:00+00:00,41.7314242910485,-1.5249213597975524,stop_hit,h_ema21,holdout
2025-09-12 16:30:00+00:00,41.905,41.863138582062085,41.98872283587583,2025-09-15 13:30:00+00:00,41.97372283587583,2.0,scaleout_tier_1,h_ema50,holdout
2025-09-12 16:30:00+00:00,41.905,41.863138582062085,42.03058425381375,2025-09-15 13:30:00+00:00,42.01558425381375,3.0,scaleout_tier_2,h_ema50,holdout
2025-09-12 16:30:00+00:00,41.905,41.863138582062085,42.072445671751666,2025-09-15 17:45:00+00:00,42.057445671751665,4.0,scaleout_tier_3,h_ema50,holdout
2025-09-12 16:30:00+00:00,41.905,41.863138582062085,41.98872283587583,2025-09-16 13:30:00+00:00,41.894999999999996,-0.23888345145966886,trail_exit,h_ema50,holdout
2025-09-16 16:00:00+00:00,41.895,41.85124320298225,41.9825135940355,2025-09-16 19:45:00+00:00,41.855,-0.9141436925509075,trail_exit,h_ema200,holdout
2025-09-17 13:45:00+00:00,42.065,42.026355717596005,42.142288564807984,2025-09-17 14:15:00+00:00,42.011355717596004,-1.3881557391385428,stop_hit,h_ema21,holdout
2025-09-17 17:30:00+00:00,41.915,41.882649486640744,41.97970102671851,2025-09-17 17:45:00+00:00,41.867649486640744,-1.4636711582726523,stop_hit,h_ema21,holdout
2025-09-18 14:15:00+00:00,41.765,41.67228055871127,41.95043888257746,2025-09-18 14:30:00+00:00,41.65728055871127,-1.1617783691479597,stop_hit,h_ema21,holdout
2025-09-18 19:00:00+00:00,41.715,41.66670315077048,41.81159369845905,2025-09-18 19:30:00+00:00,41.65170315077048,-1.3105792663350675,stop_hit,h_ema21,holdout
2025-09-19 18:00:00+00:00,41.445,41.408678082017765,41.51764383596447,2025-09-19 18:15:00+00:00,41.393678082017765,-1.4129737864431329,stop_hit,ema21,holdout
2025-09-22 13:45:00+00:00,41.475,41.43638538025302,41.55222923949396,2025-09-22 14:15:00+00:00,41.42138538025302,-1.3884539093816597,stop_hit,ema21,holdout
2025-09-22 14:45:00+00:00,41.465,41.42754992308951,41.539900153820994,2025-09-22 17:00:00+00:00,41.524900153820994,2.0,scaleout_tier_1,ema21,holdout
2025-09-22 14:45:00+00:00,41.465,41.42754992308951,41.57735023073149,2025-09-22 17:15:00+00:00,41.56235023073149,3.0,scaleout_tier_2,ema21,holdout
2025-09-22 14:45:00+00:00,41.465,41.42754992308951,41.614800307641985,2025-09-22 17:30:00+00:00,41.599800307641985,4.0,scaleout_tier_3,ema21,holdout
2025-09-22 14:45:00+00:00,41.465,41.42754992308951,41.65225038455248,2025-09-23 13:30:00+00:00,41.63725038455248,5.0,scaleout_tier_4,ema21,holdout
2025-09-22 14:45:00+00:00,41.465,41.42754992308951,41.68970046146298,2025-09-23 13:45:00+00:00,41.674700461462976,6.0,scaleout_tier_5,ema21,holdout
2025-09-22 14:45:00+00:00,41.465,41.42754992308951,41.539900153820994,2025-09-23 15:00:00+00:00,41.585,3.204265782598888,trail_exit,ema21,holdout
2025-09-23 16:30:00+00:00,41.535000000000004,41.50499934146726,41.59500131706549,2025-09-23 17:15:00+00:00,41.48999934146726,-1.4999890246952328,stop_hit,ema21,holdout
2025-09-24 14:30:00+00:00,41.455,41.41644851189694,41.53210297620612,2025-09-24 15:45:00+00:00,41.40144851189694,-1.3890900387528717,stop_hit,ema21,holdout
2025-09-24 16:30:00+00:00,41.395,41.35430521086211,41.47638957827579,2025-09-24 18:00:00+00:00,41.33930521086211,-1.3685975604683163,stop_hit,ema21,holdout
2025-09-24 18:30:00+00:00,41.365,41.33006579669717,41.434868406605666,2025-09-25 13:30:00+00:00,41.31506579669717,-1.429378619857763,stop_hit,ema21,holdout
2025-09-25 15:45:00+00:00,41.015,40.96164713192411,41.12170573615178,2025-09-25 17:15:00+00:00,40.94664713192411,-1.2811470224742962,stop_hit,ema50,holdout
2025-09-26 15:30:00+00:00,41.485,41.42774367733324,41.59951264533352,2025-09-29 13:30:00+00:00,41.58451264533352,2.0,scaleout_tier_1,ema21,holdout
2025-09-26 15:30:00+00:00,41.485,41.42774367733324,41.65676896800028,2025-09-29 13:30:00+00:00,41.64176896800028,3.0,scaleout_tier_2,ema21,holdout
2025-09-26 15:30:00+00:00,41.485,41.42774367733324,41.59951264533352,2025-09-29 14:00:00+00:00,41.575,1.5718788040897549,trail_exit,ema21,holdout
2025-09-29 16:15:00+00:00,41.595,41.54705665221697,41.69088669556605,2025-09-29 17:15:00+00:00,41.53205665221697,-1.3128692653647218,stop_hit,ema21,holdout
2025-10-02 17:30:00+00:00,42.215,42.17583959762187,42.29332080475628,2025-10-03 13:30:00+00:00,42.27832080475628,2.0,scaleout_tier_1,h_ema50,holdout
2025-10-02 17:30:00+00:00,42.215,42.17583959762187,42.332481207134414,2025-10-03 13:30:00+00:00,42.31748120713441,3.0,scaleout_tier_2,h_ema50,holdout
2025-10-02 17:30:00+00:00,42.215,42.17583959762187,42.37164160951255,2025-10-03 13:30:00+00:00,42.35664160951255,4.0,scaleout_tier_3,h_ema50,holdout
2025-10-02 17:30:00+00:00,42.215,42.17583959762187,42.41080201189069,2025-10-03 13:30:00+00:00,42.39580201189069,5.0,scaleout_tier_4,h_ema50,holdout
2025-10-02 17:30:00+00:00,42.215,42.17583959762187,42.449962414268825,2025-10-03 13:30:00+00:00,42.434962414268824,6.0,scaleout_tier_5,h_ema50,holdout
2025-10-02 17:30:00+00:00,42.215,42.17583959762187,42.48912281664696,2025-10-03 13:30:00+00:00,42.47412281664696,7.0,scaleout_tier_6,h_ema50,holdout
2025-10-02 17:30:00+00:00,42.215,42.17583959762187,42.5282832190251,2025-10-03 13:30:00+00:00,42.5132832190251,8.0,scaleout_tier_7,h_ema50,holdout
2025-10-02 17:30:00+00:00,42.215,42.17583959762187,42.567443621403235,2025-10-03 13:30:00+00:00,42.552443621403235,9.0,scaleout_tier_8,h_ema50,holdout
2025-10-06 18:00:00+00:00,42.625,42.59930203177057,42.67639593645886,2025-10-06 18:15:00+00:00,42.58430203177057,-1.5837037335435002,stop_hit,h_ema21,holdout
2025-10-07 18:30:00+00:00,42.495,42.461590218766624,42.561819562466745,2025-10-07 19:00:00+00:00,42.44659021876662,-1.4489703148674535,stop_hit,h_ema21,holdout
2025-10-10 14:15:00+00:00,42.115,42.072553887407466,42.199892225185074,2025-10-10 14:30:00+00:00,42.057553887407465,-1.3533892524857083,stop_hit,ema21,holdout
2025-10-10 15:15:00+00:00,42.045,41.983564571487,42.167870857026,2025-10-10 15:30:00+00:00,41.968564571487,-1.24415879180897,stop_hit,ema21,holdout
2025-10-28 13:45:00+00:00,42.865,42.72309377061579,43.148812458768425,2025-10-28 19:30:00+00:00,42.894999999999996,0.21140720974812816,trail_exit,ema21,holdout
2025-10-29 18:00:00+00:00,43.085,43.04263942473121,43.169721150537576,2025-10-29 18:15:00+00:00,43.02763942473121,-1.3541028398415766,stop_hit,h_ema21,holdout
2025-10-30 15:00:00+00:00,42.765,42.68925028356937,42.91649943286126,2025-10-30 19:15:00+00:00,42.735,-0.3960410865362781,trail_exit,h_ema200,holdout
2025-10-31 16:00:00+00:00,42.565,42.508276860308065,42.67844627938386,2025-10-31 17:15:00+00:00,42.493276860308065,-1.2644423436619807,stop_hit,h_ema200,holdout
2025-10-31 17:45:00+00:00,42.555,42.5056120033231,42.6537759933538,2025-10-31 19:15:00+00:00,42.638775993353796,2.0,scaleout_tier_1,h_ema21,holdout
2025-10-31 17:45:00+00:00,42.555,42.5056120033231,42.6537759933538,2025-11-03 14:30:00+00:00,42.54,-0.3037175226630899,stop_hit,h_ema21,holdout
2025-11-03 15:15:00+00:00,42.515,42.46391440984166,42.61717118031669,2025-11-03 15:30:00+00:00,42.448914409841656,-1.293624874519543,stop_hit,h_ema50,holdout
2025-11-03 18:45:00+00:00,42.555,42.51570414015906,42.63359171968188,2025-11-04 14:30:00+00:00,42.50070414015906,-1.38171960254125,stop_hit,h_ema21,holdout
2025-11-04 16:45:00+00:00,42.335,42.28123446339105,42.4425310732179,2025-11-04 17:15:00+00:00,42.26623446339105,-1.2789891247454552,stop_hit,ema21,holdout
2025-11-04 19:15:00+00:00,42.215,42.167671331455125,42.30965733708976,2025-11-04 19:30:00+00:00,42.152671331455124,-1.3169326427549328,stop_hit,ema21,holdout
2025-11-05 14:45:00+00:00,42.435,42.37610829214871,42.55278341570259,2025-11-05 15:15:00+00:00,42.53778341570259,2.0,scaleout_tier_1,ema21,holdout
2025-11-05 14:45:00+00:00,42.435,42.37610829214871,42.61167512355389,2025-11-05 17:00:00+00:00,42.59667512355389,3.0,scaleout_tier_2,ema21,holdout
2025-11-05 14:45:00+00:00,42.435,42.37610829214871,42.55278341570259,2025-11-06 14:45:00+00:00,42.625,3.2262606559103197,trail_exit,ema21,holdout
2025-11-07 15:00:00+00:00,42.545,42.48471107054456,42.66557785891088,2025-11-07 17:15:00+00:00,42.65057785891088,2.0,scaleout_tier_1,ema21,holdout
2025-11-07 15:00:00+00:00,42.545,42.48471107054456,42.72586678836632,2025-11-07 18:00:00+00:00,42.71086678836632,3.0,scaleout_tier_2,ema21,holdout
2025-11-07 15:00:00+00:00,42.545,42.48471107054456,42.78615571782176,2025-11-07 19:00:00+00:00,42.771155717821756,4.0,scaleout_tier_3,ema21,holdout
2025-11-07 15:00:00+00:00,42.545,42.48471107054456,42.846444647277195,2025-11-07 19:30:00+00:00,42.831444647277195,5.0,scaleout_tier_4,ema21,holdout
2025-11-07 15:00:00+00:00,42.545,42.48471107054456,42.906733576732634,2025-11-10 14:30:00+00:00,42.89173357673263,6.0,scaleout_tier_5,ema21,holdout
2025-11-07 15:00:00+00:00,42.545,42.48471107054456,42.96702250618807,2025-11-10 14:30:00+00:00,42.95202250618807,7.0,scaleout_tier_6,ema21,holdout
2025-11-07 15:00:00+00:00,42.545,42.48471107054456,43.02731143564351,2025-11-10 14:30:00+00:00,43.01231143564351,8.0,scaleout_tier_7,ema21,holdout
2025-11-12 15:00:00+00:00,43.545,43.50089335105082,43.633213297898365,2025-11-12 15:30:00+00:00,43.48589335105082,-1.3400847798998083,stop_hit,h_ema21,holdout
2025-11-12 16:45:00+00:00,43.585,43.54028602539006,43.67442794921988,2025-11-12 17:00:00+00:00,43.52528602539006,-1.3354655928230927,stop_hit,h_ema21,holdout
2025-11-13 15:00:00+00:00,43.405,43.36414627959252,43.48670744081497,2025-11-13 15:45:00+00:00,43.34914627959252,-1.3671636230528712,stop_hit,h_ema21,holdout
2025-11-17 15:00:00+00:00,42.795,42.74614756731068,42.89270486537865,2025-11-17 15:30:00+00:00,42.73114756731068,-1.3070471453365105,stop_hit,ema21,holdout
2025-11-17 17:30:00+00:00,42.825,42.77697560125687,42.921048797486264,2025-11-17 17:45:00+00:00,42.76197560125687,-1.3123412347176153,stop_hit,ema21,holdout
2025-11-18 17:45:00+00:00,42.155,42.079143107255256,42.30671378548949,2025-11-19 14:30:00+00:00,42.064143107255255,-1.1977407649753697,stop_hit,ema50,holdout
2025-11-19 18:00:00+00:00,41.705,41.64043933004441,41.83412133991118,2025-11-19 19:15:00+00:00,41.644999999999996,-0.9293583855507576,trail_exit,donchian_low,holdout
2025-11-20 15:30:00+00:00,42.105000000000004,42.03124515152462,42.25250969695077,2025-11-20 15:45:00+00:00,42.01624515152462,-1.2033764601252943,stop_hit,ema50,holdout
2025-11-20 18:15:00+00:00,41.675,41.57626614725265,41.872467705494685,2025-11-20 18:30:00+00:00,41.56126614725265,-1.1519235761860216,stop_hit,donchian_low,holdout
2025-11-21 14:45:00+00:00,41.705,41.59521777498019,41.92456445003961,2025-11-21 16:45:00+00:00,41.90956445003961,2.0,scaleout_tier_1,ema50,holdout
2025-11-21 14:45:00+00:00,41.705,41.59521777498019,42.03434667505942,2025-11-21 17:00:00+00:00,42.01934667505942,3.0,scaleout_tier_2,ema50,holdout
2025-11-21 14:45:00+00:00,41.705,41.59521777498019,41.92456445003961,2025-11-24 14:30:00+00:00,41.805,0.9108942725651615,trail_exit,ema50,holdout
2025-11-24 16:00:00+00:00,41.985,41.912824853180915,42.12935029363817,2025-11-24 16:30:00+00:00,41.897824853180914,-1.2078277725932423,stop_hit,ema50,holdout
2025-11-24 17:30:00+00:00,41.805,41.73692880567372,41.94114238865256,2025-11-25 14:30:00+00:00,41.92614238865256,2.0,scaleout_tier_1,ema50,holdout
2025-11-24 17:30:00+00:00,41.805,41.73692880567372,42.00921358297884,2025-11-25 14:30:00+00:00,41.99421358297884,3.0,scaleout_tier_2,ema50,holdout
2025-11-24 17:30:00+00:00,41.805,41.73692880567372,42.07728477730512,2025-11-25 14:30:00+00:00,42.062284777305116,4.0,scaleout_tier_3,ema50,holdout
2025-11-24 17:30:00+00:00,41.805,41.73692880567372,42.145355971631396,2025-11-25 14:30:00+00:00,42.130355971631396,5.0,scaleout_tier_4,ema50,holdout
2025-11-24 17:30:00+00:00,41.805,41.73692880567372,42.213427165957675,2025-11-25 14:30:00+00:00,42.198427165957675,6.0,scaleout_tier_5,ema50,holdout
2025-11-24 17:30:00+00:00,41.805,41.73692880567372,42.281498360283955,2025-11-25 14:30:00+00:00,42.266498360283954,7.0,scaleout_tier_6,ema50,holdout
2025-11-25 15:30:00+00:00,42.375,42.29790753515615,42.99173971875081,2025-11-26 16:00:00+00:00,42.97673971875081,8.0,scaleout_tier_7,ema21,holdout
2025-11-25 15:30:00+00:00,42.375,42.29790753515615,43.06883218359466,2025-11-28 14:30:00+00:00,43.05383218359466,9.0,scaleout_tier_8,ema21,holdout
2025-11-25 15:30:00+00:00,42.375,42.29790753515615,43.14592464843851,2025-11-28 15:30:00+00:00,43.13092464843851,10.0,scaleout_tier_9,ema21,holdout
2025-11-25 15:30:00+00:00,42.375,42.29790753515615,42.5291849296877,2025-12-01 15:30:00+00:00,43.045,8.690862347663575,trail_exit,ema21,holdout
2025-12-01 18:15:00+00:00,43.085,43.04527087063695,43.16445825872611,2025-12-01 19:00:00+00:00,43.03027087063695,-1.377556725769836,stop_hit,h_ema21,holdout
2025-12-02 15:00:00+00:00,42.945,42.89879289105966,43.03741421788069,2025-12-02 16:15:00+00:00,42.883792891059656,-1.3246253735408224,stop_hit,h_ema50,holdout
2025-12-02 17:30:00+00:00,42.975,42.93021024138041,43.06457951723919,2025-12-02 17:45:00+00:00,42.91521024138041,-1.3348979870018485,stop_hit,h_ema21,holdout
2025-12-04 17:00:00+00:00,43.535000000000004,43.489509611872926,43.62598077625416,2025-12-04 17:15:00+00:00,43.474509611872925,-1.3297399872275841,stop_hit,h_ema21,holdout
2025-12-05 18:15:00+00:00,43.285000000000004,43.24164135662272,43.37171728675457,2025-12-05 18:30:00+00:00,43.22664135662272,-1.3459517833498456,stop_hit,h_ema21,holdout
2025-12-08 18:00:00+00:00,43.095,43.051852525598036,43.181294948803924,2025-12-08 18:15:00+00:00,43.036852525598036,-1.3476449133560027,stop_hit,h_ema21,holdout
2025-12-10 14:45:00+00:00,43.225,43.1635405451961,43.347918909607806,2025-12-10 15:15:00+00:00,43.1485405451961,-1.2440633430260786,stop_hit,ema21,holdout
2025-12-10 19:15:00+00:00,43.265,43.21425723545541,43.366485529089175,2025-12-10 19:30:00+00:00,43.19925723545541,-1.2956086475505328,stop_hit,h_ema21,holdout
2025-12-31 17:30:00+00:00,44.055,44.01017830906283,44.14464338187434,2025-12-31 17:45:00+00:00,43.99517830906283,-1.3346593956267154,stop_hit,h_ema50,holdout
2025-12-31 18:15:00+00:00,44.075,44.03180639395446,44.161387212091086,2025-12-31 19:30:00+00:00,44.01680639395446,-1.3472736215676289,stop_hit,h_ema21,holdout
2026-01-02 14:45:00+00:00,44.355000000000004,44.287615812919775,44.48976837416046,2026-01-02 15:00:00+00:00,44.272615812919774,-1.2226041546237134,stop_hit,h_ema21,holdout
2026-01-06 17:15:00+00:00,45.085,45.02066866884017,45.213662662319656,2026-01-06 20:45:00+00:00,45.00566866884017,-1.2331678783815911,stop_hit,h_ema21,holdout
2026-01-08 15:15:00+00:00,44.525,44.47107513174618,44.63284973650763,2026-01-08 16:00:00+00:00,44.45607513174618,-1.2781647964237566,stop_hit,h_ema200,holdout
2026-01-08 16:45:00+00:00,44.525,44.46792250951302,44.63915498097395,2026-01-08 18:30:00+00:00,44.45292250951302,-1.262800621961884,stop_hit,h_ema21,holdout
2026-01-08 19:00:00+00:00,44.485,44.44143727118229,44.57212545763542,2026-01-08 19:30:00+00:00,44.42643727118229,-1.344331046449549,stop_hit,h_ema21,holdout
2026-01-12 15:00:00+00:00,45.055,45.000373479711875,45.16425304057625,2026-01-12 16:30:00+00:00,44.985373479711875,-1.2745919000676582,stop_hit,h_ema21,holdout
2026-01-12 19:00:00+00:00,44.965,44.925026835437016,45.04494632912598,2026-01-12 20:45:00+00:00,45.02994632912598,2.0,scaleout_tier_1,h_ema21,holdout
2026-01-12 19:00:00+00:00,44.965,44.925026835437016,45.04494632912598,2026-01-13 14:30:00+00:00,44.95,-0.37525175111829256,stop_hit,h_ema21,holdout
2026-01-13 15:45:00+00:00,44.905,44.84877960306677,45.01744079386647,2026-01-13 16:15:00+00:00,44.833779603066766,-1.266807081028156,stop_hit,h_ema21,holdout
2026-01-13 16:45:00+00:00,44.935,44.87405688367321,45.05688623265358,2026-01-14 14:30:00+00:00,45.04188623265358,2.0,scaleout_tier_1,h_ema21,holdout
2026-01-13 16:45:00+00:00,44.935,44.87405688367321,45.11782934898037,2026-01-14 14:30:00+00:00,45.10282934898037,3.0,scaleout_tier_2,h_ema21,holdout
2026-01-13 16:45:00+00:00,44.935,44.87405688367321,45.17877246530716,2026-01-14 18:45:00+00:00,45.16377246530716,4.0,scaleout_tier_3,h_ema21,holdout
2026-01-13 16:45:00+00:00,44.935,44.87405688367321,45.23971558163395,2026-01-14 20:45:00+00:00,45.22471558163395,5.0,scaleout_tier_4,h_ema21,holdout
2026-01-13 16:45:00+00:00,44.935,44.87405688367321,45.05688623265358,2026-01-15 14:30:00+00:00,45.005,1.1486120864683946,trail_exit,h_ema21,holdout
2026-01-15 15:00:00+00:00,45.175,45.109466213302866,45.30606757339426,2026-01-15 15:15:00+00:00,45.094466213302866,-1.2288895660695476,stop_hit,h_ema21,holdout
2026-01-15 18:15:00+00:00,45.145,45.09727890697764,45.240442186044724,2026-01-15 20:15:00+00:00,45.08227890697764,-1.3143264131224328,stop_hit,h_ema21,holdout
2026-01-16 16:00:00+00:00,45.085,45.03468072179892,45.18563855640216,2026-01-16 18:15:00+00:00,45.17063855640216,2.0,scaleout_tier_1,h_ema21,holdout
2026-01-16 16:00:00+00:00,45.085,45.03468072179892,45.23595783460324,2026-01-16 20:00:00+00:00,45.22095783460324,3.0,scaleout_tier_2,h_ema21,holdout
2026-01-16 16:00:00+00:00,45.085,45.03468072179892,45.18563855640216,2026-01-20 14:30:00+00:00,45.07,-0.298096485805288,stop_hit,h_ema21,holdout
2026-01-20 16:30:00+00:00,44.915,44.845622452842086,45.053755094315825,2026-01-20 17:30:00+00:00,44.830622452842086,-1.2162082779585515,stop_hit,h_ema200,holdout
2026-01-20 18:15:00+00:00,44.885,44.82326307740176,45.00847384519647,2026-01-20 18:30:00+00:00,44.80826307740176,-1.2429664351366487,stop_hit,h_ema21,holdout
2026-01-21 14:45:00+00:00,45.035000000000004,44.96796375599082,45.169072488018365,2026-01-21 15:15:00+00:00,44.95296375599082,-1.2237595530851384,stop_hit,h_ema50,holdout
2026-01-21 17:30:00+00:00,44.795,44.724193807323516,44.93661238535297,2026-01-21 19:15:00+00:00,44.92161238535297,2.0,scaleout_tier_1,h_ema21,holdout
2026-01-21 17:30:00+00:00,44.795,44.724193807323516,45.00741857802946,2026-01-21 19:15:00+00:00,44.99241857802946,3.0,scaleout_tier_2,h_ema21,holdout
2026-01-21 17:30:00+00:00,44.795,44.724193807323516,45.078224770705944,2026-01-21 19:15:00+00:00,45.06322477070594,4.0,scaleout_tier_3,h_ema21,holdout
2026-01-28 15:30:00+00:00,46.135,46.05502585122044,46.29494829755911,2026-01-28 18:30:00+00:00,46.065,-0.8752828391203179,trail_exit,h_ema21,holdout
2026-01-28 19:15:00+00:00,46.115,46.054545707718674,46.23590858456266,2026-01-28 19:30:00+00:00,46.03954570771867,-1.2481213398412982,stop_hit,h_ema21,holdout
2026-01-29 16:15:00+00:00,46.325,46.19887930107966,46.577241397840695,2026-01-30 15:00:00+00:00,46.255,-0.5550238826713945,trail_exit,h_ema21,holdout
2026-01-30 15:45:00+00:00,46.295,46.21073964467966,46.46352071064068,2026-01-30 16:00:00+00:00,46.19573964467966,-1.1780196623070711,stop_hit,h_ema21,holdout
2026-01-30 16:45:00+00:00,46.265,46.1814283109042,46.4321433781916,2026-01-30 17:00:00+00:00,46.1664283109042,-1.1794866199581782,stop_hit,h_ema21,holdout
2026-01-30 19:00:00+00:00,46.195,46.09870998527008,46.38758002945985,2026-02-02 14:30:00+00:00,46.37258002945985,2.0,scaleout_tier_1,h_ema21,holdout
2026-01-30 19:00:00+00:00,46.195,46.09870998527008,46.48387004418977,2026-02-02 14:30:00+00:00,46.46887004418977,3.0,scaleout_tier_2,h_ema21,holdout
2026-01-30 19:00:00+00:00,46.195,46.09870998527008,46.580160058919695,2026-02-02 17:00:00+00:00,46.565160058919695,4.0,scaleout_tier_3,h_ema21,holdout
2026-01-30 19:00:00+00:00,46.195,46.09870998527008,46.38758002945985,2026-02-02 18:45:00+00:00,46.445,2.5963232086027337,trail_exit,h_ema21,holdout
2026-02-03 15:00:00+00:00,46.345,46.25125475304085,46.5324904939183,2026-02-03 15:45:00+00:00,46.5174904939183,2.0,scaleout_tier_1,h_ema21,holdout
2026-02-03 15:00:00+00:00,46.345,46.25125475304085,46.5324904939183,2026-02-03 17:30:00+00:00,46.355,0.10667207484508898,trail_exit,h_ema21,holdout
2026-02-03 19:15:00+00:00,46.315,46.23581828566566,46.47336342866868,2026-02-04 14:30:00+00:00,46.458363428668676,2.0,scaleout_tier_1,h_ema21,holdout
2026-02-03 19:15:00+00:00,46.315,46.23581828566566,46.552545143003016,2026-02-04 14:30:00+00:00,46.537545143003015,3.0,scaleout_tier_2,h_ema21,holdout
2026-02-03 19:15:00+00:00,46.315,46.23581828566566,46.631726857337355,2026-02-04 14:30:00+00:00,46.616726857337355,4.0,scaleout_tier_3,h_ema21,holdout
2026-02-03 19:15:00+00:00,46.315,46.23581828566566,46.710908571671695,2026-02-04 14:30:00+00:00,46.695908571671694,5.0,scaleout_tier_4,h_ema21,holdout
2026-02-03 19:15:00+00:00,46.315,46.23581828566566,46.790090286006034,2026-02-04 14:30:00+00:00,46.775090286006034,6.0,scaleout_tier_5,h_ema21,holdout
2026-02-03 19:15:00+00:00,46.315,46.23581828566566,46.86927200034037,2026-02-04 14:30:00+00:00,46.85427200034037,7.0,scaleout_tier_6,h_ema21,holdout
2026-02-03 19:15:00+00:00,46.315,46.23581828566566,46.94845371467471,2026-02-04 14:30:00+00:00,46.93345371467471,8.0,scaleout_tier_7,h_ema21,holdout
2026-02-03 19:15:00+00:00,46.315,46.23581828566566,47.02763542900905,2026-02-04 14:30:00+00:00,47.01263542900905,9.0,scaleout_tier_8,h_ema21,holdout
2026-02-03 19:15:00+00:00,46.315,46.23581828566566,47.10681714334339,2026-02-04 14:30:00+00:00,47.09181714334339,10.0,scaleout_tier_9,h_ema21,holdout
2026-02-03 19:15:00+00:00,46.315,46.23581828566566,47.18599885767773,2026-02-04 14:30:00+00:00,47.17099885767773,11.0,scaleout_tier_10,h_ema21,holdout
2026-02-04 18:30:00+00:00,46.865,46.754519951241754,47.0859600975165,2026-02-04 18:45:00+00:00,46.894999999999996,0.27154224076819433,trail_exit,h_ema21,holdout
2026-02-05 16:30:00+00:00,46.155,46.005049644615376,46.45490071076925,2026-02-05 18:45:00+00:00,45.990049644615375,-1.1000331073676037,stop_hit,h_ema200,holdout
2026-02-05 19:15:00+00:00,46.085,45.96158482116523,46.33183035766954,2026-02-05 20:45:00+00:00,45.94658482116523,-1.1215409655572668,stop_hit,h_ema200,holdout
2026-02-09 15:15:00+00:00,46.735,46.65383725508133,46.89732548983734,2026-02-09 16:00:00+00:00,46.88232548983734,2.0,scaleout_tier_1,h_ema21,holdout
2026-02-09 15:15:00+00:00,46.735,46.65383725508133,46.978488234756014,2026-02-09 18:30:00+00:00,46.963488234756014,3.0,scaleout_tier_2,h_ema21,holdout
2026-02-09 15:15:00+00:00,46.735,46.65383725508133,47.059650979674686,2026-02-09 19:45:00+00:00,47.044650979674685,4.0,scaleout_tier_3,h_ema21,holdout
2026-02-09 15:15:00+00:00,46.735,46.65383725508133,47.14081372459336,2026-02-25 14:30:00+00:00,47.12581372459336,5.0,scaleout_tier_4,h_ema21,holdout
2026-02-09 15:15:00+00:00,46.735,46.65383725508133,47.22197646951203,2026-02-25 14:30:00+00:00,47.20697646951203,6.0,scaleout_tier_5,h_ema21,holdout
2026-02-09 15:15:00+00:00,46.735,46.65383725508133,47.3031392144307,2026-02-25 14:30:00+00:00,47.2881392144307,7.0,scaleout_tier_6,h_ema21,holdout
2026-02-09 15:15:00+00:00,46.735,46.65383725508133,47.38430195934937,2026-02-25 14:30:00+00:00,47.36930195934937,8.0,scaleout_tier_7,h_ema21,holdout
2026-02-09 15:15:00+00:00,46.735,46.65383725508133,47.465464704268044,2026-02-25 14:30:00+00:00,47.45046470426804,9.0,scaleout_tier_8,h_ema21,holdout
2026-02-09 15:15:00+00:00,46.735,46.65383725508133,47.546627449186715,2026-02-25 14:30:00+00:00,47.531627449186715,10.0,scaleout_tier_9,h_ema21,holdout
2026-02-09 15:15:00+00:00,46.735,46.65383725508133,47.62779019410539,2026-02-25 14:30:00+00:00,47.612790194105386,11.0,scaleout_tier_10,h_ema21,holdout
2026-02-09 15:15:00+00:00,46.735,46.65383725508133,47.70895293902406,2026-02-25 14:30:00+00:00,47.69395293902406,12.0,scaleout_tier_11,h_ema21,holdout
2026-02-09 15:15:00+00:00,46.735,46.65383725508133,47.79011568394273,2026-02-25 14:30:00+00:00,47.77511568394273,13.0,scaleout_tier_12,h_ema21,holdout
2026-02-09 15:15:00+00:00,46.735,46.65383725508133,47.8712784288614,2026-02-25 14:30:00+00:00,47.8562784288614,14.0,scaleout_tier_13,h_ema21,holdout
2026-02-09 15:15:00+00:00,46.735,46.65383725508133,47.95244117378007,2026-02-25 14:30:00+00:00,47.93744117378007,15.0,scaleout_tier_14,h_ema21,holdout
2026-02-09 15:15:00+00:00,46.735,46.65383725508133,48.033603918698745,2026-02-25 14:30:00+00:00,48.018603918698744,16.0,scaleout_tier_15,h_ema21,holdout
2026-02-09 15:15:00+00:00,46.735,46.65383725508133,48.11476666361742,2026-02-25 14:30:00+00:00,48.099766663617416,17.0,scaleout_tier_16,h_ema21,holdout
2026-02-09 15:15:00+00:00,46.735,46.65383725508133,48.19592940853609,2026-02-25 14:30:00+00:00,48.18092940853609,18.0,scaleout_tier_17,h_ema21,holdout
2026-02-09 15:15:00+00:00,46.735,46.65383725508133,48.27709215345476,2026-02-25 14:30:00+00:00,48.26209215345476,19.0,scaleout_tier_18,h_ema21,holdout
2026-02-26 16:30:00+00:00,48.675,48.602801450540916,48.81939709891816,2026-02-26 16:45:00+00:00,48.587801450540915,-1.2077604067170615,stop_hit,h_ema21,holdout
2026-02-26 18:15:00+00:00,48.445,48.3798373441973,48.575325311605404,2026-02-26 18:30:00+00:00,48.5603253116054,2.0,scaleout_tier_1,h_ema21,holdout
2026-02-26 18:15:00+00:00,48.445,48.3798373441973,48.640487967408106,2026-02-27 14:30:00+00:00,48.625487967408105,3.0,scaleout_tier_2,h_ema21,holdout
2026-02-26 18:15:00+00:00,48.445,48.3798373441973,48.70565062321081,2026-02-27 14:30:00+00:00,48.69065062321081,4.0,scaleout_tier_3,h_ema21,holdout
2026-02-26 18:15:00+00:00,48.445,48.3798373441973,48.575325311605404,2026-02-27 14:45:00+00:00,48.595,2.3019319601424084,trail_exit,h_ema21,holdout
2026-02-27 16:15:00+00:00,48.875,48.803149434870065,49.01870113025987,2026-02-27 16:30:00+00:00,48.788149434870064,-1.2087666251876297,stop_hit,h_ema21,holdout
2026-03-03 15:45:00+00:00,46.135,45.913442271062365,46.57811545787526,2026-03-03 17:15:00+00:00,46.56311545787526,2.0,scaleout_tier_1,ema21,holdout
2026-03-03 15:45:00+00:00,46.135,45.913442271062365,46.799673186812896,2026-03-03 18:30:00+00:00,46.784673186812896,3.0,scaleout_tier_2,ema21,holdout
2026-03-03 15:45:00+00:00,46.135,45.913442271062365,47.02123091575053,2026-03-04 15:15:00+00:00,47.00623091575053,4.0,scaleout_tier_3,ema21,holdout
2026-03-03 15:45:00+00:00,46.135,45.913442271062365,47.24278864468816,2026-03-04 20:30:00+00:00,47.22778864468816,5.0,scaleout_tier_4,ema21,holdout
2026-03-03 15:45:00+00:00,46.135,45.913442271062365,46.57811545787526,2026-03-05 14:30:00+00:00,46.535,1.8053985384215434,trail_exit,ema21,holdout
2026-03-06 16:15:00+00:00,45.885,45.73005122744114,46.19489754511772,2026-03-09 13:30:00+00:00,45.71505122744114,-1.0968061879567488,stop_hit,ema50,holdout
2026-03-09 15:00:00+00:00,45.565,45.40306370912968,45.88887258174063,2026-03-09 17:30:00+00:00,45.585,0.12350536061135232,trail_exit,ema50,holdout
2026-03-09 19:15:00+00:00,45.845,45.74487758592731,46.04524482814537,2026-03-09 19:30:00+00:00,46.03024482814537,2.0,scaleout_tier_1,ema50,holdout
2026-03-09 19:15:00+00:00,45.845,45.74487758592731,46.14536724221806,2026-03-09 19:30:00+00:00,46.13036724221806,3.0,scaleout_tier_2,ema50,holdout
2026-03-09 19:15:00+00:00,45.845,45.74487758592731,46.245489656290744,2026-03-09 19:30:00+00:00,46.23048965629074,4.0,scaleout_tier_3,ema50,holdout
2026-03-09 19:15:00+00:00,45.845,45.74487758592731,46.34561207036343,2026-03-09 19:30:00+00:00,46.33061207036343,5.0,scaleout_tier_4,ema50,holdout
2026-03-10 15:45:00+00:00,46.835,46.69938648564605,47.1062270287079,2026-03-10 16:00:00+00:00,46.68438648564605,-1.1106084454153353,stop_hit,ema21,holdout
2026-03-11 14:15:00+00:00,46.275,46.117055940250225,46.590888119499546,2026-03-11 15:30:00+00:00,46.102055940250224,-1.0949703333177876,stop_hit,ema21,holdout
2026-03-11 16:45:00+00:00,46.235,46.096912246400024,46.51117550719995,2026-03-12 13:30:00+00:00,46.08191224640002,-1.1086265770059076,stop_hit,ema21,holdout
2026-03-12 14:15:00+00:00,46.035000000000004,45.907280908675624,46.290438182648764,2026-03-12 14:30:00+00:00,45.89228090867562,-1.1174452452210428,stop_hit,ema21,holdout
2026-03-12 15:45:00+00:00,45.885,45.734568840699296,46.1858623186014,2026-03-12 16:00:00+00:00,45.719568840699296,-1.0997133843129971,stop_hit,ema50,holdout
2026-03-12 16:30:00+00:00,45.875,45.722224031711505,46.18055193657699,2026-03-13 14:15:00+00:00,45.707224031711505,-1.0981829810541621,stop_hit,ema50,holdout
2026-03-13 18:45:00+00:00,45.495,45.388745238145184,45.707509523709625,2026-03-13 19:15:00+00:00,45.37374523814518,-1.1411701437013857,stop_hit,ema50,holdout
2026-03-16 13:45:00+00:00,46.045,45.903790194931844,46.32741961013632,2026-03-16 16:15:00+00:00,45.88879019493184,-1.1062249182538033,stop_hit,ema21,holdout
2026-03-17 14:45:00+00:00,46.595,46.48528736830013,46.81442526339974,2026-03-17 15:00:00+00:00,46.47028736830013,-1.136720811155405,stop_hit,ema21,holdout
2026-03-17 16:00:00+00:00,46.475,46.37288091985159,46.679238160296826,2026-03-17 16:30:00+00:00,46.35788091985159,-1.1468873395471313,stop_hit,ema21,holdout
2026-03-18 16:15:00+00:00,45.805,45.7064012583995,46.002197483200995,2026-03-18 18:30:00+00:00,45.6914012583995,-1.1521317590520332,stop_hit,ema50,holdout
2026-03-19 14:45:00+00:00,44.935,44.78303085592906,45.23893828814188,2026-03-19 15:30:00+00:00,44.76803085592906,-1.0987042474424844,stop_hit,ema50,holdout
2026-03-19 16:00:00+00:00,44.905,44.7547730123432,45.2054539753136,2026-03-19 19:00:00+00:00,45.1904539753136,2.0,scaleout_tier_1,donchian_low,holdout
2026-03-19 16:00:00+00:00,44.905,44.7547730123432,45.2054539753136,2026-03-20 13:45:00+00:00,44.89,-0.09984890354234245,stop_hit,donchian_low,holdout
2026-03-20 15:15:00+00:00,44.335,44.170727830334265,44.66354433933147,2026-03-20 15:30:00+00:00,44.155727830334264,-1.0913118760805487,stop_hit,ema100,holdout
2026-03-23 13:45:00+00:00,44.555,44.37070100554299,44.92359798891402,2026-03-23 15:00:00+00:00,44.90859798891402,2.0,scaleout_tier_1,ema100,holdout
2026-03-23 13:45:00+00:00,44.555,44.37070100554299,44.92359798891402,2026-03-23 15:45:00+00:00,44.54,-0.08138948367132606,stop_hit,ema100,holdout
2026-03-24 14:00:00+00:00,44.195,44.01186789827652,44.56126420344696,2026-03-24 19:00:00+00:00,44.54626420344696,2.0,scaleout_tier_1,ema100,holdout
2026-03-24 14:00:00+00:00,44.195,44.01186789827652,44.74439630517044,2026-03-25 13:30:00+00:00,44.72939630517044,3.0,scaleout_tier_2,ema100,holdout
2026-03-24 14:00:00+00:00,44.195,44.01186789827652,44.92752840689392,2026-03-25 13:30:00+00:00,44.91252840689392,4.0,scaleout_tier_3,ema100,holdout
2026-03-24 14:00:00+00:00,44.195,44.01186789827652,45.1106605086174,2026-03-25 16:30:00+00:00,45.0956605086174,5.0,scaleout_tier_4,ema100,holdout
2026-03-24 14:00:00+00:00,44.195,44.01186789827652,44.56126420344696,2026-03-26 13:30:00+00:00,44.575,2.0750048540030575,trail_exit,ema100,holdout
2026-03-26 18:45:00+00:00,44.395,44.29739823847285,44.590203523054306,2026-03-26 19:00:00+00:00,44.28239823847285,-1.1536857508030502,stop_hit,ema100,holdout
2026-03-27 14:45:00+00:00,44.295,44.19118663841085,44.50262672317831,2026-03-27 16:00:00+00:00,44.17618663841085,-1.1444900711274888,stop_hit,ema100,holdout
2026-03-27 16:30:00+00:00,44.315,44.20514707428278,44.53470585143444,2026-03-27 17:30:00+00:00,44.19014707428278,-1.136546203954668,stop_hit,ema100,holdout
2026-03-27 18:45:00+00:00,44.155,44.06823728966876,44.32852542066249,2026-03-27 19:00:00+00:00,44.05323728966876,-1.172885332220876,stop_hit,ema100,holdout
2026-03-30 13:45:00+00:00,44.535000000000004,44.41989859785633,44.76520280428735,2026-03-30 15:30:00+00:00,44.75020280428735,2.0,scaleout_tier_1,ema100,holdout
2026-03-30 13:45:00+00:00,44.535000000000004,44.41989859785633,44.76520280428735,2026-03-30 17:15:00+00:00,44.52,-0.1303198720487976,stop_hit,ema100,holdout
2026-03-30 17:45:00+00:00,44.595,44.498083461348315,44.788833077303366,2026-03-30 18:30:00+00:00,44.483083461348315,-1.1547723454498342,stop_hit,ema100,holdout
2026-03-31 18:15:00+00:00,45.295,45.12952199870459,45.625956002590826,2026-04-01 13:30:00+00:00,45.610956002590825,2.0,scaleout_tier_1,ema21,holdout
2026-03-31 18:15:00+00:00,45.295,45.12952199870459,45.79143400388624,2026-04-01 13:30:00+00:00,45.77643400388624,3.0,scaleout_tier_2,ema21,holdout
2026-03-31 18:15:00+00:00,45.295,45.12952199870459,45.95691200518165,2026-04-01 13:30:00+00:00,45.94191200518165,4.0,scaleout_tier_3,ema21,holdout
2026-03-31 18:15:00+00:00,45.295,45.12952199870459,46.12239000647706,2026-04-01 14:45:00+00:00,46.10739000647706,5.0,scaleout_tier_4,ema21,holdout
2026-04-01 19:15:00+00:00,46.205,46.100444299996646,46.4141114000067,2026-04-02 13:30:00+00:00,46.085444299996645,-1.1434642013732355,stop_hit,h_ema21,holdout
2026-04-02 14:00:00+00:00,45.915,45.76038549874802,46.224229002503954,2026-04-02 14:30:00+00:00,46.20922900250395,2.0,scaleout_tier_1,ema21,holdout
2026-04-02 14:00:00+00:00,45.915,45.76038549874802,46.37884350375593,2026-04-06 13:30:00+00:00,46.36384350375593,3.0,scaleout_tier_2,ema21,holdout
2026-04-02 14:00:00+00:00,45.915,45.76038549874802,46.224229002503954,2026-04-07 13:30:00+00:00,45.935,0.12935397286835898,trail_exit,ema21,holdout
2026-04-07 14:45:00+00:00,46.085,45.98105971890704,46.29288056218592,2026-04-07 15:00:00+00:00,45.96605971890704,-1.14431363704496,stop_hit,ema21,holdout
2026-04-07 16:15:00+00:00,45.935,45.81788019949144,46.169239601017125,2026-04-07 19:15:00+00:00,46.154239601017125,2.0,scaleout_tier_1,ema21,holdout
2026-04-07 16:15:00+00:00,45.935,45.81788019949144,46.28635940152569,2026-04-07 19:45:00+00:00,46.271359401525686,3.0,scaleout_tier_2,ema21,holdout
2026-04-07 16:15:00+00:00,45.935,45.81788019949144,46.40347920203425,2026-04-08 13:30:00+00:00,46.38847920203425,4.0,scaleout_tier_3,ema21,holdout
2026-04-07 16:15:00+00:00,45.935,45.81788019949144,46.52059900254281,2026-04-08 13:30:00+00:00,46.50559900254281,5.0,scaleout_tier_4,ema21,holdout
2026-04-07 16:15:00+00:00,45.935,45.81788019949144,46.63771880305137,2026-04-08 13:30:00+00:00,46.62271880305137,6.0,scaleout_tier_5,ema21,holdout
2026-04-07 16:15:00+00:00,45.935,45.81788019949144,46.75483860355993,2026-04-08 13:30:00+00:00,46.73983860355993,7.0,scaleout_tier_6,ema21,holdout
2026-04-07 16:15:00+00:00,45.935,45.81788019949144,46.871958404068494,2026-04-08 13:30:00+00:00,46.85695840406849,8.0,scaleout_tier_7,ema21,holdout
2026-04-07 16:15:00+00:00,45.935,45.81788019949144,46.989078204577055,2026-04-08 13:30:00+00:00,46.974078204577054,9.0,scaleout_tier_8,ema21,holdout
2026-04-07 16:15:00+00:00,45.935,45.81788019949144,47.106198005085616,2026-04-08 13:30:00+00:00,47.091198005085616,10.0,scaleout_tier_9,ema21,holdout
2026-04-07 16:15:00+00:00,45.935,45.81788019949144,47.22331780559418,2026-04-08 13:30:00+00:00,47.20831780559418,11.0,scaleout_tier_10,ema21,holdout
2026-04-07 16:15:00+00:00,45.935,45.81788019949144,47.34043760610274,2026-04-08 13:30:00+00:00,47.32543760610274,12.0,scaleout_tier_11,ema21,holdout
2026-04-07 16:15:00+00:00,45.935,45.81788019949144,47.4575574066113,2026-04-08 13:30:00+00:00,47.4425574066113,13.0,scaleout_tier_12,ema21,holdout
2026-04-07 16:15:00+00:00,45.935,45.81788019949144,47.57467720711986,2026-04-08 13:30:00+00:00,47.55967720711986,14.0,scaleout_tier_13,ema21,holdout
2026-04-07 16:15:00+00:00,45.935,45.81788019949144,47.69179700762842,2026-04-08 13:30:00+00:00,47.67679700762842,15.0,scaleout_tier_14,ema21,holdout
2026-04-08 19:15:00+00:00,47.565,47.45564658476212,47.78370683047575,2026-04-09 13:30:00+00:00,47.44064658476212,-1.1371699271336981,stop_hit,h_ema21,holdout
2026-04-10 15:15:00+00:00,47.795,47.7003693387506,47.98426132249881,2026-04-10 15:30:00+00:00,47.6853693387506,-1.1585109921240777,stop_hit,h_ema21,holdout
2026-04-10 17:45:00+00:00,47.635,47.55607907039584,47.792841859208316,2026-04-13 13:30:00+00:00,47.54107907039584,-1.1900636507354327,stop_hit,h_ema21,holdout
2026-04-13 14:00:00+00:00,47.625,47.54551229720956,47.783975405580875,2026-04-13 14:15:00+00:00,47.53051229720956,-1.1887084350587755,stop_hit,h_ema21,holdout
2026-04-13 17:15:00+00:00,47.795,47.71494858917068,47.95510282165864,2026-04-14 13:30:00+00:00,47.94010282165864,2.0,scaleout_tier_1,h_ema21,holdout
2026-04-13 17:15:00+00:00,47.795,47.71494858917068,48.03515423248796,2026-04-14 13:30:00+00:00,48.02015423248796,3.0,scaleout_tier_2,h_ema21,holdout
2026-04-13 17:15:00+00:00,47.795,47.71494858917068,48.11520564331728,2026-04-14 19:15:00+00:00,48.10020564331728,4.0,scaleout_tier_3,h_ema21,holdout
2026-04-13 17:15:00+00:00,47.795,47.71494858917068,47.95510282165864,2026-04-15 13:30:00+00:00,47.885,1.1242774995170042,trail_exit,h_ema21,holdout
2026-04-15 18:15:00+00:00,47.835,47.780624224952014,47.943751550095975,2026-04-15 19:30:00+00:00,47.76562422495201,-1.2758581369509303,stop_hit,h_ema21,holdout
2026-04-16 15:15:00+00:00,47.885,47.80078755814955,48.05342488370089,2026-04-16 16:15:00+00:00,47.78578755814955,-1.178120948287417,stop_hit,h_ema21,holdout
2026-04-16 17:30:00+00:00,47.775,47.70202928966603,47.92094142066794,2026-04-17 13:30:00+00:00,47.905941420667936,2.0,scaleout_tier_1,h_ema21,holdout
2026-04-16 17:30:00+00:00,47.775,47.70202928966603,47.993912131001906,2026-04-17 13:30:00+00:00,47.978912131001906,3.0,scaleout_tier_2,h_ema21,holdout
2026-04-16 17:30:00+00:00,47.775,47.70202928966603,48.066882841335875,2026-04-17 13:30:00+00:00,48.051882841335875,4.0,scaleout_tier_3,h_ema21,holdout
2026-04-16 17:30:00+00:00,47.775,47.70202928966603,48.139853551669844,2026-04-17 13:30:00+00:00,48.124853551669844,5.0,scaleout_tier_4,h_ema21,holdout
2026-04-17 14:30:00+00:00,48.245,48.161273300383286,48.41245339923342,2026-04-17 15:00:00+00:00,48.146273300383285,-1.1791543207682655,stop_hit,h_ema21,holdout
2026-04-17 18:00:00+00:00,48.305,48.22993090266703,48.45513819466594,2026-04-17 18:45:00+00:00,48.21493090266703,-1.1998159100470818,stop_hit,h_ema21,holdout
2026-04-20 14:30:00+00:00,47.995,47.90961386248031,48.165772275039366,2026-04-20 14:45:00+00:00,47.89461386248031,-1.1756725439951254,stop_hit,h_ema21,holdout
2026-04-22 13:45:00+00:00,47.315,47.176594681799,47.59181063640199,2026-04-22 14:45:00+00:00,47.161594681799,-1.108377338349219,stop_hit,ema21,holdout
2026-04-22 17:15:00+00:00,47.195,47.09865912768981,47.38768174462039,2026-04-22 19:00:00+00:00,47.083659127689806,-1.1556971578138127,stop_hit,ema21,holdout
2026-04-23 14:15:00+00:00,47.165,47.0860173871431,47.322965225713794,2026-04-23 15:45:00+00:00,47.0710173871431,-1.1899152162410467,stop_hit,ema21,holdout
2026-04-23 16:45:00+00:00,47.125,47.05760457934648,47.25979084130704,2026-04-23 17:00:00+00:00,47.04260457934648,-1.2225670506178146,stop_hit,ema21,holdout
2026-04-23 18:15:00+00:00,46.875,46.76080688863574,47.10338622272852,2026-04-23 19:30:00+00:00,46.74580688863574,-1.1313564349092204,stop_hit,ema21,holdout
2026-04-24 14:15:00+00:00,46.965,46.85907902901102,47.17684194197797,2026-04-24 15:15:00+00:00,46.84407902901102,-1.1416150159873513,stop_hit,ema21,holdout
2026-04-24 16:30:00+00:00,46.945,46.852121997782014,47.13075600443597,2026-04-27 14:30:00+00:00,46.83712199778201,-1.1615021818061426,stop_hit,ema21,holdout
2026-04-27 16:00:00+00:00,46.795,46.72557954366103,46.93384091267795,2026-04-27 16:45:00+00:00,46.71057954366103,-1.2160746383855032,stop_hit,ema21,holdout
2026-04-27 19:15:00+00:00,46.765,46.71727829076184,46.86044341847632,2026-04-27 19:45:00+00:00,46.70227829076184,-1.314322354321831,stop_hit,ema21,holdout
2026-04-28 15:15:00+00:00,46.575,46.50330590241561,46.718388195168785,2026-04-28 17:00:00+00:00,46.48830590241561,-1.2092222443046174,stop_hit,ema50,holdout
2026-04-28 17:30:00+00:00,46.545,46.49035028391563,46.65429943216874,2026-04-29 13:30:00+00:00,46.47535028391563,-1.2744753509211848,stop_hit,ema50,holdout
2026-04-29 17:30:00+00:00,45.995,45.91995627623925,46.1450874475215,2026-04-29 18:00:00+00:00,45.90495627623925,-1.1998834712390165,stop_hit,ema50,holdout
2026-04-30 15:00:00+00:00,47.115,46.97523225055424,47.39453549889152,2026-05-01 13:30:00+00:00,46.96023225055424,-1.1073208952671996,stop_hit,ema21,holdout
2026-05-01 15:15:00+00:00,47.295,47.21244637043323,47.46010725913355,2026-05-01 15:45:00+00:00,47.19744637043323,-1.181700066716844,stop_hit,ema21,holdout
2026-05-04 14:30:00+00:00,46.805,46.72801604413504,46.95896791172992,2026-05-04 14:45:00+00:00,46.71301604413504,-1.1948457939250665,stop_hit,ema21,holdout
2026-05-05 14:45:00+00:00,46.165,46.06688434219083,46.36123131561833,2026-05-05 15:45:00+00:00,46.34623131561833,2.0,scaleout_tier_1,ema50,holdout
2026-05-05 14:45:00+00:00,46.165,46.06688434219083,46.4593469734275,2026-05-05 18:45:00+00:00,46.4443469734275,3.0,scaleout_tier_2,ema50,holdout
2026-05-05 14:45:00+00:00,46.165,46.06688434219083,46.55746263123667,2026-05-06 13:30:00+00:00,46.54246263123667,4.0,scaleout_tier_3,ema50,holdout
2026-05-05 14:45:00+00:00,46.165,46.06688434219083,46.655578289045835,2026-05-06 13:30:00+00:00,46.640578289045834,5.0,scaleout_tier_4,ema50,holdout
2026-05-05 14:45:00+00:00,46.165,46.06688434219083,46.753693946855,2026-05-06 13:30:00+00:00,46.738693946855,6.0,scaleout_tier_5,ema50,holdout
2026-05-05 14:45:00+00:00,46.165,46.06688434219083,46.85180960466417,2026-05-06 13:30:00+00:00,46.83680960466417,7.0,scaleout_tier_6,ema50,holdout
2026-05-05 14:45:00+00:00,46.165,46.06688434219083,46.949925262473336,2026-05-06 13:30:00+00:00,46.934925262473335,8.0,scaleout_tier_7,ema50,holdout
2026-05-05 14:45:00+00:00,46.165,46.06688434219083,47.0480409202825,2026-05-06 13:30:00+00:00,47.0330409202825,9.0,scaleout_tier_8,ema50,holdout
2026-05-05 14:45:00+00:00,46.165,46.06688434219083,47.14615657809167,2026-05-06 13:30:00+00:00,47.13115657809167,10.0,scaleout_tier_9,ema50,holdout
2026-05-05 14:45:00+00:00,46.165,46.06688434219083,47.24427223590084,2026-05-06 13:30:00+00:00,47.22927223590084,11.0,scaleout_tier_10,ema50,holdout
2026-05-05 14:45:00+00:00,46.165,46.06688434219083,47.342387893710004,2026-05-06 13:30:00+00:00,47.327387893710004,12.0,scaleout_tier_11,ema50,holdout
2026-05-07 17:15:00+00:00,46.525,46.443568787170975,46.68786242565805,2026-05-07 17:30:00+00:00,46.428568787170974,-1.1842045510423027,stop_hit,ema21,holdout
2026-05-08 13:45:00+00:00,46.665,46.548492133024325,46.89801573395135,2026-05-08 15:00:00+00:00,46.533492133024325,-1.1287466708418281,stop_hit,ema21,holdout
