entry_date,entry_price,stop,target,exit_date,exit_price,R_multiple,exit_reason,zone_triggered,period
2023-02-03 19:00:00+00:00,307.96999999999997,306.339075294284,311.23184941143194,2023-02-03 19:15:00+00:00,305.829075294284,-1.3127060361600804,stop_hit,ema200,train
2023-02-06 16:00:00+00:00,305.18,303.67059101021215,308.1988179795757,2023-02-06 18:00:00+00:00,303.16059101021216,-1.337880589986197,stop_hit,ema200,train
2023-02-06 19:00:00+00:00,304.5,303.3798298163128,306.7403403673744,2023-02-06 20:00:00+00:00,302.8698298163128,-1.4552879619784644,stop_hit,ema200,train
2023-02-08 17:00:00+00:00,305.84999999999997,304.36612263526075,308.8177547294784,2023-02-08 18:30:00+00:00,303.85612263526076,-1.3436941705014964,stop_hit,ema200,train
2023-02-15 15:30:00+00:00,306.07,304.7971711062822,308.6156577874356,2023-02-15 19:00:00+00:00,308.10565778743563,2.0,scaleout_tier_1,ema200,train
2023-02-15 15:30:00+00:00,306.07,304.7971711062822,308.6156577874356,2023-02-16 14:30:00+00:00,305.56,-0.4006822932109345,stop_hit,ema200,train
2023-02-16 15:00:00+00:00,305.83,304.60940385203,308.2711922959399,2023-02-16 20:00:00+00:00,305.53000000000003,-0.24578153920844473,trail_exit,ema200,train
2023-03-17 13:45:00+00:00,307.59,306.47396812075726,309.8220637584854,2023-03-17 14:15:00+00:00,305.9639681207573,-1.4569761934991081,stop_hit,ema200,train
2023-03-17 17:15:00+00:00,306.53,305.2705176813436,309.0489646373127,2023-03-17 17:30:00+00:00,304.76051768134363,-1.4049282728669599,stop_hit,ema200,train
2023-03-20 14:30:00+00:00,304.34,303.06842402991043,306.88315194017906,2023-03-20 16:00:00+00:00,302.55842402991044,-1.4010770980235472,stop_hit,ema200,train
2023-03-20 17:45:00+00:00,305.94,304.8949539853503,308.0300920292994,2023-03-20 18:00:00+00:00,304.3849539853503,-1.488016788591786,stop_hit,ema200,train
2023-03-21 17:00:00+00:00,308.515,307.5497038237063,310.44559235258737,2023-03-21 19:30:00+00:00,309.9355923525874,2.0,scaleout_tier_1,ema200,train
2023-03-21 17:00:00+00:00,308.515,307.5497038237063,311.41088852888106,2023-03-22 14:15:00+00:00,310.90088852888107,3.0,scaleout_tier_2,ema200,train
2023-03-21 17:00:00+00:00,308.515,307.5497038237063,310.44559235258737,2023-03-22 18:00:00+00:00,311.3,2.885124864674373,trail_exit,ema200,train
2023-03-23 13:45:00+00:00,310.94,308.9954333134652,314.8291333730696,2023-03-23 17:45:00+00:00,310.3,-0.32912216610089945,trail_exit,ema200,train
2023-03-23 19:15:00+00:00,309.48,308.00557699133816,312.42884601732374,2023-03-23 19:30:00+00:00,307.49557699133817,-1.3458980204485897,stop_hit,ema200,train
2023-03-24 14:00:00+00:00,309.76,308.0763967540402,313.12720649191954,2023-03-24 14:15:00+00:00,307.5663967540402,-1.3029217253078262,stop_hit,ema200,train
2023-03-24 15:45:00+00:00,308.335,306.8140607509322,311.37687849813557,2023-03-27 13:30:00+00:00,310.8668784981356,2.0,scaleout_tier_1,ema200,train
2023-03-24 15:45:00+00:00,308.335,306.8140607509322,311.37687849813557,2023-03-27 15:00:00+00:00,309.3499,0.6672850349690551,trail_exit,ema200,train
2023-03-27 16:30:00+00:00,309.61,308.62012929122477,311.5897414175505,2023-03-27 16:45:00+00:00,308.1101292912248,-1.5152188012826533,stop_hit,ema200,train
2023-03-27 17:30:00+00:00,309.34,308.37806869759135,311.26386260481723,2023-03-27 19:45:00+00:00,307.86806869759135,-1.5301833911870584,stop_hit,ema200,train
2023-03-28 14:15:00+00:00,307.3,306.2787802918372,309.3424394163256,2023-03-28 14:30:00+00:00,305.76878029183723,-1.499402817947471,stop_hit,ema21,train
2023-03-28 15:15:00+00:00,306.83,305.8250146895867,308.8399706208266,2023-03-28 16:15:00+00:00,305.3150146895867,-1.5074701040060494,stop_hit,ema21,train
2023-03-28 17:30:00+00:00,306.5,305.72016933132505,308.0596613373499,2023-03-28 17:45:00+00:00,305.21016933132506,-1.653988129072379,stop_hit,ema21,train
2023-03-28 18:15:00+00:00,305.84999999999997,305.08263484727445,307.384730305451,2023-03-29 13:30:00+00:00,306.874730305451,2.0,scaleout_tier_1,ema21,train
2023-03-28 18:15:00+00:00,305.84999999999997,305.08263484727445,308.1520954581765,2023-03-29 13:30:00+00:00,307.6420954581765,3.0,scaleout_tier_2,ema21,train
2023-03-28 18:15:00+00:00,305.84999999999997,305.08263484727445,308.91946061090204,2023-03-29 13:30:00+00:00,308.40946061090204,4.0,scaleout_tier_3,ema21,train
2023-03-28 18:15:00+00:00,305.84999999999997,305.08263484727445,309.68682576362755,2023-03-29 13:30:00+00:00,309.17682576362756,5.0,scaleout_tier_4,ema21,train
2023-03-28 18:15:00+00:00,305.84999999999997,305.08263484727445,310.45419091635307,2023-03-29 13:30:00+00:00,309.9441909163531,6.0,scaleout_tier_5,ema21,train
2023-03-28 18:15:00+00:00,305.84999999999997,305.08263484727445,311.2215560690786,2023-03-29 13:30:00+00:00,310.7115560690786,7.0,scaleout_tier_6,ema21,train
2023-03-30 19:00:00+00:00,315.75,314.905666276846,317.43866744630805,2023-04-03 14:45:00+00:00,317.515,2.0904056673311584,trail_exit,h_ema21,train
2023-04-03 15:30:00+00:00,318.68,317.67156333429017,320.6968733314197,2023-04-03 17:00:00+00:00,317.1615633342902,-1.5057332972329032,stop_hit,h_ema21,train
2023-04-03 18:30:00+00:00,318.645,317.9190220630919,320.0969558738161,2023-04-03 19:45:00+00:00,319.5869558738161,2.0,scaleout_tier_1,h_ema21,train
2023-04-03 18:30:00+00:00,318.645,317.9190220630919,320.8229338107242,2023-04-04 14:00:00+00:00,320.3129338107242,3.0,scaleout_tier_2,h_ema21,train
2023-04-03 18:30:00+00:00,318.645,317.9190220630919,320.0969558738161,2023-04-04 15:30:00+00:00,318.94,0.406348437056391,trail_exit,h_ema21,train
2023-04-04 17:30:00+00:00,319.96999999999997,319.1765071113457,321.5569857773085,2023-04-04 17:45:00+00:00,318.6665071113457,-1.6427278773284644,stop_hit,h_ema21,train
2023-04-04 18:15:00+00:00,319.86,319.13842395175897,321.3031520964821,2023-04-04 18:30:00+00:00,318.628423951759,-1.706786209496829,stop_hit,h_ema21,train
2023-04-05 18:00:00+00:00,315.84,314.98325334715844,317.55349330568305,2023-04-05 19:15:00+00:00,314.47325334715845,-1.5952751590082024,stop_hit,h_ema21,train
2023-04-06 14:15:00+00:00,315.59999999999997,314.64289943944993,317.51420112110003,2023-04-06 14:30:00+00:00,314.13289943944994,-1.5328593682014995,stop_hit,h_ema21,train
2023-04-10 14:45:00+00:00,315.46999999999997,314.56477043145776,317.2804591370844,2023-04-10 15:00:00+00:00,314.05477043145777,-1.5633929974484804,stop_hit,h_ema200,train
2023-04-10 19:00:00+00:00,318.26,317.5265392084491,319.7269215831018,2023-04-10 19:15:00+00:00,317.0165392084491,-1.6953336918277528,stop_hit,h_ema50,train
2023-04-11 15:15:00+00:00,316.56,315.79319282918846,318.0936143416231,2023-04-11 15:30:00+00:00,315.28319282918847,-1.6650955017285964,stop_hit,h_ema21,train
2023-04-11 16:00:00+00:00,316.36,315.6271397761396,317.82572044772087,2023-04-11 16:30:00+00:00,315.1171397761396,-1.6959035071019488,stop_hit,h_ema21,train
2023-04-11 17:30:00+00:00,316.96,316.2775383780791,318.32492324384174,2023-04-11 19:30:00+00:00,315.7675383780791,-1.7472947688465292,stop_hit,h_ema21,train
2023-04-12 14:15:00+00:00,317.1117,316.26334346870385,318.80841306259225,2023-04-12 14:30:00+00:00,315.75334346870386,-1.6011623429371191,stop_hit,h_ema21,train
2023-04-12 15:30:00+00:00,315.21,314.2072811548489,317.21543769030217,2023-04-12 18:30:00+00:00,313.6972811548489,-1.5086171487313993,stop_hit,ema21,train
2023-04-13 13:45:00+00:00,316.032,314.97082907865286,318.15434184269424,2023-04-13 17:30:00+00:00,317.64434184269425,2.0,scaleout_tier_1,ema21,train
2023-04-13 13:45:00+00:00,316.032,314.97082907865286,319.21551276404136,2023-04-13 18:30:00+00:00,318.7055127640414,3.0,scaleout_tier_2,ema21,train
2023-04-13 13:45:00+00:00,316.032,314.97082907865286,318.15434184269424,2023-04-14 14:15:00+00:00,317.1,1.0064354181928052,trail_exit,ema21,train
2023-04-14 17:15:00+00:00,317.14,316.32772993335044,318.7645401332991,2023-04-14 17:30:00+00:00,315.81772993335045,-1.6278699916933297,stop_hit,h_ema50,train
2023-04-14 18:00:00+00:00,317.34999999999997,316.53118245756957,318.98763508486076,2023-04-17 15:30:00+00:00,316.0211824575696,-1.6228493816659337,stop_hit,h_ema21,train
2023-04-17 16:00:00+00:00,317.24,316.4166414559198,318.8867170881605,2023-04-17 16:15:00+00:00,315.9066414559198,-1.6194142317059526,stop_hit,h_ema21,train
2023-04-17 16:45:00+00:00,317.25,316.49415498493283,318.76169003013433,2023-04-17 18:00:00+00:00,315.98415498493284,-1.6747415010134996,stop_hit,h_ema21,train
2023-04-18 17:45:00+00:00,319.39,318.70185071366694,320.7662985726661,2023-04-18 18:00:00+00:00,318.19185071366695,-1.741118257518858,stop_hit,h_ema21,train
2023-04-19 14:15:00+00:00,317.61,316.78499724437955,319.26000551124093,2023-04-19 17:00:00+00:00,318.75000551124094,2.0,scaleout_tier_1,ema21,train
2023-04-19 14:15:00+00:00,317.61,316.78499724437955,319.26000551124093,2023-04-20 13:30:00+00:00,317.1,-0.6181797533711691,stop_hit,ema21,train
2023-04-20 14:15:00+00:00,318.46999999999997,317.7142560247747,319.98148795045046,2023-04-20 14:30:00+00:00,317.20425602477474,-1.67483171115984,stop_hit,ema21,train
2023-04-20 15:30:00+00:00,317.94,317.19099769851607,319.43800460296785,2023-04-20 16:00:00+00:00,316.6809976985161,-1.6809057849215905,stop_hit,ema21,train
2023-04-20 16:30:00+00:00,318.4799,317.76774478517586,319.90421042964823,2023-04-20 18:15:00+00:00,317.2577447851759,-1.7161360183621535,stop_hit,ema21,train
2023-04-21 14:30:00+00:00,316.51,315.6010055525413,318.3279888949173,2023-04-21 14:45:00+00:00,315.09100555254133,-1.5610595327901395,stop_hit,ema21,train
2023-04-21 17:00:00+00:00,316.76,315.95962118075363,318.3607576384927,2023-04-21 19:00:00+00:00,315.44962118075364,-1.637198271288848,stop_hit,ema21,train
2023-04-24 16:30:00+00:00,315.07,314.2859470942466,316.6381058115068,2023-04-25 13:30:00+00:00,313.7759470942466,-1.6504663094257923,stop_hit,ema21,train
2023-04-25 15:00:00+00:00,313.93,313.20743468061755,315.3751306387649,2023-04-25 15:30:00+00:00,312.69743468061756,-1.7058185416868141,stop_hit,ema21,train
2023-04-26 13:45:00+00:00,313.01,312.1238092557247,314.7823814885505,2023-04-26 16:00:00+00:00,314.27238148855054,2.0,scaleout_tier_1,ema21,train
2023-04-26 13:45:00+00:00,313.01,312.1238092557247,314.7823814885505,2023-04-26 17:45:00+00:00,312.5,-0.5754968705039589,stop_hit,ema21,train
2023-05-12 13:45:00+00:00,327.31,325.5273371999616,330.8753256000768,2023-05-12 14:00:00+00:00,325.0173371999616,-1.2860888778231119,stop_hit,ema21,train
2023-05-15 15:15:00+00:00,326.03999999999996,325.21482976595576,327.6903404680884,2023-05-15 18:45:00+00:00,324.70482976595576,-1.6180542862052243,stop_hit,h_ema21,train
2023-05-16 14:30:00+00:00,328.235,327.4508942180453,329.8032115639095,2023-05-16 14:45:00+00:00,326.9408942180453,-1.650422445207057,stop_hit,h_ema21,train
2023-05-19 16:00:00+00:00,337.09,336.31517406980385,338.63965186039223,2023-05-19 16:15:00+00:00,335.80517406980385,-1.658212354703844,stop_hit,h_ema21,train
2023-05-22 13:45:00+00:00,338.3,337.57668089800046,339.7466382039991,2023-05-22 14:00:00+00:00,337.06668089800047,-1.7050829966886567,stop_hit,h_ema21,train
2023-05-22 15:00:00+00:00,338.28,337.4727363610796,339.89452727784067,2023-05-22 15:30:00+00:00,336.96273636107964,-1.6317638692138752,stop_hit,h_ema21,train
2023-05-22 17:30:00+00:00,338.15999999999997,337.4763284400584,339.5273431198831,2023-05-22 19:15:00+00:00,336.9663284400584,-1.7459722326954579,stop_hit,h_ema21,train
2023-05-23 14:00:00+00:00,337.21,336.5178181761727,338.5943636476546,2023-05-23 14:15:00+00:00,336.0078181761727,-1.7368006244082452,stop_hit,h_ema21,train
2023-05-23 14:45:00+00:00,337.14,336.4564965499458,338.5070069001083,2023-05-23 15:00:00+00:00,335.94649654994583,-1.7461557069822813,stop_hit,h_ema21,train
2023-05-24 17:45:00+00:00,331.59,330.78703747843787,333.1959250431242,2023-05-24 18:00:00+00:00,330.2770374784379,-1.6351479506264142,stop_hit,h_ema21,train
2023-05-24 18:45:00+00:00,331.28999999999996,330.5093200078525,332.85135998429485,2023-05-24 19:00:00+00:00,329.99932000785253,-1.6532766372007537,stop_hit,h_ema21,train
2023-05-25 14:30:00+00:00,338.03,336.64362711397644,340.80274577204705,2023-05-26 13:30:00+00:00,340.29274577204706,2.0,scaleout_tier_1,h_ema21,train
2023-05-25 14:30:00+00:00,338.03,336.64362711397644,342.1891186580706,2023-05-26 13:30:00+00:00,341.6791186580706,3.0,scaleout_tier_2,h_ema21,train
2023-05-25 14:30:00+00:00,338.03,336.64362711397644,343.5754915440941,2023-05-26 14:00:00+00:00,343.06549154409413,4.0,scaleout_tier_3,h_ema21,train
2023-05-25 14:30:00+00:00,338.03,336.64362711397644,344.96186443011766,2023-05-26 14:15:00+00:00,344.45186443011767,5.0,scaleout_tier_4,h_ema21,train
2023-05-25 14:30:00+00:00,338.03,336.64362711397644,346.3482373161412,2023-05-26 14:45:00+00:00,345.8382373161412,6.0,scaleout_tier_5,h_ema21,train
2023-05-25 14:30:00+00:00,338.03,336.64362711397644,347.73461020216473,2023-05-26 16:30:00+00:00,347.22461020216474,7.0,scaleout_tier_6,h_ema21,train
2023-05-25 14:30:00+00:00,338.03,336.64362711397644,349.12098308818827,2023-05-26 19:00:00+00:00,348.6109830881883,8.0,scaleout_tier_7,h_ema21,train
2023-05-25 14:30:00+00:00,338.03,336.64362711397644,350.5073559742118,2023-05-30 13:30:00+00:00,349.9973559742118,9.0,scaleout_tier_8,h_ema21,train
2023-05-25 14:30:00+00:00,338.03,336.64362711397644,351.89372886023534,2023-05-30 13:30:00+00:00,351.38372886023535,10.0,scaleout_tier_9,h_ema21,train
2023-05-30 17:00:00+00:00,351.71,350.64927984963674,353.83144030072646,2023-05-30 17:15:00+00:00,350.13927984963675,-1.480805422453174,stop_hit,h_ema21,train
2023-05-31 15:00:00+00:00,348.43,347.38323521904204,350.52352956191595,2023-05-31 15:15:00+00:00,346.87323521904204,-1.4872154750308395,stop_hit,h_ema21,train
2023-05-31 16:15:00+00:00,348.09,347.1337402692772,350.0025194614455,2023-05-31 16:30:00+00:00,346.6237402692772,-1.5333279062316272,stop_hit,h_ema50,train
2023-05-31 17:15:00+00:00,347.91499999999996,347.0154221035721,349.71415579285565,2023-06-01 13:30:00+00:00,346.50542210357213,-1.5669325602876227,stop_hit,h_ema50,train
2023-06-01 14:45:00+00:00,349.8,348.7491998260629,351.9016003478742,2023-06-01 17:00:00+00:00,351.3916003478742,2.0,scaleout_tier_1,h_ema21,train
2023-06-01 14:45:00+00:00,349.8,348.7491998260629,352.9524005218113,2023-06-01 19:00:00+00:00,352.4424005218113,3.0,scaleout_tier_2,h_ema21,train
2023-06-01 14:45:00+00:00,349.8,348.7491998260629,354.0032006957484,2023-06-02 13:30:00+00:00,353.4932006957484,4.0,scaleout_tier_3,h_ema21,train
2023-06-01 14:45:00+00:00,349.8,348.7491998260629,355.05400086968547,2023-06-02 13:30:00+00:00,354.5440008696855,5.0,scaleout_tier_4,h_ema21,train
2023-06-01 14:45:00+00:00,349.8,348.7491998260629,351.9016003478742,2023-06-02 13:45:00+00:00,351.79,1.8937948901778023,trail_exit,h_ema21,train
2023-06-02 14:45:00+00:00,354.835,353.61452276493134,357.27595447013726,2023-06-05 16:45:00+00:00,356.7659544701373,2.0,scaleout_tier_1,h_ema21,train
2023-06-02 14:45:00+00:00,354.835,353.61452276493134,357.27595447013726,2023-06-05 18:00:00+00:00,354.97,0.11061246873027912,trail_exit,h_ema21,train
2023-06-05 19:00:00+00:00,355.92,355.06397835097766,357.6320432980447,2023-06-05 19:15:00+00:00,354.5539783509777,-1.5957793247197114,stop_hit,h_ema21,train
2023-06-06 14:15:00+00:00,354.65999999999997,353.71350102370326,356.5529979525934,2023-06-06 16:45:00+00:00,353.20350102370327,-1.5388278410986,stop_hit,h_ema21,train
2023-06-06 17:15:00+00:00,355.1746,354.28731934003844,356.9491613199231,2023-06-06 17:45:00+00:00,353.77731934003845,-1.5747899430402157,stop_hit,h_ema21,train
2023-06-06 18:15:00+00:00,355.05,354.2163951757299,356.7172096485403,2023-06-07 13:30:00+00:00,356.2072096485403,2.0,scaleout_tier_1,h_ema21,train
2023-06-06 18:15:00+00:00,355.05,354.2163951757299,356.7172096485403,2023-06-07 14:00:00+00:00,354.54,-0.6118006819916381,stop_hit,h_ema21,train
2023-06-08 13:45:00+00:00,350.71,349.67165528048207,352.7866894390358,2023-06-08 15:15:00+00:00,352.2766894390358,2.0,scaleout_tier_1,h_ema21,train
2023-06-08 13:45:00+00:00,350.71,349.67165528048207,352.7866894390358,2023-06-08 17:30:00+00:00,350.96500000000003,0.2455831817765162,trail_exit,h_ema21,train
2023-06-08 19:15:00+00:00,353.392,352.6711230133286,354.83375397334277,2023-06-08 19:30:00+00:00,352.1611230133286,-1.7074716067090607,stop_hit,h_ema21,train
2023-06-12 14:30:00+00:00,356.76,355.8290292157337,358.6219415685325,2023-06-12 15:00:00+00:00,355.31902921573374,-1.5478152575990258,stop_hit,h_ema21,train
2023-06-14 18:45:00+00:00,364.90999999999997,363.77973463784167,367.17053072431656,2023-06-14 19:15:00+00:00,363.2697346378417,-1.4512214715897518,stop_hit,h_ema21,train
2023-06-15 17:30:00+00:00,369.08,367.99583919142106,371.24832161715784,2023-06-15 18:45:00+00:00,370.73832161715785,2.0,scaleout_tier_1,h_ema21,train
2023-06-15 17:30:00+00:00,369.08,367.99583919142106,371.24832161715784,2023-06-16 17:45:00+00:00,369.79,0.654884399419191,trail_exit,h_ema21,train
2023-06-20 16:30:00+00:00,367.17,366.13807317845186,369.2338536430963,2023-06-21 13:30:00+00:00,365.62807317845187,-1.4942210914092342,stop_hit,h_ema21,train
2023-06-21 16:15:00+00:00,362.9601,361.93705491007955,365.0061901798409,2023-06-21 17:00:00+00:00,361.42705491007956,-1.498511751852153,stop_hit,h_ema200,train
2023-06-21 17:45:00+00:00,362.95,362.0488449327775,364.75231013444494,2023-06-21 19:30:00+00:00,361.5388449327775,-1.56594033429996,stop_hit,h_ema200,train
2023-06-22 14:00:00+00:00,363.62,362.6249726236856,365.6100547526288,2023-06-22 14:30:00+00:00,362.1149726236856,-1.5125487118646344,stop_hit,h_ema21,train
2023-06-23 14:30:00+00:00,362.78999999999996,361.6315804853828,365.10683902923427,2023-06-23 15:15:00+00:00,361.1215804853828,-1.4402550143231505,stop_hit,h_ema21,train
2023-06-23 15:45:00+00:00,362.995,361.8725420951078,365.2399158097844,2023-06-23 18:45:00+00:00,361.97,-0.9131745569544691,trail_exit,h_ema21,train
2023-07-11 18:00:00+00:00,367.34999999999997,366.46826338261775,369.1134732347644,2023-07-11 18:15:00+00:00,365.95826338261776,-1.578404015378342,stop_hit,h_ema21,train
2023-07-12 16:15:00+00:00,371.76,370.6856919908221,373.9086160183558,2023-07-13 13:30:00+00:00,373.3986160183558,2.0,scaleout_tier_1,h_ema21,train
2023-07-12 16:15:00+00:00,371.76,370.6856919908221,374.9829240275337,2023-07-13 13:30:00+00:00,374.47292402753374,3.0,scaleout_tier_2,h_ema21,train
2023-07-12 16:15:00+00:00,371.76,370.6856919908221,376.05723203671164,2023-07-13 13:30:00+00:00,375.54723203671165,4.0,scaleout_tier_3,h_ema21,train
2023-07-13 14:45:00+00:00,377.15,376.16236139975996,382.08819300120007,2023-07-14 14:00:00+00:00,381.5781930012001,5.0,scaleout_tier_4,h_ema21,train
2023-07-13 14:45:00+00:00,377.15,376.16236139975996,379.12527720048,2023-07-14 16:45:00+00:00,380.11,2.9970477047785398,trail_exit,h_ema21,train
2023-07-17 15:00:00+00:00,380.98,380.1696153857928,382.6007692284145,2023-07-17 19:15:00+00:00,382.0907692284145,2.0,scaleout_tier_1,h_ema21,train
2023-07-17 15:00:00+00:00,380.98,380.1696153857928,382.6007692284145,2023-07-18 13:30:00+00:00,380.47,-0.6293308030025978,stop_hit,h_ema21,train
2023-07-18 14:45:00+00:00,381.7,380.84443905308717,383.4111218938256,2023-07-18 15:45:00+00:00,382.90112189382563,2.0,scaleout_tier_1,h_ema21,train
2023-07-18 14:45:00+00:00,381.7,380.84443905308717,384.26668284073844,2023-07-18 16:30:00+00:00,383.75668284073845,3.0,scaleout_tier_2,h_ema21,train
2023-07-18 14:45:00+00:00,381.7,380.84443905308717,385.12224378765126,2023-07-18 17:45:00+00:00,384.61224378765127,4.0,scaleout_tier_3,h_ema21,train
2023-07-18 14:45:00+00:00,381.7,380.84443905308717,385.9778047345641,2023-07-18 18:15:00+00:00,385.4678047345641,5.0,scaleout_tier_4,h_ema21,train
2023-07-18 14:45:00+00:00,381.7,380.84443905308717,386.8333656814769,2023-07-18 19:00:00+00:00,386.3233656814769,6.0,scaleout_tier_5,h_ema21,train
2023-07-18 14:45:00+00:00,381.7,380.84443905308717,383.4111218938256,2023-07-19 17:00:00+00:00,384.82,3.6467302665673644,trail_exit,h_ema21,train
2023-07-19 18:45:00+00:00,385.74,384.8886825614005,387.442634877199,2023-07-20 13:30:00+00:00,384.3786825614005,-1.5990714824766117,stop_hit,h_ema21,train
2023-07-21 13:45:00+00:00,379.46,378.38789085724966,381.6042182855006,2023-07-21 14:00:00+00:00,377.87789085724967,-1.475697836781495,stop_hit,h_ema21,train
2023-07-21 15:15:00+00:00,377.96999999999997,376.7169983107047,380.4760033785905,2023-07-21 15:30:00+00:00,376.2069983107047,-1.4070225957052223,stop_hit,h_ema21,train
2023-07-21 17:00:00+00:00,377.02,375.89978762880537,379.2604247423892,2023-07-21 19:00:00+00:00,375.3897876288054,-1.4552708157080243,stop_hit,h_ema21,train
2023-07-24 13:45:00+00:00,377.7,376.62707599540244,379.8458480091951,2023-07-24 14:00:00+00:00,376.11707599540244,-1.4753365548860924,stop_hit,h_ema21,train
2023-07-25 15:15:00+00:00,378.74,377.9075556461175,380.40488870776505,2023-07-25 18:30:00+00:00,379.89488870776506,2.0,scaleout_tier_1,h_ema21,train
2023-07-25 15:15:00+00:00,378.74,377.9075556461175,380.40488870776505,2023-07-25 19:45:00+00:00,378.29,-0.5405766738655716,trail_exit,h_ema21,train
2023-07-26 14:00:00+00:00,378.38,377.5879751341288,379.9640497317424,2023-07-26 14:15:00+00:00,377.0779751341288,-1.6439191772584065,stop_hit,h_ema21,train
2023-07-26 15:45:00+00:00,377.21,376.40863390552937,378.8127321889412,2023-07-26 16:15:00+00:00,375.8986339055294,-1.6364132492240047,stop_hit,h_ema50,train
2023-07-26 18:15:00+00:00,377.37,376.66268698005484,378.7846260398903,2023-07-26 18:30:00+00:00,376.15268698005485,-1.7210386146144063,stop_hit,h_ema21,train
2023-07-27 19:15:00+00:00,377.98,376.5774458695902,380.7851082608197,2023-07-27 19:30:00+00:00,376.0674458695902,-1.3636223293934218,stop_hit,h_ema21,train
2023-07-28 13:45:00+00:00,382.12,380.3972414588027,385.56551708239465,2023-07-31 19:15:00+00:00,382.55,0.24959969126094453,trail_exit,h_ema200,train
2023-08-01 14:30:00+00:00,382.46,381.50803818448657,384.3639236310268,2023-08-02 13:30:00+00:00,380.9980381844866,-1.5357357739448159,stop_hit,h_ema21,train
2023-08-02 16:45:00+00:00,375.11,374.0839373082712,377.1621253834577,2023-08-02 19:15:00+00:00,373.5739373082712,-1.4970456523866773,stop_hit,ema21,train
2023-08-03 14:45:00+00:00,373.90999999999997,372.69411801202494,376.34176397595,2023-08-03 19:00:00+00:00,373.11,-0.6579585913040006,trail_exit,ema21,train
2023-08-04 19:15:00+00:00,373.59999999999997,372.5094641589468,375.7810716821063,2023-08-04 19:30:00+00:00,371.9994641589468,-1.467660007861334,stop_hit,ema21,train
2023-08-07 14:15:00+00:00,373.6637,372.4214690230556,376.14816195388886,2023-08-07 15:00:00+00:00,371.9114690230556,-1.4105516683012216,stop_hit,ema21,train
2023-08-07 16:00:00+00:00,373.96999999999997,372.79964997914,376.31070004171994,2023-08-08 13:30:00+00:00,372.28964997914,-1.435767070457467,stop_hit,ema21,train
2023-08-08 17:00:00+00:00,370.64,369.71717844001296,372.48564311997404,2023-08-09 14:30:00+00:00,369.58,-1.1486511000186237,trail_exit,h_ema21,train
2023-08-09 16:15:00+00:00,368.75,367.81354752239525,370.6229049552095,2023-08-09 19:45:00+00:00,367.30354752239526,-1.5446085222652906,stop_hit,donchian_low,train
2023-08-10 13:45:00+00:00,372.03,370.9233332104004,374.2433335791991,2023-08-10 15:00:00+00:00,370.4133332104004,-1.4608433223016768,stop_hit,ema21,train
2023-08-10 18:15:00+00:00,369.46999999999997,368.1737377703179,372.06252445936406,2023-08-10 19:30:00+00:00,367.66373777031794,-1.3934389109872372,stop_hit,donchian_low,train
2023-08-11 14:15:00+00:00,367.46999999999997,366.1578362349599,370.0943275300801,2023-08-11 14:45:00+00:00,365.6478362349599,-1.388670997925646,stop_hit,donchian_low,train
2023-08-11 16:15:00+00:00,366.98,365.81050590549444,369.3189881890112,2023-08-11 16:30:00+00:00,365.30050590549445,-1.436085998549313,stop_hit,donchian_low,train
2023-08-11 17:30:00+00:00,366.77,365.68558984755,368.9388203049,2023-08-11 17:45:00+00:00,365.17558984755,-1.4703017569945738,stop_hit,donchian_low,train
2023-08-15 15:15:00+00:00,368.71999999999997,367.8233345539933,370.51333089201336,2023-08-15 16:45:00+00:00,367.3133345539933,-1.5687740084903237,stop_hit,donchian_low,train
2023-08-15 17:15:00+00:00,368.63,367.8176793987048,370.2546412025904,2023-08-15 17:30:00+00:00,367.3076793987048,-1.6278309317612103,stop_hit,h_ema21,train
2023-08-16 14:15:00+00:00,367.21999999999997,366.3464046729414,368.96719065411713,2023-08-16 14:30:00+00:00,365.8364046729414,-1.583794331543845,stop_hit,donchian_low,train
2023-08-16 16:45:00+00:00,365.31,364.45039267248313,367.02921465503374,2023-08-16 17:00:00+00:00,363.94039267248314,-1.5932941514973098,stop_hit,ema50,train
2023-08-16 17:45:00+00:00,365.47499999999997,364.6357054253121,367.1535891493757,2023-08-16 18:00:00+00:00,364.1257054253121,-1.6076531594281518,stop_hit,ema50,train
2023-08-16 18:30:00+00:00,366.09999999999997,365.16206990503304,367.9758601899338,2023-08-16 18:45:00+00:00,364.65206990503304,-1.543750544669294,stop_hit,ema50,train
2023-08-17 16:30:00+00:00,363.17,362.15523124404825,365.19953751190354,2023-08-17 16:45:00+00:00,361.64523124404826,-1.502577554747097,stop_hit,ema50,train
2023-08-18 14:45:00+00:00,357.28,356.0716807135064,359.6966385729871,2023-08-18 15:30:00+00:00,355.5616807135064,-1.4220738721136865,stop_hit,ema50,train
2023-08-18 16:00:00+00:00,358.31,357.1346065020526,360.66078699589485,2023-08-18 16:15:00+00:00,356.6246065020526,-1.433897244531808,stop_hit,donchian_low,train
2023-08-21 17:30:00+00:00,363.12,362.1303959801507,365.0992080396986,2023-08-23 13:45:00+00:00,364.58920803969863,2.0,scaleout_tier_1,ema50,train
2023-08-21 17:30:00+00:00,363.12,362.1303959801507,366.08881205954793,2023-08-23 13:45:00+00:00,365.57881205954794,3.0,scaleout_tier_2,ema50,train
2023-08-21 17:30:00+00:00,363.12,362.1303959801507,367.07841607939724,2023-08-23 14:00:00+00:00,366.56841607939725,4.0,scaleout_tier_3,ema50,train
2023-08-21 17:30:00+00:00,363.12,362.1303959801507,368.06802009924655,2023-08-23 14:30:00+00:00,367.55802009924656,5.0,scaleout_tier_4,ema50,train
2023-08-21 17:30:00+00:00,363.12,362.1303959801507,369.05762411909586,2023-08-23 15:45:00+00:00,368.5476241190959,6.0,scaleout_tier_5,ema50,train
2023-08-21 17:30:00+00:00,363.12,362.1303959801507,370.0472281389452,2023-08-23 17:45:00+00:00,369.5372281389452,7.0,scaleout_tier_6,ema50,train
2023-08-21 17:30:00+00:00,363.12,362.1303959801507,365.0992080396986,2023-08-24 13:30:00+00:00,369.2625,6.207028141352258,trail_exit,ema50,train
2023-08-24 16:45:00+00:00,365.71,364.6614488184233,367.8071023631533,2023-08-24 17:00:00+00:00,364.1514488184233,-1.4863854134741632,stop_hit,ema21,train
2023-08-24 18:15:00+00:00,365.11,364.16435922274695,367.00128155450614,2023-08-24 18:30:00+00:00,363.65435922274696,-1.53931684448027,stop_hit,ema21,train
2023-09-11 13:45:00+00:00,375.13,373.15113569201395,379.0877286159721,2023-09-12 14:15:00+00:00,374.34000000000003,-0.3992188836858516,trail_exit,ema50,train
2023-09-12 15:30:00+00:00,374.4708,373.54872491137684,376.3149501772463,2023-09-12 18:15:00+00:00,373.03872491137685,-1.5531002911720797,stop_hit,h_ema21,train
2023-09-13 13:45:00+00:00,374.74,373.784513781506,376.650972436988,2023-09-13 14:00:00+00:00,373.274513781506,-1.5337596609230344,stop_hit,h_ema21,train
2023-09-13 14:30:00+00:00,374.05,372.9447437237495,376.260512552501,2023-09-13 19:00:00+00:00,372.7231,-1.2005360462656223,trail_exit,h_ema21,train
2023-09-14 16:00:00+00:00,377.93,376.9352597741064,379.91948045178725,2023-09-14 16:30:00+00:00,376.4252597741064,-1.5126966686622467,stop_hit,h_ema21,train
2023-09-14 18:45:00+00:00,377.985,377.2206474165438,379.5137051669125,2023-09-14 19:00:00+00:00,376.7106474165438,-1.6672313419729494,stop_hit,h_ema21,train
2023-09-15 15:45:00+00:00,372.37,371.42312563040883,374.26374873918235,2023-09-15 17:00:00+00:00,370.91312563040884,-1.5386142199837893,stop_hit,ema21,train
2023-09-15 18:45:00+00:00,370.87,370.07644297601223,372.45711404797555,2023-09-15 19:00:00+00:00,369.56644297601224,-1.6426759320170148,stop_hit,ema21,train
2023-09-18 14:15:00+00:00,371.28999999999996,370.3678830568815,373.13423388623687,2023-09-18 14:30:00+00:00,369.8578830568815,-1.5530751861854437,stop_hit,ema21,train
2023-09-18 15:30:00+00:00,371.38,370.48113174540134,373.1777365091973,2023-09-18 18:45:00+00:00,369.97113174540135,-1.5673801442990185,stop_hit,ema21,train
2023-09-18 19:15:00+00:00,371.0,370.3261839648332,372.3476320703336,2023-09-18 19:30:00+00:00,369.8161839648332,-1.756883145224864,stop_hit,ema21,train
2023-09-19 15:15:00+00:00,367.95,367.1329855687431,369.5840288625138,2023-09-19 16:00:00+00:00,366.6229855687431,-1.6242239800041325,stop_hit,ema21,train
2023-09-19 17:00:00+00:00,368.63,367.89339983241643,370.1032003351671,2023-09-19 18:30:00+00:00,369.5932003351671,2.0,scaleout_tier_1,ema21,train
2023-09-19 17:00:00+00:00,368.63,367.89339983241643,370.8398005027507,2023-09-20 13:30:00+00:00,370.3298005027507,3.0,scaleout_tier_2,ema21,train
2023-09-19 17:00:00+00:00,368.63,367.89339983241643,370.1032003351671,2023-09-20 15:15:00+00:00,368.46000000000004,-0.23079006424563994,trail_exit,ema21,train
2023-09-20 16:30:00+00:00,370.43,369.7320316750057,371.8259366499886,2023-09-20 16:45:00+00:00,369.2220316750057,-1.7306921843540128,stop_hit,ema21,train
2023-09-20 18:00:00+00:00,370.24,369.6112264169801,371.4975471660398,2023-09-20 18:15:00+00:00,369.1012264169801,-1.811102778126504,stop_hit,ema21,train
2023-09-22 14:00:00+00:00,360.455,359.4648717318714,362.4352565362571,2023-09-22 14:15:00+00:00,358.95487173187144,-1.5150847788276385,stop_hit,h_ema21,train
2023-09-22 15:30:00+00:00,361.92,360.95952494856823,363.8409501028636,2023-09-22 15:45:00+00:00,360.44952494856824,-1.5309872434892826,stop_hit,h_ema21,train
2023-09-22 19:15:00+00:00,360.5,359.62365928613934,362.2526814277213,2023-09-22 19:30:00+00:00,359.11365928613935,-1.5819654295795778,stop_hit,h_ema21,train
2023-09-25 14:00:00+00:00,358.71,357.6677081882336,360.7945836235328,2023-09-25 14:15:00+00:00,357.1577081882336,-1.4893063480328779,stop_hit,donchian_low,train
2023-09-25 15:15:00+00:00,358.825,357.7005855955365,361.073828808927,2023-09-25 19:00:00+00:00,357.1905855955365,-1.4535694295408228,stop_hit,donchian_low,train
2023-09-26 14:45:00+00:00,356.68,355.60131122884496,358.8373775423101,2023-09-26 15:00:00+00:00,355.091311228845,-1.4727962445125768,stop_hit,donchian_low,train
2023-09-26 15:45:00+00:00,355.8899,354.8592770722366,357.9511458555269,2023-09-26 16:00:00+00:00,354.3492770722366,-1.494846355792558,stop_hit,donchian_low,train
2023-09-26 18:00:00+00:00,355.45,354.5247521691882,357.30049566162353,2023-09-26 18:15:00+00:00,354.0147521691882,-1.551203669996762,stop_hit,ema100,train
2023-09-27 16:30:00+00:00,353.7,352.72065309037646,355.65869381924705,2023-09-27 17:15:00+00:00,352.21065309037647,-1.5207552042983825,stop_hit,ema100,train
2023-09-27 18:00:00+00:00,352.65999999999997,351.74520347558024,354.4895930488394,2023-09-27 18:30:00+00:00,353.97959304883943,2.0,scaleout_tier_1,ema100,train
2023-09-27 18:00:00+00:00,352.65999999999997,351.74520347558024,355.40438957325915,2023-09-27 19:00:00+00:00,354.89438957325916,3.0,scaleout_tier_2,ema100,train
2023-09-27 18:00:00+00:00,352.65999999999997,351.74520347558024,354.4895930488394,2023-09-28 13:30:00+00:00,352.99,0.3607359573314578,trail_exit,ema100,train
2023-09-28 14:00:00+00:00,355.82,354.60579055544804,358.2484188891039,2023-09-28 14:15:00+00:00,354.09579055544805,-1.4200263820120274,stop_hit,ema100,train
2023-09-28 15:30:00+00:00,357.83,356.6268445770565,360.236310845887,2023-09-29 13:30:00+00:00,359.726310845887,2.0,scaleout_tier_1,ema100,train
2023-09-28 15:30:00+00:00,357.83,356.6268445770565,361.4394662688305,2023-09-29 13:45:00+00:00,360.9294662688305,3.0,scaleout_tier_2,ema100,train
2023-09-28 15:30:00+00:00,357.83,356.6268445770565,360.236310845887,2023-09-29 15:30:00+00:00,359.38,1.2882791121100272,trail_exit,ema100,train
2023-09-29 16:30:00+00:00,360.78999999999996,359.6387474891461,363.09250502170767,2023-09-29 16:45:00+00:00,359.1287474891461,-1.4429957765058323,stop_hit,ema21,train
2023-09-29 18:15:00+00:00,358.06,356.98365524298856,360.2126895140229,2023-10-02 13:30:00+00:00,359.7026895140229,2.0,scaleout_tier_1,h_ema21,train
2023-09-29 18:15:00+00:00,358.06,356.98365524298856,361.2890342710343,2023-10-02 15:15:00+00:00,360.77903427103433,3.0,scaleout_tier_2,h_ema21,train
2023-09-29 18:15:00+00:00,358.06,356.98365524298856,362.36537902804577,2023-10-02 15:15:00+00:00,361.8553790280458,4.0,scaleout_tier_3,h_ema21,train
2023-09-29 18:15:00+00:00,358.06,356.98365524298856,360.2126895140229,2023-10-02 16:30:00+00:00,358.75,0.6410585414248118,trail_exit,h_ema21,train
2023-10-02 18:15:00+00:00,361.0,359.87264432317306,363.2547113536539,2023-10-02 18:30:00+00:00,359.3626443231731,-1.4523860663348414,stop_hit,ema50,train
2023-10-02 19:00:00+00:00,359.51,358.38378628936266,361.76242742127465,2023-10-03 14:00:00+00:00,357.87378628936267,-1.4528447799764215,stop_hit,ema50,train
2023-10-03 16:30:00+00:00,356.62,355.4635672423731,358.93286551525387,2023-10-03 17:15:00+00:00,354.9535672423731,-1.4410113745364161,stop_hit,ema100,train
2023-10-03 18:45:00+00:00,355.169,354.23653923534914,357.03392152930167,2023-10-03 19:00:00+00:00,353.72653923534915,-1.5469399028182809,stop_hit,ema100,train
2023-10-04 14:45:00+00:00,358.12,356.86693849900325,360.6261230019935,2023-10-04 15:00:00+00:00,356.35693849900326,-1.4070031675175643,stop_hit,ema100,train
2023-10-05 15:15:00+00:00,356.26,355.15513455975866,358.46973088048264,2023-10-05 18:00:00+00:00,357.95973088048265,2.0,scaleout_tier_1,h_ema21,train
2023-10-05 15:15:00+00:00,356.26,355.15513455975866,358.46973088048264,2023-10-06 13:30:00+00:00,355.75,-0.46159467155438944,stop_hit,h_ema21,train
2023-10-06 14:15:00+00:00,357.21,356.03627550886637,359.5574489822672,2023-10-06 15:00:00+00:00,359.0474489822672,2.0,scaleout_tier_1,ema100,train
2023-10-06 14:15:00+00:00,357.21,356.03627550886637,360.7311734734008,2023-10-06 15:30:00+00:00,360.2211734734008,3.0,scaleout_tier_2,ema100,train
2023-10-06 14:15:00+00:00,357.21,356.03627550886637,361.9048979645344,2023-10-06 15:30:00+00:00,361.39489796453444,4.0,scaleout_tier_3,ema100,train
2023-10-06 14:15:00+00:00,357.21,356.03627550886637,363.07862245566804,2023-10-06 15:45:00+00:00,362.56862245566805,5.0,scaleout_tier_4,ema100,train
2023-10-06 14:15:00+00:00,357.21,356.03627550886637,364.25234694680165,2023-10-06 17:45:00+00:00,363.74234694680166,6.0,scaleout_tier_5,ema100,train
2023-10-06 14:15:00+00:00,357.21,356.03627550886637,365.42607143793526,2023-10-06 19:15:00+00:00,364.9160714379353,7.0,scaleout_tier_6,ema100,train
2023-10-06 14:15:00+00:00,357.21,356.03627550886637,359.5574489822672,2023-10-09 13:30:00+00:00,362.35,4.379221903289847,trail_exit,ema100,train
2023-10-09 15:30:00+00:00,363.27,362.1386505753026,365.5326988493947,2023-10-09 17:30:00+00:00,365.0226988493947,2.0,scaleout_tier_1,ema21,train
2023-10-09 15:30:00+00:00,363.27,362.1386505753026,366.66404827409207,2023-10-09 18:15:00+00:00,366.1540482740921,3.0,scaleout_tier_2,ema21,train
2023-10-09 15:30:00+00:00,363.27,362.1386505753026,367.79539769878943,2023-10-10 13:45:00+00:00,367.28539769878944,4.0,scaleout_tier_3,ema21,train
2023-10-09 15:30:00+00:00,363.27,362.1386505753026,368.9267471234868,2023-10-10 14:15:00+00:00,368.4167471234868,5.0,scaleout_tier_4,ema21,train
2023-10-09 15:30:00+00:00,363.27,362.1386505753026,370.05809654818415,2023-10-10 15:00:00+00:00,369.54809654818416,6.0,scaleout_tier_5,ema21,train
2023-10-09 15:30:00+00:00,363.27,362.1386505753026,365.5326988493947,2023-10-10 17:00:00+00:00,367.9989,4.179875727841555,trail_exit,ema21,train
2023-10-12 18:45:00+00:00,369.6094,368.6181853577635,371.591829284473,2023-10-13 14:30:00+00:00,368.1081853577635,-1.5145202444238104,stop_hit,h_ema50,train
2023-10-13 17:45:00+00:00,365.73,364.6160524803263,367.9578950393475,2023-10-13 18:15:00+00:00,364.1060524803263,-1.4578312631364965,stop_hit,ema21,train
2023-10-13 19:15:00+00:00,366.44,365.39348060583166,368.5330387883367,2023-10-13 19:30:00+00:00,364.88348060583166,-1.4873297168135926,stop_hit,ema21,train
2023-10-16 17:00:00+00:00,369.69,368.7470824177161,371.57583516456776,2023-10-16 17:15:00+00:00,368.2370824177161,-1.5408744195486281,stop_hit,h_ema21,train
2023-10-17 14:30:00+00:00,367.38,366.15179417405545,369.8364116518891,2023-10-17 16:15:00+00:00,369.3264116518891,2.0,scaleout_tier_1,ema21,train
2023-10-17 14:30:00+00:00,367.38,366.15179417405545,369.8364116518891,2023-10-17 17:45:00+00:00,366.87,-0.4152398476108672,stop_hit,ema21,train
2023-10-18 14:00:00+00:00,367.02,365.9656065571608,369.1287868856783,2023-10-18 14:30:00+00:00,365.4556065571608,-1.4836904131599218,stop_hit,ema21,train
2023-10-18 15:30:00+00:00,366.17,365.0548649793245,368.400270041351,2023-10-18 16:30:00+00:00,364.54486497932453,-1.4573437212034264,stop_hit,ema21,train
2023-10-18 17:15:00+00:00,366.74,365.59816077379844,369.02367845240315,2023-10-18 17:30:00+00:00,365.08816077379845,-1.4466478189723364,stop_hit,ema21,train
2023-10-18 18:00:00+00:00,365.77,364.58889913266586,368.13220173466823,2023-10-18 18:15:00+00:00,364.07889913266587,-1.4318005465114236,stop_hit,ema21,train
2023-10-19 14:00:00+00:00,364.61,363.448908792295,366.93218241541,2023-10-19 14:15:00+00:00,362.938908792295,-1.4392419791103679,stop_hit,ema21,train
2023-10-19 14:45:00+00:00,364.11,362.8230450862508,366.6839098274985,2023-10-19 15:00:00+00:00,362.3130450862508,-1.3962842789218042,stop_hit,ema21,train
2023-10-19 15:30:00+00:00,363.5201,362.2743930227744,366.01151395445123,2023-10-19 16:30:00+00:00,361.7643930227744,-1.4094060716717212,stop_hit,ema21,train
2023-10-19 17:00:00+00:00,364.53999999999996,362.9341785811987,367.7516428376025,2023-10-19 17:30:00+00:00,362.4241785811987,-1.3175944684937015,stop_hit,ema21,train
2023-10-20 17:00:00+00:00,357.84,356.54231525434903,360.43536949130186,2023-10-20 17:15:00+00:00,356.03231525434904,-1.393007625087067,stop_hit,ema100,train
2023-10-20 19:00:00+00:00,356.26,355.07740024189707,358.62519951620584,2023-10-20 19:15:00+00:00,354.5674002418971,-1.431253259190676,stop_hit,ema100,train
2023-10-23 14:15:00+00:00,355.07,353.5244122211978,358.1611755576044,2023-10-23 16:45:00+00:00,357.6511755576044,2.0,scaleout_tier_1,ema100,train
2023-10-23 14:15:00+00:00,355.07,353.5244122211978,358.1611755576044,2023-10-23 19:15:00+00:00,355.94,0.5628926496004238,trail_exit,ema100,train
2023-11-09 18:00:00+00:00,374.42,373.5966378599972,376.06672428000564,2023-11-09 18:15:00+00:00,373.0866378599972,-1.619411526498228,stop_hit,h_ema21,train
2023-11-10 14:45:00+00:00,373.59,372.503184192733,375.76363161453395,2023-11-10 15:00:00+00:00,371.993184192733,-1.4692607492363279,stop_hit,h_ema21,train
2023-11-13 19:15:00+00:00,378.36,377.6806293025112,379.71874139497766,2023-11-13 19:45:00+00:00,377.1706293025112,-1.7506947265831743,stop_hit,h_ema21,train
2023-11-16 16:00:00+00:00,385.03999999999996,384.1387198704972,386.8425602590055,2023-11-16 16:15:00+00:00,383.6287198704972,-1.5658618040113197,stop_hit,h_ema21,train
2023-11-16 17:00:00+00:00,385.12,384.2443908324987,386.8712183350026,2023-11-20 14:30:00+00:00,386.3612183350026,2.0,scaleout_tier_1,h_ema21,train
2023-11-16 17:00:00+00:00,385.12,384.2443908324987,387.7468275025039,2023-11-20 14:45:00+00:00,387.2368275025039,3.0,scaleout_tier_2,h_ema21,train
2023-11-16 17:00:00+00:00,385.12,384.2443908324987,388.6224366700052,2023-11-20 16:00:00+00:00,388.1124366700052,4.0,scaleout_tier_3,h_ema21,train
2023-11-16 17:00:00+00:00,385.12,384.2443908324987,389.4980458375065,2023-11-20 18:00:00+00:00,388.9880458375065,5.0,scaleout_tier_4,h_ema21,train
2023-11-16 17:00:00+00:00,385.12,384.2443908324987,390.3736550050078,2023-11-20 19:30:00+00:00,389.8636550050078,6.0,scaleout_tier_5,h_ema21,train
2023-11-16 17:00:00+00:00,385.12,384.2443908324987,391.2492641725091,2023-11-20 20:00:00+00:00,390.7392641725091,7.0,scaleout_tier_6,h_ema21,train
2023-11-16 17:00:00+00:00,385.12,384.2443908324987,386.8712183350026,2023-11-21 14:30:00+00:00,388.3399,3.6773255917232412,trail_exit,h_ema21,train
2023-11-21 17:00:00+00:00,388.28999999999996,387.62118151637856,389.6276369672428,2023-11-21 18:15:00+00:00,387.11118151637856,-1.7625387343342056,stop_hit,h_ema50,train
2023-11-22 17:30:00+00:00,391.5,390.62954287543477,393.24091424913047,2023-11-22 17:45:00+00:00,390.1195428754348,-1.585899047301979,stop_hit,h_ema21,train
2023-11-24 16:00:00+00:00,389.53,388.8565724258017,390.87685514839654,2023-11-27 14:30:00+00:00,388.3465724258017,-1.7573197468297093,stop_hit,h_ema21,train
2023-11-28 15:45:00+00:00,390.59499999999997,389.9016985085555,391.9816029828889,2023-11-28 16:00:00+00:00,389.3916985085555,-1.7356107065880269,stop_hit,h_ema21,train
2023-11-28 18:30:00+00:00,389.59999999999997,388.8853057973215,391.0293884053569,2023-11-28 19:00:00+00:00,388.3753057973215,-1.713591908383564,stop_hit,h_ema21,train
2023-12-04 16:15:00+00:00,383.81,382.79315593548455,385.8436881290309,2023-12-04 17:30:00+00:00,385.3336881290309,2.0,scaleout_tier_1,ema21,train
2023-12-04 16:15:00+00:00,383.81,382.79315593548455,386.86053219354636,2023-12-05 15:00:00+00:00,386.35053219354637,3.0,scaleout_tier_2,ema21,train
2023-12-04 16:15:00+00:00,383.81,382.79315593548455,387.8773762580618,2023-12-05 15:45:00+00:00,387.3673762580618,4.0,scaleout_tier_3,ema21,train
2023-12-04 16:15:00+00:00,383.81,382.79315593548455,385.8436881290309,2023-12-05 17:30:00+00:00,385.144,1.3119022341303443,trail_exit,ema21,train
2023-12-07 14:45:00+00:00,389.01,387.9889831533988,391.05203369320236,2023-12-07 15:00:00+00:00,387.4789831533988,-1.4995020422020517,stop_hit,ema21,train
2023-12-07 16:45:00+00:00,390.48,389.4543328610405,392.5313342779191,2023-12-08 14:30:00+00:00,388.9443328610405,-1.497237340095881,stop_hit,h_ema21,train
2023-12-08 16:00:00+00:00,392.84999999999997,391.8218267550471,394.90634648990573,2023-12-08 16:15:00+00:00,391.3118267550471,-1.496025356138656,stop_hit,h_ema21,train
2023-12-11 14:45:00+00:00,393.58,392.82985231775876,395.0802953644824,2023-12-11 16:30:00+00:00,392.3198523177588,-1.6798661277953446,stop_hit,h_ema21,train
2023-12-12 17:30:00+00:00,397.2178,396.60602080799026,398.4413583840195,2023-12-12 17:45:00+00:00,396.09602080799027,-1.833634106326166,stop_hit,h_ema21,train
2023-12-18 14:45:00+00:00,405.74,404.9257967530125,407.36840649397504,2023-12-18 18:15:00+00:00,406.85840649397505,2.0,scaleout_tier_1,h_ema21,train
2023-12-18 14:45:00+00:00,405.74,404.9257967530125,408.18260974096256,2023-12-19 14:30:00+00:00,407.67260974096257,3.0,scaleout_tier_2,h_ema21,train
2023-12-18 14:45:00+00:00,405.74,404.9257967530125,408.9968129879501,2023-12-19 20:45:00+00:00,408.4868129879501,4.0,scaleout_tier_3,h_ema21,train
2023-12-18 14:45:00+00:00,405.74,404.9257967530125,409.8110162349376,2023-12-20 15:15:00+00:00,409.3010162349376,5.0,scaleout_tier_4,h_ema21,train
2023-12-18 14:45:00+00:00,405.74,404.9257967530125,407.36840649397504,2023-12-20 19:15:00+00:00,408.4133,3.2833325215675138,trail_exit,h_ema21,train
2023-12-21 14:45:00+00:00,407.76,406.51636963260404,410.2472607347919,2023-12-21 15:00:00+00:00,406.00636963260405,-1.4100896965614345,stop_hit,h_ema21,train
2023-12-21 17:45:00+00:00,405.745,404.6687353340131,407.89752933197383,2023-12-21 18:15:00+00:00,404.1587353340131,-1.4738611385447014,stop_hit,h_ema21,train
2024-01-09 15:00:00+00:00,403.28999999999996,402.4086724830234,405.0526550339531,2024-01-09 16:45:00+00:00,404.5426550339531,2.0,scaleout_tier_1,h_ema50,train
2024-01-09 15:00:00+00:00,403.28999999999996,402.4086724830234,405.93398255092967,2024-01-09 17:45:00+00:00,405.4239825509297,3.0,scaleout_tier_2,h_ema50,train
2024-01-09 15:00:00+00:00,403.28999999999996,402.4086724830234,406.81531006790624,2024-01-10 15:30:00+00:00,406.30531006790625,4.0,scaleout_tier_3,h_ema50,train
2024-01-09 15:00:00+00:00,403.28999999999996,402.4086724830234,407.6966375848828,2024-01-10 17:45:00+00:00,407.1866375848828,5.0,scaleout_tier_4,h_ema50,train
2024-01-09 15:00:00+00:00,403.28999999999996,402.4086724830234,408.5779651018594,2024-01-10 19:00:00+00:00,408.0679651018594,6.0,scaleout_tier_5,h_ema50,train
2024-01-09 15:00:00+00:00,403.28999999999996,402.4086724830234,409.45929261883595,2024-01-10 19:45:00+00:00,408.94929261883595,7.0,scaleout_tier_6,h_ema50,train
2024-01-09 15:00:00+00:00,403.28999999999996,402.4086724830234,405.0526550339531,2024-01-11 15:00:00+00:00,405.7199,2.7570908126594142,trail_exit,h_ema50,train
2024-01-11 17:15:00+00:00,406.15999999999997,404.9061636948787,408.66767261024245,2024-01-11 19:00:00+00:00,408.15767261024246,2.0,scaleout_tier_1,h_ema21,train
2024-01-11 17:15:00+00:00,406.15999999999997,404.9061636948787,409.9215089153637,2024-01-12 14:30:00+00:00,409.4115089153637,3.0,scaleout_tier_2,h_ema21,train
2024-01-11 17:15:00+00:00,406.15999999999997,404.9061636948787,408.66767261024245,2024-01-12 19:45:00+00:00,408.55,1.9061499417732537,trail_exit,h_ema21,train
2024-01-16 15:00:00+00:00,408.755,407.8755858683684,410.51382826326324,2024-01-16 15:30:00+00:00,410.00382826326324,2.0,scaleout_tier_1,h_ema21,train
2024-01-16 15:00:00+00:00,408.755,407.8755858683684,410.51382826326324,2024-01-16 17:00:00+00:00,408.245,-0.5799315494893891,stop_hit,h_ema21,train
2024-01-16 18:15:00+00:00,408.84,407.8598283309458,410.80034333810835,2024-01-16 18:45:00+00:00,407.3498283309458,-1.520317018030233,stop_hit,h_ema21,train
2024-01-17 15:15:00+00:00,404.89,403.7141423782285,407.241715243543,2024-01-18 14:30:00+00:00,406.731715243543,2.0,scaleout_tier_1,ema21,train
2024-01-17 15:15:00+00:00,404.89,403.7141423782285,408.4175728653145,2024-01-18 14:30:00+00:00,407.90757286531453,3.0,scaleout_tier_2,ema21,train
2024-01-17 15:15:00+00:00,404.89,403.7141423782285,409.59343048708604,2024-01-18 14:30:00+00:00,409.08343048708605,4.0,scaleout_tier_3,ema21,train
2024-01-17 15:15:00+00:00,404.89,403.7141423782285,410.76928810885755,2024-01-18 14:30:00+00:00,410.25928810885756,5.0,scaleout_tier_4,ema21,train
2024-01-18 15:30:00+00:00,411.86,410.7200890699348,414.1398218601305,2024-01-18 17:00:00+00:00,410.2100890699348,-1.4474033773593185,stop_hit,h_ema21,train
2024-01-18 18:45:00+00:00,411.4052,410.33333309574493,413.54893380851007,2024-01-19 14:30:00+00:00,413.0389338085101,2.0,scaleout_tier_1,h_ema21,train
2024-01-18 18:45:00+00:00,411.4052,410.33333309574493,414.6208007127651,2024-01-19 14:30:00+00:00,414.1108007127651,3.0,scaleout_tier_2,h_ema21,train
2024-01-18 18:45:00+00:00,411.4052,410.33333309574493,415.69266761702016,2024-01-19 14:45:00+00:00,415.1826676170202,4.0,scaleout_tier_3,h_ema21,train
2024-01-18 18:45:00+00:00,411.4052,410.33333309574493,416.7645345212752,2024-01-19 16:15:00+00:00,416.2545345212752,5.0,scaleout_tier_4,h_ema21,train
2024-01-18 18:45:00+00:00,411.4052,410.33333309574493,417.83640142553025,2024-01-19 17:30:00+00:00,417.32640142553026,6.0,scaleout_tier_5,h_ema21,train
2024-01-18 18:45:00+00:00,411.4052,410.33333309574493,418.9082683297853,2024-01-19 18:15:00+00:00,418.3982683297853,7.0,scaleout_tier_6,h_ema21,train
2024-01-18 18:45:00+00:00,411.4052,410.33333309574493,419.98013523404035,2024-01-19 18:45:00+00:00,419.47013523404036,8.0,scaleout_tier_7,h_ema21,train
2024-01-18 18:45:00+00:00,411.4052,410.33333309574493,421.0520021382954,2024-01-19 20:45:00+00:00,420.5420021382954,9.0,scaleout_tier_8,h_ema21,train
2024-01-23 19:00:00+00:00,422.825,422.19301961351704,424.0889607729659,2024-01-23 19:15:00+00:00,421.68301961351705,-1.8069870693902448,stop_hit,h_ema21,train
2024-01-25 15:15:00+00:00,428.4715,427.34072045166846,430.73305909666306,2024-01-25 15:30:00+00:00,426.83072045166847,-1.4510162929215489,stop_hit,h_ema21,train
2024-01-29 14:45:00+00:00,425.28999999999996,424.22500833756317,427.41998332487356,2024-01-29 15:00:00+00:00,423.7150083375632,-1.478876988419858,stop_hit,h_ema21,train
2024-01-29 16:15:00+00:00,424.71,423.73042596955844,426.66914806088306,2024-01-29 20:00:00+00:00,426.15914806088307,2.0,scaleout_tier_1,h_ema21,train
2024-01-29 16:15:00+00:00,424.71,423.73042596955844,427.6487220913246,2024-01-29 20:15:00+00:00,427.1387220913246,3.0,scaleout_tier_2,h_ema21,train
2024-01-29 16:15:00+00:00,424.71,423.73042596955844,426.66914806088306,2024-01-30 16:00:00+00:00,425.98,1.296481899818832,trail_exit,h_ema21,train
2024-01-30 16:30:00+00:00,427.18,426.4628075724409,428.6143848551182,2024-01-30 16:45:00+00:00,425.9528075724409,-1.7111062253344356,stop_hit,h_ema21,train
2024-01-30 18:15:00+00:00,425.61,424.9411477464542,426.94770450709166,2024-01-30 18:45:00+00:00,424.4311477464542,-1.762500234239028,stop_hit,h_ema21,train
2024-01-31 19:00:00+00:00,421.06,420.30637018666323,422.56725962667355,2024-01-31 19:15:00+00:00,419.79637018666324,-1.6767248202959413,stop_hit,h_ema21,train
2024-02-01 14:45:00+00:00,419.86,418.417944289068,422.7441114218641,2024-02-01 15:00:00+00:00,417.907944289068,-1.3536617872206647,stop_hit,ema21,train
2024-02-05 16:15:00+00:00,427.06,425.95604282457793,429.26791435084414,2024-02-05 19:30:00+00:00,428.75791435084415,2.0,scaleout_tier_1,h_ema21,train
2024-02-05 16:15:00+00:00,427.06,425.95604282457793,429.26791435084414,2024-02-06 14:45:00+00:00,426.96000000000004,-0.0905832239024432,trail_exit,h_ema21,train
2024-02-06 15:45:00+00:00,427.48,426.4615281551402,429.5169436897197,2024-02-06 16:45:00+00:00,425.9515281551402,-1.5007502196294618,stop_hit,h_ema21,train
2024-02-06 17:30:00+00:00,426.76,425.7822113673841,428.7155772652318,2024-02-06 19:00:00+00:00,425.2722113673841,-1.52158511869337,stop_hit,h_ema21,train
2024-02-07 18:00:00+00:00,432.0,431.027320309848,433.945359380304,2024-02-09 14:45:00+00:00,433.435359380304,2.0,scaleout_tier_1,h_ema21,train
2024-02-07 18:00:00+00:00,432.0,431.027320309848,434.918039070456,2024-02-09 15:15:00+00:00,434.408039070456,3.0,scaleout_tier_2,h_ema21,train
2024-02-07 18:00:00+00:00,432.0,431.027320309848,435.890718760608,2024-02-09 15:45:00+00:00,435.38071876060803,4.0,scaleout_tier_3,h_ema21,train
2024-02-07 18:00:00+00:00,432.0,431.027320309848,436.86339845076003,2024-02-09 18:15:00+00:00,436.35339845076004,5.0,scaleout_tier_4,h_ema21,train
2024-02-07 18:00:00+00:00,432.0,431.027320309848,437.83607814091204,2024-02-12 15:45:00+00:00,437.32607814091205,6.0,scaleout_tier_5,h_ema21,train
2024-02-07 18:00:00+00:00,432.0,431.027320309848,433.945359380304,2024-02-12 18:15:00+00:00,437.0401,5.181664684714812,trail_exit,h_ema21,train
2024-02-12 19:00:00+00:00,437.21999999999997,436.52331302980735,438.6133739403852,2024-02-12 19:15:00+00:00,436.01331302980736,-1.732036081942209,stop_hit,h_ema21,train
2024-02-13 16:45:00+00:00,431.075,429.7735608263136,433.67787834737277,2024-02-13 17:00:00+00:00,429.2635608263136,-1.3918738657261953,stop_hit,h_ema200,train
2024-02-15 15:15:00+00:00,433.68,432.61187705463425,435.8162458907315,2024-02-15 15:30:00+00:00,432.10187705463426,-1.4774731244307755,stop_hit,h_ema21,train
2024-02-15 18:15:00+00:00,434.43,433.4766726524833,436.3366546950335,2024-02-16 14:45:00+00:00,432.9666726524833,-1.5349683939398782,stop_hit,h_ema21,train
2024-02-16 15:45:00+00:00,432.42,431.3102743532051,434.63945129358984,2024-02-16 19:45:00+00:00,430.8002743532051,-1.459573049855126,stop_hit,h_ema21,train
2024-02-20 15:45:00+00:00,425.77,424.54891747494503,428.2121650501099,2024-02-20 17:00:00+00:00,424.03891747494504,-1.4176621887018153,stop_hit,ema21,train
2024-02-20 18:45:00+00:00,425.46999999999997,424.40007659608466,427.6098468078306,2024-03-07 14:30:00+00:00,427.0998468078306,2.0,scaleout_tier_1,ema21,train
2024-02-20 18:45:00+00:00,425.46999999999997,424.40007659608466,428.6797702117459,2024-03-07 14:30:00+00:00,428.1697702117459,3.0,scaleout_tier_2,ema21,train
2024-02-20 18:45:00+00:00,425.46999999999997,424.40007659608466,429.7496936156612,2024-03-07 14:30:00+00:00,429.2396936156612,4.0,scaleout_tier_3,ema21,train
2024-02-20 18:45:00+00:00,425.46999999999997,424.40007659608466,430.8196170195765,2024-03-07 14:30:00+00:00,430.30961701957654,5.0,scaleout_tier_4,ema21,train
2024-02-20 18:45:00+00:00,425.46999999999997,424.40007659608466,431.88954042349184,2024-03-07 14:30:00+00:00,431.37954042349185,6.0,scaleout_tier_5,ema21,train
2024-02-20 18:45:00+00:00,425.46999999999997,424.40007659608466,432.95946382740715,2024-03-07 14:30:00+00:00,432.44946382740716,7.0,scaleout_tier_6,ema21,train
2024-02-20 18:45:00+00:00,425.46999999999997,424.40007659608466,434.02938723132246,2024-03-07 14:30:00+00:00,433.51938723132247,8.0,scaleout_tier_7,ema21,train
2024-02-20 18:45:00+00:00,425.46999999999997,424.40007659608466,435.09931063523777,2024-03-07 14:30:00+00:00,434.5893106352378,9.0,scaleout_tier_8,ema21,train
2024-02-20 18:45:00+00:00,425.46999999999997,424.40007659608466,436.1692340391531,2024-03-07 14:30:00+00:00,435.6592340391531,10.0,scaleout_tier_9,ema21,train
2024-02-20 18:45:00+00:00,425.46999999999997,424.40007659608466,437.2391574430684,2024-03-07 14:30:00+00:00,436.7291574430684,11.0,scaleout_tier_10,ema21,train
2024-02-20 18:45:00+00:00,425.46999999999997,424.40007659608466,438.3090808469837,2024-03-07 14:30:00+00:00,437.7990808469837,12.0,scaleout_tier_11,ema21,train
2024-02-20 18:45:00+00:00,425.46999999999997,424.40007659608466,439.379004250899,2024-03-07 14:30:00+00:00,438.869004250899,13.0,scaleout_tier_12,ema21,train
2024-02-20 18:45:00+00:00,425.46999999999997,424.40007659608466,440.4489276548143,2024-03-07 14:30:00+00:00,439.93892765481434,14.0,scaleout_tier_13,ema21,train
2024-02-20 18:45:00+00:00,425.46999999999997,424.40007659608466,441.51885105872964,2024-03-07 14:30:00+00:00,441.00885105872965,15.0,scaleout_tier_14,ema21,train
2024-03-07 15:00:00+00:00,443.17,441.0784925496965,447.3530149006071,2024-03-08 16:00:00+00:00,444.56,0.6645924210302273,trail_exit,ema21,train
2024-03-08 17:30:00+00:00,443.18,441.7279493054892,446.08410138902167,2024-03-08 17:45:00+00:00,441.2179493054892,-1.3512274068170882,stop_hit,h_ema21,train
2024-03-11 15:00:00+00:00,438.61,437.07995161461616,441.6700967707677,2024-03-11 15:15:00+00:00,436.5699516146162,-1.333322792188722,stop_hit,h_ema21,train
2024-03-11 16:00:00+00:00,438.56,437.1133764073577,441.4532471852846,2024-03-11 16:15:00+00:00,436.6033764073577,-1.3525450591251986,stop_hit,h_ema21,train
2024-03-11 17:30:00+00:00,438.39,437.08968270201797,440.990634595964,2024-03-11 17:45:00+00:00,436.579682702018,-1.3922119630273835,stop_hit,h_ema21,train
2024-03-13 14:30:00+00:00,441.09999999999997,439.99673184074146,443.306536318517,2024-03-13 14:45:00+00:00,439.48673184074147,-1.4622629554928483,stop_hit,h_ema21,train
2024-03-13 16:00:00+00:00,440.9,439.74697246011937,443.2060550797612,2024-03-13 19:15:00+00:00,439.2369724601194,-1.442313806357824,stop_hit,h_ema21,train
2024-03-14 14:15:00+00:00,440.48,439.20901285319616,443.02197429360774,2024-03-14 14:30:00+00:00,438.69901285319617,-1.4012629091352204,stop_hit,h_ema21,train
2024-03-14 17:45:00+00:00,439.08,437.96768322160784,441.30463355678427,2024-03-14 19:00:00+00:00,437.45768322160785,-1.4585024787068284,stop_hit,h_ema21,train
2024-03-15 14:45:00+00:00,436.4,434.93062905301764,439.33874189396465,2024-03-15 15:15:00+00:00,434.42062905301765,-1.3470873036161382,stop_hit,ema21,train
2024-03-15 18:00:00+00:00,435.03999999999996,433.90553716266083,437.3089256746782,2024-03-15 18:15:00+00:00,433.39553716266084,-1.4495519669874695,stop_hit,ema21,train
2024-03-15 18:45:00+00:00,435.32,433.92804487841323,438.1039102431735,2024-03-15 19:45:00+00:00,433.41804487841324,-1.366391122882335,stop_hit,ema21,train
2024-03-19 14:45:00+00:00,435.7,434.48889299562325,438.1222140087535,2024-03-19 17:30:00+00:00,437.6122140087535,2.0,scaleout_tier_1,ema21,train
2024-03-19 14:45:00+00:00,435.7,434.48889299562325,438.1222140087535,2024-03-19 17:45:00+00:00,435.19,-0.4211023453393749,stop_hit,ema21,train
2024-03-19 18:30:00+00:00,439.01,437.9078320001495,441.214335999701,2024-03-19 19:00:00+00:00,437.3978320001495,-1.4627243760199575,stop_hit,ema21,train
2024-03-20 18:00:00+00:00,439.25,438.4850867387775,440.779826522445,2024-03-20 18:15:00+00:00,440.269826522445,2.0,scaleout_tier_1,h_ema21,train
2024-03-20 18:00:00+00:00,439.25,438.4850867387775,440.779826522445,2024-03-20 18:30:00+00:00,438.74,-0.6667422645868446,stop_hit,h_ema21,train
2024-03-21 18:30:00+00:00,447.7,446.6350743454648,449.8298513090704,2024-03-21 18:45:00+00:00,446.1250743454648,-1.478906670928666,stop_hit,h_ema21,train
2024-03-21 19:15:00+00:00,447.0,445.9299665951116,449.14006680977684,2024-03-21 19:45:00+00:00,445.4199665951116,-1.476620634150363,stop_hit,h_ema21,train
2024-03-22 14:00:00+00:00,445.71,444.6832742068014,447.76345158639714,2024-03-22 14:30:00+00:00,444.1732742068014,-1.4967246399948497,stop_hit,h_ema21,train
2024-03-22 15:00:00+00:00,445.26,444.30379411236083,447.1724117752783,2024-03-22 17:45:00+00:00,446.6624117752783,2.0,scaleout_tier_1,h_ema21,train
2024-03-22 15:00:00+00:00,445.26,444.30379411236083,447.1724117752783,2024-03-25 13:30:00+00:00,444.75,-0.5333579374408215,stop_hit,h_ema21,train
2024-03-25 14:00:00+00:00,444.56,443.5729684446213,446.53406311075736,2024-03-26 13:30:00+00:00,446.02406311075737,2.0,scaleout_tier_1,h_ema21,train
2024-03-25 14:00:00+00:00,444.56,443.5729684446213,446.53406311075736,2024-03-26 17:30:00+00:00,445.09000000000003,0.5369635824831286,trail_exit,h_ema21,train
2024-03-26 18:15:00+00:00,446.27,445.68003730161035,447.44992539677924,2024-03-26 18:30:00+00:00,445.17003730161036,-1.86446143356537,stop_hit,h_ema21,train
2024-03-27 13:45:00+00:00,445.15,444.3009633070348,446.8480733859303,2024-03-27 14:00:00+00:00,443.7909633070348,-1.6006807529352702,stop_hit,h_ema21,train
2024-03-27 15:15:00+00:00,443.43,442.5155952078674,445.2588095842652,2024-03-27 15:30:00+00:00,442.00559520786743,-1.5577398591826739,stop_hit,h_ema21,train
2024-03-27 16:30:00+00:00,443.78999999999996,442.92411690723117,445.52176618553756,2024-03-27 17:00:00+00:00,442.4141169072312,-1.5889940619687881,stop_hit,h_ema21,train
2024-03-28 15:30:00+00:00,445.40999999999997,444.6373316581113,446.9553366837773,2024-03-28 15:45:00+00:00,444.1273316581113,-1.6600503377081173,stop_hit,h_ema21,train
2024-03-28 17:45:00+00:00,444.69,444.04306377875264,445.9838724424947,2024-03-28 18:00:00+00:00,443.53306377875265,-1.788331188222325,stop_hit,h_ema21,train
2024-04-01 16:15:00+00:00,444.82,443.7969904332504,446.86601913349915,2024-04-01 17:15:00+00:00,443.2869904332504,-1.498529062265195,stop_hit,h_ema21,train
2024-04-01 17:45:00+00:00,444.7,443.825833020272,446.44833395945597,2024-04-02 13:30:00+00:00,443.315833020272,-1.5834125651356517,stop_hit,h_ema21,train
2024-04-02 15:15:00+00:00,439.89,438.7902350005027,442.0895299989945,2024-04-02 15:45:00+00:00,438.2802350005027,-1.4637354346002334,stop_hit,ema21,train
2024-04-02 17:00:00+00:00,440.65999999999997,439.7678814437573,442.4442371124853,2024-04-02 17:15:00+00:00,439.2578814437573,-1.571672897543965,stop_hit,ema21,train
2024-04-03 16:30:00+00:00,443.92,443.1158315265554,445.5283369468893,2024-04-03 16:45:00+00:00,442.6058315265554,-1.6341954663000153,stop_hit,ema21,train
2024-04-05 14:15:00+00:00,439.76,438.4046844648385,442.47063107032295,2024-04-05 14:30:00+00:00,437.8946844648385,-1.376296136780596,stop_hit,ema21,train
2024-04-09 15:30:00+00:00,439.49,438.3375455785371,441.7949088429258,2024-04-09 19:45:00+00:00,441.2849088429258,2.0,scaleout_tier_1,ema21,train
2024-04-09 15:30:00+00:00,439.49,438.3375455785371,441.7949088429258,2024-04-10 13:30:00+00:00,438.98,-0.442533770101391,stop_hit,ema21,train
2024-04-10 14:45:00+00:00,438.9,437.45067158230506,441.7986568353898,2024-04-10 15:00:00+00:00,436.9406715823051,-1.3518871180426593,stop_hit,ema21,train
2024-04-10 15:30:00+00:00,438.53999999999996,437.1372396014301,441.34552079713967,2024-04-10 15:45:00+00:00,436.6272396014301,-1.3635688607405425,stop_hit,ema21,train
2024-04-10 16:30:00+00:00,437.82,436.5524260791453,440.3551478417094,2024-04-10 17:00:00+00:00,436.0424260791453,-1.4023433991574248,stop_hit,ema21,train
2024-04-10 19:15:00+00:00,438.5,437.08471618194244,441.3305676361151,2024-04-11 15:45:00+00:00,440.82056763611513,2.0,scaleout_tier_1,ema21,train
2024-04-10 19:15:00+00:00,438.5,437.08471618194244,442.7458514541727,2024-04-11 17:00:00+00:00,442.2358514541727,3.0,scaleout_tier_2,ema21,train
2024-04-10 19:15:00+00:00,438.5,437.08471618194244,444.16113527223024,2024-04-11 17:45:00+00:00,443.65113527223025,4.0,scaleout_tier_3,ema21,train
2024-04-10 19:15:00+00:00,438.5,437.08471618194244,445.5764190902878,2024-04-11 18:15:00+00:00,445.0664190902878,5.0,scaleout_tier_4,ema21,train
2024-04-10 19:15:00+00:00,438.5,437.08471618194244,441.3305676361151,2024-04-12 13:30:00+00:00,441.09000000000003,1.8300216302584023,trail_exit,ema21,train
2024-04-12 15:30:00+00:00,440.89,439.6397049343084,443.3905901313832,2024-04-12 16:00:00+00:00,439.1297049343084,-1.407903713286978,stop_hit,ema21,train
2024-04-15 16:00:00+00:00,439.59,438.335092568692,442.0998148626159,2024-04-15 16:15:00+00:00,437.825092568692,-1.406404478351384,stop_hit,ema21,train
2024-04-16 14:00:00+00:00,432.11,430.80574827007075,434.71850345985854,2024-04-16 14:15:00+00:00,430.29574827007076,-1.3910288085472973,stop_hit,ema50,train
2024-04-16 15:30:00+00:00,432.44,431.1998920533366,434.92021589332677,2024-04-16 16:00:00+00:00,430.6898920533366,-1.4112545213279122,stop_hit,ema50,train
2024-04-16 18:45:00+00:00,432.23,430.8628135828549,434.9643728342902,2024-04-17 14:00:00+00:00,430.35281358285494,-1.373028866878998,stop_hit,ema50,train
2024-04-17 18:00:00+00:00,428.42,427.13728069427685,430.98543861144634,2024-04-17 18:15:00+00:00,426.62728069427686,-1.3975928308902053,stop_hit,donchian_low,train
2024-04-17 18:45:00+00:00,429.57,428.246248427597,432.217503144806,2024-04-17 19:00:00+00:00,427.736248427597,-1.385268664175549,stop_hit,ema50,train
2024-04-18 14:15:00+00:00,426.4,424.9041720108194,429.3916559783611,2024-04-18 16:45:00+00:00,424.39417201081943,-1.3409482933123744,stop_hit,donchian_low,train
2024-04-18 18:30:00+00:00,424.33,423.15781583005435,426.67436833989126,2024-04-18 18:45:00+00:00,422.64781583005436,-1.4350852136346826,stop_hit,donchian_low,train
2024-05-06 13:45:00+00:00,438.09,435.1178748944252,444.0342502111495,2024-05-07 18:15:00+00:00,439.56,0.494595600044819,trail_exit,ema21,train
2024-05-08 14:00:00+00:00,440.21999999999997,439.37891424394815,441.9021715121036,2024-05-08 16:30:00+00:00,439.14,-1.2840545595132367,trail_exit,ema21,train
2024-05-08 17:45:00+00:00,440.15,439.4368583510729,441.57628329785416,2024-05-08 19:00:00+00:00,438.9268583510729,-1.7151454423777888,stop_hit,ema21,train
2024-05-09 14:00:00+00:00,440.18,439.4634449667809,441.6131100664382,2024-05-09 14:15:00+00:00,438.9534449667809,-1.7117387728180995,stop_hit,ema21,train
2024-05-09 18:30:00+00:00,441.58,440.91022068679945,442.91955862640106,2024-05-09 19:15:00+00:00,440.40022068679946,-1.7614448370508182,stop_hit,h_ema21,train
2024-05-14 13:45:00+00:00,444.07,443.50357446683654,445.2028510663269,2024-05-14 14:00:00+00:00,442.99357446683655,-1.9003831397777404,stop_hit,h_ema21,train
2024-05-14 17:00:00+00:00,444.2,443.486398319443,445.6272033611139,2024-05-14 17:15:00+00:00,442.97639831944304,-1.7146844155438907,stop_hit,h_ema21,train
2024-05-14 18:15:00+00:00,445.59,444.8991567710272,446.9716864579455,2024-05-15 13:30:00+00:00,446.4616864579455,2.0,scaleout_tier_1,h_ema21,train
2024-05-14 18:15:00+00:00,445.59,444.8991567710272,447.6625296869183,2024-05-15 13:30:00+00:00,447.1525296869183,3.0,scaleout_tier_2,h_ema21,train
2024-05-14 18:15:00+00:00,445.59,444.8991567710272,448.35337291589104,2024-05-15 14:00:00+00:00,447.84337291589105,4.0,scaleout_tier_3,h_ema21,train
2024-05-14 18:15:00+00:00,445.59,444.8991567710272,449.0442161448638,2024-05-15 14:30:00+00:00,448.5342161448638,5.0,scaleout_tier_4,h_ema21,train
2024-05-14 18:15:00+00:00,445.59,444.8991567710272,449.7350593738366,2024-05-15 14:30:00+00:00,449.2250593738366,6.0,scaleout_tier_5,h_ema21,train
2024-05-14 18:15:00+00:00,445.59,444.8991567710272,450.42590260280934,2024-05-15 15:00:00+00:00,449.91590260280935,7.0,scaleout_tier_6,h_ema21,train
2024-05-17 14:30:00+00:00,452.94,452.2224007366371,454.3751985267258,2024-05-17 15:00:00+00:00,451.7124007366371,-1.7107030706943147,stop_hit,h_ema21,train
2024-05-17 16:00:00+00:00,452.67,451.99411567023606,454.02176865952794,2024-05-17 16:15:00+00:00,451.48411567023606,-1.7545669836406754,stop_hit,h_ema21,train
2024-05-17 17:00:00+00:00,452.34,451.68883610104155,453.64232779791683,2024-05-17 17:15:00+00:00,451.17883610104155,-1.7832129527078546,stop_hit,h_ema21,train
2024-05-17 17:45:00+00:00,452.03,451.4232335692377,453.2435328615245,2024-05-17 18:00:00+00:00,450.9132335692377,-1.840521120061458,stop_hit,h_ema21,train
2024-05-17 19:00:00+00:00,451.81,451.1364136253179,453.1571727493642,2024-05-20 13:30:00+00:00,452.6471727493642,2.0,scaleout_tier_1,h_ema21,train
2024-05-17 19:00:00+00:00,451.81,451.1364136253179,453.83075912404627,2024-05-20 13:45:00+00:00,453.3207591240463,3.0,scaleout_tier_2,h_ema21,train
2024-05-17 19:00:00+00:00,451.81,451.1364136253179,454.50434549872836,2024-05-20 13:45:00+00:00,453.99434549872836,4.0,scaleout_tier_3,h_ema21,train
2024-05-17 19:00:00+00:00,451.81,451.1364136253179,455.17793187341044,2024-05-20 16:30:00+00:00,454.66793187341045,5.0,scaleout_tier_4,h_ema21,train
2024-05-17 19:00:00+00:00,451.81,451.1364136253179,453.1571727493642,2024-05-21 13:30:00+00:00,452.99,1.7518169077528178,trail_exit,h_ema21,train
2024-05-21 16:15:00+00:00,455.40999999999997,454.7789276086967,456.67214478260655,2024-05-21 16:30:00+00:00,454.2689276086967,-1.8081481729009539,stop_hit,h_ema21,train
2024-05-21 17:30:00+00:00,455.28,454.7030322905185,456.43393541896296,2024-05-22 13:45:00+00:00,455.92393541896297,2.0,scaleout_tier_1,h_ema21,train
2024-05-21 17:30:00+00:00,455.28,454.7030322905185,456.43393541896296,2024-05-22 17:30:00+00:00,454.77,-0.8839316163088484,stop_hit,h_ema21,train
2024-05-22 18:00:00+00:00,455.69,455.12305181210115,456.8238963757977,2024-05-22 18:15:00+00:00,454.61305181210116,-1.899553100063855,stop_hit,h_ema21,train
2024-05-23 16:30:00+00:00,459.65999999999997,458.49930276641567,461.98139446716857,2024-05-23 16:45:00+00:00,457.9893027664157,-1.4393910705077508,stop_hit,h_ema21,train
2024-05-24 15:00:00+00:00,458.19,457.016484758331,460.537030483338,2024-05-24 17:00:00+00:00,456.506484758331,-1.4345917137596387,stop_hit,h_ema21,train
2024-05-24 18:00:00+00:00,459.18,458.05985594419155,461.4202881116169,2024-05-24 18:45:00+00:00,457.54985594419156,-1.4552985817809867,stop_hit,h_ema21,train
2024-05-28 14:15:00+00:00,458.69,457.7157589136106,460.63848217277877,2024-05-28 18:30:00+00:00,457.2057589136106,-1.5234843891567869,stop_hit,h_ema21,train
2024-05-28 19:00:00+00:00,458.38,457.51478670324724,460.1104265935055,2024-05-29 13:30:00+00:00,457.00478670324725,-1.5894500256920217,stop_hit,h_ema21,train
2024-05-29 14:00:00+00:00,457.55,456.3633571345318,459.92328573093647,2024-05-29 19:45:00+00:00,455.8533571345318,-1.4297839011561018,stop_hit,h_ema21,train
2024-05-30 17:15:00+00:00,454.88,454.0218855782089,456.59622884358214,2024-05-30 17:45:00+00:00,453.51188557820893,-1.594326335799729,stop_hit,h_ema21,train
2024-05-31 16:45:00+00:00,444.76,443.6309078275426,447.01818434491474,2024-05-31 19:15:00+00:00,446.50818434491475,2.0,scaleout_tier_1,ema50,train
2024-05-31 16:45:00+00:00,444.76,443.6309078275426,448.1472765173721,2024-05-31 19:30:00+00:00,447.63727651737213,3.0,scaleout_tier_2,ema50,train
2024-05-31 16:45:00+00:00,444.76,443.6309078275426,449.2763686898295,2024-05-31 19:45:00+00:00,448.7663686898295,4.0,scaleout_tier_3,ema50,train
2024-05-31 16:45:00+00:00,444.76,443.6309078275426,450.4054608622869,2024-05-31 19:45:00+00:00,449.8954608622869,5.0,scaleout_tier_4,ema50,train
2024-05-31 16:45:00+00:00,444.76,443.6309078275426,451.53455303474425,2024-05-31 19:45:00+00:00,451.02455303474426,6.0,scaleout_tier_5,ema50,train
2024-05-31 16:45:00+00:00,444.76,443.6309078275426,452.6636452072016,2024-06-03 13:30:00+00:00,452.15364520720163,7.0,scaleout_tier_6,ema50,train
2024-05-31 16:45:00+00:00,444.76,443.6309078275426,453.792737379659,2024-06-03 13:30:00+00:00,453.282737379659,8.0,scaleout_tier_7,ema50,train
2024-05-31 16:45:00+00:00,444.76,443.6309078275426,454.9218295521164,2024-06-03 13:30:00+00:00,454.4118295521164,9.0,scaleout_tier_8,ema50,train
2024-06-03 19:15:00+00:00,451.68,450.40171455846956,454.2365708830609,2024-06-03 19:30:00+00:00,450.82,-0.6727761828925848,trail_exit,ema21,train
2024-06-04 14:30:00+00:00,452.87,451.5174544522424,455.5750910955152,2024-06-04 15:30:00+00:00,451.0074544522424,-1.3770667840691433,stop_hit,ema21,train
2024-06-04 16:30:00+00:00,452.59,451.4386572056693,454.8926855886613,2024-06-04 18:15:00+00:00,454.38268558866133,2.0,scaleout_tier_1,ema21,train
2024-06-04 16:30:00+00:00,452.59,451.4386572056693,456.044028382992,2024-06-05 13:30:00+00:00,455.534028382992,3.0,scaleout_tier_2,ema21,train
2024-06-04 16:30:00+00:00,452.59,451.4386572056693,457.19537117732267,2024-06-05 13:30:00+00:00,456.6853711773227,4.0,scaleout_tier_3,ema21,train
2024-06-04 16:30:00+00:00,452.59,451.4386572056693,458.34671397165334,2024-06-05 14:15:00+00:00,457.83671397165335,5.0,scaleout_tier_4,ema21,train
2024-06-04 16:30:00+00:00,452.59,451.4386572056693,459.498056765984,2024-06-05 14:30:00+00:00,458.988056765984,6.0,scaleout_tier_5,ema21,train
2024-06-04 16:30:00+00:00,452.59,451.4386572056693,460.6493995603147,2024-06-05 15:15:00+00:00,460.1393995603147,7.0,scaleout_tier_6,ema21,train
2024-06-04 16:30:00+00:00,452.59,451.4386572056693,461.80074235464537,2024-06-05 17:00:00+00:00,461.2907423546454,8.0,scaleout_tier_7,ema21,train
2024-06-07 16:00:00+00:00,464.55,463.5587640415588,466.53247191688246,2024-06-07 18:00:00+00:00,463.0487640415588,-1.5145091798344321,stop_hit,h_ema21,train
2024-06-07 18:30:00+00:00,463.56,462.4949235284106,465.6901529431788,2024-06-07 19:00:00+00:00,461.9849235284106,-1.4788388567432356,stop_hit,h_ema21,train
2024-06-10 14:15:00+00:00,462.65,461.6428854122768,464.6642291754463,2024-06-10 16:15:00+00:00,464.1542291754463,2.0,scaleout_tier_1,h_ema21,train
2024-06-10 14:15:00+00:00,462.65,461.6428854122768,464.6642291754463,2024-06-11 13:45:00+00:00,462.14,-0.5063971927494175,stop_hit,h_ema21,train
2024-06-11 14:15:00+00:00,464.06,463.13799973428416,465.9040005314317,2024-06-11 17:45:00+00:00,465.3940005314317,2.0,scaleout_tier_1,h_ema21,train
2024-06-11 14:15:00+00:00,464.06,463.13799973428416,466.8260007971475,2024-06-11 18:15:00+00:00,466.3160007971475,3.0,scaleout_tier_2,h_ema21,train
2024-06-11 14:15:00+00:00,464.06,463.13799973428416,467.74800106286335,2024-06-11 19:45:00+00:00,467.23800106286336,4.0,scaleout_tier_3,h_ema21,train
2024-06-11 14:15:00+00:00,464.06,463.13799973428416,468.6700013285792,2024-06-12 13:30:00+00:00,468.1600013285792,5.0,scaleout_tier_4,h_ema21,train
2024-06-11 14:15:00+00:00,464.06,463.13799973428416,469.592001594295,2024-06-12 13:30:00+00:00,469.08200159429504,6.0,scaleout_tier_5,h_ema21,train
2024-06-11 14:15:00+00:00,464.06,463.13799973428416,470.51400186001086,2024-06-12 13:30:00+00:00,470.0040018600109,7.0,scaleout_tier_6,h_ema21,train
2024-06-11 14:15:00+00:00,464.06,463.13799973428416,471.4360021257267,2024-06-12 13:30:00+00:00,470.9260021257267,8.0,scaleout_tier_7,h_ema21,train
2024-06-11 14:15:00+00:00,464.06,463.13799973428416,472.35800239144254,2024-06-12 13:30:00+00:00,471.84800239144255,9.0,scaleout_tier_8,h_ema21,train
2024-06-11 14:15:00+00:00,464.06,463.13799973428416,473.2800026571584,2024-06-12 13:30:00+00:00,472.7700026571584,10.0,scaleout_tier_9,h_ema21,train
2024-06-12 18:30:00+00:00,475.57,474.70973241604514,477.2905351679097,2024-06-12 18:45:00+00:00,474.19973241604515,-1.5928387974999614,stop_hit,h_ema21,train
2024-06-13 17:15:00+00:00,476.67,475.5019916387436,479.0060167225128,2024-06-14 19:45:00+00:00,478.4960167225128,2.0,scaleout_tier_1,h_ema21,train
2024-06-13 17:15:00+00:00,476.67,475.5019916387436,480.1740250837692,2024-06-17 15:00:00+00:00,479.6640250837692,3.0,scaleout_tier_2,h_ema21,train
2024-06-13 17:15:00+00:00,476.67,475.5019916387436,481.3420334450256,2024-06-17 16:15:00+00:00,480.8320334450256,4.0,scaleout_tier_3,h_ema21,train
2024-06-13 17:15:00+00:00,476.67,475.5019916387436,482.510041806282,2024-06-17 16:30:00+00:00,482.000041806282,5.0,scaleout_tier_4,h_ema21,train
2024-06-13 17:15:00+00:00,476.67,475.5019916387436,483.6780501675384,2024-06-17 17:15:00+00:00,483.1680501675384,6.0,scaleout_tier_5,h_ema21,train
2024-06-13 17:15:00+00:00,476.67,475.5019916387436,484.8460585287948,2024-06-17 17:30:00+00:00,484.3360585287948,7.0,scaleout_tier_6,h_ema21,train
2024-06-13 17:15:00+00:00,476.67,475.5019916387436,486.0140668900512,2024-06-17 18:15:00+00:00,485.5040668900512,8.0,scaleout_tier_7,h_ema21,train
2024-06-13 17:15:00+00:00,476.67,475.5019916387436,479.0060167225128,2024-06-18 13:45:00+00:00,484.2,6.446871657579693,trail_exit,h_ema21,train
2024-06-18 17:30:00+00:00,486.08,485.35092356513536,487.53815286972923,2024-06-18 17:45:00+00:00,484.84092356513537,-1.6995151339580585,stop_hit,h_ema21,train
2024-07-05 14:30:00+00:00,494.21,492.9573327951689,496.71533440966215,2024-07-08 15:15:00+00:00,496.20533440966216,2.0,scaleout_tier_1,h_ema21,train
2024-07-05 14:30:00+00:00,494.21,492.9573327951689,497.96800161449323,2024-07-09 13:30:00+00:00,497.45800161449324,3.0,scaleout_tier_2,h_ema21,train
2024-07-05 14:30:00+00:00,494.21,492.9573327951689,499.2206688193243,2024-07-09 13:30:00+00:00,498.7106688193243,4.0,scaleout_tier_3,h_ema21,train
2024-07-05 14:30:00+00:00,494.21,492.9573327951689,496.71533440966215,2024-07-09 16:30:00+00:00,497.16,2.3549750393583886,trail_exit,h_ema21,train
2024-07-10 14:00:00+00:00,500.39,499.5786970096784,502.0126059806431,2024-07-10 14:15:00+00:00,499.06869700967843,-1.628618415171685,stop_hit,h_ema21,train
2024-07-10 15:30:00+00:00,500.12,499.2763869253815,501.80722614923707,2024-07-10 16:45:00+00:00,501.2972261492371,2.0,scaleout_tier_1,h_ema21,train
2024-07-10 15:30:00+00:00,500.12,499.2763869253815,502.6508392238556,2024-07-10 19:45:00+00:00,502.1408392238556,3.0,scaleout_tier_2,h_ema21,train
2024-07-10 15:30:00+00:00,500.12,499.2763869253815,501.80722614923707,2024-07-11 14:00:00+00:00,499.61,-0.6045425507785129,stop_hit,h_ema21,train
2024-07-12 14:00:00+00:00,495.42,494.09583870546464,498.06832258907076,2024-07-12 17:30:00+00:00,497.55832258907077,2.0,scaleout_tier_1,h_ema21,train
2024-07-12 14:00:00+00:00,495.42,494.09583870546464,498.06832258907076,2024-07-12 19:30:00+00:00,494.91,-0.38514945430340647,stop_hit,h_ema21,train
2024-07-15 13:45:00+00:00,496.83,495.5192380177488,499.4515239645023,2024-07-15 15:00:00+00:00,498.9415239645023,2.0,scaleout_tier_1,h_ema21,train
2024-07-15 13:45:00+00:00,496.83,495.5192380177488,499.4515239645023,2024-07-15 16:00:00+00:00,496.68,-0.1144372525531753,trail_exit,h_ema21,train
2024-07-15 18:30:00+00:00,496.88,495.67037377394325,499.2992524521135,2024-07-15 19:30:00+00:00,495.16037377394326,-1.4216178427798636,stop_hit,h_ema21,train
2024-07-16 14:45:00+00:00,495.88,494.4238331462924,498.7923337074152,2024-07-16 16:00:00+00:00,493.9138331462924,-1.3502345893270824,stop_hit,h_ema21,train
2024-07-16 17:00:00+00:00,495.59,494.19517301628815,498.3796539674236,2024-07-16 17:15:00+00:00,493.68517301628816,-1.365636746317319,stop_hit,h_ema21,train
2024-07-16 18:00:00+00:00,495.09,493.87286720424316,497.5242655915136,2024-07-16 18:15:00+00:00,493.3628672042432,-1.419017548272433,stop_hit,h_ema21,train
2024-07-17 17:00:00+00:00,484.0,482.5753557495589,486.84928850088215,2024-07-17 17:15:00+00:00,482.06535574955893,-1.3579841071496217,stop_hit,ema21,train
2024-07-18 14:00:00+00:00,484.18,482.7115886201476,487.1168227597048,2024-07-18 14:30:00+00:00,482.2015886201476,-1.347314115783586,stop_hit,ema21,train
2024-07-18 16:45:00+00:00,480.02,478.2690218279717,483.52195634405655,2024-07-18 18:00:00+00:00,477.7590218279717,-1.2912657668423253,stop_hit,ema21,train
2024-07-19 13:45:00+00:00,480.42,478.6181818685352,484.02363626292964,2024-07-19 14:00:00+00:00,478.1081818685352,-1.2830474347515746,stop_hit,ema21,train
2024-07-19 15:00:00+00:00,478.64,476.8411155889548,482.2377688220904,2024-07-19 15:15:00+00:00,476.3311155889548,-1.2835090441990462,stop_hit,ema21,train
2024-07-19 16:00:00+00:00,478.34,476.50363838859164,482.01272322281665,2024-07-19 16:15:00+00:00,475.99363838859165,-1.2777230785220257,stop_hit,ema21,train
2024-07-19 19:00:00+00:00,476.06,474.612700261315,478.95459947737,2024-07-22 13:30:00+00:00,478.44459947737,2.0,scaleout_tier_1,h_ema21,train
2024-07-19 19:00:00+00:00,476.06,474.612700261315,480.40189921605497,2024-07-22 13:30:00+00:00,479.891899216055,3.0,scaleout_tier_2,h_ema21,train
2024-07-19 19:00:00+00:00,476.06,474.612700261315,481.84919895473996,2024-07-22 14:30:00+00:00,481.33919895473997,4.0,scaleout_tier_3,h_ema21,train
2024-07-19 19:00:00+00:00,476.06,474.612700261315,483.29649869342495,2024-07-23 15:00:00+00:00,482.78649869342496,5.0,scaleout_tier_4,h_ema21,train
2024-07-19 19:00:00+00:00,476.06,474.612700261315,478.95459947737,2024-07-23 17:00:00+00:00,480.41,3.005597170875201,trail_exit,h_ema21,train
2024-07-23 18:00:00+00:00,482.46999999999997,481.2717799820205,484.8664400359589,2024-07-23 18:15:00+00:00,480.7617799820205,-1.4256313467872115,stop_hit,ema21,train
2024-07-25 14:30:00+00:00,460.88,458.94999080506625,464.7400183898675,2024-07-25 16:00:00+00:00,464.2300183898675,2.0,scaleout_tier_1,ema50,train
2024-07-25 14:30:00+00:00,460.88,458.94999080506625,466.67002758480123,2024-07-25 16:15:00+00:00,466.16002758480124,3.0,scaleout_tier_2,ema50,train
2024-07-25 14:30:00+00:00,460.88,458.94999080506625,464.7400183898675,2024-07-25 18:30:00+00:00,462.46000000000004,0.8186489495218596,trail_exit,ema50,train
2024-07-26 13:45:00+00:00,462.62,460.4510366731182,466.9579266537636,2024-07-26 14:00:00+00:00,459.9410366731182,-1.2351353725898129,stop_hit,ema50,train
2024-07-26 15:45:00+00:00,463.17,461.0953453092216,467.3193093815568,2024-07-26 19:00:00+00:00,461.38,-0.8627941835122546,trail_exit,ema50,train
2024-07-29 16:45:00+00:00,466.94,465.1756419475633,470.4687161048734,2024-07-29 17:15:00+00:00,464.6656419475633,-1.28905697417576,stop_hit,ema50,train
2024-07-30 18:15:00+00:00,458.38,456.90307042546345,461.3338591490731,2024-07-30 19:00:00+00:00,456.39307042546346,-1.3453109808299617,stop_hit,donchian_low,train
2024-08-01 18:00:00+00:00,460.11,458.0436179845446,464.24276403091085,2024-08-01 18:15:00+00:00,457.5336179845446,-1.2468081875400905,stop_hit,ema50,train
2024-08-01 19:15:00+00:00,458.01,456.0717400717252,461.8865198565496,2024-08-02 13:30:00+00:00,455.5617400717252,-1.2631226042287969,stop_hit,donchian_low,train
2024-08-02 15:15:00+00:00,446.83,443.9488927130568,452.59221457388634,2024-08-05 13:30:00+00:00,443.4388927130568,-1.1770152754502576,stop_hit,ema100,train
2024-08-05 18:30:00+00:00,436.67,433.45499849240275,443.10000301519455,2024-08-05 18:45:00+00:00,432.94499849240276,-1.158631340854686,stop_hit,h_ema21,train
2024-08-06 14:00:00+00:00,439.28999999999996,436.0576794962366,445.75464100752674,2024-08-06 18:15:00+00:00,445.24464100752675,2.0,scaleout_tier_1,h_ema21,train
2024-08-06 14:00:00+00:00,439.28999999999996,436.0576794962366,445.75464100752674,2024-08-06 19:45:00+00:00,439.09000000000003,-0.06187505223169294,trail_exit,h_ema21,train
2024-08-07 19:15:00+00:00,438.14,435.28227565495365,443.85544869009266,2024-08-07 19:45:00+00:00,434.77227565495366,-1.178463678935318,stop_hit,ema100,train
2024-08-08 13:45:00+00:00,439.38,436.3630165811415,445.413966837717,2024-08-08 14:45:00+00:00,444.903966837717,2.0,scaleout_tier_1,h_ema21,train
2024-08-08 13:45:00+00:00,439.38,436.3630165811415,448.4309502565755,2024-08-08 18:00:00+00:00,447.9209502565755,3.0,scaleout_tier_2,h_ema21,train
2024-08-08 13:45:00+00:00,439.38,436.3630165811415,451.447933675434,2024-08-09 17:15:00+00:00,450.937933675434,4.0,scaleout_tier_3,h_ema21,train
2024-08-08 13:45:00+00:00,439.38,436.3630165811415,445.413966837717,2024-08-12 19:00:00+00:00,450.32,3.62613858982998,trail_exit,h_ema21,train
2024-08-15 14:30:00+00:00,472.25,470.5447187551681,475.6605624896638,2024-08-16 16:45:00+00:00,475.1505624896638,2.0,scaleout_tier_1,ema21,train
2024-08-15 14:30:00+00:00,472.25,470.5447187551681,475.6605624896638,2024-09-03 13:30:00+00:00,471.74,-0.299070901967415,stop_hit,ema21,train
2024-09-03 17:30:00+00:00,466.26,465.03160250920536,468.71679498158926,2024-09-03 17:45:00+00:00,464.52160250920537,-1.4151750584170264,stop_hit,ema21,train
2024-09-04 14:45:00+00:00,463.64,461.9790730835662,466.9618538328675,2024-09-04 15:15:00+00:00,461.46907308356623,-1.3070574598760971,stop_hit,ema21,train
2024-09-04 16:00:00+00:00,462.36,460.7624808718402,465.5550382563197,2024-09-04 18:30:00+00:00,460.2524808718402,-1.3192450037123846,stop_hit,ema21,train
2024-09-05 13:45:00+00:00,462.14,460.65339786989205,465.11320426021587,2024-09-05 15:00:00+00:00,460.14339786989206,-1.343064219854818,stop_hit,ema21,train
2024-09-05 16:15:00+00:00,459.62,457.8873892781087,463.08522144378264,2024-09-06 13:30:00+00:00,457.3773892781087,-1.294353482612225,stop_hit,ema21,train
2024-09-06 15:15:00+00:00,451.59,449.5769272854228,455.6161454291543,2024-09-06 15:30:00+00:00,449.0669272854228,-1.2533440527542563,stop_hit,ema21,train
2024-09-06 17:15:00+00:00,450.75,449.0255595760242,454.1988808479516,2024-09-06 17:30:00+00:00,448.5155595760242,-1.2957481122045107,stop_hit,ema100,train
2024-09-09 13:45:00+00:00,454.09999999999997,452.39474527342134,457.5105094531572,2024-09-09 14:30:00+00:00,451.88474527342134,-1.2990755527904263,stop_hit,ema100,train
2024-09-09 15:30:00+00:00,452.11,450.41685623655917,455.4962875268817,2024-09-09 18:15:00+00:00,451.77,-0.2008098823865236,trail_exit,ema100,train
2024-09-09 18:45:00+00:00,453.05,451.79656479741436,455.5568704051713,2024-09-10 13:30:00+00:00,455.0468704051713,2.0,scaleout_tier_1,ema100,train
2024-09-09 18:45:00+00:00,453.05,451.79656479741436,456.81030560775696,2024-09-10 14:15:00+00:00,456.30030560775697,3.0,scaleout_tier_2,ema100,train
2024-09-09 18:45:00+00:00,453.05,451.79656479741436,455.5568704051713,2024-09-10 15:45:00+00:00,452.54,-0.40688182280818125,stop_hit,ema100,train
2024-09-10 16:30:00+00:00,453.92,452.36327855359855,457.03344289280295,2024-09-10 18:00:00+00:00,456.52344289280296,2.0,scaleout_tier_1,ema21,train
2024-09-10 16:30:00+00:00,453.92,452.36327855359855,458.5901643392044,2024-09-10 19:15:00+00:00,458.08016433920443,3.0,scaleout_tier_2,ema21,train
2024-09-10 16:30:00+00:00,453.92,452.36327855359855,457.03344289280295,2024-09-11 14:00:00+00:00,454.34000000000003,0.2697977862198095,trail_exit,ema21,train
2024-09-11 15:15:00+00:00,455.17,453.6364728637855,458.237054272429,2024-09-11 16:00:00+00:00,457.72705427242903,2.0,scaleout_tier_1,ema21,train
2024-09-11 15:15:00+00:00,455.17,453.6364728637855,459.7705814086435,2024-09-11 16:15:00+00:00,459.26058140864353,3.0,scaleout_tier_2,ema21,train
2024-09-11 15:15:00+00:00,455.17,453.6364728637855,461.304108544858,2024-09-11 17:00:00+00:00,460.79410854485803,4.0,scaleout_tier_3,ema21,train
2024-09-11 15:15:00+00:00,455.17,453.6364728637855,462.8376356810725,2024-09-11 17:45:00+00:00,462.32763568107254,5.0,scaleout_tier_4,ema21,train
2024-09-11 15:15:00+00:00,455.17,453.6364728637855,464.37116281728703,2024-09-11 18:15:00+00:00,463.86116281728704,6.0,scaleout_tier_5,ema21,train
2024-09-11 15:15:00+00:00,455.17,453.6364728637855,465.90468995350153,2024-09-11 18:30:00+00:00,465.39468995350154,7.0,scaleout_tier_6,ema21,train
2024-09-11 15:15:00+00:00,455.17,453.6364728637855,467.43821708971603,2024-09-11 19:45:00+00:00,466.92821708971604,8.0,scaleout_tier_7,ema21,train
2024-09-11 15:15:00+00:00,455.17,453.6364728637855,468.97174422593054,2024-09-12 14:00:00+00:00,468.46174422593054,9.0,scaleout_tier_8,ema21,train
2024-09-13 13:45:00+00:00,475.01,473.6268301959517,477.7763396080966,2024-09-13 14:00:00+00:00,473.1168301959517,-1.36871828643693,stop_hit,h_ema21,train
2024-09-13 17:00:00+00:00,476.2,474.96182812808354,478.6763437438329,2024-09-13 18:00:00+00:00,474.45182812808355,-1.411897581884662,stop_hit,h_ema21,train
2024-09-16 14:00:00+00:00,473.53,472.2140458824939,476.1619082350121,2024-09-16 14:15:00+00:00,471.7040458824939,-1.3875515059495527,stop_hit,h_ema21,train
2024-09-16 15:15:00+00:00,472.23,470.77850130869734,475.13299738260537,2024-09-16 15:45:00+00:00,470.26850130869735,-1.3513609781778597,stop_hit,h_ema21,train
2024-09-16 16:30:00+00:00,471.96,470.60076611755915,474.67846776488165,2024-09-17 13:30:00+00:00,474.16846776488165,2.0,scaleout_tier_1,h_ema50,train
2024-09-16 16:30:00+00:00,471.96,470.60076611755915,476.0377016473225,2024-09-17 13:30:00+00:00,475.5277016473225,3.0,scaleout_tier_2,h_ema50,train
2024-09-16 16:30:00+00:00,471.96,470.60076611755915,474.67846776488165,2024-09-17 16:15:00+00:00,473.27,0.9637782113315043,trail_exit,h_ema50,train
2024-09-17 17:15:00+00:00,473.21999999999997,471.89359459014054,475.87281081971884,2024-09-17 17:30:00+00:00,471.38359459014055,-1.384497828649567,stop_hit,h_ema21,train
2024-09-17 18:00:00+00:00,473.53,472.07996622249954,476.43006755500085,2024-09-17 18:45:00+00:00,471.56996622249954,-1.3517159447686296,stop_hit,h_ema21,train
2024-09-18 16:15:00+00:00,472.98,471.784098863007,475.3718022739861,2024-09-18 18:00:00+00:00,474.21000000000004,1.0285131119556645,trail_exit,h_ema21,train
2024-09-19 13:45:00+00:00,482.59,479.8128193485616,488.1443613028767,2024-09-20 13:30:00+00:00,482.22,-0.13322863955872563,trail_exit,h_ema21,train
2024-09-20 14:30:00+00:00,482.19,480.8274161651264,484.9151676697472,2024-09-20 14:45:00+00:00,480.3174161651264,-1.3742888965414042,stop_hit,h_ema21,train
2024-09-20 15:45:00+00:00,481.59999999999997,480.18852942635186,484.42294114729617,2024-09-20 18:30:00+00:00,479.6785294263519,-1.3613252798333861,stop_hit,h_ema50,train
2024-09-20 19:00:00+00:00,482.14,481.08739190080746,484.24521619838504,2024-09-24 14:00:00+00:00,480.57739190080747,-1.4845108073852187,stop_hit,h_ema21,train
2024-09-24 15:00:00+00:00,483.53999999999996,482.3916705834757,485.83665883304855,2024-09-24 16:00:00+00:00,485.32665883304855,2.0,scaleout_tier_1,h_ema21,train
2024-09-24 15:00:00+00:00,483.53999999999996,482.3916705834757,486.98498824957284,2024-09-25 14:00:00+00:00,486.47498824957285,3.0,scaleout_tier_2,h_ema21,train
2024-09-24 15:00:00+00:00,483.53999999999996,482.3916705834757,485.83665883304855,2024-09-25 16:45:00+00:00,485.07,1.3323702919942266,trail_exit,h_ema21,train
2024-09-25 17:30:00+00:00,486.15999999999997,485.2942985238263,487.89140295234733,2024-09-25 17:45:00+00:00,484.7842985238263,-1.5891176277694958,stop_hit,h_ema21,train
2024-09-26 15:45:00+00:00,488.38,486.87175833997924,491.3964833200415,2024-09-26 16:30:00+00:00,486.36175833997925,-1.338142098523503,stop_hit,h_ema21,train
2024-09-27 16:30:00+00:00,487.98,486.8614979777115,490.21700404457704,2024-09-27 17:30:00+00:00,486.3514979777115,-1.4559669896318166,stop_hit,h_ema21,train
2024-09-27 18:45:00+00:00,487.03,486.01336750911116,489.0632649817776,2024-09-30 13:30:00+00:00,485.5033675091112,-1.5016562076961695,stop_hit,h_ema21,train
2024-09-30 14:30:00+00:00,486.46,485.3503397475922,488.6793205048155,2024-09-30 18:00:00+00:00,484.8403397475922,-1.459600133368193,stop_hit,h_ema21,train
2024-09-30 18:45:00+00:00,485.8,484.6202663828917,488.1594672342166,2024-09-30 19:00:00+00:00,484.1102663828917,-1.4323009810045735,stop_hit,h_ema21,train
2024-10-01 14:45:00+00:00,480.95,479.1572593136602,484.5354813726796,2024-10-01 15:00:00+00:00,478.6472593136602,-1.284480630068838,stop_hit,ema21,train
2024-10-01 15:45:00+00:00,481.17,479.35378262331966,484.8024347533607,2024-10-01 16:30:00+00:00,478.84378262331967,-1.280803392010354,stop_hit,ema21,train
2024-10-01 17:00:00+00:00,480.62,478.8403658474896,484.17926830502086,2024-10-01 17:15:00+00:00,478.3303658474896,-1.2865757545058145,stop_hit,ema21,train
2024-10-01 17:45:00+00:00,480.59999999999997,478.8695822765796,484.0608354468407,2024-10-02 13:30:00+00:00,478.3595822765796,-1.2947265236002763,stop_hit,ema21,train
2024-10-02 14:00:00+00:00,480.26,478.635061192895,483.5098776142099,2024-10-02 16:00:00+00:00,482.99987761420994,2.0,scaleout_tier_1,ema21,train
2024-10-02 14:00:00+00:00,480.26,478.635061192895,483.5098776142099,2024-10-03 13:30:00+00:00,479.75,-0.31385797284798667,stop_hit,ema21,train
2024-10-03 15:15:00+00:00,481.64,480.0449223314062,484.83015533718753,2024-10-03 16:45:00+00:00,479.5349223314062,-1.3197336468572145,stop_hit,ema21,train
2024-10-03 17:30:00+00:00,481.03,479.565283392001,483.95943321599793,2024-10-04 13:30:00+00:00,483.44943321599794,2.0,scaleout_tier_1,ema21,train
2024-10-03 17:30:00+00:00,481.03,479.565283392001,485.4241498239969,2024-10-04 13:30:00+00:00,484.9141498239969,3.0,scaleout_tier_2,ema21,train
2024-10-03 17:30:00+00:00,481.03,479.565283392001,483.95943321599793,2024-10-04 14:15:00+00:00,482.45,0.9694708124733741,trail_exit,ema21,train
2024-10-04 17:45:00+00:00,486.51,484.96528332644897,489.59943334710204,2024-10-04 18:00:00+00:00,484.455283326449,-1.3301576326146554,stop_hit,h_ema21,train
2024-10-04 18:30:00+00:00,486.0,484.5410340627582,488.91793187448366,2024-10-07 13:45:00+00:00,484.0310340627582,-1.3495626504921319,stop_hit,h_ema21,train
2024-10-07 14:15:00+00:00,486.21999999999997,484.89044293862094,488.87911412275804,2024-10-07 16:00:00+00:00,484.38044293862094,-1.3835863949088518,stop_hit,h_ema21,train
2024-10-07 16:30:00+00:00,486.3,485.21792415212406,488.4641516957519,2024-10-07 16:45:00+00:00,484.70792415212406,-1.4713163139174463,stop_hit,h_ema21,train
2024-10-08 13:45:00+00:00,485.09,483.83618079718593,487.59763840562806,2024-10-08 14:30:00+00:00,487.08763840562807,2.0,scaleout_tier_1,ema21,train
2024-10-08 13:45:00+00:00,485.09,483.83618079718593,488.8514576084421,2024-10-08 19:15:00+00:00,488.3414576084421,3.0,scaleout_tier_2,ema21,train
2024-10-08 13:45:00+00:00,485.09,483.83618079718593,490.10527681125615,2024-10-09 14:15:00+00:00,489.59527681125616,4.0,scaleout_tier_3,ema21,train
2024-10-08 13:45:00+00:00,485.09,483.83618079718593,491.3590960140702,2024-10-09 15:00:00+00:00,490.8490960140702,5.0,scaleout_tier_4,ema21,train
2024-10-08 13:45:00+00:00,485.09,483.83618079718593,492.61291521688423,2024-10-09 15:45:00+00:00,492.10291521688424,6.0,scaleout_tier_5,ema21,train
2024-10-08 13:45:00+00:00,485.09,483.83618079718593,487.59763840562806,2024-10-10 13:45:00+00:00,490.37,4.211133461785973,trail_exit,ema21,train
2024-10-10 19:00:00+00:00,492.83,491.8246414310905,494.8407171378189,2024-10-10 19:15:00+00:00,491.31464143109054,-1.5072816960750661,stop_hit,h_ema21,train
2024-10-11 14:00:00+00:00,491.65,490.64752081554036,493.6549583689192,2024-10-11 15:45:00+00:00,493.1449583689192,2.0,scaleout_tier_1,h_ema21,train
2024-10-11 14:00:00+00:00,491.65,490.64752081554036,494.6574375533788,2024-10-14 13:30:00+00:00,494.14743755337884,3.0,scaleout_tier_2,h_ema21,train
2024-10-11 14:00:00+00:00,491.65,490.64752081554036,495.65991673783844,2024-10-14 13:30:00+00:00,495.14991673783845,4.0,scaleout_tier_3,h_ema21,train
2024-10-11 14:00:00+00:00,491.65,490.64752081554036,496.66239592229806,2024-10-14 13:30:00+00:00,496.15239592229807,5.0,scaleout_tier_4,h_ema21,train
2024-10-15 17:45:00+00:00,492.23,491.07518483058806,494.53963033882394,2024-10-15 18:00:00+00:00,490.56518483058807,-1.44162911391239,stop_hit,h_ema200,train
2024-10-15 18:30:00+00:00,491.81,490.70549237347007,494.0190152530599,2024-10-15 18:45:00+00:00,490.1954923734701,-1.461744208686247,stop_hit,h_ema200,train
2024-10-16 14:15:00+00:00,490.42,489.07735890331884,493.10528219336237,2024-10-16 14:30:00+00:00,488.56735890331885,-1.379848346114714,stop_hit,ema21,train
2024-10-16 15:00:00+00:00,489.71,488.29569515692106,492.5386096861578,2024-10-17 13:30:00+00:00,492.02860968615784,2.0,scaleout_tier_1,ema21,train
2024-10-16 15:00:00+00:00,489.71,488.29569515692106,492.5386096861578,2024-10-17 13:30:00+00:00,492.92,2.269666271531608,trail_exit,ema21,train
2024-10-17 14:30:00+00:00,493.93,492.65265084864484,496.48469830271034,2024-10-17 14:45:00+00:00,492.14265084864485,-1.3992643667230067,stop_hit,h_ema21,train
2024-10-17 17:45:00+00:00,495.05,494.00248059247656,497.1450388150469,2024-10-17 18:00:00+00:00,493.49248059247657,-1.486864487986656,stop_hit,h_ema21,train
2024-11-04 16:15:00+00:00,489.59,488.2552999197484,492.25940016050316,2024-11-04 16:30:00+00:00,487.7452999197484,-1.3821083159775152,stop_hit,ema21,train
2024-11-04 17:30:00+00:00,487.19,485.8104884369294,489.9490231261412,2024-11-04 20:30:00+00:00,485.3004884369294,-1.3696960675449537,stop_hit,ema21,train
2024-11-05 14:45:00+00:00,489.68,488.46791363507646,492.1041727298471,2024-11-05 16:45:00+00:00,491.5941727298471,2.0,scaleout_tier_1,ema21,train
2024-11-05 14:45:00+00:00,489.68,488.46791363507646,493.31625909477066,2024-11-06 14:30:00+00:00,492.80625909477067,3.0,scaleout_tier_2,ema21,train
2024-11-05 14:45:00+00:00,489.68,488.46791363507646,494.5283454596942,2024-11-06 14:30:00+00:00,494.0183454596942,4.0,scaleout_tier_3,ema21,train
2024-11-05 14:45:00+00:00,489.68,488.46791363507646,495.74043182461776,2024-11-06 14:30:00+00:00,495.23043182461777,5.0,scaleout_tier_4,ema21,train
2024-11-05 14:45:00+00:00,489.68,488.46791363507646,496.9525181895413,2024-11-06 14:30:00+00:00,496.4425181895413,6.0,scaleout_tier_5,ema21,train
2024-11-05 14:45:00+00:00,489.68,488.46791363507646,498.16460455446486,2024-11-06 14:30:00+00:00,497.65460455446487,7.0,scaleout_tier_6,ema21,train
2024-11-05 14:45:00+00:00,489.68,488.46791363507646,499.3766909193884,2024-11-06 14:30:00+00:00,498.8666909193884,8.0,scaleout_tier_7,ema21,train
2024-11-05 14:45:00+00:00,489.68,488.46791363507646,500.58877728431196,2024-11-06 14:30:00+00:00,500.07877728431197,9.0,scaleout_tier_8,ema21,train
2024-11-05 14:45:00+00:00,489.68,488.46791363507646,501.8008636492355,2024-11-06 14:30:00+00:00,501.2908636492355,10.0,scaleout_tier_9,ema21,train
2024-11-08 16:00:00+00:00,513.81,512.8602747969476,515.7094504061047,2024-11-11 14:30:00+00:00,513.0600000000001,-0.789702113400198,trail_exit,h_ema21,train
2024-11-11 18:45:00+00:00,512.88,512.0730261682344,514.4939476635312,2024-11-12 16:30:00+00:00,511.76,-1.3879012626091007,trail_exit,h_ema21,train
2024-11-12 17:30:00+00:00,512.84,511.97549198965703,514.569016020686,2024-11-12 17:45:00+00:00,511.46549198965704,-1.5899309131880033,stop_hit,h_ema21,train
2024-11-12 18:30:00+00:00,511.89,510.9503890752966,513.7692218494068,2024-11-13 15:00:00+00:00,510.4403890752966,-1.5427778526106195,stop_hit,h_ema21,train
2024-11-13 15:45:00+00:00,512.06,511.0974414720963,513.9851170558072,2024-11-13 16:00:00+00:00,510.5874414720963,-1.5298379113743064,stop_hit,h_ema21,train
2024-11-13 17:00:00+00:00,513.03,511.9795677145294,515.1308645709411,2024-11-13 19:30:00+00:00,512.09,-0.894869676990993,trail_exit,h_ema21,train
2024-11-14 15:15:00+00:00,511.62,510.48073234145033,513.8985353170993,2024-11-14 15:30:00+00:00,509.97073234145034,-1.4476559974055963,stop_hit,h_ema21,train
2024-11-14 18:00:00+00:00,511.03999999999996,509.9059912846644,513.308017430671,2024-11-14 18:45:00+00:00,509.39599128466443,-1.4497319933287178,stop_hit,h_ema21,train
2024-11-18 14:45:00+00:00,498.15999999999997,496.9580701820221,500.56385963595574,2024-11-18 15:30:00+00:00,500.05385963595575,2.0,scaleout_tier_1,ema21,train
2024-11-18 14:45:00+00:00,498.15999999999997,496.9580701820221,501.7657894539336,2024-11-18 16:30:00+00:00,501.25578945393363,3.0,scaleout_tier_2,ema21,train
2024-11-18 14:45:00+00:00,498.15999999999997,496.9580701820221,500.56385963595574,2024-11-18 18:30:00+00:00,498.97,0.6739162203021102,trail_exit,ema21,train
2024-11-18 19:00:00+00:00,501.18,500.13713848499447,503.2657230300111,2024-11-18 19:15:00+00:00,499.6271384849945,-1.489039045608353,stop_hit,ema21,train
2024-11-19 15:15:00+00:00,498.9,497.8080063914357,501.08398721712854,2024-11-19 16:15:00+00:00,500.57398721712855,2.0,scaleout_tier_1,ema21,train
2024-11-19 15:15:00+00:00,498.9,497.8080063914357,502.1759808256928,2024-11-19 18:00:00+00:00,501.6659808256928,3.0,scaleout_tier_2,ema21,train
2024-11-19 15:15:00+00:00,498.9,497.8080063914357,503.2679744342571,2024-11-19 18:45:00+00:00,502.7579744342571,4.0,scaleout_tier_3,ema21,train
2024-11-19 15:15:00+00:00,498.9,497.8080063914357,501.08398721712854,2024-11-20 14:30:00+00:00,500.34000000000003,1.3186890369196596,trail_exit,ema21,train
2024-11-20 15:45:00+00:00,499.64,498.4246472694471,502.0707054611057,2024-11-20 16:30:00+00:00,497.91464726944713,-1.4196312619201434,stop_hit,ema21,train
2024-11-21 15:45:00+00:00,499.84,497.8644186389866,503.79116272202674,2024-11-21 16:15:00+00:00,503.28116272202675,2.0,scaleout_tier_1,ema21,train
2024-11-21 15:45:00+00:00,499.84,497.8644186389866,505.7667440830401,2024-11-21 18:45:00+00:00,505.25674408304013,3.0,scaleout_tier_2,ema21,train
2024-11-21 15:45:00+00:00,499.84,497.8644186389866,507.7423254440535,2024-11-25 14:30:00+00:00,507.2323254440535,4.0,scaleout_tier_3,ema21,train
2024-11-21 15:45:00+00:00,499.84,497.8644186389866,509.7179068050669,2024-11-25 14:30:00+00:00,509.2079068050669,5.0,scaleout_tier_4,ema21,train
2024-11-21 15:45:00+00:00,499.84,497.8644186389866,503.79116272202674,2024-11-25 15:00:00+00:00,506.53000000000003,3.3863449676243103,trail_exit,ema21,train
2024-11-25 18:00:00+00:00,506.48,505.0542065875446,509.3315868249108,2024-11-26 19:15:00+00:00,507.14,0.46290016087489644,trail_exit,h_ema21,train
2024-11-27 18:15:00+00:00,505.06,504.0631182761723,507.0537634476554,2024-11-29 14:45:00+00:00,506.5437634476554,2.0,scaleout_tier_1,ema21,train
2024-11-27 18:15:00+00:00,505.06,504.0631182761723,508.0506451714831,2024-11-29 15:00:00+00:00,507.5406451714831,3.0,scaleout_tier_2,ema21,train
2024-11-27 18:15:00+00:00,505.06,504.0631182761723,509.0475268953108,2024-11-29 15:30:00+00:00,508.5375268953108,4.0,scaleout_tier_3,ema21,train
2024-11-27 18:15:00+00:00,505.06,504.0631182761723,510.0444086191385,2024-12-02 14:30:00+00:00,509.5344086191385,5.0,scaleout_tier_4,ema21,train
2024-11-27 18:15:00+00:00,505.06,504.0631182761723,511.0412903429662,2024-12-02 14:30:00+00:00,510.5312903429662,6.0,scaleout_tier_5,ema21,train
2024-11-27 18:15:00+00:00,505.06,504.0631182761723,512.0381720667939,2024-12-02 14:30:00+00:00,511.5281720667939,7.0,scaleout_tier_6,ema21,train
2024-11-27 18:15:00+00:00,505.06,504.0631182761723,513.0350537906215,2024-12-02 14:45:00+00:00,512.5250537906215,8.0,scaleout_tier_7,ema21,train
2024-12-03 19:00:00+00:00,516.25,515.5216362146058,522.8052740685479,2024-12-04 20:15:00+00:00,522.2952740685479,9.0,scaleout_tier_8,h_ema21,train
2024-12-03 19:00:00+00:00,516.25,515.5216362146058,523.5336378539421,2024-12-05 17:00:00+00:00,523.0236378539421,10.0,scaleout_tier_9,h_ema21,train
2024-12-03 19:00:00+00:00,516.25,515.5216362146058,517.7067275707884,2024-12-05 18:45:00+00:00,521.74,7.53744229201166,trail_exit,h_ema21,train
2024-12-09 16:30:00+00:00,523.42,522.4202871197045,525.4194257605908,2024-12-09 17:45:00+00:00,521.9102871197045,-1.5101464731046415,stop_hit,h_ema21,train
2024-12-09 18:30:00+00:00,523.75,522.8779020133983,525.4941959732034,2024-12-09 19:00:00+00:00,522.3679020133983,-1.5847966717447612,stop_hit,h_ema21,train
2024-12-10 15:15:00+00:00,525.61,524.6043944944373,527.6212110111254,2024-12-10 15:30:00+00:00,524.0943944944373,-1.5071571278983942,stop_hit,h_ema21,train
2024-12-10 17:00:00+00:00,522.88,521.8619476552919,524.9161046894161,2024-12-10 17:15:00+00:00,521.351947655292,-1.5009565595040633,stop_hit,h_ema21,train
2024-12-12 15:30:00+00:00,528.53,527.5838715011861,530.4222569976278,2024-12-12 16:45:00+00:00,527.0738715011861,-1.539038831024908,stop_hit,h_ema21,train
2024-12-12 17:15:00+00:00,528.87,527.9825083111552,530.6449833776895,2024-12-12 17:30:00+00:00,527.4725083111553,-1.574653268769032,stop_hit,h_ema21,train
2024-12-13 14:45:00+00:00,533.23,532.0960178424231,535.4979643151539,2024-12-13 15:00:00+00:00,531.5860178424231,-1.4497425260109371,stop_hit,h_ema21,train
2024-12-13 17:15:00+00:00,529.04,527.725200931601,531.669598136798,2024-12-13 17:30:00+00:00,527.215200931601,-1.3878919693949943,stop_hit,h_ema21,train
2024-12-13 18:15:00+00:00,529.06,527.8491829916559,531.4816340166881,2024-12-16 14:30:00+00:00,530.9716340166881,2.0,scaleout_tier_1,h_ema21,train
2024-12-13 18:15:00+00:00,529.06,527.8491829916559,532.6924510250321,2024-12-16 14:30:00+00:00,532.1824510250322,3.0,scaleout_tier_2,h_ema21,train
2024-12-13 18:15:00+00:00,529.06,527.8491829916559,533.9032680333762,2024-12-16 14:45:00+00:00,533.3932680333762,4.0,scaleout_tier_3,h_ema21,train
2024-12-13 18:15:00+00:00,529.06,527.8491829916559,535.1140850417203,2024-12-16 15:15:00+00:00,534.6040850417203,5.0,scaleout_tier_4,h_ema21,train
2024-12-13 18:15:00+00:00,529.06,527.8491829916559,536.3249020500643,2024-12-16 16:15:00+00:00,535.8149020500643,6.0,scaleout_tier_5,h_ema21,train
2024-12-13 18:15:00+00:00,529.06,527.8491829916559,537.5357190584084,2024-12-16 17:45:00+00:00,537.0257190584084,7.0,scaleout_tier_6,h_ema21,train
2024-12-13 18:15:00+00:00,529.06,527.8491829916559,538.7465360667525,2024-12-16 20:00:00+00:00,538.2365360667525,8.0,scaleout_tier_7,h_ema21,train
2025-01-02 15:00:00+00:00,515.95,513.1349039531862,521.5801920936278,2025-01-02 15:15:00+00:00,512.6249039531862,-1.1811661099724131,stop_hit,ema21,holdout
2025-01-02 16:30:00+00:00,513.56,510.87115224568606,518.9376955086277,2025-01-02 17:15:00+00:00,510.36115224568607,-1.1896723230914679,stop_hit,ema21,holdout
2025-01-02 19:15:00+00:00,508.15999999999997,505.5384158486238,513.4031683027523,2025-01-03 14:30:00+00:00,512.8931683027523,2.0,scaleout_tier_1,ema50,holdout
2025-01-02 19:15:00+00:00,508.15999999999997,505.5384158486238,516.0247524541285,2025-01-03 14:30:00+00:00,515.5147524541285,3.0,scaleout_tier_2,ema50,holdout
2025-01-02 19:15:00+00:00,508.15999999999997,505.5384158486238,518.6463366055046,2025-01-03 18:30:00+00:00,518.1363366055047,4.0,scaleout_tier_3,ema50,holdout
2025-01-02 19:15:00+00:00,508.15999999999997,505.5384158486238,521.2679207568808,2025-01-06 14:30:00+00:00,520.7579207568808,5.0,scaleout_tier_4,ema50,holdout
2025-01-02 19:15:00+00:00,508.15999999999997,505.5384158486238,523.889504908257,2025-01-06 14:30:00+00:00,523.379504908257,6.0,scaleout_tier_5,ema50,holdout
2025-01-02 19:15:00+00:00,508.15999999999997,505.5384158486238,526.5110890596332,2025-01-06 15:00:00+00:00,526.0010890596332,7.0,scaleout_tier_6,ema50,holdout
2025-01-02 19:15:00+00:00,508.15999999999997,505.5384158486238,513.4031683027523,2025-01-06 18:30:00+00:00,523.9300000000001,6.015446802164189,trail_exit,ema50,holdout
2025-01-07 16:30:00+00:00,520.4399999999999,518.5590944104226,524.2018111791546,2025-01-07 16:45:00+00:00,518.0490944104226,-1.2711459856497112,stop_hit,ema21,holdout
2025-01-07 18:15:00+00:00,518.9399999999999,517.1937789463578,522.4324421072841,2025-01-07 18:30:00+00:00,516.6837789463578,-1.2920592435512568,stop_hit,ema21,holdout
2025-01-07 19:15:00+00:00,518.16,516.5940134445784,521.2919731108431,2025-01-07 19:30:00+00:00,516.0840134445784,-1.3256732940869371,stop_hit,ema21,holdout
2025-01-08 16:00:00+00:00,515.62,513.7930041564755,519.273991687049,2025-01-08 17:00:00+00:00,513.2830041564755,-1.2791467762817315,stop_hit,ema21,holdout
2025-01-08 18:00:00+00:00,513.5,511.6411419848527,517.2177160302946,2025-01-10 14:30:00+00:00,511.1311419848527,-1.2743619985196017,stop_hit,ema21,holdout
2025-01-10 17:45:00+00:00,507.65999999999997,505.62830985619297,511.72338028761396,2025-01-13 14:30:00+00:00,505.118309856193,-1.2510225299633284,stop_hit,ema50,holdout
2025-01-13 15:45:00+00:00,503.9,501.6429841983467,508.4140316033065,2025-01-13 16:00:00+00:00,501.1329841983467,-1.2259620865863745,stop_hit,ema50,holdout
2025-01-13 16:45:00+00:00,503.01,500.93870657249533,507.1525868550093,2025-01-13 17:00:00+00:00,500.42870657249534,-1.2462229606040907,stop_hit,ema50,holdout
2025-01-13 18:00:00+00:00,504.69,502.71976334157927,508.63047331684146,2025-01-14 14:30:00+00:00,508.12047331684147,2.0,scaleout_tier_1,ema50,holdout
2025-01-13 18:00:00+00:00,504.69,502.71976334157927,508.63047331684146,2025-01-14 16:00:00+00:00,504.18,-0.2588521525169408,stop_hit,ema50,holdout
2025-01-14 17:15:00+00:00,503.99,502.15790762924115,507.6541847415177,2025-01-14 17:30:00+00:00,501.64790762924116,-1.278370243847884,stop_hit,ema50,holdout
2025-01-14 18:15:00+00:00,504.59,502.9087486932204,507.95250261355915,2025-01-14 20:00:00+00:00,502.3987486932204,-1.30334548912672,stop_hit,ema50,holdout
2025-01-15 19:15:00+00:00,517.1,515.7967924099601,519.70641518008,2025-01-16 14:45:00+00:00,515.64,-1.1203126893661417,trail_exit,ema21,holdout
2025-01-16 15:30:00+00:00,516.6899999999999,515.4449554503634,519.180089099273,2025-01-16 15:45:00+00:00,514.9349554503634,-1.4096238967102632,stop_hit,ema21,holdout
2025-01-16 19:15:00+00:00,515.81,514.5498749297373,518.3302501405253,2025-01-16 20:45:00+00:00,514.0398749297373,-1.4047217312275797,stop_hit,ema21,holdout
2025-01-17 14:45:00+00:00,520.23,518.3582477389807,523.9735045220386,2025-01-17 18:15:00+00:00,517.8482477389807,-1.2724719561563438,stop_hit,ema21,holdout
2025-01-21 16:15:00+00:00,523.66,522.0019738394205,526.9760523211588,2025-01-22 14:30:00+00:00,526.4660523211588,2.0,scaleout_tier_1,h_ema21,holdout
2025-01-21 16:15:00+00:00,523.66,522.0019738394205,528.6340784817382,2025-01-22 14:30:00+00:00,528.1240784817383,3.0,scaleout_tier_2,h_ema21,holdout
2025-01-21 16:15:00+00:00,523.66,522.0019738394205,530.2921046423177,2025-01-22 14:30:00+00:00,529.7821046423177,4.0,scaleout_tier_3,h_ema21,holdout
2025-01-23 15:45:00+00:00,530.3,529.3516378367397,532.1967243265206,2025-01-23 16:00:00+00:00,528.8416378367397,-1.5377692402306544,stop_hit,h_ema21,holdout
2025-01-23 18:00:00+00:00,530.7,529.8622757400451,532.3754485199099,2025-01-23 19:15:00+00:00,529.3522757400451,-1.6087922057162625,stop_hit,h_ema21,holdout
2025-01-24 16:15:00+00:00,532.33,531.4752831519988,534.0394336960024,2025-01-24 16:45:00+00:00,530.9652831519988,-1.5966888346622048,stop_hit,h_ema21,holdout
2025-01-27 18:45:00+00:00,513.15,511.27076821762535,516.9084635647492,2025-01-27 19:45:00+00:00,510.76076821762535,-1.2713874918375132,stop_hit,ema50,holdout
2025-01-29 16:45:00+00:00,520.63,519.3268507656633,523.2362984686735,2025-01-29 18:00:00+00:00,518.8168507656633,-1.3913596283234348,stop_hit,ema21,holdout
2025-01-30 15:00:00+00:00,524.89,522.9840892831855,528.7018214336289,2025-01-30 15:15:00+00:00,522.4740892831855,-1.2675886102641831,stop_hit,ema21,holdout
2025-01-30 18:45:00+00:00,522.81,521.1431522945823,526.1436954108353,2025-01-30 20:30:00+00:00,520.6331522945823,-1.305966764895411,stop_hit,ema21,holdout
2025-01-31 15:45:00+00:00,530.66,528.9821610577185,534.0156778845629,2025-01-31 18:15:00+00:00,528.4721610577185,-1.3039624287814573,stop_hit,ema21,holdout
2025-02-03 15:30:00+00:00,517.31,514.7540860509362,522.4218278981275,2025-02-04 15:00:00+00:00,521.9118278981275,2.0,scaleout_tier_1,ema21,holdout
2025-02-03 15:30:00+00:00,517.31,514.7540860509362,524.9777418471913,2025-02-05 16:45:00+00:00,524.4677418471913,3.0,scaleout_tier_2,ema21,holdout
2025-02-03 15:30:00+00:00,517.31,514.7540860509362,527.5336557962551,2025-02-06 14:30:00+00:00,527.0236557962551,4.0,scaleout_tier_3,ema21,holdout
2025-02-03 15:30:00+00:00,517.31,514.7540860509362,522.4218278981275,2025-02-06 19:30:00+00:00,525.92,3.3686580110233453,trail_exit,ema21,holdout
2025-02-07 17:15:00+00:00,525.43,523.6712379643545,528.9475240712908,2025-02-07 17:30:00+00:00,523.1612379643545,-1.2899766936422612,stop_hit,ema21,holdout
2025-02-10 14:45:00+00:00,528.58,526.9947270195098,531.7505459609805,2025-02-11 14:30:00+00:00,526.4847270195098,-1.3217111540261528,stop_hit,ema21,holdout
2025-02-11 15:15:00+00:00,528.73,527.7795658127495,530.630868374501,2025-02-11 17:00:00+00:00,527.2695658127495,-1.5365968594578518,stop_hit,ema21,holdout
2025-02-11 17:30:00+00:00,528.47,527.4341923084904,530.5416153830192,2025-02-11 17:45:00+00:00,526.9241923084904,-1.4923693888164784,stop_hit,ema21,holdout
2025-02-12 15:30:00+00:00,526.3,524.8573262574706,529.1853474850586,2025-02-12 16:15:00+00:00,524.3473262574706,-1.3535102809217587,stop_hit,ema21,holdout
2025-02-12 16:45:00+00:00,527.13,525.6765130937166,530.0369738125668,2025-02-13 14:30:00+00:00,529.5269738125668,2.0,scaleout_tier_1,ema21,holdout
2025-02-12 16:45:00+00:00,527.13,525.6765130937166,531.4904607188502,2025-02-13 15:00:00+00:00,530.9804607188502,3.0,scaleout_tier_2,ema21,holdout
2025-02-12 16:45:00+00:00,527.13,525.6765130937166,532.9439476251335,2025-02-13 15:30:00+00:00,532.4339476251336,4.0,scaleout_tier_3,ema21,holdout
2025-02-12 16:45:00+00:00,527.13,525.6765130937166,534.3974345314169,2025-02-13 15:30:00+00:00,533.887434531417,5.0,scaleout_tier_4,ema21,holdout
2025-02-12 16:45:00+00:00,527.13,525.6765130937166,535.8509214377003,2025-02-13 20:45:00+00:00,535.3409214377003,6.0,scaleout_tier_5,ema21,holdout
2025-02-12 16:45:00+00:00,527.13,525.6765130937166,537.3044083439837,2025-02-14 15:45:00+00:00,536.7944083439837,7.0,scaleout_tier_6,ema21,holdout
2025-02-14 18:45:00+00:00,538.56,537.6563843045572,540.3672313908855,2025-02-14 19:30:00+00:00,537.1463843045572,-1.5643992269856244,stop_hit,h_ema21,holdout
2025-03-03 15:30:00+00:00,509.65,506.6644817429453,515.6210365141093,2025-03-03 15:45:00+00:00,506.15448174294534,-1.1708246127099986,stop_hit,ema100,holdout
2025-03-04 15:45:00+00:00,492.03,489.081105214213,497.92778957157395,2025-03-04 16:00:00+00:00,488.571105214213,-1.1729461500146008,stop_hit,donchian_low,holdout
2025-03-04 16:45:00+00:00,492.42,489.5120269164707,498.23594616705867,2025-03-04 19:00:00+00:00,497.7259461670587,2.0,scaleout_tier_1,donchian_low,holdout
2025-03-04 16:45:00+00:00,492.42,489.5120269164707,501.143919250588,2025-03-04 20:00:00+00:00,500.633919250588,3.0,scaleout_tier_2,donchian_low,holdout
2025-03-04 16:45:00+00:00,492.42,489.5120269164707,498.23594616705867,2025-03-04 20:45:00+00:00,495.0,0.8872159149660039,trail_exit,donchian_low,holdout
2025-03-05 15:15:00+00:00,497.09,494.0149818382451,503.24003632350974,2025-03-05 15:30:00+00:00,493.5049818382451,-1.1658526789672483,stop_hit,ema100,holdout
2025-03-05 17:00:00+00:00,494.71,491.7542630398835,500.621473920233,2025-03-05 19:00:00+00:00,500.111473920233,2.0,scaleout_tier_1,donchian_low,holdout
2025-03-05 17:00:00+00:00,494.71,491.7542630398835,500.621473920233,2025-03-06 14:30:00+00:00,494.2,-0.17254580055049618,stop_hit,donchian_low,holdout
2025-03-06 15:15:00+00:00,496.38,493.3200188172991,502.49996236540176,2025-03-06 16:45:00+00:00,492.8100188172991,-1.1666676915803258,stop_hit,ema100,holdout
2025-03-07 16:00:00+00:00,487.23,484.4465343410733,492.7969313178535,2025-03-07 16:15:00+00:00,483.9365343410733,-1.1832248220359365,stop_hit,donchian_low,holdout
2025-03-07 17:45:00+00:00,486.87,484.11508005000877,492.37983989998247,2025-03-07 19:15:00+00:00,491.8698398999825,2.0,scaleout_tier_1,ema200,holdout
2025-03-07 17:45:00+00:00,486.87,484.11508005000877,492.37983989998247,2025-03-10 13:30:00+00:00,486.36,-0.1851233463250407,stop_hit,ema200,holdout
2025-03-10 16:15:00+00:00,477.33,474.648202849426,482.6935943011479,2025-03-10 17:00:00+00:00,474.138202849426,-1.1901709828764784,stop_hit,ema200,holdout
2025-03-13 14:15:00+00:00,474.46,471.9605808158641,479.45883836827176,2025-03-13 15:00:00+00:00,471.4505808158641,-1.204047405588075,stop_hit,ema200,holdout
2025-03-13 16:45:00+00:00,470.69,468.3958370940852,475.2783258118296,2025-03-13 17:00:00+00:00,467.8858370940852,-1.2223033066593108,stop_hit,ema200,holdout
2025-03-13 18:15:00+00:00,470.45,468.2754426791059,474.7991146417882,2025-03-13 19:15:00+00:00,467.7654426791059,-1.2345304927580822,stop_hit,donchian_low,holdout
2025-03-17 18:15:00+00:00,484.4,482.77967538366175,487.6406492326764,2025-03-17 19:45:00+00:00,482.26967538366176,-1.3147517447167725,stop_hit,ema200,holdout
2025-03-18 16:15:00+00:00,475.76,474.0529624680239,479.17407506395216,2025-03-18 16:45:00+00:00,473.5429624680239,-1.298763202593214,stop_hit,ema200,holdout
2025-03-18 18:30:00+00:00,475.13,473.46676596669533,478.4564680666093,2025-03-19 14:00:00+00:00,477.9464680666093,2.0,scaleout_tier_1,ema200,holdout
2025-03-18 18:30:00+00:00,475.13,473.46676596669533,480.119702099914,2025-03-19 18:30:00+00:00,479.609702099914,3.0,scaleout_tier_2,ema200,holdout
2025-03-18 18:30:00+00:00,475.13,473.46676596669533,481.78293613321864,2025-03-19 18:45:00+00:00,481.27293613321865,4.0,scaleout_tier_3,ema200,holdout
2025-03-18 18:30:00+00:00,475.13,473.46676596669533,483.4461701665233,2025-03-19 19:00:00+00:00,482.9361701665233,5.0,scaleout_tier_4,ema200,holdout
2025-03-18 18:30:00+00:00,475.13,473.46676596669533,478.4564680666093,2025-03-20 13:30:00+00:00,478.75,2.1764826401534525,trail_exit,ema200,holdout
2025-03-21 14:30:00+00:00,476.69,474.68459393321945,480.7008121335611,2025-03-21 15:30:00+00:00,474.17459393321946,-1.2543125845922751,stop_hit,ema200,holdout
2025-03-21 16:00:00+00:00,475.82,473.99893873781986,479.46212252436027,2025-03-21 16:45:00+00:00,478.9521225243603,2.0,scaleout_tier_1,ema200,holdout
2025-03-21 16:00:00+00:00,475.82,473.99893873781986,481.2831837865404,2025-03-24 13:30:00+00:00,480.7731837865404,3.0,scaleout_tier_2,ema200,holdout
2025-03-21 16:00:00+00:00,475.82,473.99893873781986,483.10424504872054,2025-03-24 13:30:00+00:00,482.59424504872055,4.0,scaleout_tier_3,ema200,holdout
2025-03-21 16:00:00+00:00,475.82,473.99893873781986,484.9253063109007,2025-03-24 13:30:00+00:00,484.4153063109007,5.0,scaleout_tier_4,ema200,holdout
2025-03-21 16:00:00+00:00,475.82,473.99893873781986,486.7463675730808,2025-03-24 13:30:00+00:00,486.2363675730808,6.0,scaleout_tier_5,ema200,holdout
2025-03-24 14:30:00+00:00,490.27,488.4448779510813,493.9202440978373,2025-03-26 13:45:00+00:00,488.83,-0.7889883314122214,trail_exit,ema21,holdout
2025-03-26 16:30:00+00:00,487.21,486.0351233764828,489.5597532470344,2025-03-26 16:45:00+00:00,485.5251233764828,-1.434088132993244,stop_hit,ema21,holdout
2025-03-27 14:00:00+00:00,484.07,482.60050268878126,487.00899462243746,2025-03-27 15:45:00+00:00,482.40000000000003,-1.136443045693592,trail_exit,ema200,holdout
2025-03-27 16:15:00+00:00,484.68,483.2326854011472,487.57462919770563,2025-03-27 16:45:00+00:00,482.7226854011472,-1.3523767399321702,stop_hit,ema21,holdout
2025-03-27 17:15:00+00:00,483.77,482.27166279003967,486.7666744199206,2025-03-27 17:30:00+00:00,481.7616627900397,-1.340377317342002,stop_hit,ema200,holdout
2025-03-27 18:45:00+00:00,484.26,482.8186334469918,487.1427331060164,2025-03-27 19:00:00+00:00,482.3086334469918,-1.3538308828768046,stop_hit,ema200,holdout
2025-03-28 19:00:00+00:00,469.98,468.6554291576653,472.62914168466943,2025-03-28 19:30:00+00:00,468.1454291576653,-1.3850303688559664,stop_hit,donchian_low,holdout
2025-05-02 14:15:00+00:00,488.45,486.31675981068776,492.71648037862445,2025-05-05 13:30:00+00:00,485.80675981068777,-1.2390729382256844,stop_hit,ema50,holdout
2025-05-05 14:00:00+00:00,486.28999999999996,484.81465949836553,489.24068100326883,2025-05-05 14:30:00+00:00,484.30465949836554,-1.3456829114600968,stop_hit,ema50,holdout
2025-05-05 18:45:00+00:00,489.52,488.5758806177566,491.4082387644868,2025-05-05 19:00:00+00:00,488.0658806177566,-1.5401859230854236,stop_hit,ema50,holdout
2025-05-06 15:30:00+00:00,483.57,482.10147573177875,486.5070485364425,2025-05-06 15:45:00+00:00,481.59147573177876,-1.3472874170596651,stop_hit,ema50,holdout
2025-05-06 16:15:00+00:00,485.14,483.5910722240225,488.2378555519549,2025-05-06 16:30:00+00:00,483.08107222402253,-1.3292600261352743,stop_hit,ema50,holdout
2025-05-06 17:15:00+00:00,482.59,481.0342116251121,485.7015767497757,2025-05-06 17:30:00+00:00,480.5242116251121,-1.3278080799625134,stop_hit,ema50,holdout
2025-05-06 18:15:00+00:00,481.84999999999997,480.4000077630369,484.7499844739261,2025-05-07 15:00:00+00:00,479.8900077630369,-1.3517260210083355,stop_hit,ema50,holdout
2025-05-07 15:45:00+00:00,481.40999999999997,479.96959610167926,484.2908077966414,2025-05-07 16:15:00+00:00,479.45959610167927,-1.3540673561037795,stop_hit,ema50,holdout
2025-05-07 16:45:00+00:00,481.84999999999997,480.4571932075193,484.6356135849613,2025-05-07 17:45:00+00:00,479.9471932075193,-1.3661670827234096,stop_hit,ema50,holdout
2025-05-07 18:30:00+00:00,479.46999999999997,477.8469600068916,482.7160799862167,2025-05-07 19:30:00+00:00,482.2060799862167,2.0,scaleout_tier_1,ema21,holdout
2025-05-07 18:30:00+00:00,479.46999999999997,477.8469600068916,484.33911997932506,2025-05-08 13:30:00+00:00,483.82911997932507,3.0,scaleout_tier_2,ema21,holdout
2025-05-07 18:30:00+00:00,479.46999999999997,477.8469600068916,485.9621599724334,2025-05-08 13:30:00+00:00,485.45215997243344,4.0,scaleout_tier_3,ema21,holdout
2025-05-07 18:30:00+00:00,479.46999999999997,477.8469600068916,487.5851999655418,2025-05-08 13:30:00+00:00,487.0751999655418,5.0,scaleout_tier_4,ema21,holdout
2025-05-07 18:30:00+00:00,479.46999999999997,477.8469600068916,489.20823995865015,2025-05-08 15:30:00+00:00,488.69823995865016,6.0,scaleout_tier_5,ema21,holdout
2025-05-07 18:30:00+00:00,479.46999999999997,477.8469600068916,490.8312799517585,2025-05-08 15:30:00+00:00,490.3212799517585,7.0,scaleout_tier_6,ema21,holdout
2025-05-08 16:15:00+00:00,492.46999999999997,490.0965722339472,497.2168555321055,2025-05-08 19:45:00+00:00,489.5865722339472,-1.2148790906108626,stop_hit,ema50,holdout
2025-05-09 17:30:00+00:00,487.83,486.32946116071946,490.83107767856103,2025-05-12 13:30:00+00:00,490.32107767856104,2.0,scaleout_tier_1,ema50,holdout
2025-05-09 17:30:00+00:00,487.83,486.32946116071946,492.33161651784155,2025-05-12 13:30:00+00:00,491.82161651784156,3.0,scaleout_tier_2,ema50,holdout
2025-05-09 17:30:00+00:00,487.83,486.32946116071946,493.8321553571221,2025-05-12 13:30:00+00:00,493.3221553571221,4.0,scaleout_tier_3,ema50,holdout
2025-05-09 17:30:00+00:00,487.83,486.32946116071946,495.3326941964026,2025-05-12 13:30:00+00:00,494.8226941964026,5.0,scaleout_tier_4,ema50,holdout
2025-05-09 17:30:00+00:00,487.83,486.32946116071946,496.8332330356831,2025-05-12 13:30:00+00:00,496.32323303568313,6.0,scaleout_tier_5,ema50,holdout
2025-05-09 17:30:00+00:00,487.83,486.32946116071946,498.33377187496365,2025-05-12 13:30:00+00:00,497.82377187496365,7.0,scaleout_tier_6,ema50,holdout
2025-05-09 17:30:00+00:00,487.83,486.32946116071946,499.83431071424417,2025-05-12 13:30:00+00:00,499.3243107142442,8.0,scaleout_tier_7,ema50,holdout
2025-05-09 17:30:00+00:00,487.83,486.32946116071946,501.3348495535247,2025-05-12 13:30:00+00:00,500.8248495535247,9.0,scaleout_tier_8,ema50,holdout
2025-05-09 17:30:00+00:00,487.83,486.32946116071946,502.8353883928052,2025-05-12 13:30:00+00:00,502.3253883928052,10.0,scaleout_tier_9,ema50,holdout
2025-05-14 16:15:00+00:00,518.99,517.8749446394938,521.2201107210124,2025-05-14 16:30:00+00:00,517.3649446394938,-1.457376394090853,stop_hit,h_ema21,holdout
2025-05-15 18:45:00+00:00,519.98,518.9278578787564,522.0842842424872,2025-05-15 19:00:00+00:00,518.4178578787564,-1.4847253899474948,stop_hit,h_ema21,holdout
2025-05-16 16:15:00+00:00,520.3199999999999,519.1295340373698,522.7009319252602,2025-05-19 13:30:00+00:00,518.6195340373698,-1.4284036805833862,stop_hit,h_ema21,holdout
2025-05-19 14:15:00+00:00,520.04,518.608692096577,522.9026158068459,2025-05-19 14:45:00+00:00,518.098692096577,-1.3563174623575576,stop_hit,h_ema21,holdout
2025-05-19 15:45:00+00:00,520.73,519.3078341892498,523.5743316215005,2025-05-20 13:30:00+00:00,518.7978341892498,-1.3586079739400763,stop_hit,h_ema21,holdout
2025-05-20 14:30:00+00:00,519.51,518.271640764291,521.986718471418,2025-05-20 18:15:00+00:00,517.761640764291,-1.4118352617671468,stop_hit,h_ema21,holdout
2025-05-21 16:15:00+00:00,522.95,521.7512609468539,525.3474781062923,2025-05-21 17:00:00+00:00,521.2412609468539,-1.4254470551046738,stop_hit,h_ema21,holdout
2025-05-22 14:00:00+00:00,517.02,514.9911707392672,521.0776585214655,2025-05-22 14:15:00+00:00,514.4811707392672,-1.2513765006601827,stop_hit,h_ema21,holdout
2025-05-22 15:45:00+00:00,516.38,514.5514726490148,520.0370547019703,2025-05-22 17:00:00+00:00,514.0414726490148,-1.2789129731776878,stop_hit,h_ema21,holdout
2025-05-23 19:15:00+00:00,511.73,510.3178951479072,514.5542097041856,2025-05-23 19:30:00+00:00,509.80789514790723,-1.3611629825109308,stop_hit,h_ema21,holdout
2025-05-28 17:15:00+00:00,521.98,521.1429905057818,523.6540189884365,2025-05-28 17:30:00+00:00,520.6329905057818,-1.6093120848961462,stop_hit,h_ema21,holdout
2025-05-29 13:45:00+00:00,523.28,521.8225600847517,526.1948798304966,2025-05-29 14:00:00+00:00,521.3125600847517,-1.349928662351136,stop_hit,h_ema21,holdout
2025-05-29 16:15:00+00:00,520.35,518.5790204151832,523.8919591696337,2025-05-29 18:15:00+00:00,518.0690204151832,-1.2879762163112367,stop_hit,h_ema21,holdout
2025-05-29 18:45:00+00:00,519.72,518.2814980861641,522.5970038276719,2025-05-29 19:00:00+00:00,517.7714980861641,-1.3545355032862074,stop_hit,h_ema21,holdout
2025-05-30 14:15:00+00:00,519.62,517.9702749005525,522.9194501988951,2025-05-30 15:15:00+00:00,517.4602749005525,-1.3091424141942052,stop_hit,h_ema21,holdout
2025-05-30 18:15:00+00:00,516.41,514.7876736916892,519.6546526166215,2025-06-02 13:30:00+00:00,519.1446526166216,2.0,scaleout_tier_1,h_ema21,holdout
2025-05-30 18:15:00+00:00,516.41,514.7876736916892,519.6546526166215,2025-06-02 14:00:00+00:00,515.9,-0.31436339125327806,stop_hit,h_ema21,holdout
2025-06-02 15:00:00+00:00,520.39,518.5649240913576,524.0401518172847,2025-06-03 13:45:00+00:00,523.5301518172847,2.0,scaleout_tier_1,h_ema21,holdout
2025-06-02 15:00:00+00:00,520.39,518.5649240913576,525.8652277259271,2025-06-03 14:45:00+00:00,525.3552277259271,3.0,scaleout_tier_2,h_ema21,holdout
2025-06-02 15:00:00+00:00,520.39,518.5649240913576,527.6903036345694,2025-06-03 16:30:00+00:00,527.1803036345694,4.0,scaleout_tier_3,h_ema21,holdout
2025-06-02 15:00:00+00:00,520.39,518.5649240913576,524.0401518172847,2025-06-03 18:00:00+00:00,525.65,2.8820719045668644,trail_exit,h_ema21,holdout
2025-06-04 15:00:00+00:00,529.42,528.2876468188663,531.6847063622673,2025-06-04 15:30:00+00:00,527.7776468188663,-1.4503895149474415,stop_hit,h_ema21,holdout
2025-06-04 18:00:00+00:00,529.97,529.120099181664,531.669801636672,2025-06-04 19:30:00+00:00,528.610099181664,-1.6000700187564454,stop_hit,h_ema21,holdout
2025-06-05 17:15:00+00:00,529.36,527.9062862395781,532.2674275208439,2025-06-05 18:00:00+00:00,527.3962862395781,-1.3508255984671773,stop_hit,h_ema21,holdout
2025-06-05 18:30:00+00:00,528.12,526.6800929983632,530.9998140032736,2025-06-05 19:00:00+00:00,526.1700929983632,-1.354189541005252,stop_hit,h_ema21,holdout
2025-06-06 13:45:00+00:00,531.5699999999999,529.5200349539597,535.6699300920804,2025-06-06 14:15:00+00:00,529.0100349539597,-1.2487847297616683,stop_hit,h_ema50,holdout
2025-06-06 15:15:00+00:00,531.61,529.8252291437464,535.1795417125073,2025-06-06 15:30:00+00:00,529.3152291437464,-1.2857509680937482,stop_hit,h_ema21,holdout
2025-06-06 17:15:00+00:00,529.71,528.2219758346605,532.6860483306791,2025-06-10 16:15:00+00:00,532.1760483306791,2.0,scaleout_tier_1,h_ema21,holdout
2025-06-06 17:15:00+00:00,529.71,528.2219758346605,534.1740724960187,2025-06-10 19:00:00+00:00,533.6640724960187,3.0,scaleout_tier_2,h_ema21,holdout
2025-06-06 17:15:00+00:00,529.71,528.2219758346605,535.6620966613582,2025-06-11 14:15:00+00:00,535.1520966613582,4.0,scaleout_tier_3,h_ema21,holdout
2025-06-06 17:15:00+00:00,529.71,528.2219758346605,532.6860483306791,2025-06-11 17:45:00+00:00,532.66,1.982494685714192,trail_exit,h_ema21,holdout
2025-06-11 18:45:00+00:00,533.41,532.0748598979712,536.0802802040574,2025-06-11 19:00:00+00:00,531.5648598979712,-1.3819823846389239,stop_hit,h_ema21,holdout
2025-06-12 14:15:00+00:00,533.64,532.3137297884706,536.2925404230588,2025-06-13 13:30:00+00:00,531.8037297884706,-1.384537023878327,stop_hit,h_ema21,holdout
2025-06-13 15:15:00+00:00,530.17,528.6395738759554,533.230852248089,2025-06-13 18:15:00+00:00,528.1295738759554,-1.3332405217000523,stop_hit,h_ema200,holdout
2025-07-01 15:30:00+00:00,547.3199999999999,545.791115298573,550.3777694028538,2025-07-01 15:45:00+00:00,545.281115298573,-1.3335764950254259,stop_hit,h_ema21,holdout
2025-07-01 16:45:00+00:00,547.86,546.4225725005822,550.7348549988357,2025-07-01 19:00:00+00:00,545.9125725005822,-1.3548005031255823,stop_hit,h_ema21,holdout
2025-07-02 18:45:00+00:00,550.93,550.2151532568942,552.3596934862115,2025-07-02 19:15:00+00:00,549.7051532568942,-1.7134396357241464,stop_hit,h_ema21,holdout
2025-07-07 17:15:00+00:00,552.79,551.7461926515278,554.8776146969442,2025-07-07 17:30:00+00:00,551.2361926515279,-1.4885959087627707,stop_hit,h_ema21,holdout
2025-07-07 18:00:00+00:00,552.26,551.1903116819996,554.3993766360009,2025-07-07 18:15:00+00:00,550.6803116819996,-1.476774394389325,stop_hit,h_ema21,holdout
2025-07-07 18:45:00+00:00,551.65,550.5176912410178,553.9146175179643,2025-07-08 19:30:00+00:00,551.45,-0.1766302683904986,trail_exit,h_ema21,holdout
2025-07-09 15:30:00+00:00,555.04,553.8726839880139,557.374632023972,2025-07-09 15:45:00+00:00,553.3626839880139,-1.4368996867714463,stop_hit,h_ema21,holdout
2025-07-09 19:00:00+00:00,556.28,555.4120638566806,558.0158722866388,2025-07-10 13:45:00+00:00,554.9020638566806,-1.5876008320721635,stop_hit,h_ema21,holdout
2025-07-10 19:00:00+00:00,556.5,555.7901438129237,557.9197123741526,2025-07-10 19:15:00+00:00,555.2801438129237,-1.718455384745663,stop_hit,h_ema21,holdout
2025-07-11 14:00:00+00:00,554.93,553.9617715298147,556.8664569403705,2025-07-11 15:00:00+00:00,553.4517715298147,-1.5267351825570565,stop_hit,h_ema21,holdout
2025-07-11 15:30:00+00:00,554.61,553.6099980816949,556.6100038366102,2025-07-11 19:00:00+00:00,553.0999980816949,-1.5099990216662726,stop_hit,h_ema21,holdout
2025-07-14 14:00:00+00:00,553.8,552.7525088442488,555.8949823115022,2025-07-14 16:00:00+00:00,555.3849823115022,2.0,scaleout_tier_1,h_ema21,holdout
2025-07-14 14:00:00+00:00,553.8,552.7525088442488,556.9424734672533,2025-07-15 13:30:00+00:00,556.4324734672533,3.0,scaleout_tier_2,h_ema21,holdout
2025-07-14 14:00:00+00:00,553.8,552.7525088442488,557.9899646230044,2025-07-15 13:30:00+00:00,557.4799646230044,4.0,scaleout_tier_3,h_ema21,holdout
2025-07-14 14:00:00+00:00,553.8,552.7525088442488,559.0374557787555,2025-07-15 13:30:00+00:00,558.5274557787556,5.0,scaleout_tier_4,h_ema21,holdout
2025-07-16 15:15:00+00:00,556.99,555.8670256069979,559.2359487860042,2025-07-16 15:30:00+00:00,555.3570256069979,-1.4541510502626742,stop_hit,h_ema21,holdout
2025-07-16 16:00:00+00:00,555.77,554.229196522804,558.8516069543919,2025-07-17 13:45:00+00:00,558.3416069543919,2.0,scaleout_tier_1,h_ema21,holdout
2025-07-16 16:00:00+00:00,555.77,554.229196522804,560.3924104315878,2025-07-17 15:00:00+00:00,559.8824104315878,3.0,scaleout_tier_2,h_ema21,holdout
2025-07-16 16:00:00+00:00,555.77,554.229196522804,561.9332139087837,2025-07-17 17:45:00+00:00,561.4232139087837,4.0,scaleout_tier_3,h_ema21,holdout
2025-07-16 16:00:00+00:00,555.77,554.229196522804,558.8516069543919,2025-07-18 14:00:00+00:00,560.9,3.3294317386510146,trail_exit,h_ema21,holdout
2025-07-22 14:45:00+00:00,561.63,560.6347453808123,563.6205092383753,2025-07-22 16:00:00+00:00,560.1247453808123,-1.512431683478396,stop_hit,h_ema21,holdout
2025-07-22 17:30:00+00:00,562.33,561.4400089754303,564.1099820491396,2025-07-22 17:45:00+00:00,560.9300089754303,-1.5730394868268738,stop_hit,h_ema21,holdout
2025-07-22 18:45:00+00:00,562.26,561.4166572010814,563.9466855978371,2025-07-22 19:45:00+00:00,560.9066572010814,-1.604736295435226,stop_hit,h_ema21,holdout
2025-07-23 14:30:00+00:00,561.17,560.2980256365613,562.9139487268773,2025-07-23 14:45:00+00:00,559.7880256365613,-1.5848795806206881,stop_hit,h_ema21,holdout
2025-07-23 17:30:00+00:00,562.17,561.3441550183277,563.8216899633445,2025-07-23 19:45:00+00:00,563.3116899633445,2.0,scaleout_tier_1,h_ema21,holdout
2025-07-23 17:30:00+00:00,562.17,561.3441550183277,564.6475349450168,2025-07-24 13:30:00+00:00,564.1375349450168,3.0,scaleout_tier_2,h_ema21,holdout
2025-07-23 17:30:00+00:00,562.17,561.3441550183277,565.4733799266891,2025-07-24 17:00:00+00:00,564.9633799266891,4.0,scaleout_tier_3,h_ema21,holdout
2025-07-23 17:30:00+00:00,562.17,561.3441550183277,566.2992249083613,2025-07-25 15:15:00+00:00,565.7892249083613,5.0,scaleout_tier_4,h_ema21,holdout
2025-07-23 17:30:00+00:00,562.17,561.3441550183277,567.1250698900336,2025-07-25 16:15:00+00:00,566.6150698900336,6.0,scaleout_tier_5,h_ema21,holdout
2025-07-23 17:30:00+00:00,562.17,561.3441550183277,563.8216899633445,2025-07-25 19:45:00+00:00,565.84,4.443933282210652,trail_exit,h_ema21,holdout
2025-07-28 19:00:00+00:00,567.97,567.4160979180609,569.0778041638782,2025-07-28 19:15:00+00:00,566.9060979180609,-1.920740355794626,stop_hit,h_ema21,holdout
2025-07-30 14:30:00+00:00,569.14,568.271925505333,570.876148989334,2025-07-30 15:00:00+00:00,567.761925505333,-1.5875071818526816,stop_hit,h_ema21,holdout
2025-07-30 17:45:00+00:00,570.15,569.4808218831059,571.4883562337881,2025-07-30 18:00:00+00:00,568.9708218831059,-1.7621289267006055,stop_hit,h_ema21,holdout
2025-07-31 17:45:00+00:00,568.62,567.2338438025826,571.3923123948349,2025-07-31 18:00:00+00:00,566.7238438025826,-1.3679239042109201,stop_hit,h_ema21,holdout
2025-07-31 18:30:00+00:00,567.0699999999999,565.4649398084088,570.2801203831823,2025-07-31 19:15:00+00:00,564.9549398084088,-1.3177450930948589,stop_hit,h_ema21,holdout
2025-08-01 15:45:00+00:00,557.08,555.0190180137413,561.2019639725175,2025-08-01 16:45:00+00:00,554.5090180137413,-1.2474548556951635,stop_hit,ema21,holdout
2025-08-01 18:30:00+00:00,554.63,552.9262691110714,558.0374617778572,2025-08-01 19:30:00+00:00,552.4162691110714,-1.2993430496060971,stop_hit,donchian_low,holdout
2025-08-04 13:45:00+00:00,561.92,559.8746507694369,566.010698461126,2025-08-05 13:45:00+00:00,565.500698461126,2.0,scaleout_tier_1,ema21,holdout
2025-08-04 13:45:00+00:00,561.92,559.8746507694369,566.010698461126,2025-08-05 14:15:00+00:00,563.44,0.7431493738512701,trail_exit,ema21,holdout
2025-08-05 15:15:00+00:00,562.68,561.4963983274714,565.047203345057,2025-08-05 15:30:00+00:00,560.9863983274714,-1.430888204906363,stop_hit,ema21,holdout
2025-08-05 16:00:00+00:00,561.25,560.0148641127751,563.7202717744499,2025-08-05 18:45:00+00:00,559.5048641127751,-1.4129100330376119,stop_hit,ema21,holdout
2025-08-06 13:45:00+00:00,562.41,561.3033146139238,564.6233707721523,2025-08-06 14:15:00+00:00,560.7933146139238,-1.4608355784006872,stop_hit,ema21,holdout
2025-08-06 14:45:00+00:00,563.67,562.3669650324937,566.2760699350125,2025-08-06 17:30:00+00:00,565.7660699350125,2.0,scaleout_tier_1,ema21,holdout
2025-08-06 14:45:00+00:00,563.67,562.3669650324937,567.5791049025188,2025-08-07 13:30:00+00:00,567.0691049025188,3.0,scaleout_tier_2,ema21,holdout
2025-08-06 14:45:00+00:00,563.67,562.3669650324937,568.8821398700251,2025-08-07 13:30:00+00:00,568.3721398700251,4.0,scaleout_tier_3,ema21,holdout
2025-08-06 14:45:00+00:00,563.67,562.3669650324937,570.1851748375313,2025-08-07 13:30:00+00:00,569.6751748375314,5.0,scaleout_tier_4,ema21,holdout
2025-08-06 14:45:00+00:00,563.67,562.3669650324937,571.4882098050376,2025-08-07 13:30:00+00:00,570.9782098050376,6.0,scaleout_tier_5,ema21,holdout
2025-08-07 19:00:00+00:00,567.54,566.2121508237309,570.1956983525381,2025-08-07 19:15:00+00:00,566.19,-1.0166817317257961,trail_exit,h_ema21,holdout
2025-08-08 14:30:00+00:00,574.12,572.784808820308,576.7903823593841,2025-08-08 15:30:00+00:00,572.274808820308,-1.3819677719243277,stop_hit,h_ema21,holdout
2025-08-11 19:00:00+00:00,574.48,573.7245517741947,575.9908964516108,2025-08-11 19:15:00+00:00,573.2145517741947,-1.6750959001277568,stop_hit,h_ema21,holdout
2025-08-12 13:45:00+00:00,575.78,574.7703369539032,577.7993260921935,2025-08-12 14:00:00+00:00,574.2603369539032,-1.5051190117055298,stop_hit,h_ema21,holdout
2025-09-02 14:30:00+00:00,565.72,563.9329686340449,569.2940627319103,2025-09-02 14:45:00+00:00,563.4229686340449,-1.2853895067070626,stop_hit,ema21,holdout
2025-09-02 16:15:00+00:00,560.91,559.3674507555866,563.9950984888268,2025-09-02 17:30:00+00:00,563.4850984888268,2.0,scaleout_tier_1,ema21,holdout
2025-09-02 16:15:00+00:00,560.91,559.3674507555866,565.5376477332402,2025-09-02 19:45:00+00:00,565.0276477332402,3.0,scaleout_tier_2,ema21,holdout
2025-09-02 16:15:00+00:00,560.91,559.3674507555866,567.0801969776536,2025-09-03 13:30:00+00:00,566.5701969776536,4.0,scaleout_tier_3,ema21,holdout
2025-09-02 16:15:00+00:00,560.91,559.3674507555866,568.622746222067,2025-09-03 13:30:00+00:00,568.112746222067,5.0,scaleout_tier_4,ema21,holdout
2025-09-02 16:15:00+00:00,560.91,559.3674507555866,570.1652954664804,2025-09-03 14:30:00+00:00,569.6552954664804,6.0,scaleout_tier_5,ema21,holdout
2025-09-02 16:15:00+00:00,560.91,559.3674507555866,563.9950984888268,2025-09-03 17:30:00+00:00,567.66,4.375873265924066,trail_exit,ema21,holdout
2025-09-08 14:30:00+00:00,580.75,579.4601613401445,583.329677319711,2025-09-08 15:45:00+00:00,578.9501613401445,-1.3953982896257193,stop_hit,h_ema21,holdout
2025-09-09 16:00:00+00:00,578.95,577.9327909544695,580.9844180910611,2025-09-10 13:30:00+00:00,580.4744180910611,2.0,scaleout_tier_1,h_ema21,holdout
2025-09-09 16:00:00+00:00,578.95,577.9327909544695,582.0016271365917,2025-09-10 13:30:00+00:00,581.4916271365917,3.0,scaleout_tier_2,h_ema21,holdout
2025-09-09 16:00:00+00:00,578.95,577.9327909544695,583.0188361821222,2025-09-10 14:30:00+00:00,582.5088361821222,4.0,scaleout_tier_3,h_ema21,holdout
2025-09-09 16:00:00+00:00,578.95,577.9327909544695,580.9844180910611,2025-09-10 16:30:00+00:00,580.86,1.877686802326644,trail_exit,h_ema21,holdout
2025-09-10 17:00:00+00:00,582.4,581.5950422163735,584.009915567253,2025-09-10 17:15:00+00:00,581.0850422163735,-1.633573598980982,stop_hit,h_ema21,holdout
2025-09-11 15:15:00+00:00,584.68,583.6450905109612,586.7498189780775,2025-09-12 17:45:00+00:00,586.2398189780776,2.0,scaleout_tier_1,h_ema21,holdout
2025-09-11 15:15:00+00:00,584.68,583.6450905109612,587.7847284671163,2025-09-15 13:30:00+00:00,587.2747284671163,3.0,scaleout_tier_2,h_ema21,holdout
2025-09-11 15:15:00+00:00,584.68,583.6450905109612,588.8196379561551,2025-09-15 13:30:00+00:00,588.3096379561551,4.0,scaleout_tier_3,h_ema21,holdout
2025-09-11 15:15:00+00:00,584.68,583.6450905109612,589.8545474451939,2025-09-15 13:45:00+00:00,589.3445474451939,5.0,scaleout_tier_4,h_ema21,holdout
2025-09-11 15:15:00+00:00,584.68,583.6450905109612,590.8894569342327,2025-09-15 15:45:00+00:00,590.3794569342327,6.0,scaleout_tier_5,h_ema21,holdout
2025-09-11 15:15:00+00:00,584.68,583.6450905109612,591.9243664232715,2025-09-16 13:30:00+00:00,591.4143664232715,7.0,scaleout_tier_6,h_ema21,holdout
2025-09-16 16:15:00+00:00,591.47,590.8301517615638,592.7496964768725,2025-09-16 16:30:00+00:00,590.3201517615638,-1.7970640057498883,stop_hit,h_ema21,holdout
2025-09-16 18:00:00+00:00,591.86,591.3281695588363,592.9236608823275,2025-09-16 18:15:00+00:00,590.8181695588363,-1.9589522534363377,stop_hit,h_ema21,holdout
2025-09-17 15:15:00+00:00,589.39,588.7009126856636,590.7681746286727,2025-09-17 15:30:00+00:00,588.1909126856636,-1.7401094017978929,stop_hit,h_ema21,holdout
2025-09-17 17:45:00+00:00,589.48,588.8271394485225,590.785721102955,2025-09-17 18:00:00+00:00,588.3171394485225,-1.7811775406644044,stop_hit,h_ema21,holdout
2025-09-17 18:30:00+00:00,589.7,588.4757781954826,592.148443609035,2025-09-17 18:45:00+00:00,587.9657781954826,-1.4165911749962736,stop_hit,h_ema21,holdout
2025-09-18 14:00:00+00:00,595.83,593.7583798805099,599.9732402389803,2025-09-18 19:30:00+00:00,595.2,-0.3041098095509162,trail_exit,h_ema21,holdout
2025-09-19 14:00:00+00:00,598.35,597.2745780450748,600.5008439098505,2025-09-19 14:15:00+00:00,596.7645780450748,-1.4742324607232469,stop_hit,h_ema21,holdout
2025-09-19 15:45:00+00:00,597.28,596.2581593734822,599.3236812530356,2025-09-19 19:45:00+00:00,598.8136812530356,2.0,scaleout_tier_1,h_ema21,holdout
2025-09-19 15:45:00+00:00,597.28,596.2581593734822,600.3455218795534,2025-09-22 14:45:00+00:00,599.8355218795534,3.0,scaleout_tier_2,h_ema21,holdout
2025-09-19 15:45:00+00:00,597.28,596.2581593734822,601.3673625060712,2025-09-22 16:15:00+00:00,600.8573625060712,4.0,scaleout_tier_3,h_ema21,holdout
2025-09-19 15:45:00+00:00,597.28,596.2581593734822,602.389203132589,2025-09-22 18:15:00+00:00,601.879203132589,5.0,scaleout_tier_4,h_ema21,holdout
2025-09-19 15:45:00+00:00,597.28,596.2581593734822,599.3236812530356,2025-09-23 13:30:00+00:00,600.71,3.3566878346662268,trail_exit,h_ema21,holdout
2025-09-23 15:15:00+00:00,601.91,601.2499203817364,603.2301592365271,2025-09-23 15:30:00+00:00,600.7399203817364,-1.7726340669957479,stop_hit,h_ema21,holdout
2025-09-24 13:45:00+00:00,598.88,597.9957436131956,600.6485127736088,2025-09-24 14:00:00+00:00,597.4857436131956,-1.5767558002527688,stop_hit,h_ema21,holdout
2025-09-24 16:30:00+00:00,595.5699999999999,594.5216776570585,597.6666446858828,2025-09-25 13:30:00+00:00,594.0116776570585,-1.4864915867089143,stop_hit,h_ema200,holdout
2025-09-25 14:30:00+00:00,593.77,592.247273591036,596.815452817928,2025-09-25 17:15:00+00:00,591.737273591036,-1.3349255631200203,stop_hit,ema21,holdout
2025-09-25 18:30:00+00:00,592.84,591.4595370125135,595.6009259749732,2025-09-26 14:15:00+00:00,590.9495370125135,-1.3694412705179129,stop_hit,h_ema21,holdout
2025-09-26 14:45:00+00:00,594.16,592.522218021086,597.4355639578279,2025-09-26 15:00:00+00:00,592.012218021086,-1.3113967588886182,stop_hit,h_ema21,holdout
2025-09-29 18:00:00+00:00,599.5,598.5718312296232,601.3563375407537,2025-09-29 19:00:00+00:00,598.0618312296232,-1.5494690365340942,stop_hit,h_ema21,holdout
2025-09-30 14:30:00+00:00,598.02,597.0022708052895,600.0554583894209,2025-09-30 15:15:00+00:00,596.4922708052895,-1.5011156235378376,stop_hit,h_ema21,holdout
2025-10-01 14:15:00+00:00,599.38,598.0636318252913,602.0127363494174,2025-10-01 17:00:00+00:00,601.5027363494174,2.0,scaleout_tier_1,h_ema21,holdout
2025-10-01 14:15:00+00:00,599.38,598.0636318252913,603.3291045241261,2025-10-01 18:30:00+00:00,602.8191045241261,3.0,scaleout_tier_2,h_ema21,holdout
2025-10-01 14:15:00+00:00,599.38,598.0636318252913,602.0127363494174,2025-10-02 13:30:00+00:00,603.77,3.3349332537391416,trail_exit,h_ema21,holdout
2025-10-02 16:00:00+00:00,605.48,604.4436749742573,607.5526500514854,2025-10-02 16:15:00+00:00,603.9336749742573,-1.4921235976468719,stop_hit,h_ema21,holdout
2025-10-02 17:00:00+00:00,605.48,604.5229204222137,607.3941591555727,2025-10-03 14:00:00+00:00,604.0129204222137,-1.5328710504716845,stop_hit,h_ema21,holdout
2025-10-03 16:00:00+00:00,607.27,606.4297203848772,608.9505592302455,2025-10-03 16:15:00+00:00,605.9197203848772,-1.6069408216281413,stop_hit,h_ema21,holdout
2025-10-03 18:30:00+00:00,604.65,603.5318814301992,606.8862371396016,2025-10-03 18:45:00+00:00,603.0218814301992,-1.4561233609516484,stop_hit,h_ema21,holdout
2025-10-06 13:45:00+00:00,607.17,605.8408641074566,609.8282717850867,2025-10-07 15:00:00+00:00,605.3308641074566,-1.3837079435301962,stop_hit,h_ema21,holdout
2025-10-07 16:30:00+00:00,604.81,603.6735911056263,607.0828177887472,2025-10-07 18:00:00+00:00,603.1635911056263,-1.4487821263323484,stop_hit,h_ema21,holdout
2025-10-07 18:45:00+00:00,604.87,603.836422098655,606.93715580269,2025-10-08 13:45:00+00:00,606.42715580269,2.0,scaleout_tier_1,h_ema200,holdout
2025-10-07 18:45:00+00:00,604.87,603.836422098655,607.970733704035,2025-10-08 14:00:00+00:00,607.460733704035,3.0,scaleout_tier_2,h_ema200,holdout
2025-10-07 18:45:00+00:00,604.87,603.836422098655,609.0043116053799,2025-10-08 15:15:00+00:00,608.49431160538,4.0,scaleout_tier_3,h_ema200,holdout
2025-10-07 18:45:00+00:00,604.87,603.836422098655,610.0378895067249,2025-10-08 18:00:00+00:00,609.5278895067249,5.0,scaleout_tier_4,h_ema200,holdout
2025-10-07 18:45:00+00:00,604.87,603.836422098655,611.0714674080699,2025-10-08 19:45:00+00:00,610.5614674080699,6.0,scaleout_tier_5,h_ema200,holdout
2025-10-07 18:45:00+00:00,604.87,603.836422098655,606.93715580269,2025-10-09 14:15:00+00:00,609.15,4.140955407841494,trail_exit,h_ema200,holdout
2025-10-09 17:45:00+00:00,608.91,607.9431924795623,610.8436150408753,2025-10-10 13:30:00+00:00,610.3336150408753,2.0,scaleout_tier_1,h_ema21,holdout
2025-10-09 17:45:00+00:00,608.91,607.9431924795623,611.810422561313,2025-10-10 13:30:00+00:00,611.300422561313,3.0,scaleout_tier_2,h_ema21,holdout
2025-10-09 17:45:00+00:00,608.91,607.9431924795623,610.8436150408753,2025-10-10 14:45:00+00:00,608.4,-0.5275093430894252,stop_hit,h_ema21,holdout
2025-10-28 13:45:00+00:00,631.46,626.4464834127126,641.4870331745749,2025-10-29 18:30:00+00:00,630.28,-0.23536373710064956,trail_exit,ema21,holdout
2025-10-29 19:00:00+00:00,634.09,632.4988093194448,637.2723813611104,2025-10-30 13:30:00+00:00,631.9888093194448,-1.3205146977243738,stop_hit,h_ema21,holdout
2025-10-30 14:00:00+00:00,632.73,630.3804467077892,637.4291065844216,2025-10-30 14:15:00+00:00,629.8704467077893,-1.2170625376707738,stop_hit,h_ema21,holdout
2025-10-30 16:15:00+00:00,631.9,629.7408476672558,636.2183046654883,2025-10-30 17:00:00+00:00,629.2308476672558,-1.2362038065891399,stop_hit,h_ema21,holdout
2025-10-30 18:00:00+00:00,631.31,629.5970667431111,634.7358665137776,2025-10-30 18:15:00+00:00,629.0870667431111,-1.2977348930257155,stop_hit,h_ema21,holdout
2025-10-31 13:45:00+00:00,632.73,630.7058654769276,636.7782690461449,2025-10-31 15:45:00+00:00,630.1958654769276,-1.2519595383541282,stop_hit,h_ema50,holdout
2025-10-31 17:45:00+00:00,628.5,626.8821524323016,631.7356951353968,2025-11-03 14:30:00+00:00,631.2256951353968,2.0,scaleout_tier_1,h_ema21,holdout
2025-10-31 17:45:00+00:00,628.5,626.8821524323016,633.3535427030952,2025-11-03 14:30:00+00:00,632.8435427030952,3.0,scaleout_tier_2,h_ema21,holdout
2025-10-31 17:45:00+00:00,628.5,626.8821524323016,631.7356951353968,2025-11-03 15:15:00+00:00,630.03,0.9457009612942749,trail_exit,h_ema21,holdout
2025-11-03 17:45:00+00:00,633.31,631.712908742067,636.5041825158658,2025-11-03 19:15:00+00:00,631.202908742067,-1.3193305313436368,stop_hit,h_ema21,holdout
2025-11-05 15:00:00+00:00,622.49,620.7975553487038,625.8748893025925,2025-11-05 15:15:00+00:00,620.2875553487038,-1.3013392488843796,stop_hit,h_ema21,holdout
2025-11-05 17:30:00+00:00,624.96,623.4507950996148,627.9784098007706,2025-11-05 20:45:00+00:00,622.9407950996148,-1.3379262814941812,stop_hit,h_ema21,holdout
2025-11-06 16:15:00+00:00,614.21,612.3587686607191,617.912462678562,2025-11-06 16:30:00+00:00,611.8487686607191,-1.2754923110787881,stop_hit,ema21,holdout
2025-11-06 17:15:00+00:00,612.1899999999999,610.2461992846416,616.0776014307165,2025-11-07 14:30:00+00:00,609.7361992846417,-1.2623725755271082,stop_hit,ema21,holdout
2025-11-07 18:30:00+00:00,604.3,602.2451936970018,608.4096126059962,2025-11-07 19:45:00+00:00,607.8996126059963,2.0,scaleout_tier_1,h_ema21,holdout
2025-11-07 18:30:00+00:00,604.3,602.2451936970018,610.4644189089944,2025-11-10 14:30:00+00:00,609.9544189089944,3.0,scaleout_tier_2,h_ema21,holdout
2025-11-07 18:30:00+00:00,604.3,602.2451936970018,612.5192252119925,2025-11-10 14:30:00+00:00,612.0092252119925,4.0,scaleout_tier_3,h_ema21,holdout
2025-11-07 18:30:00+00:00,604.3,602.2451936970018,614.5740315149907,2025-11-10 14:30:00+00:00,614.0640315149907,5.0,scaleout_tier_4,h_ema21,holdout
2025-11-07 18:30:00+00:00,604.3,602.2451936970018,616.6288378179888,2025-11-10 14:30:00+00:00,616.1188378179888,6.0,scaleout_tier_5,h_ema21,holdout
2025-11-07 18:30:00+00:00,604.3,602.2451936970018,618.683644120987,2025-11-10 14:30:00+00:00,618.173644120987,7.0,scaleout_tier_6,h_ema21,holdout
2025-11-07 18:30:00+00:00,604.3,602.2451936970018,620.7384504239851,2025-11-10 14:30:00+00:00,620.2284504239851,8.0,scaleout_tier_7,h_ema21,holdout
2025-11-11 17:15:00+00:00,620.03,618.6230209402919,622.8439581194161,2025-11-12 14:30:00+00:00,621.09,0.7533871898704656,trail_exit,ema21,holdout
2025-11-12 16:30:00+00:00,620.52,619.0264886422337,623.5070227155325,2025-11-12 16:45:00+00:00,618.5164886422338,-1.3414771486992705,stop_hit,ema21,holdout
2025-11-12 17:45:00+00:00,620.91,619.4107553166851,623.9084893666296,2025-11-12 19:30:00+00:00,618.9007553166851,-1.3401712913681185,stop_hit,ema21,holdout
2025-11-13 15:15:00+00:00,617.84,615.8989143613627,621.7221712772747,2025-11-13 15:30:00+00:00,615.3889143613627,-1.2627395668941312,stop_hit,ema21,holdout
2025-11-14 15:30:00+00:00,607.01,604.3084670877362,612.4130658245276,2025-11-14 17:00:00+00:00,611.9030658245276,2.0,scaleout_tier_1,ema21,holdout
2025-11-14 15:30:00+00:00,607.01,604.3084670877362,612.4130658245276,2025-11-17 14:30:00+00:00,606.5,-0.18878170896412438,stop_hit,ema21,holdout
2025-11-17 16:30:00+00:00,608.5699999999999,606.1204400113771,613.4691199772456,2025-11-17 18:00:00+00:00,605.6104400113771,-1.2082006574114248,stop_hit,ema21,holdout
2025-11-17 18:45:00+00:00,606.8,604.8109651356198,610.7780697287603,2025-11-17 19:00:00+00:00,604.3009651356198,-1.2564057619768845,stop_hit,ema21,holdout
2025-11-18 16:30:00+00:00,598.38,595.4730860262933,604.1938279474133,2025-11-18 17:15:00+00:00,594.9630860262934,-1.1754437883655986,stop_hit,ema50,holdout
2025-11-18 17:45:00+00:00,600.15,597.2079869807977,606.0340260384045,2025-11-18 20:45:00+00:00,596.6979869807977,-1.1733506944637115,stop_hit,ema50,holdout
2025-11-19 14:45:00+00:00,600.76,598.1554520228202,605.9690959543595,2025-11-19 16:00:00+00:00,599.1,-0.6373466776363351,trail_exit,ema50,holdout
2025-11-19 17:00:00+00:00,600.04,597.5856616354108,604.9486767291783,2025-11-19 17:15:00+00:00,597.0756616354108,-1.2077953094643346,stop_hit,ema21,holdout
2025-11-19 18:00:00+00:00,598.08,595.6175187934447,603.0049624131108,2025-11-20 14:30:00+00:00,602.4949624131108,2.0,scaleout_tier_1,ema50,holdout
2025-11-19 18:00:00+00:00,598.08,595.6175187934447,605.4674436196661,2025-11-20 14:30:00+00:00,604.9574436196662,3.0,scaleout_tier_2,ema50,holdout
2025-11-19 18:00:00+00:00,598.08,595.6175187934447,607.9299248262215,2025-11-20 14:30:00+00:00,607.4199248262215,4.0,scaleout_tier_3,ema50,holdout
2025-11-19 18:00:00+00:00,598.08,595.6175187934447,610.3924060327769,2025-11-20 14:30:00+00:00,609.8824060327769,5.0,scaleout_tier_4,ema50,holdout
2025-11-20 18:15:00+00:00,597.28,593.592746467887,604.654507064226,2025-11-20 18:30:00+00:00,593.082746467887,-1.138314329502515,stop_hit,ema50,holdout
2025-11-21 16:15:00+00:00,584.48,581.0071115365936,591.4257769268129,2025-11-21 16:45:00+00:00,590.9157769268129,2.0,scaleout_tier_1,ema100,holdout
2025-11-21 16:15:00+00:00,584.48,581.0071115365936,594.8986653902193,2025-11-21 19:00:00+00:00,594.3886653902193,3.0,scaleout_tier_2,ema100,holdout
2025-11-21 16:15:00+00:00,584.48,581.0071115365936,598.3715538536258,2025-11-24 14:45:00+00:00,597.8615538536258,4.0,scaleout_tier_3,ema100,holdout
2025-11-21 16:15:00+00:00,584.48,581.0071115365936,601.8444423170322,2025-11-24 15:30:00+00:00,601.3344423170322,5.0,scaleout_tier_4,ema100,holdout
2025-11-21 16:15:00+00:00,584.48,581.0071115365936,605.3173307804386,2025-11-24 18:00:00+00:00,604.8073307804386,6.0,scaleout_tier_5,ema100,holdout
2025-11-21 16:15:00+00:00,584.48,581.0071115365936,591.4257769268129,2025-11-25 14:30:00+00:00,599.89,4.4372285958429085,trail_exit,ema100,holdout
2025-11-25 16:30:00+00:00,603.91,601.814520298152,608.1009594036958,2025-11-25 20:15:00+00:00,607.5909594036958,2.0,scaleout_tier_1,ema21,holdout
2025-11-25 16:30:00+00:00,603.91,601.814520298152,610.1964391055437,2025-11-26 14:30:00+00:00,609.6864391055437,3.0,scaleout_tier_2,ema21,holdout
2025-11-25 16:30:00+00:00,603.91,601.814520298152,612.2919188073917,2025-11-26 14:30:00+00:00,611.7819188073917,4.0,scaleout_tier_3,ema21,holdout
2025-11-25 16:30:00+00:00,603.91,601.814520298152,614.3873985092396,2025-11-26 16:15:00+00:00,613.8773985092396,5.0,scaleout_tier_4,ema21,holdout
2025-11-25 16:30:00+00:00,603.91,601.814520298152,616.4828782110875,2025-11-28 15:00:00+00:00,615.9728782110875,6.0,scaleout_tier_5,ema21,holdout
2025-11-25 16:30:00+00:00,603.91,601.814520298152,618.5783579129354,2025-11-28 17:45:00+00:00,618.0683579129354,7.0,scaleout_tier_6,ema21,holdout
2025-11-25 16:30:00+00:00,603.91,601.814520298152,608.1009594036958,2025-12-01 14:30:00+00:00,612.91,4.2949592840547455,trail_exit,ema21,holdout
2025-12-02 19:00:00+00:00,622.01,620.418873257881,625.1922534842379,2025-12-03 14:30:00+00:00,619.908873257881,-1.3205275774076994,stop_hit,h_ema21,holdout
2025-12-03 15:00:00+00:00,620.18,618.706417491776,623.1271650164477,2025-12-03 18:30:00+00:00,622.6171650164478,2.0,scaleout_tier_1,h_ema21,holdout
2025-12-03 15:00:00+00:00,620.18,618.706417491776,623.1271650164477,2025-12-04 14:30:00+00:00,621.48,0.8822037400314633,trail_exit,h_ema21,holdout
2025-12-04 16:30:00+00:00,622.3199999999999,621.0120775457783,624.9358449084432,2025-12-04 19:15:00+00:00,620.5020775457783,-1.3899313742598782,stop_hit,h_ema21,holdout
2025-12-05 17:00:00+00:00,626.09,624.5769283645504,629.1161432708992,2025-12-05 17:30:00+00:00,624.0669283645504,-1.3370626929031357,stop_hit,h_ema21,holdout
2025-12-08 16:30:00+00:00,624.56,623.3187852839599,627.0424294320801,2025-12-08 16:45:00+00:00,622.8087852839599,-1.410887812889518,stop_hit,h_ema21,holdout
2025-12-08 18:00:00+00:00,625.0,623.8271924986726,627.3456150026548,2025-12-08 18:15:00+00:00,623.3171924986726,-1.4348539717070132,stop_hit,h_ema21,holdout
2025-12-09 17:00:00+00:00,625.74,624.6999767992747,627.8200464014506,2025-12-09 19:30:00+00:00,624.1899767992747,-1.4903736759375525,stop_hit,h_ema21,holdout
2025-12-10 15:30:00+00:00,624.06,623.0699054549125,626.0401890901749,2025-12-10 15:45:00+00:00,622.5599054549125,-1.51510232283417,stop_hit,h_ema21,holdout
2025-12-10 16:15:00+00:00,623.47,622.3039002494326,625.802199501135,2025-12-10 19:45:00+00:00,625.292199501135,2.0,scaleout_tier_1,h_ema21,holdout
2025-12-10 16:15:00+00:00,623.47,622.3039002494326,626.9682992517024,2025-12-10 19:45:00+00:00,626.4582992517024,3.0,scaleout_tier_2,h_ema21,holdout
2025-12-10 16:15:00+00:00,623.47,622.3039002494326,628.1343990022699,2025-12-10 20:00:00+00:00,627.6243990022699,4.0,scaleout_tier_3,h_ema21,holdout
2025-12-10 16:15:00+00:00,623.47,622.3039002494326,625.802199501135,2025-12-11 14:30:00+00:00,622.96,-0.4373553804053259,stop_hit,h_ema21,holdout
2025-12-11 15:15:00+00:00,622.27,619.9728969900939,626.8642060198122,2025-12-11 15:45:00+00:00,619.4628969900939,-1.2220187766071664,stop_hit,ema21,holdout
2025-12-11 16:45:00+00:00,622.4399999999999,620.1876258799822,626.9447482400354,2025-12-29 14:30:00+00:00,619.6776258799822,-1.226427748155787,stop_hit,ema21,holdout
2025-12-29 15:30:00+00:00,621.51,619.7311017398144,625.0677965203711,2025-12-29 15:45:00+00:00,619.2211017398145,-1.2866943047922241,stop_hit,ema21,holdout
2025-12-29 16:15:00+00:00,620.73,619.061691152468,624.066617695064,2025-12-29 17:15:00+00:00,618.551691152468,-1.3056987923755596,stop_hit,ema21,holdout
2025-12-29 18:00:00+00:00,620.45,619.1568222410043,623.0363555179915,2025-12-30 19:45:00+00:00,619.79,-0.5103706705508353,trail_exit,ema21,holdout
2025-12-31 17:00:00+00:00,618.42,617.631515869289,619.9969682614218,2025-12-31 17:15:00+00:00,617.121515869289,-1.6468107348465781,stop_hit,ema21,holdout
2025-12-31 17:45:00+00:00,618.18,617.4350037772697,619.6699924454605,2025-12-31 18:00:00+00:00,616.9250037772697,-1.6845672292551244,stop_hit,ema21,holdout
2025-12-31 19:15:00+00:00,618.77,618.0959334475803,620.1181331048394,2025-12-31 19:30:00+00:00,617.5859334475803,-1.7566018491337656,stop_hit,ema21,holdout
2026-01-02 14:45:00+00:00,620.66,619.3789826481358,623.2220347037284,2026-01-02 15:00:00+00:00,618.8689826481358,-1.398121070926804,stop_hit,ema21,holdout
2026-01-02 17:15:00+00:00,613.74,611.7054783413898,617.8090433172204,2026-01-02 17:45:00+00:00,611.1954783413898,-1.2506731731469416,stop_hit,ema21,holdout
2026-01-02 18:30:00+00:00,612.26,610.4910647531714,615.7978704936572,2026-01-02 18:45:00+00:00,609.9810647531714,-1.2883090270909174,stop_hit,ema21,holdout
2026-01-02 19:15:00+00:00,613.55,611.7788408391827,617.0923183216344,2026-01-05 14:30:00+00:00,616.5823183216344,2.0,scaleout_tier_1,ema50,holdout
2026-01-02 19:15:00+00:00,613.55,611.7788408391827,618.8634774824516,2026-01-05 15:00:00+00:00,618.3534774824516,3.0,scaleout_tier_2,ema50,holdout
2026-01-02 19:15:00+00:00,613.55,611.7788408391827,617.0923183216344,2026-01-05 19:15:00+00:00,617.39,2.168071670209622,trail_exit,ema50,holdout
2026-01-06 17:00:00+00:00,621.15,620.0132396978698,623.4235206042603,2026-01-06 19:30:00+00:00,622.9135206042603,2.0,scaleout_tier_1,ema21,holdout
2026-01-06 17:00:00+00:00,621.15,620.0132396978698,624.5602809063904,2026-01-07 15:00:00+00:00,624.0502809063904,3.0,scaleout_tier_2,ema21,holdout
2026-01-06 17:00:00+00:00,621.15,620.0132396978698,625.6970412085205,2026-01-07 15:45:00+00:00,625.1870412085206,4.0,scaleout_tier_3,ema21,holdout
2026-01-06 17:00:00+00:00,621.15,620.0132396978698,626.8338015106507,2026-01-07 16:45:00+00:00,626.3238015106507,5.0,scaleout_tier_4,ema21,holdout
2026-01-06 17:00:00+00:00,621.15,620.0132396978698,623.4235206042603,2026-01-07 19:15:00+00:00,625.11,3.483583999704694,trail_exit,ema21,holdout
2026-01-08 15:15:00+00:00,620.9399999999999,619.6158226997384,623.5883546005231,2026-01-08 15:30:00+00:00,619.1058226997384,-1.3851447988870143,stop_hit,ema21,holdout
2026-01-08 16:45:00+00:00,620.2,618.7943854999169,623.0112290001664,2026-01-08 19:15:00+00:00,618.2843854999169,-1.362830633840084,stop_hit,ema21,holdout
2026-01-12 17:00:00+00:00,627.91,626.8114345046248,630.1071309907503,2026-01-13 14:30:00+00:00,626.3014345046248,-1.4642417790719175,stop_hit,h_ema21,holdout
2026-01-13 16:00:00+00:00,626.45,625.2792588374731,628.791482325054,2026-01-13 16:15:00+00:00,624.7692588374731,-1.435621481779283,stop_hit,ema21,holdout
2026-01-14 15:15:00+00:00,621.15,619.4503505215139,624.5492989569722,2026-01-14 15:30:00+00:00,618.9403505215139,-1.3000618694945598,stop_hit,ema21,holdout
2026-01-14 18:15:00+00:00,616.65,614.9768522555457,619.9962954889085,2026-01-14 18:30:00+00:00,614.4668522555457,-1.3048146833956653,stop_hit,ema21,holdout
2026-01-14 19:00:00+00:00,617.31,615.6611532089773,620.6076935820452,2026-01-14 20:00:00+00:00,615.1511532089773,-1.3093070883096976,stop_hit,ema21,holdout
2026-01-15 16:00:00+00:00,626.1899999999999,624.2404936420644,630.089012715871,2026-01-15 19:00:00+00:00,623.7304936420644,-1.2616046867064652,stop_hit,ema21,holdout
2026-01-16 14:45:00+00:00,624.91,623.4407689161676,627.8484621676647,2026-01-16 15:00:00+00:00,622.9307689161676,-1.3471203445204123,stop_hit,ema21,holdout
2026-01-16 16:00:00+00:00,621.53,619.929284623205,624.7314307535898,2026-01-20 14:30:00+00:00,619.419284623205,-1.3186075472212606,stop_hit,ema21,holdout
2026-01-20 15:30:00+00:00,613.9399999999999,612.1710334340453,617.4779331319093,2026-01-20 17:30:00+00:00,611.6610334340453,-1.288303922649188,stop_hit,ema21,holdout
2026-01-21 15:00:00+00:00,613.09,611.5760071480088,616.1179857039825,2026-01-21 16:30:00+00:00,611.3,-1.1823041288773704,trail_exit,ema50,holdout
2026-01-21 17:30:00+00:00,610.26,608.5110511227821,613.7578977544358,2026-01-21 18:00:00+00:00,608.0010511227821,-1.2916037207509792,stop_hit,ema21,holdout
2026-01-22 16:15:00+00:00,621.0699999999999,618.994817436996,625.2203651260079,2026-01-22 20:30:00+00:00,618.484817436996,-1.2457615098990273,stop_hit,ema21,holdout
2026-01-23 18:15:00+00:00,623.17,621.8713144842376,625.7673710315247,2026-01-23 20:00:00+00:00,621.3613144842376,-1.392704772487282,stop_hit,ema21,holdout
2026-01-26 16:00:00+00:00,626.84,625.6212531191753,629.2774937616495,2026-01-26 16:15:00+00:00,625.1112531191753,-1.4184626094426436,stop_hit,ema21,holdout
2026-01-28 19:00:00+00:00,633.83,632.9084034374707,635.6731931250587,2026-01-28 19:15:00+00:00,632.3984034374707,-1.5533874807435248,stop_hit,h_ema21,holdout
2026-01-29 17:15:00+00:00,625.18,623.2473541846782,629.0452916306434,2026-01-29 20:45:00+00:00,628.5352916306434,2.0,scaleout_tier_1,ema21,holdout
2026-01-29 17:15:00+00:00,625.18,623.2473541846782,629.0452916306434,2026-01-30 14:45:00+00:00,624.67,-0.26388694501433485,stop_hit,ema21,holdout
2026-01-30 15:15:00+00:00,627.71,625.7799569016244,631.5700861967514,2026-01-30 15:30:00+00:00,625.2699569016244,-1.2642428039193563,stop_hit,ema21,holdout
2026-01-30 17:30:00+00:00,624.93,622.8510993656656,629.0878012686686,2026-01-30 17:45:00+00:00,622.3410993656656,-1.245321970457378,stop_hit,ema21,holdout
2026-01-30 19:00:00+00:00,623.97,621.7849338283381,628.3401323433238,2026-01-30 19:45:00+00:00,621.2749338283381,-1.2334025425015385,stop_hit,ema21,holdout
2026-02-02 17:00:00+00:00,627.66,625.8009351055155,631.378129788969,2026-02-02 20:00:00+00:00,625.2909351055155,-1.2743314671333232,stop_hit,ema21,holdout
2026-02-03 16:00:00+00:00,621.14,619.1786417767009,625.0627164465981,2026-02-03 16:15:00+00:00,618.668641776701,-1.260023892597325,stop_hit,ema21,holdout
2026-02-03 19:15:00+00:00,614.0,612.1669352331571,617.6661295336858,2026-02-03 19:30:00+00:00,611.6569352331571,-1.2782225752330467,stop_hit,ema50,holdout
2026-02-05 16:30:00+00:00,600.96,597.5401177976634,607.7997644046734,2026-02-05 20:15:00+00:00,597.0301177976634,-1.1491279435448176,stop_hit,ema100,holdout
2026-02-06 15:30:00+00:00,604.15,601.1907465478448,610.0685069043103,2026-02-09 15:00:00+00:00,609.5585069043103,2.0,scaleout_tier_1,ema100,holdout
2026-02-06 15:30:00+00:00,604.15,601.1907465478448,613.0277603564655,2026-02-09 15:45:00+00:00,612.5177603564655,3.0,scaleout_tier_2,ema100,holdout
2026-02-06 15:30:00+00:00,604.15,601.1907465478448,615.9870138086206,2026-02-09 17:00:00+00:00,615.4770138086207,4.0,scaleout_tier_3,ema100,holdout
2026-02-06 15:30:00+00:00,604.15,601.1907465478448,610.0685069043103,2026-02-26 14:30:00+00:00,613.22,3.0649622097744094,trail_exit,ema100,holdout
2026-02-26 19:15:00+00:00,609.28,607.796630579702,612.246738840596,2026-02-27 14:30:00+00:00,607.286630579702,-1.3438118603641793,stop_hit,ema100,holdout
2026-02-27 15:15:00+00:00,606.89,604.9968012463809,610.6763975072382,2026-02-27 18:15:00+00:00,604.4868012463809,-1.2693853453183686,stop_hit,ema100,holdout
2026-02-27 19:15:00+00:00,605.81,604.2432933916671,608.9434132166657,2026-03-02 14:30:00+00:00,603.7332933916671,-1.325523615773012,stop_hit,ema100,holdout
2026-03-02 15:00:00+00:00,604.68,602.6424214770975,608.7551570458048,2026-03-02 17:45:00+00:00,608.2451570458048,2.0,scaleout_tier_1,ema100,holdout
2026-03-02 15:00:00+00:00,604.68,602.6424214770975,608.7551570458048,2026-03-03 14:30:00+00:00,604.17,-0.2502971023043174,stop_hit,ema100,holdout
2026-03-03 16:30:00+00:00,598.83,596.2791488720965,603.9317022558072,2026-03-04 14:30:00+00:00,603.4217022558072,2.0,scaleout_tier_1,ema100,holdout
2026-03-03 16:30:00+00:00,598.83,596.2791488720965,606.4825533837108,2026-03-04 15:00:00+00:00,605.9725533837108,3.0,scaleout_tier_2,ema100,holdout
2026-03-03 16:30:00+00:00,598.83,596.2791488720965,609.0334045116143,2026-03-04 15:15:00+00:00,608.5234045116143,4.0,scaleout_tier_3,ema100,holdout
2026-03-03 16:30:00+00:00,598.83,596.2791488720965,611.5842556395179,2026-03-04 17:45:00+00:00,611.0742556395179,5.0,scaleout_tier_4,ema100,holdout
2026-03-03 16:30:00+00:00,598.83,596.2791488720965,603.9317022558072,2026-03-05 14:30:00+00:00,608.57,3.8183333764385057,trail_exit,ema100,holdout
2026-03-05 18:15:00+00:00,605.25,603.24352915294,609.26294169412,2026-03-05 18:30:00+00:00,602.73352915294,-1.254177627722466,stop_hit,ema21,holdout
2026-03-05 19:15:00+00:00,604.7,602.685335176414,608.7293296471721,2026-03-05 20:45:00+00:00,608.2193296471721,2.0,scaleout_tier_1,ema100,holdout
2026-03-05 19:15:00+00:00,604.7,602.685335176414,608.7293296471721,2026-03-06 14:30:00+00:00,604.19,-0.2531438450849651,stop_hit,ema100,holdout
2026-03-06 15:00:00+00:00,600.99,598.4028069886799,606.1643860226402,2026-03-06 20:15:00+00:00,599.04,-0.7537126111070749,trail_exit,ema21,holdout
2026-03-09 14:45:00+00:00,597.21,594.5857250146876,602.458549970625,2026-03-09 19:15:00+00:00,601.948549970625,2.0,scaleout_tier_1,ema100,holdout
2026-03-09 14:45:00+00:00,597.21,594.5857250146876,605.0828249559374,2026-03-09 19:15:00+00:00,604.5728249559374,3.0,scaleout_tier_2,ema100,holdout
2026-03-09 14:45:00+00:00,597.21,594.5857250146876,607.7070999412499,2026-03-09 19:45:00+00:00,607.1970999412499,4.0,scaleout_tier_3,ema100,holdout
2026-03-09 14:45:00+00:00,597.21,594.5857250146876,610.3313749265624,2026-03-10 14:30:00+00:00,609.8213749265624,5.0,scaleout_tier_4,ema100,holdout
2026-03-09 14:45:00+00:00,597.21,594.5857250146876,612.9556499118748,2026-03-10 17:15:00+00:00,612.4456499118749,6.0,scaleout_tier_5,ema100,holdout
2026-03-09 14:45:00+00:00,597.21,594.5857250146876,602.458549970625,2026-03-10 19:15:00+00:00,607.21,3.8105762757210893,trail_exit,ema100,holdout
2026-03-11 17:30:00+00:00,608.8,607.0693565463737,612.2612869072525,2026-03-11 17:45:00+00:00,606.5593565463737,-1.2946880820144506,stop_hit,ema21,holdout
2026-03-12 15:30:00+00:00,599.47,597.4296169027135,603.550766194573,2026-03-12 19:45:00+00:00,596.9196169027135,-1.249953060617997,stop_hit,ema100,holdout
2026-03-13 13:45:00+00:00,603.24,601.3384208134944,607.0431583730112,2026-03-13 14:00:00+00:00,600.8284208134944,-1.2681981395353714,stop_hit,ema100,holdout
2026-03-13 15:15:00+00:00,598.27,596.1543279570429,602.5013440859141,2026-03-13 15:30:00+00:00,595.644327957043,-1.2410581553496218,stop_hit,ema100,holdout
2026-03-13 16:15:00+00:00,595.15,593.032472427663,599.3850551446739,2026-03-13 17:45:00+00:00,592.522472427663,-1.240846922922069,stop_hit,ema100,holdout
2026-03-13 18:30:00+00:00,594.5,592.7219363484267,598.0561273031467,2026-03-13 19:30:00+00:00,592.2119363484267,-1.2868288767664247,stop_hit,donchian_low,holdout
2026-03-16 16:45:00+00:00,601.14,599.4585619414172,604.5028761171656,2026-03-16 19:30:00+00:00,599.52,-0.9634610039488675,trail_exit,ema100,holdout
2026-03-17 19:00:00+00:00,603.74,602.6440489918191,605.9319020163618,2026-03-18 13:30:00+00:00,602.1340489918191,-1.4653492685284346,stop_hit,ema21,holdout
2026-03-18 15:00:00+00:00,600.91,599.5909107688097,603.5481784623804,2026-03-18 16:30:00+00:00,599.0809107688098,-1.3866304022054794,stop_hit,ema21,holdout
2026-03-18 17:45:00+00:00,600.08,598.880849707025,602.47830058595,2026-03-18 18:30:00+00:00,598.3708497070251,-1.4253011511465536,stop_hit,ema100,holdout
2026-03-19 16:00:00+00:00,591.13,589.1386261767093,595.1127476465814,2026-03-19 17:00:00+00:00,588.6286261767093,-1.2561046017754856,stop_hit,donchian_low,holdout
2026-03-19 18:00:00+00:00,590.63,588.8131287829841,594.2637424340318,2026-03-19 19:00:00+00:00,593.7537424340318,2.0,scaleout_tier_1,donchian_low,holdout
2026-03-19 18:00:00+00:00,590.63,588.8131287829841,594.2637424340318,2026-03-20 13:30:00+00:00,590.12,-0.2807023388469098,stop_hit,donchian_low,holdout
2026-03-20 15:15:00+00:00,587.23,585.1366649905106,591.416670018979,2026-03-20 16:45:00+00:00,584.6266649905106,-1.243630378170751,stop_hit,donchian_low,holdout
2026-03-23 13:45:00+00:00,591.04,588.7620573024121,595.5958853951756,2026-03-23 15:45:00+00:00,588.2520573024121,-1.2238862288063883,stop_hit,ema200,holdout
2026-03-24 14:45:00+00:00,585.1899999999999,583.0971685024646,589.3756629950707,2026-03-24 17:00:00+00:00,582.5871685024646,-1.2436889929268524,stop_hit,donchian_low,holdout
2026-03-24 18:00:00+00:00,585.01,583.0563834827248,588.9172330345505,2026-03-25 13:30:00+00:00,588.4072330345505,2.0,scaleout_tier_1,donchian_low,holdout
2026-03-24 18:00:00+00:00,585.01,583.0563834827248,588.9172330345505,2026-03-25 19:00:00+00:00,586.71,0.8701810129917836,trail_exit,donchian_low,holdout
2026-04-01 15:45:00+00:00,586.78,584.7954002259806,590.7491995480386,2026-04-01 18:00:00+00:00,584.2854002259807,-1.2569787655306988,stop_hit,ema21,holdout
2026-04-01 19:15:00+00:00,584.54,583.1011783966844,587.417643206631,2026-04-02 13:30:00+00:00,582.5911783966844,-1.3544567296075993,stop_hit,ema21,holdout
2026-04-02 14:15:00+00:00,578.52,576.0964314993277,583.3671370013446,2026-04-02 14:30:00+00:00,582.8571370013447,2.0,scaleout_tier_1,ema21,holdout
2026-04-02 14:15:00+00:00,578.52,576.0964314993277,585.790705502017,2026-04-06 13:30:00+00:00,585.280705502017,3.0,scaleout_tier_2,ema21,holdout
2026-04-02 14:15:00+00:00,578.52,576.0964314993277,588.2142740026893,2026-04-06 13:45:00+00:00,587.7042740026893,4.0,scaleout_tier_3,ema21,holdout
2026-04-02 14:15:00+00:00,578.52,576.0964314993277,583.3671370013446,2026-04-06 17:00:00+00:00,584.75,2.5705896071316863,trail_exit,ema21,holdout
2026-04-07 16:00:00+00:00,582.95,581.1780642924176,586.4938714151649,2026-04-07 18:45:00+00:00,581.77,-0.6659383830635802,trail_exit,ema21,holdout
2026-04-09 15:45:00+00:00,607.54,605.8751687952126,610.8696624095746,2026-04-10 13:30:00+00:00,610.3596624095746,2.0,scaleout_tier_1,ema50,holdout
2026-04-09 15:45:00+00:00,607.54,605.8751687952126,612.534493614362,2026-04-10 14:45:00+00:00,612.024493614362,3.0,scaleout_tier_2,ema50,holdout
2026-04-09 15:45:00+00:00,607.54,605.8751687952126,610.8696624095746,2026-04-10 16:30:00+00:00,609.19,0.9910914663633201,trail_exit,ema50,holdout
2026-04-10 17:45:00+00:00,610.86,609.6664387077417,613.2471225845167,2026-04-13 13:30:00+00:00,609.1564387077417,-1.4272926772239958,stop_hit,h_ema21,holdout
2026-04-13 14:00:00+00:00,612.12,610.8883005359551,614.5833989280899,2026-04-13 14:15:00+00:00,610.3783005359551,-1.414062045886694,stop_hit,h_ema21,holdout
2026-04-13 17:00:00+00:00,614.68,613.3660682608418,617.3078634783163,2026-04-13 19:45:00+00:00,616.7978634783163,2.0,scaleout_tier_1,h_ema21,holdout
2026-04-13 17:00:00+00:00,614.68,613.3660682608418,618.6217952174745,2026-04-14 13:30:00+00:00,618.1117952174745,3.0,scaleout_tier_2,h_ema21,holdout
2026-04-13 17:00:00+00:00,614.68,613.3660682608418,619.9357269566327,2026-04-14 13:30:00+00:00,619.4257269566327,4.0,scaleout_tier_3,h_ema21,holdout
2026-04-13 17:00:00+00:00,614.68,613.3660682608418,621.2496586957909,2026-04-14 13:30:00+00:00,620.7396586957909,5.0,scaleout_tier_4,h_ema21,holdout
2026-04-13 17:00:00+00:00,614.68,613.3660682608418,622.5635904349491,2026-04-14 14:00:00+00:00,622.0535904349491,6.0,scaleout_tier_5,h_ema21,holdout
2026-04-16 17:30:00+00:00,640.65,639.3103051365954,643.3293897268092,2026-04-16 17:45:00+00:00,638.8003051365954,-1.3806837018870997,stop_hit,h_ema21,holdout
2026-04-20 15:30:00+00:00,646.31,644.7469361889418,649.4361276221161,2026-04-20 15:45:00+00:00,644.2369361889419,-1.326282264608731,stop_hit,h_ema21,holdout
2026-04-20 17:15:00+00:00,646.08,644.7759105065869,648.6881789868263,2026-04-21 13:45:00+00:00,648.1781789868263,2.0,scaleout_tier_1,h_ema21,holdout
2026-04-20 17:15:00+00:00,646.08,644.7759105065869,648.6881789868263,2026-04-21 14:45:00+00:00,646.11,0.023004556168499734,trail_exit,h_ema21,holdout
2026-04-21 17:45:00+00:00,646.91,645.330391224107,650.069217551786,2026-04-21 18:15:00+00:00,644.820391224107,-1.322864754731228,stop_hit,h_ema21,holdout
2026-04-23 18:00:00+00:00,650.79,648.8651169941102,654.6397660117796,2026-04-24 13:30:00+00:00,654.1297660117796,2.0,scaleout_tier_1,h_ema21,holdout
2026-04-23 18:00:00+00:00,650.79,648.8651169941102,656.5646490176694,2026-04-24 13:30:00+00:00,656.0546490176694,3.0,scaleout_tier_2,h_ema21,holdout
2026-04-23 18:00:00+00:00,650.79,648.8651169941102,658.4895320235591,2026-04-24 13:30:00+00:00,657.9795320235592,4.0,scaleout_tier_3,h_ema21,holdout
2026-04-24 14:15:00+00:00,659.58,657.2277398174153,664.2845203651694,2026-04-28 13:30:00+00:00,656.7177398174153,-1.2168127504669126,stop_hit,h_ema21,holdout
2026-04-28 17:45:00+00:00,656.95,655.5407158748045,659.7685682503911,2026-04-29 14:15:00+00:00,659.2585682503911,2.0,scaleout_tier_1,h_ema21,holdout
2026-04-28 17:45:00+00:00,656.95,655.5407158748045,661.1778523755867,2026-04-29 19:00:00+00:00,660.6678523755867,3.0,scaleout_tier_2,h_ema21,holdout
2026-04-28 17:45:00+00:00,656.95,655.5407158748045,659.7685682503911,2026-04-30 13:45:00+00:00,659.03,1.4759266515624192,trail_exit,h_ema21,holdout
2026-05-04 14:45:00+00:00,676.91,675.6306715185028,679.4686569629943,2026-05-04 15:00:00+00:00,675.1206715185028,-1.3986466395269797,stop_hit,h_ema21,holdout
2026-05-04 16:30:00+00:00,671.77,670.0221791076235,675.2656417847529,2026-05-05 13:30:00+00:00,674.7556417847529,2.0,scaleout_tier_1,h_ema21,holdout
2026-05-04 16:30:00+00:00,671.77,670.0221791076235,677.0134626771294,2026-05-05 13:30:00+00:00,676.5034626771294,3.0,scaleout_tier_2,h_ema21,holdout
2026-05-04 16:30:00+00:00,671.77,670.0221791076235,678.7612835695058,2026-05-05 13:30:00+00:00,678.2512835695059,4.0,scaleout_tier_3,h_ema21,holdout
2026-05-05 14:30:00+00:00,681.61,679.8844996641533,690.2375016792337,2026-05-06 14:30:00+00:00,689.7275016792337,5.0,scaleout_tier_4,h_ema21,holdout
2026-05-05 14:30:00+00:00,681.61,679.8844996641533,691.9630020150804,2026-05-06 15:15:00+00:00,691.4530020150804,6.0,scaleout_tier_5,h_ema21,holdout
2026-05-05 14:30:00+00:00,681.61,679.8844996641533,693.6885023509271,2026-05-06 18:30:00+00:00,693.1785023509271,7.0,scaleout_tier_6,h_ema21,holdout
2026-05-05 14:30:00+00:00,681.61,679.8844996641533,695.4140026867739,2026-05-06 19:45:00+00:00,694.9040026867739,8.0,scaleout_tier_7,h_ema21,holdout
2026-05-05 14:30:00+00:00,681.61,679.8844996641533,697.1395030226206,2026-05-07 13:45:00+00:00,696.6295030226206,9.0,scaleout_tier_8,h_ema21,holdout
2026-05-05 14:30:00+00:00,681.61,679.8844996641533,698.8650033584673,2026-05-07 14:15:00+00:00,698.3550033584673,10.0,scaleout_tier_9,h_ema21,holdout
2026-05-05 14:30:00+00:00,681.61,679.8844996641533,700.5905036943141,2026-05-07 14:45:00+00:00,700.0805036943141,11.0,scaleout_tier_10,h_ema21,holdout
