entry_date,entry_price,stop,target,exit_date,exit_price,R_multiple,exit_reason,zone_triggered,period
2024-05-21 06:00:00+00:00,2419.8150000000005,2411.2311713908193,2436.982657218363,2024-05-21 22:00:00+00:00,2425.3849999999998,0.6488945962925722,eod_force_close,h_ema21,train
2024-05-22 02:00:00+00:00,2425.5150000000003,2419.278290617486,2437.9884187650287,2024-05-22 03:00:00+00:00,2419.263290617486,-1.0024051144730879,stop_hit,h_ema21,train
2024-05-22 06:00:00+00:00,2420.715,2414.2586079582993,2433.627784083402,2024-05-22 08:00:00+00:00,2414.243607958299,-1.002323278992887,stop_hit,h_ema21,train
2024-05-22 10:00:00+00:00,2420.9150000000004,2414.7652209208923,2433.2145581582167,2024-05-22 11:00:00+00:00,2414.750220920892,-1.0024391120083134,stop_hit,h_ema21,train
2024-05-22 13:00:00+00:00,2415.9150000000004,2409.4688758612247,2428.807248277552,2024-05-22 14:00:00+00:00,2409.4538758612243,-1.002326979697784,stop_hit,h_ema21,train
2024-05-24 02:00:00+00:00,2335.1150000000002,2327.1985478327065,2350.9479043345877,2024-05-26 22:00:00+00:00,2337.9849999999997,0.36253613858195616,eod_force_close,ema50,train
2024-05-27 02:00:00+00:00,2341.215,2335.523019941327,2352.598960117346,2024-05-27 13:00:00+00:00,2352.5839601173457,2.0,scaleout_tier_1,ema50,train
2024-05-27 02:00:00+00:00,2341.215,2335.523019941327,2352.598960117346,2024-05-27 22:00:00+00:00,2353.4849999999997,2.1556646146895067,eod_force_close,ema50,train
2024-05-28 08:00:00+00:00,2344.715,2340.0801621075775,2353.9846757848454,2024-05-28 12:00:00+00:00,2353.969675784845,2.0,scaleout_tier_1,ema21,train
2024-05-28 08:00:00+00:00,2344.715,2340.0801621075775,2358.619513677268,2024-05-28 15:00:00+00:00,2358.6045136772677,3.0,scaleout_tier_2,ema21,train
2024-05-28 08:00:00+00:00,2344.715,2340.0801621075775,2353.9846757848454,2024-05-28 22:00:00+00:00,2362.4849999999997,3.834006800766686,eod_force_close,ema21,train
2024-05-29 14:00:00+00:00,2346.1150000000002,2339.883636706135,2358.577726587731,2024-05-29 15:00:00+00:00,2339.8686367061346,-1.0024071778987906,stop_hit,ema21,train
2024-05-29 18:00:00+00:00,2343.3150000000005,2337.210966080902,2355.5230678381977,2024-05-29 19:00:00+00:00,2337.1959660809016,-1.0024573913250048,stop_hit,ema21,train
2024-05-30 04:00:00+00:00,2332.9150000000004,2327.431076708268,2343.8828465834654,2024-05-30 05:00:00+00:00,2327.4160767082676,-1.0027352680193287,stop_hit,ema50,train
2024-05-30 07:00:00+00:00,2331.4150000000004,2325.378965207021,2343.4870695859595,2024-05-30 08:00:00+00:00,2343.472069585959,2.0,scaleout_tier_1,ema50,train
2024-05-30 07:00:00+00:00,2331.4150000000004,2325.378965207021,2349.523104378939,2024-05-30 08:00:00+00:00,2349.5081043789387,3.0,scaleout_tier_2,ema50,train
2024-05-30 07:00:00+00:00,2331.4150000000004,2325.378965207021,2355.5591391719186,2024-05-30 08:00:00+00:00,2355.5441391719182,4.0,scaleout_tier_3,ema50,train
2024-05-30 07:00:00+00:00,2331.4150000000004,2325.378965207021,2343.4870695859595,2024-05-30 09:00:00+00:00,2331.4,-0.0024850751386943297,stop_hit,ema50,train
2024-05-30 13:00:00+00:00,2362.8150000000005,2347.9425250476174,2392.5599499047667,2024-05-30 22:00:00+00:00,2364.4849999999997,0.11228796856918377,eod_force_close,ema21,train
2024-05-31 07:00:00+00:00,2366.6150000000002,2358.3967089999933,2383.051582000014,2024-05-31 14:00:00+00:00,2358.381708999993,-1.0018251969905074,stop_hit,ema21,train
2024-06-03 01:00:00+00:00,2347.215,2339.9968590719145,2361.6512818561714,2024-06-03 05:00:00+00:00,2339.981859071914,-1.0020780974145245,stop_hit,ema21,train
2024-06-03 07:00:00+00:00,2342.715,2335.7283193473077,2356.688361305385,2024-06-03 14:00:00+00:00,2356.673361305385,2.0,scaleout_tier_1,ema21,train
2024-06-03 07:00:00+00:00,2342.715,2335.7283193473077,2363.6750419580776,2024-06-03 16:00:00+00:00,2363.6600419580773,3.0,scaleout_tier_2,ema21,train
2024-06-03 07:00:00+00:00,2342.715,2335.7283193473077,2370.66172261077,2024-06-03 20:00:00+00:00,2370.6467226107698,4.0,scaleout_tier_3,ema21,train
2024-06-03 07:00:00+00:00,2342.715,2335.7283193473077,2356.688361305385,2024-06-03 22:00:00+00:00,2371.285,4.08920937140437,eod_force_close,ema21,train
2024-06-04 05:00:00+00:00,2369.715,2364.0456050318335,2381.0537899363335,2024-06-04 07:00:00+00:00,2364.030605031833,-1.0026457849708041,stop_hit,ema21,train
2024-06-04 13:00:00+00:00,2355.4150000000004,2349.308231224561,2367.628537550879,2024-06-04 14:00:00+00:00,2349.2932312245607,-1.0024562908064663,stop_hit,ema21,train
2024-06-04 16:00:00+00:00,2346.1150000000002,2338.2210601313263,2361.902879737348,2024-06-04 22:00:00+00:00,2347.0849999999996,0.1228790713048965,eod_force_close,ema21,train
2024-06-05 02:00:00+00:00,2350.0150000000003,2344.3210284499164,2361.402943100168,2024-06-05 12:00:00+00:00,2361.387943100168,2.0,scaleout_tier_1,ema21,train
2024-06-05 02:00:00+00:00,2350.0150000000003,2344.3210284499164,2367.096914650252,2024-06-05 14:00:00+00:00,2367.0819146502517,3.0,scaleout_tier_2,ema21,train
2024-06-05 02:00:00+00:00,2350.0150000000003,2344.3210284499164,2372.790886200336,2024-06-05 15:00:00+00:00,2372.7758862003357,4.0,scaleout_tier_3,ema21,train
2024-06-05 02:00:00+00:00,2350.0150000000003,2344.3210284499164,2361.402943100168,2024-06-05 22:00:00+00:00,2375.285,4.438027091938509,eod_force_close,ema21,train
2024-06-10 08:00:00+00:00,2313.6150000000002,2304.6547874901344,2331.535425019732,2024-06-10 22:00:00+00:00,2329.4849999999997,1.7711633493653605,eod_force_close,donchian_low,train
2024-06-11 04:00:00+00:00,2320.5150000000003,2314.6690054351093,2332.2069891297824,2024-06-11 05:00:00+00:00,2314.654005435109,-1.0025658593818085,stop_hit,ema50,train
2024-06-11 07:00:00+00:00,2318.8150000000005,2313.0941727189997,2330.256654562002,2024-06-11 12:00:00+00:00,2330.2416545620017,2.0,scaleout_tier_1,ema50,train
2024-06-11 07:00:00+00:00,2318.8150000000005,2313.0941727189997,2330.256654562002,2024-06-11 22:00:00+00:00,2333.9849999999997,2.6517143858511,eod_force_close,ema50,train
2024-06-12 13:00:00+00:00,2353.0150000000003,2347.316400857958,2364.412198284085,2024-06-12 14:00:00+00:00,2347.3014008579576,-1.0026322258552391,stop_hit,ema21,train
2024-06-13 07:00:00+00:00,2331.215,2324.6765289802966,2344.2919420394073,2024-06-13 11:00:00+00:00,2324.661528980296,-1.0022941143204773,stop_hit,ema21,train
2024-06-13 13:00:00+00:00,2339.3150000000005,2331.63505970034,2354.674880599321,2024-06-13 14:00:00+00:00,2331.62005970034,-1.0019531401827422,stop_hit,ema21,train
2024-06-13 18:00:00+00:00,2316.9150000000004,2308.2865784835158,2334.1718430329697,2024-06-13 22:00:00+00:00,2319.5849999999996,0.3094424623203807,eod_force_close,ema21,train
2024-06-17 09:00:00+00:00,2336.1150000000002,2330.692475644021,2346.9600487119583,2024-06-17 15:00:00+00:00,2330.677475644021,-1.0027662393039853,stop_hit,ema21,train
2024-06-17 17:00:00+00:00,2331.6150000000002,2325.409224255487,2344.0265514890266,2024-06-17 22:00:00+00:00,2333.6849999999995,0.3335602324704435,eod_force_close,ema21,train
2024-06-18 12:00:00+00:00,2327.9150000000004,2322.910634508227,2337.9237309835476,2024-06-18 13:00:00+00:00,2337.9087309835472,2.0,scaleout_tier_1,ema21,train
2024-06-18 12:00:00+00:00,2327.9150000000004,2322.910634508227,2342.928096475321,2024-06-18 16:00:00+00:00,2342.913096475321,3.0,scaleout_tier_2,ema21,train
2024-06-18 12:00:00+00:00,2327.9150000000004,2322.910634508227,2337.9237309835476,2024-06-18 22:00:00+00:00,2344.1849999999995,3.2511614163163194,eod_force_close,ema21,train
2024-06-19 06:00:00+00:00,2344.0150000000003,2339.682764623437,2352.679470753127,2024-06-19 14:00:00+00:00,2339.6677646234366,-1.0034624157499554,stop_hit,ema21,train
2024-06-19 16:00:00+00:00,2344.5150000000003,2340.13210223015,2353.280795539701,2024-06-19 22:00:00+00:00,2342.8849999999998,-0.3719000728726111,eod_force_close,ema21,train
2024-06-20 07:00:00+00:00,2357.715,2353.356845794556,2366.431308410888,2024-06-20 08:00:00+00:00,2353.341845794556,-1.0034418240597338,stop_hit,ema21,train
2024-06-21 12:00:00+00:00,2380.1150000000002,2374.983167203446,2390.3786655931085,2024-06-21 13:00:00+00:00,2374.968167203446,-1.0029229323313884,stop_hit,h_ema21,train
2024-06-24 08:00:00+00:00,2343.3150000000005,2337.3376823535564,2355.269635292889,2024-06-24 09:00:00+00:00,2337.322682353556,-1.002509486844697,stop_hit,ema21,train
2024-06-25 09:00:00+00:00,2341.9150000000004,2336.8771316782436,2351.990736643514,2024-06-25 12:00:00+00:00,2336.8621316782433,-1.0029774497946975,stop_hit,ema21,train
2024-06-26 03:00:00+00:00,2330.9150000000004,2325.0753715637907,2342.59425687242,2024-06-26 05:00:00+00:00,2325.0603715637903,-1.0025686565787846,stop_hit,ema21,train
2024-06-26 07:00:00+00:00,2328.715,2322.9871775362717,2340.170644927457,2024-06-26 10:00:00+00:00,2322.9721775362714,-1.0026187962520339,stop_hit,ema21,train
2024-06-26 12:00:00+00:00,2324.8150000000005,2318.7814753041425,2336.8820493917165,2024-06-26 13:00:00+00:00,2318.766475304142,-1.002486108992083,stop_hit,ema21,train
2024-06-26 18:00:00+00:00,2313.3150000000005,2306.6965567249185,2326.5518865501645,2024-06-26 22:00:00+00:00,2309.3849999999998,-0.5937952229336091,eod_force_close,ema21,train
2024-06-27 03:00:00+00:00,2310.1150000000002,2305.337890952933,2319.669218094135,2024-06-27 09:00:00+00:00,2319.6542180941346,2.0,scaleout_tier_1,donchian_low,train
2024-06-27 03:00:00+00:00,2310.1150000000002,2305.337890952933,2324.4463271412023,2024-06-27 10:00:00+00:00,2324.431327141202,3.0,scaleout_tier_2,donchian_low,train
2024-06-27 03:00:00+00:00,2310.1150000000002,2305.337890952933,2329.2234361882697,2024-06-27 12:00:00+00:00,2329.2084361882694,4.0,scaleout_tier_3,donchian_low,train
2024-06-27 03:00:00+00:00,2310.1150000000002,2305.337890952933,2334.000545235337,2024-06-27 13:00:00+00:00,2333.9855452353368,5.0,scaleout_tier_4,donchian_low,train
2024-06-28 06:00:00+00:00,2336.4150000000004,2331.8390940255463,2345.5668119489087,2024-06-28 19:00:00+00:00,2335.4849999999997,-0.20323844178456585,trail_exit,ema21,train
2024-07-01 07:00:00+00:00,2336.215,2331.07350327759,2346.49799344482,2024-07-01 11:00:00+00:00,2346.48299344482,2.0,scaleout_tier_1,ema21,train
2024-07-01 07:00:00+00:00,2336.215,2331.07350327759,2346.49799344482,2024-07-01 13:00:00+00:00,2336.2,-0.002917438405619825,stop_hit,ema21,train
2024-07-02 13:00:00+00:00,2336.5150000000003,2331.169491548651,2347.206016902699,2024-07-02 16:00:00+00:00,2331.1544915486506,-1.0028060941511636,stop_hit,ema21,train
2024-07-03 13:00:00+00:00,2359.215,2354.6033410095956,2368.438317980809,2024-07-03 14:00:00+00:00,2368.423317980809,2.0,scaleout_tier_1,ema21,train
2024-07-03 13:00:00+00:00,2359.215,2354.6033410095956,2373.0499769712137,2024-07-05 07:00:00+00:00,2373.0349769712134,3.0,scaleout_tier_2,ema21,train
2024-07-03 13:00:00+00:00,2359.215,2354.6033410095956,2368.438317980809,2024-07-05 12:00:00+00:00,2359.2,-0.0032526255804121505,stop_hit,ema21,train
2024-07-08 11:00:00+00:00,2381.9150000000004,2376.080706321333,2393.5835873573355,2024-07-08 15:00:00+00:00,2376.0657063213325,-1.0025710053052648,stop_hit,h_ema21,train
2024-07-09 02:00:00+00:00,2370.3150000000005,2364.908352519224,2381.1282949615534,2024-07-09 11:00:00+00:00,2364.8933525192238,-1.0027743624961052,stop_hit,ema21,train
2024-07-09 14:00:00+00:00,2374.4150000000004,2369.1958872223763,2384.8532255552486,2024-07-09 15:00:00+00:00,2369.180887222376,-1.002874051709447,stop_hit,ema21,train
2024-07-10 02:00:00+00:00,2374.6150000000002,2369.4577983599247,2384.9294032801513,2024-07-10 13:00:00+00:00,2384.914403280151,2.0,scaleout_tier_1,h_ema21,train
2024-07-10 02:00:00+00:00,2374.6150000000002,2369.4577983599247,2384.9294032801513,2024-07-10 18:00:00+00:00,2378.8849999999998,0.8279684018593062,trail_exit,h_ema21,train
2024-07-11 13:00:00+00:00,2411.9150000000004,2405.9013308140666,2423.942338371868,2024-07-11 22:00:00+00:00,2420.9849999999997,1.5082306192057011,eod_force_close,h_ema21,train
2024-07-12 09:00:00+00:00,2412.715,2407.1516491924863,2423.841701615028,2024-07-12 10:00:00+00:00,2407.136649192486,-1.0026962168159643,stop_hit,h_ema21,train
2024-07-15 04:00:00+00:00,2416.5150000000003,2411.464733505788,2426.615532988425,2024-07-15 06:00:00+00:00,2411.4497335057877,-1.002970140292105,stop_hit,h_ema21,train
2024-07-15 14:00:00+00:00,2423.715,2418.154532750233,2434.8359344995342,2024-07-15 15:00:00+00:00,2434.820934499534,2.0,scaleout_tier_1,h_ema21,train
2024-07-15 14:00:00+00:00,2423.715,2418.154532750233,2434.8359344995342,2024-07-15 17:00:00+00:00,2426.285,0.4621913743143401,trail_exit,h_ema21,train
2024-07-16 14:00:00+00:00,2447.5150000000003,2440.730025921626,2461.0849481567493,2024-07-16 15:00:00+00:00,2461.069948156749,2.0,scaleout_tier_1,h_ema21,train
2024-07-16 14:00:00+00:00,2447.5150000000003,2440.730025921626,2467.869922235124,2024-07-16 15:00:00+00:00,2467.8549222351235,3.0,scaleout_tier_2,h_ema21,train
2024-07-16 14:00:00+00:00,2447.5150000000003,2440.730025921626,2461.0849481567493,2024-07-16 22:00:00+00:00,2473.1849999999995,3.783360069394555,eod_force_close,h_ema21,train
2024-07-17 19:00:00+00:00,2462.215,2453.347386591263,2479.9502268174747,2024-07-17 22:00:00+00:00,2462.4849999999997,0.030447876734623517,eod_force_close,h_ema21,train
2024-07-18 02:00:00+00:00,2465.8150000000005,2458.803185738164,2479.838628523674,2024-07-18 16:00:00+00:00,2458.7881857381635,-1.002139246625794,stop_hit,h_ema21,train
2024-07-19 16:00:00+00:00,2407.3150000000005,2399.380634516871,2423.1837309662596,2024-07-19 17:00:00+00:00,2399.3656345168706,-1.001890510341655,stop_hit,ema21,train
2024-07-22 11:00:00+00:00,2408.4150000000004,2402.6223602421087,2420.000279515784,2024-07-22 12:00:00+00:00,2402.6073602421084,-1.0025894929820023,stop_hit,ema21,train
2024-07-22 19:00:00+00:00,2397.0150000000003,2390.4442816695087,2410.1564366609837,2024-07-22 22:00:00+00:00,2397.9849999999997,0.1476246509453955,eod_force_close,ema21,train
2024-07-23 01:00:00+00:00,2401.1150000000002,2395.4510364708844,2412.442927058232,2024-07-23 05:00:00+00:00,2395.436036470884,-1.0026483221375313,stop_hit,ema21,train
2024-07-23 08:00:00+00:00,2398.9150000000004,2393.110052185211,2410.5248956295795,2024-07-23 20:00:00+00:00,2410.509895629579,2.0,scaleout_tier_1,ema21,train
2024-07-23 08:00:00+00:00,2398.9150000000004,2393.110052185211,2410.5248956295795,2024-07-23 22:00:00+00:00,2410.6849999999995,2.027580673509597,eod_force_close,ema21,train
2024-07-25 11:00:00+00:00,2380.8150000000005,2371.9610089078906,2398.5229821842204,2024-07-25 12:00:00+00:00,2371.9460089078902,-1.0016941512414321,stop_hit,ema50,train
2024-07-26 02:00:00+00:00,2372.215,2363.5736983271727,2389.497603345655,2024-07-28 22:00:00+00:00,2386.8849999999998,1.6976609028856573,eod_force_close,ema50,train
2024-07-29 13:00:00+00:00,2391.9150000000004,2385.769980510705,2404.2050389785913,2024-07-29 14:00:00+00:00,2385.7549805107046,-1.002441001208614,stop_hit,ema21,train
2024-07-29 19:00:00+00:00,2377.0150000000003,2370.269018590773,2390.5069628184547,2024-07-29 22:00:00+00:00,2428.9849999999997,7.703845719010529,eod_force_close,ema21,train
2024-08-02 03:00:00+00:00,2499.9150000000004,2491.8740812048895,2515.996837590222,2024-08-02 12:00:00+00:00,2515.981837590222,2.0,scaleout_tier_1,h_ema21,train
2024-08-02 03:00:00+00:00,2499.9150000000004,2491.8740812048895,2515.996837590222,2024-08-02 13:00:00+00:00,2499.9,-0.0018654584609718806,stop_hit,h_ema21,train
2024-08-05 02:00:00+00:00,2481.6150000000002,2468.4019769276333,2508.041046144734,2024-08-05 06:00:00+00:00,2468.386976927633,-1.0011352436091403,stop_hit,h_ema21,train
2024-08-05 16:00:00+00:00,2443.3150000000005,2427.327785691046,2475.28942861791,2024-08-05 22:00:00+00:00,2451.6849999999995,0.5235433664832295,eod_force_close,ema21,train
2024-08-06 07:00:00+00:00,2442.1150000000002,2430.8633340025103,2464.61833199498,2024-08-06 13:00:00+00:00,2430.84833400251,-1.001333135911044,stop_hit,ema21,train
2024-08-06 19:00:00+00:00,2434.0150000000003,2424.1457843730786,2453.7534312538437,2024-08-06 22:00:00+00:00,2432.5849999999996,-0.14489500017609586,eod_force_close,ema21,train
2024-08-07 05:00:00+00:00,2432.715,2424.363267980051,2449.418464039898,2024-08-07 18:00:00+00:00,2424.348267980051,-1.0017960346386232,stop_hit,ema21,train
2024-08-08 01:00:00+00:00,2424.3150000000005,2417.4156838527842,2438.113632294433,2024-08-08 10:00:00+00:00,2438.0986322944327,2.0,scaleout_tier_1,ema21,train
2024-08-08 01:00:00+00:00,2424.3150000000005,2417.4156838527842,2445.0129484416493,2024-08-08 11:00:00+00:00,2444.997948441649,3.0,scaleout_tier_2,ema21,train
2024-08-08 01:00:00+00:00,2424.3150000000005,2417.4156838527842,2451.9122645888656,2024-08-08 13:00:00+00:00,2451.8972645888653,4.0,scaleout_tier_3,ema21,train
2024-08-12 10:00:00+00:00,2481.9150000000004,2476.576544534209,2508.6072773289575,2024-08-12 18:00:00+00:00,2508.592277328957,5.0,scaleout_tier_4,h_ema21,train
2024-08-12 10:00:00+00:00,2481.9150000000004,2476.576544534209,2492.5919109315832,2024-08-12 22:00:00+00:00,2512.5849999999996,5.74510739979591,eod_force_close,h_ema21,train
2024-08-14 19:00:00+00:00,2486.0150000000003,2478.180884346903,2501.683231306195,2024-08-14 22:00:00+00:00,2486.1849999999995,0.021699960471218097,eod_force_close,h_ema21,train
2024-08-15 02:00:00+00:00,2488.215,2481.8682390121503,2500.9085219757,2024-08-15 11:00:00+00:00,2500.8935219756995,2.0,scaleout_tier_1,h_ema21,train
2024-08-15 02:00:00+00:00,2488.215,2481.8682390121503,2500.9085219757,2024-08-15 12:00:00+00:00,2488.2,-0.002363410254308176,stop_hit,h_ema21,train
2024-08-15 15:00:00+00:00,2489.8150000000005,2481.557499844876,2506.3300003102495,2024-08-15 22:00:00+00:00,2494.3849999999998,0.5534362596606403,eod_force_close,ema21,train
2024-08-16 08:00:00+00:00,2499.6150000000002,2493.6321206179477,2511.580758764105,2024-08-16 12:00:00+00:00,2511.565758764105,2.0,scaleout_tier_1,h_ema21,train
2024-08-16 08:00:00+00:00,2499.6150000000002,2493.6321206179477,2517.5636381461577,2024-08-16 12:00:00+00:00,2517.5486381461574,3.0,scaleout_tier_2,h_ema21,train
2024-08-16 08:00:00+00:00,2499.6150000000002,2493.6321206179477,2523.54651752821,2024-08-16 12:00:00+00:00,2523.53151752821,4.0,scaleout_tier_3,h_ema21,train
2024-08-16 08:00:00+00:00,2499.6150000000002,2493.6321206179477,2529.5293969102627,2024-08-16 12:00:00+00:00,2529.5143969102623,5.0,scaleout_tier_4,h_ema21,train
2024-08-20 07:00:00+00:00,2540.4150000000004,2534.9523304613676,2551.340339077266,2024-08-20 15:00:00+00:00,2546.3849999999998,1.092872259209284,trail_exit,h_ema21,train
2024-08-21 11:00:00+00:00,2547.715,2541.6664634181884,2559.8120731636236,2024-08-21 13:00:00+00:00,2541.651463418188,-1.0024799387087173,stop_hit,h_ema21,train
2024-08-21 16:00:00+00:00,2546.215,2538.519633312997,2561.6057333740064,2024-08-21 22:00:00+00:00,2549.8849999999998,0.4769103473909784,eod_force_close,h_ema21,train
2024-08-22 06:00:00+00:00,2542.0150000000003,2536.0295976237066,2553.9858047525877,2024-08-22 11:00:00+00:00,2536.0145976237063,-1.0025060971773156,stop_hit,h_ema21,train
2024-08-22 13:00:00+00:00,2536.9150000000004,2530.4881208644706,2549.76875827106,2024-08-22 14:00:00+00:00,2530.4731208644703,-1.0023339477348194,stop_hit,h_ema21,train
2024-08-23 01:00:00+00:00,2525.4150000000004,2519.139954066006,2537.9650918679895,2024-08-23 14:00:00+00:00,2537.950091867989,2.0,scaleout_tier_1,h_ema21,train
2024-08-23 01:00:00+00:00,2525.4150000000004,2519.139954066006,2544.240137801984,2024-08-23 14:00:00+00:00,2544.2251378019837,3.0,scaleout_tier_2,h_ema21,train
2024-08-23 01:00:00+00:00,2525.4150000000004,2519.139954066006,2537.9650918679895,2024-08-25 22:00:00+00:00,2545.0849999999996,3.1346384085315764,eod_force_close,h_ema21,train
2024-08-26 06:00:00+00:00,2546.0150000000003,2540.902304033903,2556.240391932195,2024-08-26 07:00:00+00:00,2556.2253919321947,2.0,scaleout_tier_1,h_ema21,train
2024-08-26 06:00:00+00:00,2546.0150000000003,2540.902304033903,2561.3530878982924,2024-08-26 11:00:00+00:00,2561.338087898292,3.0,scaleout_tier_2,h_ema21,train
2024-08-26 06:00:00+00:00,2546.0150000000003,2540.902304033903,2556.240391932195,2024-08-26 22:00:00+00:00,2553.785,1.5197461479272247,eod_force_close,h_ema21,train
2024-08-27 06:00:00+00:00,2548.6150000000002,2543.6623516239706,2558.5202967520595,2024-08-27 07:00:00+00:00,2543.6473516239703,-1.003028682608062,stop_hit,h_ema21,train
2024-08-27 09:00:00+00:00,2546.1150000000002,2540.347956092516,2557.6490878149684,2024-08-27 13:00:00+00:00,2540.332956092516,-1.0026009859194693,stop_hit,h_ema21,train
2024-08-28 08:00:00+00:00,2544.8150000000005,2539.420912292248,2555.6031754155056,2024-08-28 10:00:00+00:00,2539.4059122922476,-1.0027808224139123,stop_hit,h_ema21,train
2024-08-28 14:00:00+00:00,2541.1150000000002,2535.139147504631,2553.0667049907383,2024-08-28 16:00:00+00:00,2535.124147504631,-1.0025101021171374,stop_hit,ema21,train
2024-08-28 18:00:00+00:00,2539.9150000000004,2533.7261588109063,2552.2926823781886,2024-08-28 22:00:00+00:00,2539.1849999999995,-0.11795423047651081,eod_force_close,ema21,train
2024-08-29 04:00:00+00:00,2549.715,2544.5268475748744,2560.0913048502516,2024-08-29 12:00:00+00:00,2544.511847574874,-1.0028912026423287,stop_hit,h_ema21,train
2024-08-30 06:00:00+00:00,2547.1150000000002,2542.212558384997,2556.9198832300067,2024-08-30 09:00:00+00:00,2556.9048832300064,2.0,scaleout_tier_1,h_ema21,train
2024-08-30 06:00:00+00:00,2547.1150000000002,2542.212558384997,2556.9198832300067,2024-08-30 13:00:00+00:00,2547.1,-0.0030596998757562045,stop_hit,h_ema21,train
2024-09-02 07:00:00+00:00,2529.8150000000005,2524.154857941972,2541.135284116058,2024-09-02 22:00:00+00:00,2531.785,0.34804780159271526,eod_force_close,ema21,train
2024-09-03 05:00:00+00:00,2527.5150000000003,2523.303974870817,2535.937050258367,2024-09-03 08:00:00+00:00,2535.9220502583667,2.0,scaleout_tier_1,ema21,train
2024-09-03 05:00:00+00:00,2527.5150000000003,2523.303974870817,2535.937050258367,2024-09-03 10:00:00+00:00,2527.5,-0.003562078007175529,stop_hit,ema21,train
2024-09-03 13:00:00+00:00,2525.3150000000005,2518.9557323227386,2538.0335353545242,2024-09-03 14:00:00+00:00,2518.9407323227383,-1.0023587621659584,stop_hit,ema21,train
2024-09-03 16:00:00+00:00,2520.1150000000002,2511.776839982892,2536.791320034217,2024-09-03 22:00:00+00:00,2524.5849999999996,0.5360894958633282,eod_force_close,ema21,train
2024-09-04 10:00:00+00:00,2512.715,2506.1807727933565,2525.7834544132875,2024-09-04 14:00:00+00:00,2525.768454413287,2.0,scaleout_tier_1,ema21,train
2024-09-04 10:00:00+00:00,2512.715,2506.1807727933565,2525.7834544132875,2024-09-04 22:00:00+00:00,2526.3849999999998,2.092060708587034,eod_force_close,ema21,train
2024-09-05 02:00:00+00:00,2526.6150000000002,2521.2912509699836,2537.2624980600335,2024-09-05 08:00:00+00:00,2537.247498060033,2.0,scaleout_tier_1,ema21,train
2024-09-05 02:00:00+00:00,2526.6150000000002,2521.2912509699836,2542.58624709005,2024-09-05 08:00:00+00:00,2542.57124709005,3.0,scaleout_tier_2,ema21,train
2024-09-05 02:00:00+00:00,2526.6150000000002,2521.2912509699836,2547.909996120067,2024-09-05 12:00:00+00:00,2547.8949961200665,4.0,scaleout_tier_3,ema21,train
2024-09-05 17:00:00+00:00,2540.6150000000002,2534.3348977178953,2553.17520456421,2024-09-05 22:00:00+00:00,2547.0849999999996,1.0302379976255311,eod_force_close,ema21,train
2024-09-06 03:00:00+00:00,2547.3150000000005,2542.639611846755,2556.6657763064914,2024-09-06 12:00:00+00:00,2542.6246118467548,-1.003208289773741,stop_hit,h_ema21,train
2024-09-09 02:00:00+00:00,2526.9150000000004,2520.113823586827,2540.517352826347,2024-09-09 05:00:00+00:00,2520.0988235868267,-1.0022055007970787,stop_hit,ema21,train
2024-09-09 08:00:00+00:00,2523.5150000000003,2516.88961956199,2536.765760876021,2024-09-09 22:00:00+00:00,2535.9849999999997,1.882156068873869,eod_force_close,ema21,train
2024-09-10 06:00:00+00:00,2533.0150000000003,2528.447704413577,2542.149591172847,2024-09-10 12:00:00+00:00,2542.1345911728467,2.0,scaleout_tier_1,ema21,train
2024-09-10 06:00:00+00:00,2533.0150000000003,2528.447704413577,2542.149591172847,2024-09-10 14:00:00+00:00,2533.0,-0.0032842192313797354,stop_hit,ema21,train
2024-09-10 19:00:00+00:00,2545.3150000000005,2539.8810423434093,2556.182915313183,2024-09-10 22:00:00+00:00,2545.6849999999995,0.06809033551267761,eod_force_close,ema21,train
2024-09-11 14:00:00+00:00,2538.215,2532.0934595006706,2550.458080998659,2024-09-11 22:00:00+00:00,2540.5849999999996,0.38715744840028754,eod_force_close,ema21,train
2024-09-12 04:00:00+00:00,2543.8150000000005,2539.1557053398355,2553.1335893203304,2024-09-12 12:00:00+00:00,2553.11858932033,2.0,scaleout_tier_1,ema21,train
2024-09-12 04:00:00+00:00,2543.8150000000005,2539.1557053398355,2557.7928839804954,2024-09-12 13:00:00+00:00,2557.777883980495,3.0,scaleout_tier_2,ema21,train
2024-09-12 04:00:00+00:00,2543.8150000000005,2539.1557053398355,2562.4521786406603,2024-09-12 13:00:00+00:00,2562.43717864066,4.0,scaleout_tier_3,ema21,train
2024-09-12 04:00:00+00:00,2543.8150000000005,2539.1557053398355,2567.1114733008253,2024-09-12 13:00:00+00:00,2567.096473300825,5.0,scaleout_tier_4,ema21,train
2024-09-12 04:00:00+00:00,2543.8150000000005,2539.1557053398355,2571.7707679609903,2024-09-12 13:00:00+00:00,2571.75576796099,6.0,scaleout_tier_5,ema21,train
2024-09-17 12:00:00+00:00,2607.1150000000002,2601.5709816379203,2618.20303672416,2024-09-17 13:00:00+00:00,2601.55598163792,-1.0027056187445058,stop_hit,h_ema21,train
2024-09-17 18:00:00+00:00,2596.5150000000003,2589.240174920971,2611.0646501580586,2024-09-17 22:00:00+00:00,2595.9849999999997,-0.07285398538701163,eod_force_close,h_ema21,train
2024-09-18 10:00:00+00:00,2598.8150000000005,2593.769985669318,2608.9050286613656,2024-09-18 17:00:00+00:00,2593.7549856693176,-1.0029732323868936,stop_hit,h_ema21,train
2024-09-19 03:00:00+00:00,2588.9150000000004,2580.1756618989116,2606.393676202178,2024-09-19 07:00:00+00:00,2606.3786762021778,2.0,scaleout_tier_1,h_ema21,train
2024-09-19 03:00:00+00:00,2588.9150000000004,2580.1756618989116,2615.133014303267,2024-09-19 09:00:00+00:00,2615.1180143032666,3.0,scaleout_tier_2,h_ema21,train
2024-09-19 03:00:00+00:00,2588.9150000000004,2580.1756618989116,2606.393676202178,2024-09-19 22:00:00+00:00,2611.1849999999995,2.5482479041776007,eod_force_close,h_ema21,train
2024-09-20 01:00:00+00:00,2612.8150000000005,2606.260717752582,2625.9235644948376,2024-09-20 06:00:00+00:00,2625.9085644948373,2.0,scaleout_tier_1,h_ema21,train
2024-09-20 01:00:00+00:00,2612.8150000000005,2606.260717752582,2632.477846742256,2024-09-20 08:00:00+00:00,2632.462846742256,3.0,scaleout_tier_2,h_ema21,train
2024-09-20 01:00:00+00:00,2612.8150000000005,2606.260717752582,2639.0321289896747,2024-09-20 11:00:00+00:00,2639.0171289896743,4.0,scaleout_tier_3,h_ema21,train
2024-09-23 02:00:00+00:00,2644.9150000000004,2638.9476840394723,2656.8496319210567,2024-09-23 07:00:00+00:00,2638.932684039472,-1.0025136929399328,stop_hit,h_ema21,train
2024-09-24 02:00:00+00:00,2653.9150000000004,2649.122145901609,2663.500708196783,2024-09-24 05:00:00+00:00,2650.0849999999996,-0.799106319820256,trail_exit,h_ema21,train
2024-09-25 12:00:00+00:00,2681.6150000000002,2675.48404999213,2693.8769000157404,2024-09-25 16:00:00+00:00,2675.46904999213,-1.0024466028887975,stop_hit,h_ema21,train
2024-09-25 18:00:00+00:00,2684.9150000000004,2677.772624722621,2699.1997505547592,2024-09-25 22:00:00+00:00,2681.1849999999995,-0.5222352305981729,eod_force_close,h_ema21,train
2024-09-26 04:00:00+00:00,2685.715,2680.153283388246,2696.838433223508,2024-09-26 11:00:00+00:00,2696.823433223508,2.0,scaleout_tier_1,h_ema21,train
2024-09-26 04:00:00+00:00,2685.715,2680.153283388246,2702.4001498352623,2024-09-26 11:00:00+00:00,2702.385149835262,3.0,scaleout_tier_2,h_ema21,train
2024-09-26 04:00:00+00:00,2685.715,2680.153283388246,2696.838433223508,2024-09-26 13:00:00+00:00,2685.7,-0.0026970090436874605,stop_hit,h_ema21,train
2024-10-01 01:00:00+00:00,2658.0150000000003,2651.4601418721786,2671.1247162556438,2024-10-01 10:00:00+00:00,2671.1097162556434,2.0,scaleout_tier_1,h_ema200,train
2024-10-01 01:00:00+00:00,2658.0150000000003,2651.4601418721786,2677.6795743834655,2024-10-01 13:00:00+00:00,2677.664574383465,3.0,scaleout_tier_2,h_ema200,train
2024-10-01 01:00:00+00:00,2658.0150000000003,2651.4601418721786,2684.234432511287,2024-10-01 13:00:00+00:00,2684.219432511287,4.0,scaleout_tier_3,h_ema200,train
2024-10-02 02:00:00+00:00,2681.6150000000002,2674.866753120484,2695.1114937590323,2024-10-02 03:00:00+00:00,2676.1849999999995,-0.8046534302832384,trail_exit,h_ema21,train
2024-10-03 07:00:00+00:00,2676.4150000000004,2671.088149069598,2687.0687018608055,2024-10-03 08:00:00+00:00,2671.0731490695975,-1.0028159226147508,stop_hit,h_ema21,train
2024-10-03 11:00:00+00:00,2667.0150000000003,2661.197351379029,2678.650297241943,2024-10-03 14:00:00+00:00,2661.1823513790287,-1.0025783612895176,stop_hit,h_ema21,train
2024-10-04 05:00:00+00:00,2683.9150000000004,2678.377870671699,2694.9892586566034,2024-10-04 09:00:00+00:00,2678.3628706716986,-1.0027089849470663,stop_hit,h_ema21,train
2024-10-04 14:00:00+00:00,2671.9150000000004,2664.1986099604765,2687.3477800790483,2024-10-04 16:00:00+00:00,2664.183609960476,-1.0019439141779376,stop_hit,ema21,train
2024-10-07 04:00:00+00:00,2666.8150000000005,2659.5957057282017,2681.253588543598,2024-10-07 05:00:00+00:00,2659.5807057282013,-1.0020777654207729,stop_hit,h_ema21,train
2024-10-07 07:00:00+00:00,2662.6150000000002,2655.8956889522083,2676.053622095584,2024-10-07 09:00:00+00:00,2676.038622095584,2.0,scaleout_tier_1,h_ema21,train
2024-10-07 07:00:00+00:00,2662.6150000000002,2655.8956889522083,2676.053622095584,2024-10-07 12:00:00+00:00,2662.6,-0.0022323717258567128,stop_hit,h_ema21,train
2024-10-07 16:00:00+00:00,2665.215,2656.9843183517696,2681.676363296461,2024-10-07 22:00:00+00:00,2662.785,-0.2952367864358724,eod_force_close,ema21,train
2024-10-08 04:00:00+00:00,2662.0150000000003,2654.432919059763,2677.1791618804746,2024-10-08 07:00:00+00:00,2654.417919059763,-1.0019783487038136,stop_hit,ema21,train
2024-10-08 09:00:00+00:00,2657.215,2649.4713642036368,2672.702271592727,2024-10-08 14:00:00+00:00,2649.4563642036364,-1.0019370745725633,stop_hit,ema21,train
2024-10-09 06:00:00+00:00,2638.1150000000002,2631.1458730803624,2652.053253839276,2024-10-09 07:00:00+00:00,2631.130873080362,-1.0021523499533436,stop_hit,ema21,train
2024-10-09 09:00:00+00:00,2634.8150000000005,2627.718435917477,2649.0081281650473,2024-10-09 13:00:00+00:00,2627.703435917477,-1.0021136989430235,stop_hit,ema21,train
2024-10-09 16:00:00+00:00,2633.3150000000005,2625.933312449098,2648.0783751018052,2024-10-09 17:00:00+00:00,2625.918312449098,-1.0020320556643574,stop_hit,ema21,train
2024-10-10 03:00:00+00:00,2632.3150000000005,2626.3849951520424,2644.1750096959167,2024-10-10 12:00:00+00:00,2626.369995152042,-1.0025295088933177,stop_hit,ema21,train
2024-10-10 18:00:00+00:00,2641.1150000000002,2633.315158762629,2656.714682474743,2024-10-10 22:00:00+00:00,2647.3849999999998,0.8038625158109798,eod_force_close,ema21,train
2024-10-11 08:00:00+00:00,2662.4150000000004,2656.0874486680596,2675.070102663882,2024-10-11 09:00:00+00:00,2656.072448668059,-1.0023705852727909,stop_hit,ema21,train
2024-10-11 11:00:00+00:00,2658.715,2652.468195963457,2671.208608073086,2024-10-11 15:00:00+00:00,2671.1936080730857,2.0,scaleout_tier_1,ema21,train
2024-10-11 11:00:00+00:00,2658.715,2652.468195963457,2677.455412109629,2024-10-11 16:00:00+00:00,2677.4404121096286,3.0,scaleout_tier_2,ema21,train
2024-10-11 11:00:00+00:00,2658.715,2652.468195963457,2671.208608073086,2024-10-13 22:00:00+00:00,2673.0849999999996,2.300376306978249,eod_force_close,ema21,train
2024-10-14 03:00:00+00:00,2672.3150000000005,2665.8309210810544,2685.2831578378928,2024-10-14 12:00:00+00:00,2668.285,-0.6215223550449417,trail_exit,ema21,train
2024-10-14 14:00:00+00:00,2672.3150000000005,2665.717462514493,2685.5100749710155,2024-10-14 15:00:00+00:00,2665.7024625144927,-1.002273575562591,stop_hit,h_ema21,train
2024-10-15 07:00:00+00:00,2665.0150000000003,2659.2836907223545,2676.477618555292,2024-10-15 15:00:00+00:00,2676.4626185552916,2.0,scaleout_tier_1,ema21,train
2024-10-15 07:00:00+00:00,2665.0150000000003,2659.2836907223545,2676.477618555292,2024-10-15 22:00:00+00:00,2679.4849999999997,2.524728521707542,eod_force_close,ema21,train
2024-10-16 17:00:00+00:00,2690.5150000000003,2683.501383092709,2704.5422338145827,2024-10-16 22:00:00+00:00,2690.3849999999998,-0.018535372222200953,eod_force_close,h_ema21,train
2024-10-17 11:00:00+00:00,2702.8150000000005,2697.1998155682795,2714.0453688634425,2024-10-17 12:00:00+00:00,2697.184815568279,-1.0026713281073352,stop_hit,h_ema21,train
2024-10-17 14:00:00+00:00,2704.4150000000004,2697.886807508568,2717.4713849828654,2024-10-17 22:00:00+00:00,2707.785,0.5162225232209646,eod_force_close,h_ema21,train
2024-10-18 14:00:00+00:00,2729.0150000000003,2722.66369179778,2741.7176164044413,2024-10-20 22:00:00+00:00,2736.285,1.1446460742462259,eod_force_close,h_ema21,train
2024-10-22 07:00:00+00:00,2749.215,2743.500531942257,2760.643936115486,2024-10-22 17:00:00+00:00,2760.628936115486,2.0,scaleout_tier_1,h_ema21,train
2024-10-22 07:00:00+00:00,2749.215,2743.500531942257,2760.643936115486,2024-10-22 22:00:00+00:00,2762.5849999999996,2.339675340714041,eod_force_close,h_ema21,train
2024-10-23 08:00:00+00:00,2768.9150000000004,2763.4049530312427,2779.935093937516,2024-10-23 11:00:00+00:00,2763.3899530312424,-1.0027222998434275,stop_hit,h_ema21,train
2024-10-24 02:00:00+00:00,2736.715,2730.5056249699765,2749.1337500600475,2024-10-24 08:00:00+00:00,2749.118750060047,2.0,scaleout_tier_1,h_ema21,train
2024-10-24 02:00:00+00:00,2736.715,2730.5056249699765,2749.1337500600475,2024-10-24 14:00:00+00:00,2736.7,-0.0024157020517844583,stop_hit,h_ema21,train
2024-10-25 06:00:00+00:00,2741.4150000000004,2736.3792296485303,2751.4865407029406,2024-10-25 08:00:00+00:00,2736.36422964853,-1.0029786902406994,stop_hit,h_ema21,train
2024-10-25 12:00:00+00:00,2736.4150000000004,2730.7694766564096,2747.706046687182,2024-10-25 14:00:00+00:00,2747.691046687182,2.0,scaleout_tier_1,h_ema21,train
2024-10-25 12:00:00+00:00,2736.4150000000004,2730.7694766564096,2753.351570030773,2024-10-25 17:00:00+00:00,2753.3365700307727,3.0,scaleout_tier_2,h_ema21,train
2024-10-25 12:00:00+00:00,2736.4150000000004,2730.7694766564096,2758.997093374364,2024-10-25 20:00:00+00:00,2758.9820933743636,4.0,scaleout_tier_3,h_ema21,train
2024-10-28 03:00:00+00:00,2746.6150000000002,2739.9413159419614,2759.962368116078,2024-10-28 09:00:00+00:00,2741.4849999999997,-0.7686908692989742,trail_exit,h_ema21,train
2024-10-29 05:00:00+00:00,2766.9150000000004,2761.6373561233763,2777.4702877532486,2024-10-29 06:00:00+00:00,2761.622356123376,-1.002842177371377,stop_hit,h_ema21,train
2024-10-29 14:00:00+00:00,2773.4150000000004,2766.7915724882178,2786.6618550235657,2024-10-29 20:00:00+00:00,2786.6468550235654,2.0,scaleout_tier_1,h_ema21,train
2024-10-29 14:00:00+00:00,2773.4150000000004,2766.7915724882178,2786.6618550235657,2024-10-29 22:00:00+00:00,2786.8849999999998,2.0336902572024913,eod_force_close,h_ema21,train
2024-10-30 13:00:00+00:00,2794.4150000000004,2788.392854443617,2806.459291112767,2024-10-30 14:00:00+00:00,2788.377854443617,-1.0024908066169917,stop_hit,h_ema21,train
2024-10-31 06:00:00+00:00,2796.4150000000004,2791.170397876541,2806.9042042469196,2024-10-31 07:00:00+00:00,2791.1553978765405,-1.0028600835005637,stop_hit,h_ema21,train
2024-10-31 11:00:00+00:00,2791.715,2786.2527007046438,2802.639598590713,2024-10-31 12:00:00+00:00,2786.2377007046434,-1.0027460963212103,stop_hit,h_ema21,train
2024-10-31 19:00:00+00:00,2757.3150000000005,2749.4528178464293,2773.039364307143,2024-10-31 22:00:00+00:00,2753.9849999999997,-0.42354653389558805,eod_force_close,h_ema50,train
2024-11-01 02:00:00+00:00,2759.4150000000004,2752.995868598212,2772.2532628035774,2024-11-01 14:00:00+00:00,2752.9808685982116,-1.0023367647523382,stop_hit,h_ema200,train
2024-11-04 04:00:00+00:00,2750.3150000000005,2743.8470176319224,2763.2509647361567,2024-11-04 08:00:00+00:00,2743.832017631922,-1.0023191157839821,stop_hit,ema21,train
2024-11-04 10:00:00+00:00,2752.4150000000004,2745.580899996218,2766.0832000075657,2024-11-04 11:00:00+00:00,2745.5658999962175,-1.0021948756957062,stop_hit,ema21,train
2024-11-05 04:00:00+00:00,2744.1150000000002,2738.2738357214503,2755.7973285571,2024-11-05 14:00:00+00:00,2755.7823285571,2.0,scaleout_tier_1,ema21,train
2024-11-05 04:00:00+00:00,2744.1150000000002,2738.2738357214503,2755.7973285571,2024-11-05 15:00:00+00:00,2744.1,-0.002567981190909267,stop_hit,ema21,train
2024-11-06 08:00:00+00:00,2734.4150000000004,2722.9579376791175,2757.329124641766,2024-11-06 11:00:00+00:00,2722.942937679117,-1.0013092361357752,stop_hit,ema21,train
2024-11-06 16:00:00+00:00,2684.715,2669.7837570835627,2714.577485832875,2024-11-06 20:00:00+00:00,2669.7687570835624,-1.0010046049136214,stop_hit,ema21,train
2024-11-07 08:00:00+00:00,2670.215,2659.908465349341,2690.8280693013185,2024-11-07 13:00:00+00:00,2690.813069301318,2.0,scaleout_tier_1,ema50,train
2024-11-07 08:00:00+00:00,2670.215,2659.908465349341,2701.1346039519776,2024-11-07 15:00:00+00:00,2701.1196039519773,3.0,scaleout_tier_2,ema50,train
2024-11-07 08:00:00+00:00,2670.215,2659.908465349341,2711.441138602637,2024-11-07 20:00:00+00:00,2711.4261386026365,4.0,scaleout_tier_3,ema50,train
2024-11-08 14:00:00+00:00,2705.3150000000005,2697.050404645588,2721.8441907088254,2024-11-08 15:00:00+00:00,2697.0354046455877,-1.0018149708917472,stop_hit,ema50,train
2024-11-11 05:00:00+00:00,2679.0150000000003,2671.9178141065663,2693.2093717868684,2024-11-11 09:00:00+00:00,2671.902814106566,-1.0021135137539803,stop_hit,ema50,train
2024-11-11 19:00:00+00:00,2625.6150000000002,2616.6091984089276,2643.6266031821456,2024-11-11 23:00:00+00:00,2625.6849999999995,0.007772767286883634,eod_force_close,ema100,train
2024-11-12 14:00:00+00:00,2618.3150000000005,2609.892401287564,2635.1601974248733,2024-11-12 15:00:00+00:00,2609.8774012875638,-1.0017809230277324,stop_hit,ema100,train
2024-11-13 02:00:00+00:00,2614.215,2606.9698914100063,2628.705217179988,2024-11-13 08:00:00+00:00,2606.954891410006,-1.0020703623436429,stop_hit,ema100,train
2024-11-13 14:00:00+00:00,2618.6150000000002,2612.0545061713533,2631.735987657294,2024-11-13 15:00:00+00:00,2612.039506171353,-1.002286413247556,stop_hit,ema100,train
2024-11-14 05:00:00+00:00,2569.715,2561.9904736270705,2585.1640527458594,2024-11-14 06:00:00+00:00,2561.97547362707,-1.0019418666305413,stop_hit,donchian_low,train
2024-11-14 14:00:00+00:00,2562.0150000000003,2553.2001357402187,2579.6447285195636,2024-11-14 19:00:00+00:00,2579.6297285195633,2.0,scaleout_tier_1,donchian_low,train
2024-11-14 14:00:00+00:00,2562.0150000000003,2553.2001357402187,2579.6447285195636,2024-11-14 23:00:00+00:00,2570.3849999999998,0.9495324889105863,eod_force_close,donchian_low,train
2024-11-15 11:00:00+00:00,2572.5150000000003,2565.2054149860855,2587.13417002783,2024-11-15 17:00:00+00:00,2565.190414986085,-1.0020521000811637,stop_hit,donchian_low,train
2024-11-18 05:00:00+00:00,2596.715,2588.5935023457446,2612.9579953085113,2024-11-18 06:00:00+00:00,2588.5785023457443,-1.0018469499886473,stop_hit,ema100,train
2024-11-19 07:00:00+00:00,2629.1150000000002,2623.3549286618413,2640.635142676318,2024-11-19 08:00:00+00:00,2623.339928661841,-1.002604134414266,stop_hit,ema100,train
2024-11-19 13:00:00+00:00,2643.3150000000005,2636.597801679192,2656.7493966416177,2024-11-19 14:00:00+00:00,2636.5828016791916,-1.0022330738626342,stop_hit,ema21,train
2024-11-21 07:00:00+00:00,2663.715,2657.9594177878394,2675.2261644243217,2024-11-21 23:00:00+00:00,2671.9849999999997,1.436865932090433,eod_force_close,ema21,train
2024-11-25 10:00:00+00:00,2675.5150000000003,2664.4164977590863,2697.7120044818284,2024-11-25 14:00:00+00:00,2664.401497759086,-1.0013515337182193,stop_hit,ema21,train
2024-11-26 04:00:00+00:00,2630.215,2618.153410066518,2654.3381798669643,2024-11-26 05:00:00+00:00,2618.1384100665177,-1.0012436171419399,stop_hit,ema100,train
2024-11-26 10:00:00+00:00,2626.5150000000003,2615.5051213241773,2648.5347573516465,2024-11-26 23:00:00+00:00,2658.285,2.8855903807336434,eod_force_close,ema100,train
2024-11-27 09:00:00+00:00,2678.715,2670.4244076065916,2695.2961847868173,2024-11-27 11:00:00+00:00,2670.4094076065912,-1.0018092796375146,stop_hit,ema21,train
2024-11-27 19:00:00+00:00,2664.215,2656.03931414805,2680.5663717039006,2024-11-27 23:00:00+00:00,2660.5849999999996,-0.4439994473533578,eod_force_close,ema21,train
2024-11-28 04:00:00+00:00,2654.0150000000003,2646.7761561547723,2668.4926876904565,2024-11-28 09:00:00+00:00,2668.477687690456,2.0,scaleout_tier_1,ema21,train
2024-11-28 04:00:00+00:00,2654.0150000000003,2646.7761561547723,2668.4926876904565,2024-11-28 23:00:00+00:00,2661.8849999999998,1.0871901878623098,eod_force_close,ema21,train
2024-11-29 02:00:00+00:00,2668.8150000000005,2663.0399103174104,2680.3651793651807,2024-11-29 03:00:00+00:00,2680.3501793651803,2.0,scaleout_tier_1,ema21,train
2024-11-29 02:00:00+00:00,2668.8150000000005,2663.0399103174104,2686.1402690477707,2024-11-29 05:00:00+00:00,2686.1252690477704,3.0,scaleout_tier_2,ema21,train
2024-11-29 02:00:00+00:00,2668.8150000000005,2663.0399103174104,2680.3651793651807,2024-12-01 23:00:00+00:00,2673.785,0.86059269607227,eod_force_close,ema21,train
2024-12-02 10:00:00+00:00,2656.5150000000003,2648.474459165703,2672.5960816685947,2024-12-02 23:00:00+00:00,2661.9849999999997,0.680302496153851,eod_force_close,ema21,train
2024-12-03 06:00:00+00:00,2663.715,2657.10114046373,2676.94271907254,2024-12-03 23:00:00+00:00,2665.785,0.3129791294550436,eod_force_close,ema21,train
2024-12-04 05:00:00+00:00,2670.4150000000004,2664.4272100524627,2682.390579895076,2024-12-04 07:00:00+00:00,2664.4122100524623,-1.0025050978961771,stop_hit,ema21,train
2024-12-04 14:00:00+00:00,2671.215,2664.4208080715916,2684.803383856817,2024-12-04 23:00:00+00:00,2674.1849999999995,0.4371380778309933,eod_force_close,ema21,train
2024-12-05 04:00:00+00:00,2672.8150000000005,2667.081024674311,2684.28295065138,2024-12-05 08:00:00+00:00,2667.0660246743105,-1.002615986143701,stop_hit,ema21,train
2024-12-06 04:00:00+00:00,2663.0150000000003,2655.1134732245546,2678.818053550892,2024-12-06 10:00:00+00:00,2655.0984732245543,-1.0018983672936401,stop_hit,ema21,train
2024-12-09 02:00:00+00:00,2668.5150000000003,2659.6182256004086,2686.308548799184,2024-12-09 04:00:00+00:00,2659.603225600408,-1.001686004311969,stop_hit,ema21,train
2024-12-10 01:00:00+00:00,2687.8150000000005,2681.1708027266172,2701.103394546767,2024-12-10 13:00:00+00:00,2701.0883945467667,2.0,scaleout_tier_1,ema21,train
2024-12-10 01:00:00+00:00,2687.8150000000005,2681.1708027266172,2707.7475918201503,2024-12-10 14:00:00+00:00,2707.73259182015,3.0,scaleout_tier_2,ema21,train
2024-12-10 01:00:00+00:00,2687.8150000000005,2681.1708027266172,2714.3917890935336,2024-12-10 16:00:00+00:00,2714.3767890935333,4.0,scaleout_tier_3,ema21,train
2024-12-11 12:00:00+00:00,2727.5150000000003,2720.3332088874063,2741.8785822251884,2024-12-11 13:00:00+00:00,2720.318208887406,-1.0020886154672506,stop_hit,h_ema21,train
2024-12-11 18:00:00+00:00,2757.215,2748.8621693503574,2773.9206612992857,2024-12-11 23:00:00+00:00,2753.5849999999996,-0.43458321523085164,eod_force_close,h_ema21,train
2024-12-12 06:00:00+00:00,2748.6150000000002,2741.772330422074,2762.3003391558527,2024-12-12 11:00:00+00:00,2741.7573304220737,-1.0021921268928016,stop_hit,h_ema21,train
2024-12-13 13:00:00+00:00,2693.715,2686.357417100519,2708.4301657989627,2024-12-13 14:00:00+00:00,2686.3424171005186,-1.0020387130128543,stop_hit,ema21,train
2024-12-13 17:00:00+00:00,2681.6150000000002,2673.570692284671,2697.7036154306584,2024-12-13 18:00:00+00:00,2673.555692284671,-1.0018646725773237,stop_hit,ema21,train
2024-12-16 02:00:00+00:00,2671.9150000000004,2664.4041853532144,2686.9366292935724,2024-12-16 23:00:00+00:00,2670.1849999999995,-0.23033453511480573,eod_force_close,ema21,train
2024-12-17 01:00:00+00:00,2672.1150000000002,2666.927771471477,2682.4894570570464,2024-12-17 05:00:00+00:00,2666.912771471477,-1.0028917175940575,stop_hit,ema21,train
2024-12-17 08:00:00+00:00,2670.215,2664.7036892991914,2681.2376214016176,2024-12-17 09:00:00+00:00,2664.688689299191,-1.0027216756257502,stop_hit,ema21,train
2024-12-17 12:00:00+00:00,2657.1150000000002,2650.79037367436,2669.7642526512805,2024-12-17 13:00:00+00:00,2650.77537367436,-1.0023716816184882,stop_hit,ema21,train
2024-12-17 16:00:00+00:00,2654.5150000000003,2647.2944915533476,2668.956016893306,2024-12-17 23:00:00+00:00,2663.285,1.214595906201745,eod_force_close,ema21,train
2024-12-18 06:00:00+00:00,2662.9150000000004,2657.4131751253376,2673.918649749326,2024-12-18 08:00:00+00:00,2657.3981751253373,-1.0027263681309462,stop_hit,ema21,train
2024-12-19 07:00:00+00:00,2625.215,2616.4557446531335,2642.7335106937335,2024-12-19 13:00:00+00:00,2616.440744653133,-1.0017124743378663,stop_hit,ema100,train
2024-12-19 17:00:00+00:00,2606.5150000000003,2597.438294521144,2624.6684109577127,2024-12-19 23:00:00+00:00,2609.6849999999995,0.34924566048590533,eod_force_close,ema100,train
2024-12-20 02:00:00+00:00,2617.715,2609.923729172422,2633.2975416551562,2024-12-20 14:00:00+00:00,2633.282541655156,2.0,scaleout_tier_1,ema100,train
2024-12-20 02:00:00+00:00,2617.715,2609.923729172422,2641.0888124827343,2024-12-20 15:00:00+00:00,2641.073812482734,3.0,scaleout_tier_2,ema100,train
2024-12-20 02:00:00+00:00,2617.715,2609.923729172422,2648.8800833103123,2024-12-20 15:00:00+00:00,2648.865083310312,4.0,scaleout_tier_3,ema100,train
2024-12-23 14:00:00+00:00,2631.215,2625.0762582819198,2643.492483436161,2024-12-23 15:00:00+00:00,2625.0612582819194,-1.0024434974933296,stop_hit,ema21,train
2024-12-23 17:00:00+00:00,2632.1150000000002,2625.677749433447,2644.989501133107,2024-12-23 19:00:00+00:00,2625.6627494334466,-1.0023301873750674,stop_hit,ema100,train
2024-12-24 04:00:00+00:00,2632.0150000000003,2627.1113126885148,2641.8223746229714,2024-12-24 11:00:00+00:00,2627.0963126885144,-1.0030589226122135,stop_hit,ema100,train
2024-12-24 16:00:00+00:00,2626.5150000000003,2621.993932468811,2635.5571350623786,2024-12-25 23:00:00+00:00,2637.9849999999997,2.5370114294626487,eod_force_close,ema100,train
2024-12-26 01:00:00+00:00,2639.1150000000002,2634.5462611061284,2648.252477787744,2024-12-26 15:00:00+00:00,2648.2374777877435,2.0,scaleout_tier_1,ema21,train
2024-12-26 01:00:00+00:00,2639.1150000000002,2634.5462611061284,2652.8212166816156,2024-12-26 18:00:00+00:00,2652.8062166816153,3.0,scaleout_tier_2,ema21,train
2024-12-26 01:00:00+00:00,2639.1150000000002,2634.5462611061284,2648.252477787744,2024-12-26 23:00:00+00:00,2653.6849999999995,3.1890638398141964,eod_force_close,ema21,train
2024-12-27 11:00:00+00:00,2641.8150000000005,2637.3158137751075,2650.8133724497866,2024-12-27 13:00:00+00:00,2637.300813775107,-1.0033339362388103,stop_hit,ema21,train
2024-12-27 19:00:00+00:00,2634.215,2628.9386399379796,2644.7677201240413,2024-12-27 20:00:00+00:00,2628.9236399379793,-1.0028428689141777,stop_hit,ema21,train
2024-12-30 12:00:00+00:00,2629.4150000000004,2623.7298276013903,2640.7853447972207,2024-12-30 13:00:00+00:00,2623.71482760139,-1.0026384424162746,stop_hit,ema21,train
2024-12-30 15:00:00+00:00,2623.715,2616.7271997960106,2637.690600407979,2024-12-30 16:00:00+00:00,2616.7121997960103,-1.0021465982945195,stop_hit,ema21,train
2024-12-30 18:00:00+00:00,2618.715,2611.4040681311353,2633.33686373773,2024-12-30 23:00:00+00:00,2619.9849999999997,0.17371246549404937,eod_force_close,ema21,train
2024-12-31 05:00:00+00:00,2619.1150000000002,2613.7779465174417,2629.7891069651173,2024-12-31 15:00:00+00:00,2629.774106965117,2.0,scaleout_tier_1,ema100,train
2024-12-31 05:00:00+00:00,2619.1150000000002,2613.7779465174417,2635.126160447676,2024-12-31 15:00:00+00:00,2635.1111604476755,3.0,scaleout_tier_2,ema100,train
2025-01-02 15:00:00+00:00,2660.8150000000005,2654.2422528857082,2673.960494228585,2025-01-02 23:00:00+00:00,2671.0849999999996,1.5625125722039757,eod_force_close,ema21,holdout
2025-01-03 03:00:00+00:00,2676.715,2670.4713476692273,2689.202304661546,2025-01-03 07:00:00+00:00,2670.456347669227,-1.0024024399831486,stop_hit,ema50,holdout
2025-01-06 01:00:00+00:00,2656.0150000000003,2650.6038636869275,2666.837272626146,2025-01-06 04:00:00+00:00,2650.588863686927,-1.0027720610113053,stop_hit,ema21,holdout
2025-01-06 09:00:00+00:00,2643.5150000000003,2637.424027988149,2655.6969440237026,2025-01-06 11:00:00+00:00,2655.6819440237023,2.0,scaleout_tier_1,ema21,holdout
2025-01-06 09:00:00+00:00,2643.5150000000003,2637.424027988149,2655.6969440237026,2025-01-06 13:00:00+00:00,2643.5,-0.002462661127180044,stop_hit,ema21,holdout
2025-01-06 15:00:00+00:00,2643.4150000000004,2633.9312251398296,2662.382549720342,2025-01-06 23:00:00+00:00,2647.0849999999996,0.38697671065686484,eod_force_close,ema21,holdout
2025-01-07 04:00:00+00:00,2650.5150000000003,2643.502298554041,2664.5404028919193,2025-01-07 13:00:00+00:00,2664.525402891919,2.0,scaleout_tier_1,ema21,holdout
2025-01-07 04:00:00+00:00,2650.5150000000003,2643.502298554041,2671.5531043378787,2025-01-07 13:00:00+00:00,2671.5381043378784,3.0,scaleout_tier_2,ema21,holdout
2025-01-07 04:00:00+00:00,2650.5150000000003,2643.502298554041,2664.5404028919193,2025-01-07 23:00:00+00:00,2662.8849999999998,1.7639421976429221,eod_force_close,ema21,holdout
2025-01-08 10:00:00+00:00,2667.4150000000004,2662.2314565121815,2677.7820869756383,2025-01-08 11:00:00+00:00,2662.216456512181,-1.0028937733493655,stop_hit,ema21,holdout
2025-01-09 11:00:00+00:00,2683.3150000000005,2677.575268908096,2694.7944621838096,2025-01-09 23:00:00+00:00,2692.8849999999998,1.6673254977915235,eod_force_close,h_ema21,holdout
2025-01-10 14:00:00+00:00,2713.0150000000003,2706.211088059337,2726.6228238813273,2025-01-10 16:00:00+00:00,2726.607823881327,2.0,scaleout_tier_1,h_ema21,holdout
2025-01-10 14:00:00+00:00,2713.0150000000003,2706.211088059337,2726.6228238813273,2025-01-12 23:00:00+00:00,2716.785,0.5540930030954928,eod_force_close,h_ema21,holdout
2025-01-15 03:00:00+00:00,2689.8150000000005,2683.477911350148,2702.4891772997053,2025-01-15 09:00:00+00:00,2702.474177299705,2.0,scaleout_tier_1,h_ema21,holdout
2025-01-15 03:00:00+00:00,2689.8150000000005,2683.477911350148,2708.8262659495576,2025-01-15 10:00:00+00:00,2708.8112659495573,3.0,scaleout_tier_2,h_ema21,holdout
2025-01-15 03:00:00+00:00,2689.8150000000005,2683.477911350148,2715.16335459941,2025-01-15 13:00:00+00:00,2715.1483545994097,4.0,scaleout_tier_3,h_ema21,holdout
2025-01-17 12:00:00+00:00,2736.4150000000004,2730.7606891464616,2747.723621707078,2025-01-17 19:00:00+00:00,2741.9849999999997,0.9850891017979982,trail_exit,h_ema21,holdout
2025-01-20 12:00:00+00:00,2748.8150000000005,2743.0568566136903,2760.331286772621,2025-01-20 13:00:00+00:00,2743.04185661369,-1.0026050063351999,stop_hit,h_ema21,holdout
2025-01-20 15:00:00+00:00,2729.6150000000002,2722.095998170655,2744.6530036586905,2025-01-20 16:00:00+00:00,2722.0809981706548,-1.001994945651135,stop_hit,h_ema21,holdout
2025-01-20 19:00:00+00:00,2731.715,2723.6320759254495,2747.8808481491014,2025-01-20 23:00:00+00:00,2731.5849999999996,-0.016083288523007805,eod_force_close,h_ema21,holdout
2025-01-21 17:00:00+00:00,2758.215,2750.064196964726,2774.5166060705487,2025-01-21 23:00:00+00:00,2758.6849999999995,0.05766303000640827,eod_force_close,h_ema21,holdout
2025-01-22 16:00:00+00:00,2770.715,2763.3109354734297,2785.523129053141,2025-01-22 23:00:00+00:00,2765.8849999999998,-0.6523443957933249,eod_force_close,h_ema21,holdout
2025-01-23 11:00:00+00:00,2757.8150000000005,2752.1388940333145,2769.1672119333725,2025-01-23 12:00:00+00:00,2752.123894033314,-1.0026426567947049,stop_hit,h_ema21,holdout
2025-01-23 15:00:00+00:00,2752.4150000000004,2745.7900712589935,2765.664857482014,2025-01-23 23:00:00+00:00,2761.785,1.4143548355473068,eod_force_close,h_ema21,holdout
2025-01-28 05:00:00+00:00,2746.215,2739.0468601489165,2760.5512797021674,2025-01-28 08:00:00+00:00,2739.031860148916,-1.002092593101132,stop_hit,h_ema200,holdout
2025-01-28 13:00:00+00:00,2749.4150000000004,2743.346713107681,2761.5515737846395,2025-01-28 16:00:00+00:00,2761.536573784639,2.0,scaleout_tier_1,ema21,holdout
2025-01-28 13:00:00+00:00,2749.4150000000004,2743.346713107681,2767.619860676959,2025-01-28 18:00:00+00:00,2767.6048606769587,3.0,scaleout_tier_2,ema21,holdout
2025-01-28 13:00:00+00:00,2749.4150000000004,2743.346713107681,2761.5515737846395,2025-01-28 23:00:00+00:00,2771.5849999999996,3.6534198849528985,eod_force_close,ema21,holdout
2025-01-31 13:00:00+00:00,2846.1150000000002,2840.0342326340065,2858.276534731988,2025-01-31 17:00:00+00:00,2840.019232634006,-1.0024667939254204,stop_hit,h_ema21,holdout
2025-02-03 06:00:00+00:00,2813.9150000000004,2803.201916921785,2835.341166156431,2025-02-03 12:00:00+00:00,2835.3261661564306,2.0,scaleout_tier_1,h_ema21,holdout
2025-02-03 06:00:00+00:00,2813.9150000000004,2803.201916921785,2846.0542492346462,2025-02-03 12:00:00+00:00,2846.039249234646,3.0,scaleout_tier_2,h_ema21,holdout
2025-02-03 06:00:00+00:00,2813.9150000000004,2803.201916921785,2856.7673323128615,2025-02-03 14:00:00+00:00,2856.752332312861,4.0,scaleout_tier_3,h_ema21,holdout
2025-02-03 06:00:00+00:00,2813.9150000000004,2803.201916921785,2867.480415391077,2025-02-03 14:00:00+00:00,2867.4654153910765,5.0,scaleout_tier_4,h_ema21,holdout
2025-02-03 18:00:00+00:00,2856.715,2845.1202369353678,2879.904526129265,2025-02-03 23:00:00+00:00,2850.3849999999998,-0.5459361234649839,eod_force_close,h_ema21,holdout
2025-02-04 17:00:00+00:00,2869.715,2859.788033797389,2889.5689324052228,2025-02-04 23:00:00+00:00,2873.6849999999995,0.39992077327260644,eod_force_close,h_ema21,holdout
2025-02-06 16:00:00+00:00,2874.1150000000002,2864.3689216474486,2893.6071567051035,2025-02-06 23:00:00+00:00,2880.1849999999995,0.6228146112133451,eod_force_close,h_ema21,holdout
2025-02-07 08:00:00+00:00,2887.6150000000002,2881.38859970161,2900.0678005967807,2025-02-07 13:00:00+00:00,2881.3735997016097,-1.0024090966339259,stop_hit,h_ema21,holdout
2025-02-07 15:00:00+00:00,2900.3150000000005,2892.0289625472246,2916.8870749055523,2025-02-07 16:00:00+00:00,2892.0139625472243,-1.0018102742216428,stop_hit,h_ema21,holdout
2025-02-11 06:00:00+00:00,2948.5150000000003,2938.5293368286793,2968.4863263426423,2025-02-11 07:00:00+00:00,2938.514336828679,-1.001502153611931,stop_hit,h_ema21,holdout
2025-02-11 16:00:00+00:00,2932.8150000000005,2921.3981230715767,2955.648753856848,2025-02-11 23:00:00+00:00,2926.9849999999997,-0.5106475296660419,eod_force_close,h_ema21,holdout
2025-02-12 07:00:00+00:00,2918.9150000000004,2910.342044316283,2936.060911367435,2025-02-12 10:00:00+00:00,2910.327044316283,-1.0017496882701513,stop_hit,h_ema21,holdout
2025-02-12 13:00:00+00:00,2911.6150000000002,2903.4307488919944,2927.983502216012,2025-02-12 16:00:00+00:00,2927.9685022160115,2.0,scaleout_tier_1,h_ema21,holdout
2025-02-12 13:00:00+00:00,2911.6150000000002,2903.4307488919944,2927.983502216012,2025-02-12 23:00:00+00:00,2928.785,2.0979317195196976,eod_force_close,h_ema21,holdout
2025-02-17 03:00:00+00:00,2912.0150000000003,2902.0402006765526,2931.964598646896,2025-02-17 06:00:00+00:00,2902.0252006765522,-1.0015037896516943,stop_hit,h_ema200,holdout
2025-02-17 15:00:00+00:00,2916.715,2908.4407615556033,2933.263476888794,2025-02-17 23:00:00+00:00,2911.0849999999996,-0.6804251578963273,eod_force_close,h_ema21,holdout
2025-02-18 12:00:00+00:00,2927.5150000000003,2921.505051513514,2939.534896972973,2025-02-18 14:00:00+00:00,2939.5198969729727,2.0,scaleout_tier_1,h_ema21,holdout
2025-02-18 12:00:00+00:00,2927.5150000000003,2921.505051513514,2945.5448454594593,2025-02-18 16:00:00+00:00,2945.529845459459,3.0,scaleout_tier_2,h_ema21,holdout
2025-02-18 12:00:00+00:00,2927.5150000000003,2921.505051513514,2951.5547939459457,2025-02-18 18:00:00+00:00,2951.5397939459453,4.0,scaleout_tier_3,h_ema21,holdout
2025-02-19 08:00:00+00:00,2951.715,2945.017930883208,2965.1091382335844,2025-02-19 15:00:00+00:00,2945.0029308832077,-1.002239785753848,stop_hit,h_ema21,holdout
2025-02-21 03:00:00+00:00,2953.4150000000004,2944.5316518173554,2971.1816963652905,2025-02-21 04:00:00+00:00,2944.516651817355,-1.0016885525245574,stop_hit,h_ema21,holdout
2025-02-21 06:00:00+00:00,2943.6150000000002,2934.5784052633853,2961.68818947323,2025-02-21 08:00:00+00:00,2934.563405263385,-1.0016599173070748,stop_hit,h_ema21,holdout
2025-02-21 10:00:00+00:00,2943.4150000000004,2934.4741294702094,2961.2967410595825,2025-02-23 23:00:00+00:00,2950.3849999999998,0.7795661481480208,eod_force_close,h_ema21,holdout
2025-02-24 03:00:00+00:00,2952.8150000000005,2943.555634007276,2971.33373198545,2025-02-24 23:00:00+00:00,2968.4849999999997,1.6923404920284397,eod_force_close,h_ema21,holdout
2025-02-25 09:00:00+00:00,2955.1150000000002,2947.2421607469564,2970.860678506088,2025-02-25 12:00:00+00:00,2947.227160746956,-1.0019052846778915,stop_hit,h_ema21,holdout
2025-02-25 14:00:00+00:00,2950.9150000000004,2942.329242754544,2968.0865144909135,2025-02-25 15:00:00+00:00,2942.3142427545436,-1.0017470794446541,stop_hit,h_ema21,holdout
2025-02-25 18:00:00+00:00,2920.9150000000004,2908.678356083729,2945.3882878325435,2025-02-25 23:00:00+00:00,2928.9849999999997,0.6594945522005643,eod_force_close,ema21,holdout
2025-02-26 08:00:00+00:00,2927.3150000000005,2918.011241607007,2945.9225167859877,2025-02-26 14:00:00+00:00,2917.9962416070066,-1.0016122516693493,stop_hit,ema21,holdout
2025-02-26 16:00:00+00:00,2928.0150000000003,2918.3594797964906,2947.3260404070197,2025-02-26 23:00:00+00:00,2931.3849999999998,0.34902314209590396,eod_force_close,ema21,holdout
2025-02-27 14:00:00+00:00,2902.1150000000002,2892.9490926587864,2920.446814682428,2025-02-27 15:00:00+00:00,2892.934092658786,-1.001636499196635,stop_hit,ema21,holdout
2025-02-27 18:00:00+00:00,2895.0150000000003,2884.8131132972617,2915.4187734054776,2025-02-27 20:00:00+00:00,2884.7981132972614,-1.001470316269666,stop_hit,ema21,holdout
2025-02-28 10:00:00+00:00,2873.8150000000005,2865.093747923308,2891.2575041533855,2025-02-28 13:00:00+00:00,2865.0787479233077,-1.0017199365261342,stop_hit,donchian_low,holdout
2025-02-28 16:00:00+00:00,2861.8150000000005,2851.6991023118762,2882.046795376249,2025-02-28 18:00:00+00:00,2851.684102311876,-1.001482814522525,stop_hit,ema50,holdout
2025-03-03 09:00:00+00:00,2878.8150000000005,2870.0766213084535,2896.2917573830946,2025-03-03 15:00:00+00:00,2896.2767573830943,2.0,scaleout_tier_1,h_ema21,holdout
2025-03-03 09:00:00+00:00,2878.8150000000005,2870.0766213084535,2896.2917573830946,2025-03-03 23:00:00+00:00,2904.1849999999995,2.9032845674839347,eod_force_close,h_ema21,holdout
2025-03-04 12:00:00+00:00,2931.215,2922.0540374264924,2949.5369251470156,2025-03-04 14:00:00+00:00,2922.039037426492,-1.0016373825217566,stop_hit,ema21,holdout
2025-03-05 04:00:00+00:00,2919.4150000000004,2910.529687339854,2937.1856253202936,2025-03-05 13:00:00+00:00,2910.5146873398535,-1.001688179197971,stop_hit,ema21,holdout
2025-03-06 02:00:00+00:00,2933.4150000000004,2924.2418304261428,2951.7613391477157,2025-03-06 05:00:00+00:00,2924.2268304261424,-1.0016352036097833,stop_hit,ema21,holdout
2025-03-06 12:00:00+00:00,2913.8150000000005,2904.4476907100925,2932.5496185798165,2025-03-06 23:00:00+00:00,2919.1849999999995,0.573270277921155,eod_force_close,ema21,holdout
2025-03-07 15:00:00+00:00,2934.8150000000005,2925.6010051848575,2953.2429896302865,2025-03-07 16:00:00+00:00,2925.586005184857,-1.0016279583721575,stop_hit,ema21,holdout
2025-03-10 10:00:00+00:00,2918.1150000000002,2909.3323318001208,2935.680336399759,2025-03-10 11:00:00+00:00,2909.3173318001204,-1.0017079092206322,stop_hit,ema21,holdout
2025-03-10 15:00:00+00:00,2915.215,2905.967844938237,2933.709310123527,2025-03-10 16:00:00+00:00,2905.9528449382365,-1.0016221205224893,stop_hit,ema21,holdout
2025-03-11 03:00:00+00:00,2902.6150000000002,2893.5495383088055,2920.7459233823897,2025-03-11 13:00:00+00:00,2920.7309233823894,2.0,scaleout_tier_1,ema21,holdout
2025-03-11 03:00:00+00:00,2902.6150000000002,2893.5495383088055,2920.7459233823897,2025-03-11 22:00:00+00:00,2922.285,2.169773660739754,eod_force_close,ema21,holdout
2025-03-12 06:00:00+00:00,2921.6150000000002,2915.7208350369265,2933.4033299261478,2025-03-12 07:00:00+00:00,2915.705835036926,-1.0025448897501683,stop_hit,ema21,holdout
2025-03-12 12:00:00+00:00,2920.8150000000005,2914.3952812562097,2933.654437487582,2025-03-12 13:00:00+00:00,2914.3802812562094,-1.002336550961027,stop_hit,ema21,holdout
2025-03-12 15:00:00+00:00,2929.0150000000003,2921.441923440194,2944.161153119613,2025-03-12 22:00:00+00:00,2943.285,1.8843068450854719,eod_force_close,ema21,holdout
2025-03-13 09:00:00+00:00,2950.715,2944.4791895751728,2963.186620849655,2025-03-13 14:00:00+00:00,2963.1716208496546,2.0,scaleout_tier_1,h_ema21,holdout
2025-03-13 09:00:00+00:00,2950.715,2944.4791895751728,2969.4224312744823,2025-03-13 14:00:00+00:00,2969.407431274482,3.0,scaleout_tier_2,h_ema21,holdout
2025-03-13 09:00:00+00:00,2950.715,2944.4791895751728,2975.6582416993097,2025-03-13 14:00:00+00:00,2975.6432416993093,4.0,scaleout_tier_3,h_ema21,holdout
2025-03-13 19:00:00+00:00,2996.6150000000002,2988.223693416529,3013.397613166943,2025-03-13 22:00:00+00:00,3001.3849999999998,0.5684454444073332,eod_force_close,h_ema21,holdout
2025-03-17 18:00:00+00:00,3006.1150000000002,2999.231668249427,3019.8816635011467,2025-03-17 22:00:00+00:00,3009.3849999999998,0.4750606419234706,eod_force_close,h_ema21,holdout
2025-03-19 04:00:00+00:00,3043.8150000000005,3038.0392998839693,3055.366400232063,2025-03-19 08:00:00+00:00,3038.024299883969,-1.0025970877467638,stop_hit,h_ema21,holdout
2025-03-21 08:00:00+00:00,3038.3150000000005,3032.091843396104,3050.761313207793,2025-03-21 13:00:00+00:00,3032.076843396104,-1.0024103523268137,stop_hit,h_ema50,holdout
2025-03-21 17:00:00+00:00,3021.6150000000002,3012.7983302078983,3039.248339584204,2025-03-23 22:00:00+00:00,3027.5849999999996,0.6771264140284946,eod_force_close,h_ema21,holdout
2025-03-24 09:00:00+00:00,3032.715,3025.5863602556524,3046.9722794886957,2025-03-24 13:00:00+00:00,3025.571360255652,-1.0021041882516535,stop_hit,h_ema21,holdout
2025-03-24 16:00:00+00:00,3019.1150000000002,3010.935074845581,3035.474850308839,2025-03-24 18:00:00+00:00,3010.9200748455805,-1.0018337576099,stop_hit,h_ema21,holdout
2025-03-25 01:00:00+00:00,3018.8150000000005,3011.992714720606,3032.45957055879,2025-03-25 02:00:00+00:00,3011.9777147206055,-1.002198676746285,stop_hit,h_ema21,holdout
2025-03-25 04:00:00+00:00,3019.0150000000003,3012.4058670703976,3032.233265859206,2025-03-25 13:00:00+00:00,3032.2182658592055,2.0,scaleout_tier_1,h_ema21,holdout
2025-03-25 04:00:00+00:00,3019.0150000000003,3012.4058670703976,3032.233265859206,2025-03-25 18:00:00+00:00,3024.0849999999996,0.7671202945987623,trail_exit,h_ema21,holdout
2025-03-26 02:00:00+00:00,3028.5150000000003,3022.6217070276584,3040.301585944684,2025-03-26 03:00:00+00:00,3022.606707027658,-1.0025452663003052,stop_hit,h_ema21,holdout
2025-03-26 06:00:00+00:00,3026.0150000000003,3020.0297323879886,3037.985535224024,2025-03-26 15:00:00+00:00,3020.0147323879883,-1.002506153604598,stop_hit,h_ema21,holdout
2025-03-26 18:00:00+00:00,3024.6150000000002,3018.241202919462,3037.3625941610767,2025-03-26 22:00:00+00:00,3025.5849999999996,0.1521855791363592,eod_force_close,h_ema21,holdout
2025-03-27 03:00:00+00:00,3036.4150000000004,3030.6398208910596,3047.965358217882,2025-03-27 09:00:00+00:00,3047.950358217882,2.0,scaleout_tier_1,h_ema21,holdout
2025-03-27 03:00:00+00:00,3036.4150000000004,3030.6398208910596,3053.740537326823,2025-03-27 10:00:00+00:00,3053.7255373268226,3.0,scaleout_tier_2,h_ema21,holdout
2025-03-27 03:00:00+00:00,3036.4150000000004,3030.6398208910596,3059.515716435764,2025-03-27 10:00:00+00:00,3059.5007164357635,4.0,scaleout_tier_3,h_ema21,holdout
2025-03-28 12:00:00+00:00,3111.8150000000005,3097.3724794389545,3140.7000411220924,2025-03-28 13:00:00+00:00,3097.357479438954,-1.0010385998716032,stop_hit,h_ema21,holdout
2025-03-31 19:00:00+00:00,3154.9150000000004,3132.1929686181966,3200.359062763608,2025-03-31 20:00:00+00:00,3132.1779686181962,-1.0006601522437972,stop_hit,h_ema21,holdout
2025-04-01 01:00:00+00:00,3161.5150000000003,3136.6989927228165,3211.147014554368,2025-04-01 05:00:00+00:00,3136.683992722816,-1.000604448565508,stop_hit,h_ema21,holdout
2025-04-01 18:00:00+00:00,3146.715,3114.5403908854855,3211.0642182290294,2025-04-01 22:00:00+00:00,3147.3849999999998,0.020823873807292576,eod_force_close,h_ema21,holdout
2025-04-03 15:00:00+00:00,3152.215,3130.451745604283,3195.741508791434,2025-04-03 16:00:00+00:00,3130.436745604283,-1.000689235154246,stop_hit,ema21,holdout
2025-04-04 10:00:00+00:00,3111.6150000000002,3096.778498450509,3141.288003098983,2025-04-04 12:00:00+00:00,3096.7634984505085,-1.0010110200137337,stop_hit,h_ema21,holdout
2025-04-07 02:00:00+00:00,3059.215,3030.541094873505,3116.562810252991,2025-04-07 07:00:00+00:00,3030.5260948735045,-1.0005231237229166,stop_hit,ema21,holdout
2025-04-08 02:00:00+00:00,3013.8150000000005,2993.4257065253782,3054.593586949245,2025-04-08 17:00:00+00:00,2993.410706525378,-1.0007356802244765,stop_hit,ema50,holdout
2025-04-09 02:00:00+00:00,3022.4150000000004,3006.1232433454184,3054.9985133091645,2025-04-09 06:00:00+00:00,3054.983513309164,2.0,scaleout_tier_1,ema21,holdout
2025-04-09 02:00:00+00:00,3022.4150000000004,3006.1232433454184,3071.2902699637466,2025-04-09 11:00:00+00:00,3071.2752699637463,3.0,scaleout_tier_2,ema21,holdout
2025-04-09 02:00:00+00:00,3022.4150000000004,3006.1232433454184,3087.5820266183287,2025-04-09 13:00:00+00:00,3087.5670266183283,4.0,scaleout_tier_3,ema21,holdout
2025-04-09 16:00:00+00:00,3102.3150000000005,3082.9114810206665,3141.1220379586684,2025-04-09 17:00:00+00:00,3082.896481020666,-1.0007730556512096,stop_hit,ema21,holdout
2025-04-14 06:00:00+00:00,3249.715,3233.93888879178,3281.2672224164407,2025-04-14 08:00:00+00:00,3233.9238887917795,-1.0009508046566324,stop_hit,h_ema21,holdout
2025-04-14 15:00:00+00:00,3227.8150000000005,3211.6731052637706,3260.0987894724603,2025-04-14 22:00:00+00:00,3226.0849999999996,-0.10717453113592691,eod_force_close,h_ema21,holdout
2025-04-15 02:00:00+00:00,3239.8150000000005,3227.4695131502385,3264.5059736995245,2025-04-15 22:00:00+00:00,3248.3849999999998,0.6941808050416806,eod_force_close,h_ema21,holdout
2025-04-17 17:00:00+00:00,3330.1150000000002,3314.212877125763,3361.9192457484746,2025-04-20 22:00:00+00:00,3346.9849999999997,1.06086464891617,eod_force_close,h_ema21,holdout
2025-04-22 02:00:00+00:00,3462.5150000000003,3446.667005162837,3494.210989674327,2025-04-22 03:00:00+00:00,3494.1959896743265,2.0,scaleout_tier_1,h_ema21,holdout
2025-04-22 02:00:00+00:00,3462.5150000000003,3446.667005162837,3494.210989674327,2025-04-22 08:00:00+00:00,3462.5,-0.0009464919792346668,stop_hit,h_ema21,holdout
2025-04-22 12:00:00+00:00,3468.5150000000003,3450.286715421651,3504.971569156699,2025-04-22 13:00:00+00:00,3450.2717154216507,-1.0008228969619084,stop_hit,h_ema21,holdout
2025-04-22 18:00:00+00:00,3414.215,3390.4391153296383,3461.766769340724,2025-04-22 19:00:00+00:00,3390.424115329638,-1.0006308913509758,stop_hit,h_ema21,holdout
2025-04-23 01:00:00+00:00,3376.8150000000005,3349.727930543149,3430.9891389137038,2025-04-23 03:00:00+00:00,3349.7129305431486,-1.000553769761776,stop_hit,h_ema50,holdout
2025-04-23 11:00:00+00:00,3341.6150000000002,3316.162795534992,3392.519408930017,2025-04-23 13:00:00+00:00,3316.1477955349915,-1.0005893399143855,stop_hit,h_ema200,holdout
2025-04-24 12:00:00+00:00,3348.5150000000003,3328.797957301258,3387.949085397485,2025-04-24 13:00:00+00:00,3328.7829573012577,-1.0007607631747577,stop_hit,h_ema21,holdout
2025-04-25 07:00:00+00:00,3315.0150000000003,3295.754446325192,3353.536107349617,2025-04-25 13:00:00+00:00,3295.7394463251917,-1.0007787938111015,stop_hit,h_ema21,holdout
2025-04-25 16:00:00+00:00,3293.715,3275.8805381243274,3329.3839237513457,2025-04-25 20:00:00+00:00,3329.3689237513454,2.0,scaleout_tier_1,ema21,holdout
2025-04-25 16:00:00+00:00,3293.715,3275.8805381243274,3329.3839237513457,2025-04-27 22:00:00+00:00,3336.4849999999997,2.3981659944750127,eod_force_close,ema21,holdout
2025-04-28 01:00:00+00:00,3324.215,3306.641588755657,3359.361822488687,2025-04-28 02:00:00+00:00,3306.6265887556565,-1.0008535622248729,stop_hit,h_ema21,holdout
2025-04-28 11:00:00+00:00,3300.3150000000005,3283.461705230385,3334.021589539231,2025-04-28 14:00:00+00:00,3334.006589539231,2.0,scaleout_tier_1,ema21,holdout
2025-04-28 11:00:00+00:00,3300.3150000000005,3283.461705230385,3350.8748843088465,2025-04-28 18:00:00+00:00,3350.859884308846,3.0,scaleout_tier_2,ema21,holdout
2025-04-29 11:00:00+00:00,3322.6150000000002,3308.935120930661,3349.9747581386787,2025-04-29 12:00:00+00:00,3322.5849999999996,-0.002193001842238063,trail_exit,h_ema21,holdout
2025-04-29 15:00:00+00:00,3325.215,3310.7722436979543,3354.100512604092,2025-04-29 22:00:00+00:00,3324.4849999999997,-0.050544368729469415,eod_force_close,h_ema21,holdout
2025-04-30 05:00:00+00:00,3317.3150000000005,3305.2984855532245,3341.3480288935525,2025-04-30 08:00:00+00:00,3305.283485553224,-1.0012482821093227,stop_hit,h_ema21,holdout
2025-04-30 13:00:00+00:00,3308.1150000000002,3293.751137289952,3336.8427254200965,2025-04-30 22:00:00+00:00,3298.9849999999997,-0.6356228950596796,eod_force_close,ema21,holdout
2025-05-01 06:00:00+00:00,3245.0150000000003,3229.20441225802,3276.636175483961,2025-05-01 09:00:00+00:00,3229.1894122580197,-1.000948731334035,stop_hit,ema21,holdout
2025-05-01 13:00:00+00:00,3234.5150000000003,3217.7860239429324,3267.972952114136,2025-05-01 15:00:00+00:00,3217.771023942932,-1.000896647825256,stop_hit,ema21,holdout
2025-05-01 17:00:00+00:00,3228.0150000000003,3211.5626237722327,3260.9197524555357,2025-05-01 22:00:00+00:00,3247.5849999999996,1.1894938292846586,eod_force_close,ema21,holdout
2025-05-02 07:00:00+00:00,3261.5150000000003,3248.120737751365,3288.3035244972707,2025-05-02 13:00:00+00:00,3248.105737751365,-1.0011198825080385,stop_hit,ema21,holdout
2025-05-02 18:00:00+00:00,3238.6150000000002,3223.1219843310555,3269.6010313378897,2025-05-04 22:00:00+00:00,3247.0849999999996,0.5466979560975462,eod_force_close,ema21,holdout
2025-05-07 03:00:00+00:00,3397.9150000000004,3377.3748457830698,3438.9953084338617,2025-05-07 09:00:00+00:00,3377.3598457830694,-1.000730276892856,stop_hit,h_ema21,holdout
2025-05-07 11:00:00+00:00,3399.3150000000005,3381.1756462738754,3435.593707452251,2025-05-07 19:00:00+00:00,3381.160646273875,-1.000826931335416,stop_hit,h_ema21,holdout
2025-05-08 11:00:00+00:00,3347.715,3329.8918894619537,3383.361221076093,2025-05-08 16:00:00+00:00,3329.8768894619534,-1.0008416039371077,stop_hit,ema21,holdout
2025-05-09 01:00:00+00:00,3326.715,3310.1890370174583,3359.766925965084,2025-05-09 02:00:00+00:00,3310.174037017458,-1.0009076626890774,stop_hit,ema21,holdout
2025-05-09 07:00:00+00:00,3330.215,3311.8006656561843,3367.043668687632,2025-05-11 22:00:00+00:00,3280.9849999999997,-2.673460744267059,eod_force_close,ema21,holdout
2025-05-12 12:00:00+00:00,3228.3150000000005,3209.35189219396,3266.2412156120818,2025-05-12 22:00:00+00:00,3240.6849999999995,0.6523192361991722,eod_force_close,ema21,holdout
2025-05-13 03:00:00+00:00,3232.715,3217.1506381613613,3263.843723677278,2025-05-13 06:00:00+00:00,3263.8287236772776,2.0,scaleout_tier_1,ema50,holdout
2025-05-13 03:00:00+00:00,3232.715,3217.1506381613613,3263.843723677278,2025-05-13 13:00:00+00:00,3232.7,-0.0009637401234845088,stop_hit,ema50,holdout
2025-05-13 15:00:00+00:00,3247.5150000000003,3233.0356538442825,3276.473692311436,2025-05-13 22:00:00+00:00,3254.0849999999996,0.4537497708351134,eod_force_close,ema21,holdout
2025-05-14 06:00:00+00:00,3237.215,3225.8348231549603,3259.97535369008,2025-05-14 11:00:00+00:00,3225.81982315496,-1.0013180814502778,stop_hit,ema21,holdout
2025-05-15 09:00:00+00:00,3165.6150000000002,3149.532440789848,3197.780118420305,2025-05-15 14:00:00+00:00,3197.7651184203046,2.0,scaleout_tier_1,ema50,holdout
2025-05-15 09:00:00+00:00,3165.6150000000002,3149.532440789848,3213.8626776304573,2025-05-15 15:00:00+00:00,3213.847677630457,3.0,scaleout_tier_2,ema50,holdout
2025-05-15 19:00:00+00:00,3226.4150000000004,3212.4602169816644,3254.3245660366724,2025-05-15 22:00:00+00:00,3243.4849999999997,1.2232365044709035,eod_force_close,ema50,holdout
2025-05-16 10:00:00+00:00,3212.4150000000004,3198.4577115155826,3240.329576968836,2025-05-16 11:00:00+00:00,3198.4427115155822,-1.0010747073127473,stop_hit,ema50,holdout
2025-05-16 14:00:00+00:00,3183.1150000000002,3165.6423865992438,3218.060226801513,2025-05-18 22:00:00+00:00,3219.9849999999997,2.11015943375724,eod_force_close,ema50,holdout
2025-05-19 12:00:00+00:00,3246.6150000000002,3231.3935589108914,3277.057882178218,2025-05-19 13:00:00+00:00,3231.378558910891,-1.0009854520286559,stop_hit,ema21,holdout
2025-05-20 04:00:00+00:00,3213.6150000000002,3201.439812934349,3237.9653741313027,2025-05-20 08:00:00+00:00,3237.9503741313024,2.0,scaleout_tier_1,ema21,holdout
2025-05-20 04:00:00+00:00,3213.6150000000002,3201.439812934349,3250.140561196954,2025-05-20 13:00:00+00:00,3250.1255611969536,3.0,scaleout_tier_2,ema21,holdout
2025-05-20 04:00:00+00:00,3213.6150000000002,3201.439812934349,3262.315748262605,2025-05-20 13:00:00+00:00,3262.300748262605,4.0,scaleout_tier_3,ema21,holdout
2025-05-21 06:00:00+00:00,3317.9150000000004,3304.4943286082553,3344.7563427834907,2025-05-21 12:00:00+00:00,3304.479328608255,-1.0011176788077498,stop_hit,ema21,holdout
2025-05-21 18:00:00+00:00,3318.8150000000005,3305.866764131729,3344.711471736544,2025-05-21 22:00:00+00:00,3317.9849999999997,-0.06410139639444362,eod_force_close,ema21,holdout
2025-05-22 12:00:00+00:00,3314.4150000000004,3300.782695707473,3341.679608585055,2025-05-22 13:00:00+00:00,3300.7676957074727,-1.0011003275512673,stop_hit,ema21,holdout
2025-05-22 15:00:00+00:00,3296.5150000000003,3280.8430347920257,3327.8589304159495,2025-05-22 22:00:00+00:00,3295.0849999999996,-0.09124573600208714,eod_force_close,ema21,holdout
2025-05-26 05:00:00+00:00,3348.8150000000005,3337.0758618546215,3372.2932762907585,2025-05-26 06:00:00+00:00,3337.060861854621,-1.0012777769385253,stop_hit,h_ema21,holdout
2025-05-27 13:00:00+00:00,3292.3150000000005,3281.021857970638,3314.9012840587257,2025-05-27 22:00:00+00:00,3300.8849999999998,0.7588676364573251,eod_force_close,ema21,holdout
2025-05-28 06:00:00+00:00,3305.715,3295.1047160394546,3326.935567921091,2025-05-28 15:00:00+00:00,3295.0897160394543,-1.0014137227670914,stop_hit,ema21,holdout
2025-05-28 18:00:00+00:00,3295.1150000000002,3284.4075018477115,3316.5299963045777,2025-05-28 20:00:00+00:00,3284.392501847711,-1.001400887470349,stop_hit,ema21,holdout
2025-05-30 15:00:00+00:00,3306.6150000000002,3292.940560715004,3333.963878569993,2025-06-01 22:00:00+00:00,3322.9849999999997,1.1971240398837104,eod_force_close,ema21,holdout
2025-06-03 18:00:00+00:00,3377.6150000000002,3366.6523411356425,3399.5403177287158,2025-06-03 22:00:00+00:00,3377.785,0.01550718690630143,eod_force_close,h_ema21,holdout
2025-06-04 02:00:00+00:00,3395.1150000000002,3384.5381288060084,3416.268742387984,2025-06-04 03:00:00+00:00,3384.523128806008,-1.0014181887748475,stop_hit,h_ema21,holdout
2025-06-04 07:00:00+00:00,3379.715,3369.498791098518,3400.147417802965,2025-06-04 11:00:00+00:00,3369.4837910985175,-1.0014682550195455,stop_hit,h_ema21,holdout
2025-06-04 13:00:00+00:00,3383.215,3372.1202097803166,3405.4045804393672,2025-06-04 22:00:00+00:00,3397.9849999999997,1.331255454816595,eod_force_close,h_ema21,holdout
2025-06-05 17:00:00+00:00,3377.1150000000002,3363.059337865414,3405.226324269173,2025-06-05 22:00:00+00:00,3377.3849999999998,0.019209340507349456,eod_force_close,h_ema21,holdout
2025-06-06 02:00:00+00:00,3386.9150000000004,3375.451093553822,3409.8428128923574,2025-06-06 07:00:00+00:00,3375.4360935538216,-1.0013084545020279,stop_hit,h_ema21,holdout
2025-06-06 09:00:00+00:00,3388.5150000000003,3377.791054759318,3409.9628904813653,2025-06-06 12:00:00+00:00,3377.7760547593175,-1.0013987389588137,stop_hit,h_ema21,holdout
2025-06-09 06:00:00+00:00,3335.0150000000003,3323.9184463805896,3357.208107238822,2025-06-09 16:00:00+00:00,3357.1931072388215,2.0,scaleout_tier_1,ema21,holdout
2025-06-09 06:00:00+00:00,3335.0150000000003,3323.9184463805896,3357.208107238822,2025-06-09 22:00:00+00:00,3346.285,1.01563065313228,eod_force_close,ema21,holdout
2025-06-10 06:00:00+00:00,3337.9150000000004,3328.6161287152263,3356.5127425695487,2025-06-10 12:00:00+00:00,3356.4977425695483,2.0,scaleout_tier_1,ema21,holdout
2025-06-10 06:00:00+00:00,3337.9150000000004,3328.6161287152263,3356.5127425695487,2025-06-10 16:00:00+00:00,3342.285,0.46994950958777437,trail_exit,ema21,holdout
2025-06-11 03:00:00+00:00,3359.4150000000004,3349.4402756715185,3379.364448656964,2025-06-11 10:00:00+00:00,3349.425275671518,-1.001503800957937,stop_hit,ema21,holdout
2025-06-11 15:00:00+00:00,3358.5150000000003,3346.6314281705036,3382.282143658994,2025-06-11 17:00:00+00:00,3346.6164281705032,-1.001262246756745,stop_hit,ema21,holdout
2025-06-12 13:00:00+00:00,3409.0150000000003,3395.1016655162375,3436.841668967526,2025-06-12 22:00:00+00:00,3406.6849999999995,-0.16746524729352275,eod_force_close,ema21,holdout
2025-06-13 09:00:00+00:00,3444.8150000000005,3430.893333662946,3472.6583326741093,2025-06-15 22:00:00+00:00,3472.9849999999997,2.0234646713964795,eod_force_close,h_ema21,holdout
2025-06-16 11:00:00+00:00,3440.6150000000002,3429.182393857148,3463.480212285705,2025-06-16 13:00:00+00:00,3429.1673938571475,-1.0013120368018367,stop_hit,h_ema21,holdout
2025-06-16 16:00:00+00:00,3424.0150000000003,3411.277739422938,3449.489521154125,2025-06-16 17:00:00+00:00,3411.2627394229376,-1.0011776472585745,stop_hit,h_ema21,holdout
2025-06-17 05:00:00+00:00,3413.215,3401.5481969828174,3436.5486060343655,2025-06-17 06:00:00+00:00,3401.533196982817,-1.0012856992595345,stop_hit,ema21,holdout
2025-06-17 08:00:00+00:00,3406.3150000000005,3395.2089263014764,3428.527147397049,2025-06-17 09:00:00+00:00,3395.193926301476,-1.001350612323266,stop_hit,ema21,holdout
2025-06-19 01:00:00+00:00,3396.3150000000005,3386.0749036958414,3416.7951926083188,2025-06-19 05:00:00+00:00,3386.059903695841,-1.001464829973741,stop_hit,ema21,holdout
2025-06-19 08:00:00+00:00,3383.0150000000003,3371.8488515858166,3405.3472968283677,2025-06-19 22:00:00+00:00,3386.3849999999998,0.3018050517507657,eod_force_close,ema21,holdout
2025-06-20 10:00:00+00:00,3371.4150000000004,3361.878580871285,3390.487838257431,2025-06-20 11:00:00+00:00,3361.8635808712847,-1.001572917443945,stop_hit,ema21,holdout
2025-06-20 14:00:00+00:00,3386.5150000000003,3375.7569573423775,3408.031085315246,2025-06-22 22:00:00+00:00,3400.6849999999995,1.3171541005146274,eod_force_close,ema21,holdout
2025-06-23 14:00:00+00:00,3396.3150000000005,3384.210825662762,3420.5233486744773,2025-06-23 20:00:00+00:00,3384.1958256627618,-1.0012392418997287,stop_hit,ema21,holdout
2025-06-24 01:00:00+00:00,3365.5150000000003,3352.0333144488286,3392.4783711023438,2025-06-24 05:00:00+00:00,3352.0183144488283,-1.0011126205208831,stop_hit,ema21,holdout
2025-06-25 06:00:00+00:00,3345.5150000000003,3336.636126223788,3363.2727475524252,2025-06-25 09:00:00+00:00,3336.6211262237875,-1.0016894034512027,stop_hit,ema21,holdout
2025-06-25 15:00:00+00:00,3337.1150000000002,3328.182261787752,3354.980476424497,2025-06-25 22:00:00+00:00,3347.4849999999997,1.1608982322778039,eod_force_close,ema50,holdout
2025-06-26 03:00:00+00:00,3353.5150000000003,3345.179208967798,3370.1865820644052,2025-06-26 06:00:00+00:00,3345.1642089677975,-1.0017994692936016,stop_hit,ema21,holdout
2025-06-26 16:00:00+00:00,3337.715,3327.830094667421,3357.484810665159,2025-06-26 22:00:00+00:00,3341.285,0.3611567212721251,eod_force_close,ema21,holdout
2025-06-27 06:00:00+00:00,3310.1150000000002,3300.7266991031925,3328.891601793616,2025-06-27 07:00:00+00:00,3300.711699103192,-1.0015977331963686,stop_hit,ema50,holdout
2025-06-27 16:00:00+00:00,3286.215,3275.197704253423,3308.249591493154,2025-06-29 22:00:00+00:00,3284.285,-0.1751791042370743,eod_force_close,ema50,holdout
2025-06-30 01:00:00+00:00,3274.9150000000004,3263.1624845530196,3298.420030893962,2025-06-30 05:00:00+00:00,3298.405030893962,2.0,scaleout_tier_1,donchian_low,holdout
2025-06-30 01:00:00+00:00,3274.9150000000004,3263.1624845530196,3310.172546340943,2025-06-30 18:00:00+00:00,3310.1575463409426,3.0,scaleout_tier_2,donchian_low,holdout
2025-07-01 04:00:00+00:00,3332.8150000000005,3324.2410875622923,3349.962824875417,2025-07-01 18:00:00+00:00,3350.1849999999995,2.0259129220407397,trail_exit,ema21,holdout
2025-07-02 10:00:00+00:00,3351.715,3343.856810443059,3367.431379113882,2025-07-02 19:00:00+00:00,3367.4163791138817,2.0,scaleout_tier_1,ema21,holdout
2025-07-02 10:00:00+00:00,3351.715,3343.856810443059,3367.431379113882,2025-07-02 22:00:00+00:00,3368.9849999999997,2.197707229490967,eod_force_close,ema21,holdout
2025-07-03 14:00:00+00:00,3342.0150000000003,3330.7290874342066,3364.586825131588,2025-07-03 22:00:00+00:00,3334.9849999999997,-0.6229004485917907,eod_force_close,ema21,holdout
2025-07-04 04:00:00+00:00,3348.215,3339.741942488512,3365.1611150229764,2025-07-06 22:00:00+00:00,3344.4849999999997,-0.44021889323224495,eod_force_close,ema21,holdout
2025-07-07 09:00:00+00:00,3319.3150000000005,3310.4723979745545,3337.0002040508925,2025-07-07 10:00:00+00:00,3310.457397974554,-1.001696333269004,stop_hit,ema50,holdout
2025-07-07 13:00:00+00:00,3318.3150000000005,3308.976800904604,3336.991398190794,2025-07-07 16:00:00+00:00,3336.9763981907936,2.0,scaleout_tier_1,ema50,holdout
2025-07-07 13:00:00+00:00,3318.3150000000005,3308.976800904604,3346.3295972861906,2025-07-07 19:00:00+00:00,3346.3145972861903,3.0,scaleout_tier_2,ema50,holdout
2025-07-08 06:00:00+00:00,3343.9150000000004,3336.3318172137338,3359.0813655725337,2025-07-08 08:00:00+00:00,3336.3168172137334,-1.00197806124725,stop_hit,ema21,holdout
2025-07-09 01:00:00+00:00,3315.8150000000005,3307.8300125851288,3331.784974829744,2025-07-09 02:00:00+00:00,3307.8150125851284,-1.0018785251899571,stop_hit,ema50,holdout
2025-07-09 11:00:00+00:00,3303.715,3295.2357942951044,3320.6734114097917,2025-07-09 12:00:00+00:00,3295.220794295104,-1.0017690336244192,stop_hit,ema50,holdout
2025-07-10 05:00:00+00:00,3330.4150000000004,3322.7350120465903,3345.7749759068206,2025-07-10 13:00:00+00:00,3322.72001204659,-1.0019531280636538,stop_hit,ema21,holdout
2025-07-14 05:00:00+00:00,3373.8150000000005,3365.328407944126,3390.7881841117496,2025-07-14 12:00:00+00:00,3365.3134079441256,-1.0017674939365024,stop_hit,ema21,holdout
2025-07-14 16:00:00+00:00,3352.715,3343.1679726291777,3371.809054741645,2025-07-14 22:00:00+00:00,3351.9849999999997,-0.07646359140348695,eod_force_close,ema21,holdout
2025-07-15 03:00:00+00:00,3359.715,3352.5925330803507,3373.959933839299,2025-07-15 13:00:00+00:00,3352.5775330803503,-1.0021060118873906,stop_hit,ema21,holdout
2025-07-16 04:00:00+00:00,3340.9150000000004,3333.0716095443513,3356.6017809112986,2025-07-16 13:00:00+00:00,3333.056609544351,-1.0019124382606153,stop_hit,ema21,holdout
2025-07-16 15:00:00+00:00,3345.3150000000005,3336.3969689864007,3363.1510620272,2025-07-16 22:00:00+00:00,3354.6849999999995,1.0506803559787925,eod_force_close,ema21,holdout
2025-07-17 15:00:00+00:00,3340.0150000000003,3330.0303138623635,3359.984372275274,2025-07-17 22:00:00+00:00,3347.4849999999997,0.748145700027719,eod_force_close,ema21,holdout
2025-07-18 07:00:00+00:00,3347.9150000000004,3340.69270993981,3362.3595801203815,2025-07-18 12:00:00+00:00,3362.344580120381,2.0,scaleout_tier_1,ema21,holdout
2025-07-18 07:00:00+00:00,3347.9150000000004,3340.69270993981,3362.3595801203815,2025-07-20 22:00:00+00:00,3355.5849999999996,1.0619900247812584,eod_force_close,ema21,holdout
2025-07-21 05:00:00+00:00,3363.9150000000004,3357.596197433991,3376.552605132019,2025-07-21 11:00:00+00:00,3376.5376051320186,2.0,scaleout_tier_1,ema21,holdout
2025-07-21 05:00:00+00:00,3363.9150000000004,3357.596197433991,3382.871407698028,2025-07-21 11:00:00+00:00,3382.856407698028,3.0,scaleout_tier_2,ema21,holdout
2025-07-24 15:00:00+00:00,3377.5150000000003,3367.9413868485003,3396.6622263030004,2025-07-24 22:00:00+00:00,3372.0849999999996,-0.5671839789296231,eod_force_close,ema21,holdout
2025-07-25 01:00:00+00:00,3375.3150000000005,3367.853960686131,3390.2370786277397,2025-07-25 02:00:00+00:00,3367.8389606861306,-1.0020104437692003,stop_hit,ema21,holdout
2025-07-25 14:00:00+00:00,3345.1150000000002,3337.326008048035,3360.692983903931,2025-07-25 15:00:00+00:00,3337.3110080480346,-1.0019257947745783,stop_hit,ema21,holdout
2025-07-28 03:00:00+00:00,3335.4150000000004,3326.4777704449493,3353.2894591101026,2025-07-28 12:00:00+00:00,3326.462770444949,-1.0016783724651952,stop_hit,ema21,holdout
2025-07-28 19:00:00+00:00,3312.6150000000002,3303.5537265151174,3330.737546969766,2025-07-28 22:00:00+00:00,3313.3849999999998,0.08497701799687883,eod_force_close,ema50,holdout
2025-07-29 02:00:00+00:00,3316.8150000000005,3308.518776898299,3333.407446203403,2025-07-29 04:00:00+00:00,3308.503776898299,-1.0018080516659744,stop_hit,donchian_low,holdout
2025-07-29 15:00:00+00:00,3326.6150000000002,3317.7467039970365,3344.3515920059276,2025-07-29 16:00:00+00:00,3317.731703997036,-1.001691418508732,stop_hit,ema50,holdout
2025-07-30 17:00:00+00:00,3352.4150000000004,3342.4798082970965,3372.2853834058083,2025-07-30 18:00:00+00:00,3342.464808297096,-1.001509784657295,stop_hit,ema21,holdout
2025-07-31 05:00:00+00:00,3347.8150000000005,3338.8503355475436,3365.7443289049143,2025-07-31 19:00:00+00:00,3344.1849999999995,-0.40492313117265355,trail_exit,ema21,holdout
2025-08-01 03:00:00+00:00,3341.8150000000005,3333.342615625051,3358.759768749899,2025-08-01 12:00:00+00:00,3358.744768749899,2.0,scaleout_tier_1,ema21,holdout
2025-08-01 03:00:00+00:00,3341.8150000000005,3333.342615625051,3367.2321531248485,2025-08-01 12:00:00+00:00,3367.217153124848,3.0,scaleout_tier_2,ema21,holdout
2025-08-01 03:00:00+00:00,3341.8150000000005,3333.342615625051,3375.704537499798,2025-08-01 12:00:00+00:00,3375.6895374997976,4.0,scaleout_tier_3,ema21,holdout
2025-08-01 03:00:00+00:00,3341.8150000000005,3333.342615625051,3384.176921874747,2025-08-01 12:00:00+00:00,3384.161921874747,5.0,scaleout_tier_4,ema21,holdout
2025-08-01 03:00:00+00:00,3341.8150000000005,3333.342615625051,3392.6493062496966,2025-08-01 12:00:00+00:00,3392.6343062496962,6.0,scaleout_tier_5,ema21,holdout
2025-08-05 06:00:00+00:00,3427.6150000000002,3420.933862326245,3440.9772753475104,2025-08-05 07:00:00+00:00,3420.918862326245,-1.0022451266135781,stop_hit,h_ema21,holdout
2025-08-05 13:00:00+00:00,3420.4150000000004,3412.479797341326,3436.285405317349,2025-08-05 14:00:00+00:00,3436.270405317349,2.0,scaleout_tier_1,h_ema21,holdout
2025-08-05 13:00:00+00:00,3420.4150000000004,3412.479797341326,3436.285405317349,2025-08-05 22:00:00+00:00,3434.8849999999998,1.8235199052139466,eod_force_close,h_ema21,holdout
2025-08-06 11:00:00+00:00,3418.3150000000005,3411.0473557149267,3432.850288570148,2025-08-06 14:00:00+00:00,3432.835288570148,2.0,scaleout_tier_1,h_ema21,holdout
2025-08-06 11:00:00+00:00,3418.3150000000005,3411.0473557149267,3432.850288570148,2025-08-06 22:00:00+00:00,3431.785,1.8534203755216478,eod_force_close,h_ema21,holdout
2025-08-07 12:00:00+00:00,3451.715,3442.0677145224345,3471.0095709551315,2025-08-07 14:00:00+00:00,3442.052714522434,-1.001554841518395,stop_hit,h_ema21,holdout
2025-08-08 10:00:00+00:00,3494.1150000000002,3480.1534265128394,3522.038146974322,2025-08-08 11:00:00+00:00,3480.138426512839,-1.001074377469998,stop_hit,h_ema21,holdout
2025-08-12 05:00:00+00:00,3404.715,3395.1047596961625,3423.9354806076753,2025-08-12 06:00:00+00:00,3395.089759696162,-1.0015608350599035,stop_hit,ema21,holdout
2025-08-12 08:00:00+00:00,3404.715,3394.7053068704336,3424.7343862591333,2025-08-12 09:00:00+00:00,3394.6903068704332,-1.0014985474385845,stop_hit,ema21,holdout
2025-08-12 13:00:00+00:00,3397.8150000000005,3387.253878348389,3418.937243303223,2025-08-12 14:00:00+00:00,3387.238878348389,-1.0014203036850768,stop_hit,ema21,holdout
2025-08-12 16:00:00+00:00,3400.4150000000004,3387.9432491732546,3425.358501653492,2025-08-12 22:00:00+00:00,3399.5849999999996,-0.06655039950131861,eod_force_close,ema21,holdout
2025-08-13 07:00:00+00:00,3406.8150000000005,3398.369230359366,3423.706539281269,2025-08-13 22:00:00+00:00,3407.1849999999995,0.04380891449120687,eod_force_close,ema21,holdout
2025-08-14 07:00:00+00:00,3410.8150000000005,3403.972235357674,3424.5005292846536,2025-08-14 08:00:00+00:00,3403.9572353576737,-1.0021920964382647,stop_hit,ema21,holdout
2025-08-14 10:00:00+00:00,3404.8150000000005,3396.2708112539394,3421.9033774921227,2025-08-14 12:00:00+00:00,3396.255811253939,-1.001755579194952,stop_hit,ema21,holdout
2025-08-15 02:00:00+00:00,3385.0150000000003,3377.2840645004826,3400.476870999036,2025-08-17 22:00:00+00:00,3382.3849999999998,-0.34019168833637653,eod_force_close,ema21,holdout
2025-08-18 01:00:00+00:00,3385.215,3377.6078444143545,3400.4293111712914,2025-08-18 04:00:00+00:00,3400.414311171291,2.0,scaleout_tier_1,ema21,holdout
2025-08-18 01:00:00+00:00,3385.215,3377.6078444143545,3400.4293111712914,2025-08-18 13:00:00+00:00,3385.2,-0.0019718276866364866,stop_hit,ema21,holdout
2025-08-18 16:00:00+00:00,3380.715,3373.676448561074,3394.792102877853,2025-08-18 22:00:00+00:00,3378.285,-0.34524149195831766,eod_force_close,ema21,holdout
2025-08-19 01:00:00+00:00,3379.4150000000004,3373.681227001182,3390.8825459976374,2025-08-19 02:00:00+00:00,3373.6662270011816,-1.0026160784536498,stop_hit,ema21,holdout
2025-08-19 05:00:00+00:00,3381.5150000000003,3375.872583022198,3392.799833955605,2025-08-19 13:00:00+00:00,3375.8575830221976,-1.0026584352165637,stop_hit,ema21,holdout
2025-08-19 19:00:00+00:00,3361.8150000000005,3355.2129481002985,3375.0191037994045,2025-08-19 22:00:00+00:00,3358.9849999999997,-0.4286546126861813,eod_force_close,ema21,holdout
2025-08-20 04:00:00+00:00,3359.9150000000004,3354.3548705820035,3371.0352588359942,2025-08-20 11:00:00+00:00,3371.020258835994,2.0,scaleout_tier_1,ema50,holdout
2025-08-20 04:00:00+00:00,3359.9150000000004,3354.3548705820035,3376.595388253991,2025-08-20 12:00:00+00:00,3376.580388253991,3.0,scaleout_tier_2,ema50,holdout
2025-08-20 04:00:00+00:00,3359.9150000000004,3354.3548705820035,3382.155517671988,2025-08-20 12:00:00+00:00,3382.1405176719877,4.0,scaleout_tier_3,ema50,holdout
2025-08-21 03:00:00+00:00,3387.0150000000003,3381.5895718052693,3397.8658563894624,2025-08-21 04:00:00+00:00,3381.574571805269,-1.0027647587364432,stop_hit,ema21,holdout
2025-08-21 12:00:00+00:00,3376.3150000000005,3370.2569805847206,3388.4310388305603,2025-08-21 22:00:00+00:00,3383.285,1.1505410468674313,eod_force_close,ema21,holdout
2025-08-22 10:00:00+00:00,3372.1150000000002,3366.6329286567134,3383.079142686574,2025-08-22 12:00:00+00:00,3366.617928656713,-1.0027361920451283,stop_hit,ema21,holdout
2025-08-22 14:00:00+00:00,3376.1150000000002,3370.072290201072,3388.2004195978566,2025-08-22 15:00:00+00:00,3388.1854195978563,2.0,scaleout_tier_1,ema21,holdout
2025-08-22 14:00:00+00:00,3376.1150000000002,3370.072290201072,3394.2431293967848,2025-08-22 15:00:00+00:00,3394.2281293967844,3.0,scaleout_tier_2,ema21,holdout
2025-08-22 14:00:00+00:00,3376.1150000000002,3370.072290201072,3400.285839195713,2025-08-22 15:00:00+00:00,3400.2708391957126,4.0,scaleout_tier_3,ema21,holdout
2025-08-22 14:00:00+00:00,3376.1150000000002,3370.072290201072,3406.328548994641,2025-08-22 15:00:00+00:00,3406.3135489946408,5.0,scaleout_tier_4,ema21,holdout
2025-08-22 14:00:00+00:00,3376.1150000000002,3370.072290201072,3412.3712587935693,2025-08-22 15:00:00+00:00,3412.356258793569,6.0,scaleout_tier_5,ema21,holdout
2025-08-25 07:00:00+00:00,3413.4150000000004,3407.012392409399,3426.220215181203,2025-08-25 09:00:00+00:00,3406.997392409399,-1.0023427954607662,stop_hit,ema21,holdout
2025-08-25 12:00:00+00:00,3415.715,3409.8577441316543,3427.429511736692,2025-08-25 13:00:00+00:00,3409.842744131654,-1.0025609261977766,stop_hit,ema21,holdout
2025-08-26 01:00:00+00:00,3431.3150000000005,3423.2276398603963,3447.489720279209,2025-08-26 02:00:00+00:00,3423.212639860396,-1.0018547461398277,stop_hit,ema21,holdout
2025-08-26 05:00:00+00:00,3424.9150000000004,3416.9724606167424,3440.8000787665164,2025-08-26 07:00:00+00:00,3416.957460616742,-1.001888564762039,stop_hit,ema21,holdout
2025-08-26 19:00:00+00:00,3434.1150000000002,3426.2046531165593,3449.935693766882,2025-08-26 22:00:00+00:00,3442.9849999999997,1.121316186344158,eod_force_close,h_ema21,holdout
2025-08-27 15:00:00+00:00,3435.715,3428.6697611703476,3449.8054776593053,2025-08-27 20:00:00+00:00,3449.790477659305,2.0,scaleout_tier_1,h_ema21,holdout
2025-08-27 15:00:00+00:00,3435.715,3428.6697611703476,3449.8054776593053,2025-08-27 22:00:00+00:00,3452.5849999999996,2.394524927813032,eod_force_close,h_ema21,holdout
2025-08-28 09:00:00+00:00,3456.9150000000004,3451.0639474830105,3468.6171050339804,2025-08-28 10:00:00+00:00,3451.04894748301,-1.00256364132039,stop_hit,h_ema21,holdout
2025-08-28 12:00:00+00:00,3462.3150000000005,3456.1351667712006,3474.6746664576003,2025-08-28 13:00:00+00:00,3456.1201667712003,-1.0024272499669447,stop_hit,h_ema21,holdout
2025-08-28 17:00:00+00:00,3473.3150000000005,3465.590279052217,3488.764441895568,2025-08-28 22:00:00+00:00,3477.1849999999995,0.5009889711432661,eod_force_close,h_ema21,holdout
2025-08-29 06:00:00+00:00,3470.6150000000002,3465.4782478686507,3480.8885042626994,2025-08-29 10:00:00+00:00,3465.4632478686503,-1.0029201331146158,stop_hit,h_ema21,holdout
2025-08-29 12:00:00+00:00,3469.8150000000005,3464.626568333246,3480.19186333351,2025-08-29 13:00:00+00:00,3480.1768633335096,2.0,scaleout_tier_1,h_ema21,holdout
2025-08-29 12:00:00+00:00,3469.8150000000005,3464.626568333246,3485.3802950002646,2025-08-29 13:00:00+00:00,3485.3652950002643,3.0,scaleout_tier_2,h_ema21,holdout
2025-09-04 05:00:00+00:00,3590.215,3578.193059043793,3614.258881912415,2025-09-04 22:00:00+00:00,3601.9849999999997,0.9790432379325792,eod_force_close,h_ema21,holdout
2025-09-05 10:00:00+00:00,3609.4150000000004,3600.5099108675195,3627.2251782649623,2025-09-05 12:00:00+00:00,3627.210178264962,2.0,scaleout_tier_1,h_ema21,holdout
2025-09-05 10:00:00+00:00,3609.4150000000004,3600.5099108675195,3636.1302673974433,2025-09-05 12:00:00+00:00,3636.115267397443,3.0,scaleout_tier_2,h_ema21,holdout
2025-09-08 06:00:00+00:00,3631.9150000000004,3621.582672404435,3673.244310382262,2025-09-08 13:00:00+00:00,3673.2293103822617,4.0,scaleout_tier_3,h_ema21,holdout
2025-09-08 06:00:00+00:00,3631.9150000000004,3621.582672404435,3652.579655191131,2025-09-08 22:00:00+00:00,3676.5849999999996,4.32332401260403,eod_force_close,h_ema21,holdout
2025-09-09 09:00:00+00:00,3687.6150000000002,3677.9726100069065,3706.8997799861877,2025-09-09 14:00:00+00:00,3677.957610006906,-1.0015556309183793,stop_hit,h_ema21,holdout
2025-09-10 02:00:00+00:00,3669.1150000000002,3657.0672038207863,3693.210592358428,2025-09-10 09:00:00+00:00,3693.195592358428,2.0,scaleout_tier_1,h_ema21,holdout
2025-09-10 02:00:00+00:00,3669.1150000000002,3657.0672038207863,3693.210592358428,2025-09-10 22:00:00+00:00,3680.5849999999996,0.9520413384639198,eod_force_close,h_ema21,holdout
2025-09-11 07:00:00+00:00,3670.9150000000004,3661.7932789245224,3689.1584421509565,2025-09-11 09:00:00+00:00,3661.778278924522,-1.001644426515151,stop_hit,h_ema21,holdout
2025-09-11 13:00:00+00:00,3666.8150000000005,3656.380686400516,3687.6836271989696,2025-09-11 22:00:00+00:00,3672.785,0.5721507162957289,eod_force_close,h_ema21,holdout
2025-09-12 01:00:00+00:00,3674.0150000000003,3665.2134072990225,3691.618185401956,2025-09-12 03:00:00+00:00,3691.6031854019557,2.0,scaleout_tier_1,h_ema21,holdout
2025-09-12 01:00:00+00:00,3674.0150000000003,3665.2134072990225,3691.618185401956,2025-09-14 22:00:00+00:00,3680.1849999999995,0.7010094888069169,eod_force_close,h_ema21,holdout
2025-09-15 03:00:00+00:00,3677.715,3670.1462126496317,3692.852574700737,2025-09-15 13:00:00+00:00,3692.8375747007367,2.0,scaleout_tier_1,h_ema21,holdout
2025-09-15 03:00:00+00:00,3677.715,3670.1462126496317,3700.4213620511055,2025-09-15 14:00:00+00:00,3700.406362051105,3.0,scaleout_tier_2,h_ema21,holdout
2025-09-17 10:00:00+00:00,3703.8150000000005,3696.016609853681,3719.4117802926394,2025-09-17 11:00:00+00:00,3696.0016098536807,-1.00192347391178,stop_hit,h_ema21,holdout
2025-09-17 13:00:00+00:00,3714.0150000000003,3705.496463866085,3731.052072267831,2025-09-17 18:00:00+00:00,3705.4814638660846,-1.001760865923971,stop_hit,h_ema21,holdout
2025-09-18 03:00:00+00:00,3699.1150000000002,3686.837527534853,3723.6699449302946,2025-09-18 05:00:00+00:00,3686.8225275348527,-1.001221749838406,stop_hit,h_ema21,holdout
2025-09-18 08:00:00+00:00,3692.4150000000004,3679.5103853230767,3718.224229353848,2025-09-18 13:00:00+00:00,3679.4953853230763,-1.0011623748849434,stop_hit,h_ema21,holdout
2025-09-18 17:00:00+00:00,3679.3150000000005,3666.86937211879,3704.2062557624213,2025-09-18 22:00:00+00:00,3677.6849999999995,-0.13096968795458594,eod_force_close,h_ema21,holdout
2025-09-19 03:00:00+00:00,3680.6150000000002,3670.339783573958,3701.165432852085,2025-09-19 15:00:00+00:00,3701.1504328520846,2.0,scaleout_tier_1,h_ema21,holdout
2025-09-19 03:00:00+00:00,3680.6150000000002,3670.339783573958,3711.4406492781272,2025-09-19 17:00:00+00:00,3711.425649278127,3.0,scaleout_tier_2,h_ema21,holdout
2025-09-24 08:00:00+00:00,3810.9150000000004,3800.281460201134,3832.1820795977333,2025-09-24 09:00:00+00:00,3800.2664602011337,-1.0014106309172723,stop_hit,h_ema21,holdout
2025-09-25 03:00:00+00:00,3770.3150000000005,3759.04030958367,3792.8643808326615,2025-09-25 13:00:00+00:00,3759.0253095836697,-1.001330413470032,stop_hit,h_ema21,holdout
2025-09-25 16:00:00+00:00,3766.9150000000004,3754.068607740108,3792.6077845197856,2025-09-25 22:00:00+00:00,3781.4849999999997,1.1341705675209612,eod_force_close,h_ema21,holdout
2025-09-26 04:00:00+00:00,3775.1150000000002,3763.277093411003,3798.7908131779946,2025-09-26 14:00:00+00:00,3798.775813177994,2.0,scaleout_tier_1,h_ema21,holdout
2025-09-26 04:00:00+00:00,3775.1150000000002,3763.277093411003,3810.6287197669917,2025-09-26 17:00:00+00:00,3810.6137197669914,3.0,scaleout_tier_2,h_ema21,holdout
2025-09-29 01:00:00+00:00,3816.0150000000003,3803.860743329832,3840.323513340337,2025-09-29 22:00:00+00:00,3863.0849999999996,3.872717293812725,eod_force_close,h_ema21,holdout
2025-09-30 11:00:00+00:00,3839.4150000000004,3824.21310593113,3869.818788137741,2025-09-30 14:00:00+00:00,3869.803788137741,2.0,scaleout_tier_1,h_ema21,holdout
2025-09-30 11:00:00+00:00,3839.4150000000004,3824.21310593113,3885.0206822066116,2025-09-30 19:00:00+00:00,3885.0056822066113,3.0,scaleout_tier_2,h_ema21,holdout
2025-10-01 05:00:00+00:00,3892.4150000000004,3879.7945673781255,3917.65586524375,2025-10-01 17:00:00+00:00,3887.3849999999998,-0.3985600296524063,trail_exit,h_ema21,holdout
2025-10-02 02:00:00+00:00,3889.9150000000004,3877.4758097913323,3914.7933804173367,2025-10-02 14:00:00+00:00,3877.460809791332,-1.0012058662781662,stop_hit,h_ema21,holdout
2025-10-02 17:00:00+00:00,3868.6150000000002,3852.921974330341,3900.0010513393186,2025-10-02 22:00:00+00:00,3880.3849999999998,0.7500147038410573,eod_force_close,h_ema21,holdout
2025-10-03 05:00:00+00:00,3867.1150000000002,3854.9368191758695,3891.471361648262,2025-10-03 12:00:00+00:00,3891.4563616482615,2.0,scaleout_tier_1,h_ema21,holdout
2025-10-03 05:00:00+00:00,3867.1150000000002,3854.9368191758695,3903.6495424723926,2025-10-03 13:00:00+00:00,3903.6345424723922,3.0,scaleout_tier_2,h_ema21,holdout
2025-10-07 15:00:00+00:00,4009.215,3995.844909453962,4035.9551810920766,2025-10-07 16:00:00+00:00,3995.8299094539616,-1.0011219071365804,stop_hit,h_ema21,holdout
2025-10-09 01:00:00+00:00,4042.4150000000004,4026.3165491261,4074.611901747801,2025-10-09 02:00:00+00:00,4026.3015491261,-1.000931766672323,stop_hit,h_ema21,holdout
2025-10-09 13:00:00+00:00,4072.8150000000005,4058.2719835767653,4101.901032846471,2025-10-09 14:00:00+00:00,4058.256983576765,-1.001031422888058,stop_hit,h_ema21,holdout
2025-10-10 03:00:00+00:00,3992.6150000000002,3973.001084944495,4031.842830111011,2025-10-10 04:00:00+00:00,3972.9860849444945,-1.0007647631774625,stop_hit,h_ema21,holdout
2025-10-10 06:00:00+00:00,3990.1150000000002,3971.1028748626295,4028.1392502747417,2025-10-10 07:00:00+00:00,3971.087874862629,-1.0007889701909674,stop_hit,h_ema21,holdout
2025-10-10 15:00:00+00:00,4005.715,3986.8852721253156,4043.374455749369,2025-10-12 22:00:00+00:00,4018.285,0.6675614264664624,eod_force_close,h_ema21,holdout
2025-10-13 01:00:00+00:00,4062.0150000000003,4037.7710719322,4110.502856135601,2025-10-13 13:00:00+00:00,4110.487856135601,2.0,scaleout_tier_1,h_ema21,holdout
2025-10-13 01:00:00+00:00,4062.0150000000003,4037.7710719322,4110.502856135601,2025-10-13 22:00:00+00:00,4130.884999999999,2.840711282734281,eod_force_close,h_ema21,holdout
2025-10-14 08:00:00+00:00,4141.615000000001,4120.027859842109,4184.789280315784,2025-10-14 12:00:00+00:00,4120.012859842109,-1.000694858137327,stop_hit,h_ema21,holdout
2025-10-17 19:00:00+00:00,4249.8150000000005,4214.307133117997,4320.830733764007,2025-10-19 22:00:00+00:00,4268.985,0.539880361264822,eod_force_close,h_ema21,holdout
2025-10-20 04:00:00+00:00,4278.015,4245.603837205046,4342.837325589909,2025-10-20 06:00:00+00:00,4245.588837205046,-1.0004628035129508,stop_hit,h_ema21,holdout
2025-10-20 08:00:00+00:00,4269.115000000001,4239.192149609885,4328.960700780232,2025-10-20 12:00:00+00:00,4328.945700780232,2.0,scaleout_tier_1,h_ema21,holdout
2025-10-20 08:00:00+00:00,4269.115000000001,4239.192149609885,4358.883551170348,2025-10-20 15:00:00+00:00,4358.868551170348,3.0,scaleout_tier_2,h_ema21,holdout
2025-10-21 07:00:00+00:00,4358.515,4334.027780624617,4407.4894387507675,2025-10-21 08:00:00+00:00,4334.012780624616,-1.0006125644472075,stop_hit,h_ema21,holdout
2025-10-21 19:00:00+00:00,4128.415,4092.7743326682703,4199.696334663459,2025-10-21 22:00:00+00:00,4136.985,0.2404556547786671,eod_force_close,ema21,holdout
2025-10-22 07:00:00+00:00,4169.3150000000005,4133.507875556463,4240.929248887076,2025-10-22 08:00:00+00:00,4133.492875556462,-1.0004189110472688,stop_hit,ema21,holdout
2025-10-22 17:00:00+00:00,4074.715,4033.066996431701,4158.011007136598,2025-10-22 22:00:00+00:00,4114.785,0.9621109433082086,eod_force_close,ema21,holdout
2025-10-23 06:00:00+00:00,4124.715,4093.9481452121327,4186.248709575735,2025-10-23 22:00:00+00:00,4143.985,0.6263233643108168,eod_force_close,ema21,holdout
2025-10-24 04:00:00+00:00,4136.215,4114.156058016893,4180.332883966214,2025-10-24 06:00:00+00:00,4114.141058016893,-1.0006799963485018,stop_hit,ema21,holdout
2025-10-24 12:00:00+00:00,4075.715,4053.390947701989,4120.363104596023,2025-10-24 13:00:00+00:00,4120.3481045960225,2.0,scaleout_tier_1,ema21,holdout
2025-10-24 12:00:00+00:00,4075.715,4053.390947701989,4142.687156894034,2025-10-24 15:00:00+00:00,4142.672156894034,3.0,scaleout_tier_2,ema21,holdout
2025-10-27 01:00:00+00:00,4094.9150000000004,4069.3974329166067,4145.950134166787,2025-10-27 02:00:00+00:00,4084.6849999999995,-0.4009002882825139,trail_exit,ema21,holdout
2025-10-27 06:00:00+00:00,4093.5150000000003,4070.4311539182067,4139.6826921635875,2025-10-27 08:00:00+00:00,4070.4161539182064,-1.0006498050605248,stop_hit,ema21,holdout
2025-10-27 13:00:00+00:00,4060.3150000000005,4036.644158848673,4107.656682302655,2025-10-27 14:00:00+00:00,4036.629158848673,-1.0006336910422589,stop_hit,ema21,holdout
2025-10-28 01:00:00+00:00,4021.8150000000005,3997.8593786285714,4069.7262427428586,2025-10-28 02:00:00+00:00,3997.844378628571,-1.0006261578344287,stop_hit,h_ema21,holdout
2025-10-28 14:00:00+00:00,3953.9150000000004,3928.2976015169334,4005.1497969661345,2025-10-28 22:00:00+00:00,3967.1849999999995,0.5180073225925129,eod_force_close,ema50,holdout
2025-10-29 18:00:00+00:00,4008.6150000000002,3989.090805387994,4047.663389224013,2025-10-29 19:00:00+00:00,3989.0758053879936,-1.0007682775294149,stop_hit,ema21,holdout
2025-10-30 05:00:00+00:00,3985.5150000000003,3958.7988451509827,4038.9473096980355,2025-10-30 22:00:00+00:00,4038.1849999999995,1.9714663392863199,eod_force_close,ema50,holdout
2025-10-31 12:00:00+00:00,4022.215,4002.418658088572,4061.8076838228562,2025-10-31 16:00:00+00:00,4002.403658088572,-1.0007577157470526,stop_hit,ema21,holdout
2025-10-31 18:00:00+00:00,4009.3150000000005,3987.268302606541,4053.4083947869194,2025-11-02 23:00:00+00:00,4000.9849999999997,-0.3778343690820594,eod_force_close,ema21,holdout
2025-11-03 02:00:00+00:00,4005.6150000000002,3983.345156426767,4050.1546871464666,2025-11-03 23:00:00+00:00,4013.6849999999995,0.3623734479077725,eod_force_close,ema21,holdout
2025-11-04 04:00:00+00:00,4003.8150000000005,3986.370038387287,4038.7049232254276,2025-11-04 05:00:00+00:00,3986.3550383872866,-1.00085984711995,stop_hit,ema21,holdout
2025-11-04 07:00:00+00:00,3993.5150000000003,3976.259759233553,4028.0254815328954,2025-11-04 14:00:00+00:00,3976.2447592335525,-1.0008693011128245,stop_hit,ema21,holdout
2025-11-04 17:00:00+00:00,3979.4150000000004,3960.1314878433,4017.9820243134013,2025-11-04 18:00:00+00:00,3960.1164878432996,-1.000777866598078,stop_hit,ema21,holdout
2025-11-05 03:00:00+00:00,3957.1150000000002,3940.1366705859105,3991.07165882818,2025-11-05 16:00:00+00:00,3991.0566588281795,2.0,scaleout_tier_1,ema50,holdout
2025-11-05 03:00:00+00:00,3957.1150000000002,3940.1366705859105,3991.07165882818,2025-11-05 23:00:00+00:00,3992.3849999999998,2.077353969273918,eod_force_close,ema50,holdout
2025-11-06 03:00:00+00:00,3991.715,3978.2541534757356,4018.636693048529,2025-11-06 08:00:00+00:00,4018.621693048529,2.0,scaleout_tier_1,ema21,holdout
2025-11-06 03:00:00+00:00,3991.715,3978.2541534757356,4018.636693048529,2025-11-06 15:00:00+00:00,3991.7,-0.0011143429927150878,stop_hit,ema21,holdout
2025-11-07 05:00:00+00:00,4006.0150000000003,3993.294280446814,4031.456439106373,2025-11-07 14:00:00+00:00,3993.2792804468136,-1.0011791785785082,stop_hit,ema21,holdout
2025-11-10 09:00:00+00:00,4090.5150000000003,4076.930794705727,4117.683410588547,2025-11-10 19:00:00+00:00,4117.668410588547,2.0,scaleout_tier_1,ema21,holdout
2025-11-10 09:00:00+00:00,4090.5150000000003,4076.930794705727,4117.683410588547,2025-11-10 23:00:00+00:00,4123.985,2.4638909141124983,eod_force_close,ema21,holdout
2025-11-12 07:00:00+00:00,4123.715,4110.75375573638,4149.63748852724,2025-11-12 15:00:00+00:00,4149.6224885272395,2.0,scaleout_tier_1,h_ema21,holdout
2025-11-12 07:00:00+00:00,4123.715,4110.75375573638,4162.59873279086,2025-11-12 15:00:00+00:00,4162.583732790859,3.0,scaleout_tier_2,h_ema21,holdout
2025-11-12 07:00:00+00:00,4123.715,4110.75375573638,4175.5599770544795,2025-11-12 15:00:00+00:00,4175.544977054479,4.0,scaleout_tier_3,h_ema21,holdout
2025-11-14 02:00:00+00:00,4193.115000000001,4173.12374713065,4233.097505738701,2025-11-14 06:00:00+00:00,4173.10874713065,-1.0007503281609391,stop_hit,h_ema21,holdout
2025-11-17 08:00:00+00:00,4088.9150000000004,4066.3582882733067,4134.028423453388,2025-11-17 11:00:00+00:00,4066.3432882733064,-1.0006649905439264,stop_hit,ema21,holdout
2025-11-17 15:00:00+00:00,4077.8150000000005,4055.3455622053275,4122.7538755893465,2025-11-17 16:00:00+00:00,4055.330562205327,-1.0006675734452013,stop_hit,ema21,holdout
2025-11-18 06:00:00+00:00,4018.6150000000002,3997.1275542882686,4061.5898914234635,2025-11-18 13:00:00+00:00,4061.574891423463,2.0,scaleout_tier_1,ema21,holdout
2025-11-18 06:00:00+00:00,4018.6150000000002,3997.1275542882686,4061.5898914234635,2025-11-18 23:00:00+00:00,4067.785,2.288312936756086,eod_force_close,ema21,holdout
2025-11-21 06:00:00+00:00,4056.6150000000002,4037.232309004947,4095.3803819901063,2025-11-21 07:00:00+00:00,4037.217309004947,-1.00077388635067,stop_hit,ema21,holdout
2025-11-21 09:00:00+00:00,4037.8150000000005,4017.006482464967,4079.4320350700673,2025-11-21 16:00:00+00:00,4079.417035070067,2.0,scaleout_tier_1,ema21,holdout
2025-11-21 09:00:00+00:00,4037.8150000000005,4017.006482464967,4079.4320350700673,2025-11-23 23:00:00+00:00,4069.1849999999995,1.50755573755719,eod_force_close,ema21,holdout
2025-11-24 15:00:00+00:00,4079.0150000000003,4062.1831123010033,4112.678775397994,2025-11-24 18:00:00+00:00,4112.663775397994,2.0,scaleout_tier_1,ema21,holdout
2025-11-24 15:00:00+00:00,4079.0150000000003,4062.1831123010033,4129.510663096991,2025-11-24 20:00:00+00:00,4129.495663096991,3.0,scaleout_tier_2,ema21,holdout
2025-11-25 06:00:00+00:00,4147.915,4132.19095469499,4179.36309061002,2025-11-25 07:00:00+00:00,4132.17595469499,-1.0009539529878833,stop_hit,ema21,holdout
2025-11-25 14:00:00+00:00,4181.715,4151.914235077542,4241.316529844917,2025-11-25 15:00:00+00:00,4151.899235077542,-1.000503342784635,stop_hit,ema21,holdout
2025-11-25 17:00:00+00:00,4132.215,4101.213877356181,4194.217245287638,2025-11-25 23:00:00+00:00,4166.985,1.1215722862517628,eod_force_close,ema21,holdout
2025-11-26 16:00:00+00:00,4200.415,4180.663903301696,4239.917193396607,2025-11-26 17:00:00+00:00,4180.648903301696,-1.000759451499299,stop_hit,h_ema21,holdout
2025-11-27 07:00:00+00:00,4189.915,4176.006114862962,4217.732770274076,2025-11-27 23:00:00+00:00,4190.985,0.07692924267167957,eod_force_close,h_ema21,holdout
2025-12-02 12:00:00+00:00,4236.115000000001,4219.53153940297,4269.281921194061,2025-12-02 15:00:00+00:00,4219.51653940297,-1.0009045156716574,stop_hit,h_ema21,holdout
2025-12-02 18:00:00+00:00,4224.715,4205.775981584936,4262.593036830129,2025-12-02 22:00:00+00:00,4220.785,-0.20750811440546066,eod_force_close,h_ema21,holdout
2025-12-04 07:00:00+00:00,4219.215,4205.38429537684,4246.876409246321,2025-12-04 22:00:00+00:00,4242.985,1.7186398414000803,eod_force_close,h_ema21,holdout
2025-12-05 12:00:00+00:00,4253.615000000001,4244.000611438636,4272.84377712273,2025-12-05 15:00:00+00:00,4272.82877712273,2.0,scaleout_tier_1,h_ema21,holdout
2025-12-05 12:00:00+00:00,4253.615000000001,4244.000611438636,4272.84377712273,2025-12-05 16:00:00+00:00,4253.6,-0.0015601616165800507,stop_hit,h_ema21,holdout
2025-12-08 06:00:00+00:00,4246.615000000001,4234.012166739994,4271.820666520013,2025-12-08 08:00:00+00:00,4233.997166739994,-1.0011902085579383,stop_hit,h_ema21,holdout
2025-12-08 17:00:00+00:00,4220.8150000000005,4206.977261310725,4248.490477378551,2025-12-08 22:00:00+00:00,4217.6849999999995,-0.22619302693053994,eod_force_close,ema21,holdout
2025-12-09 02:00:00+00:00,4225.015,4214.4237844686595,4246.197431062682,2025-12-09 04:00:00+00:00,4214.408784468659,-1.001416268034197,stop_hit,h_ema21,holdout
2025-12-09 09:00:00+00:00,4220.115000000001,4209.342346975213,4241.660306049575,2025-12-09 15:00:00+00:00,4241.645306049575,2.0,scaleout_tier_1,ema21,holdout
2025-12-09 09:00:00+00:00,4220.115000000001,4209.342346975213,4241.660306049575,2025-12-09 22:00:00+00:00,4236.1849999999995,1.4917402391985055,eod_force_close,ema21,holdout
2025-12-10 12:00:00+00:00,4225.515,4216.210390661018,4244.124218677965,2025-12-10 19:00:00+00:00,4216.195390661018,-1.001612104222096,stop_hit,ema21,holdout
2025-12-11 13:00:00+00:00,4248.015,4235.843474548206,4272.358050903588,2025-12-11 15:00:00+00:00,4272.343050903588,2.0,scaleout_tier_1,h_ema21,holdout
2025-12-11 13:00:00+00:00,4248.015,4235.843474548206,4284.529576355382,2025-12-11 15:00:00+00:00,4284.514576355382,3.0,scaleout_tier_2,h_ema21,holdout
2025-12-12 18:00:00+00:00,4326.115000000001,4304.826593888491,4368.691812223021,2025-12-14 23:00:00+00:00,4329.985,0.1817890911948816,eod_force_close,h_ema21,holdout
2025-12-15 18:00:00+00:00,4334.115000000001,4318.415907875641,4365.51318424872,2025-12-15 22:00:00+00:00,4335.1849999999995,0.06815680750981308,eod_force_close,h_ema21,holdout
2025-12-16 13:00:00+00:00,4323.015,4310.150359956137,4348.744280087726,2025-12-16 14:00:00+00:00,4348.729280087726,2.0,scaleout_tier_1,h_ema21,holdout
2025-12-16 13:00:00+00:00,4323.015,4310.150359956137,4348.744280087726,2025-12-16 16:00:00+00:00,4323.0,-0.0011659867628774584,stop_hit,h_ema21,holdout
2025-12-18 11:00:00+00:00,4357.415,4346.915923648279,4378.4131527034415,2025-12-18 13:00:00+00:00,4346.900923648279,-1.0014286971060906,stop_hit,h_ema21,holdout
2025-12-18 16:00:00+00:00,4370.015,4356.559857321616,4396.92528535677,2025-12-18 17:00:00+00:00,4356.544857321615,-1.001114815380176,stop_hit,h_ema21,holdout
2025-12-24 17:00:00+00:00,4502.715,4484.551376713283,4539.042246573434,2025-12-25 23:00:00+00:00,4523.485,1.1434943167528056,eod_force_close,h_ema21,holdout
2025-12-26 05:00:00+00:00,4538.8150000000005,4519.665413960282,4577.114172079437,2025-12-26 15:00:00+00:00,4577.099172079436,2.0,scaleout_tier_1,h_ema21,holdout
2025-12-26 05:00:00+00:00,4538.8150000000005,4519.665413960282,4577.114172079437,2025-12-28 23:00:00+00:00,4567.985,1.523270526031099,eod_force_close,h_ema21,holdout
2025-12-30 02:00:00+00:00,4374.715,4349.688707019086,4424.767585961828,2025-12-30 19:00:00+00:00,4363.985,-0.428749076348763,trail_exit,ema21,holdout
2025-12-31 02:00:00+00:00,4378.115000000001,4355.874052271193,4422.596895457616,2025-12-31 03:00:00+00:00,4355.859052271193,-1.000674431691636,stop_hit,ema21,holdout
2025-12-31 07:00:00+00:00,4338.615000000001,4310.861375570686,4394.122248858631,2025-12-31 22:00:00+00:00,4341.085,0.0889973850547022,eod_force_close,ema21,holdout
2026-01-02 06:00:00+00:00,4393.515,4374.89746459249,4430.750070815021,2026-01-02 13:00:00+00:00,4374.88246459249,-1.0008056920355997,stop_hit,ema21,holdout
2026-01-06 02:00:00+00:00,4460.115000000001,4442.834384390616,4494.67623121877,2026-01-06 14:00:00+00:00,4494.66123121877,2.0,scaleout_tier_1,h_ema21,holdout
2026-01-06 02:00:00+00:00,4460.115000000001,4442.834384390616,4494.67623121877,2026-01-06 22:00:00+00:00,4496.085,2.081523066832453,eod_force_close,h_ema21,holdout
2026-01-07 08:00:00+00:00,4470.515,4452.956280164263,4505.6324396714745,2026-01-07 12:00:00+00:00,4452.941280164263,-1.0008542764017339,stop_hit,h_ema21,holdout
2026-01-07 14:00:00+00:00,4462.715,4445.561928624605,4497.021142750791,2026-01-07 15:00:00+00:00,4445.546928624604,-1.0008744789590185,stop_hit,h_ema21,holdout
2026-01-08 07:00:00+00:00,4441.415,4426.066601592737,4472.111796814525,2026-01-08 12:00:00+00:00,4426.051601592737,-1.0009773006669693,stop_hit,ema21,holdout
2026-01-08 15:00:00+00:00,4441.415,4425.667735435618,4472.909529128764,2026-01-08 20:00:00+00:00,4472.894529128764,2.0,scaleout_tier_1,ema21,holdout
2026-01-08 15:00:00+00:00,4441.415,4425.667735435618,4472.909529128764,2026-01-08 23:00:00+00:00,4489.285,3.0398930432828783,eod_force_close,ema21,holdout
2026-01-13 03:00:00+00:00,4602.8150000000005,4584.659189781808,4639.126620436386,2026-01-13 06:00:00+00:00,4584.644189781808,-1.0008261818018618,stop_hit,h_ema21,holdout
2026-01-13 09:00:00+00:00,4601.115000000001,4584.810531309837,4633.723937380329,2026-01-13 14:00:00+00:00,4633.708937380328,2.0,scaleout_tier_1,h_ema21,holdout
2026-01-13 09:00:00+00:00,4601.115000000001,4584.810531309837,4633.723937380329,2026-01-13 17:00:00+00:00,4601.1,-0.0009199931801136525,stop_hit,h_ema21,holdout
2026-01-14 07:00:00+00:00,4644.715,4628.172301762692,4677.800396474617,2026-01-14 14:00:00+00:00,4628.1573017626915,-1.000906744461221,stop_hit,h_ema21,holdout
2026-01-15 03:00:00+00:00,4606.615000000001,4588.806121494029,4642.232757011944,2026-01-15 05:00:00+00:00,4588.791121494029,-1.0008422765080518,stop_hit,h_ema21,holdout
2026-01-15 07:00:00+00:00,4614.915,4597.1150005464115,4650.514998907177,2026-01-15 13:00:00+00:00,4597.100000546411,-1.0008426966551003,stop_hit,h_ema21,holdout
2026-01-15 15:00:00+00:00,4614.8150000000005,4596.989530065918,4650.465939868165,2026-01-15 22:00:00+00:00,4623.6849999999995,0.4976025895979062,eod_force_close,h_ema21,holdout
2026-01-16 15:00:00+00:00,4611.415,4596.169555122732,4641.905889754536,2026-01-16 16:00:00+00:00,4596.154555122732,-1.0009839004450893,stop_hit,h_ema21,holdout
2026-01-20 04:00:00+00:00,4684.8150000000005,4671.456934712515,4711.531130574971,2026-01-20 05:00:00+00:00,4711.516130574971,2.0,scaleout_tier_1,h_ema21,holdout
2026-01-20 04:00:00+00:00,4684.8150000000005,4671.456934712515,4724.889195862456,2026-01-20 08:00:00+00:00,4724.874195862456,3.0,scaleout_tier_2,h_ema21,holdout
2026-01-21 19:00:00+00:00,4853.115000000001,4826.782417689889,4905.780164620223,2026-01-21 20:00:00+00:00,4826.767417689889,-1.0005696364991354,stop_hit,h_ema21,holdout
2026-01-26 15:00:00+00:00,5094.115000000001,5068.378438958095,5145.588122083812,2026-01-26 16:00:00+00:00,5068.363438958095,-1.000582828450775,stop_hit,h_ema21,holdout
2026-01-27 06:00:00+00:00,5077.915,5044.19747247139,5145.35005505722,2026-01-27 14:00:00+00:00,5044.18247247139,-1.0004448724773072,stop_hit,h_ema21,holdout
2026-01-27 16:00:00+00:00,5087.515,5058.003755952971,5146.537488094059,2026-01-27 20:00:00+00:00,5146.522488094059,2.0,scaleout_tier_1,h_ema21,holdout
2026-01-27 16:00:00+00:00,5087.515,5058.003755952971,5176.048732141088,2026-01-27 21:00:00+00:00,5176.033732141088,3.0,scaleout_tier_2,h_ema21,holdout
2026-01-28 17:00:00+00:00,5298.3150000000005,5266.584029755856,5361.776940488289,2026-01-28 18:00:00+00:00,5266.569029755856,-1.000472724278045,stop_hit,h_ema21,holdout
2026-01-29 18:00:00+00:00,5364.015,5282.244578844333,5527.555842311335,2026-01-29 22:00:00+00:00,5354.785,-0.11287700209381576,eod_force_close,h_ema21,holdout
2026-01-30 11:00:00+00:00,5146.015,5049.788116699696,5338.468766600609,2026-01-30 13:00:00+00:00,5049.7731166996955,-1.0001558815944762,stop_hit,h_ema200,holdout
2026-02-02 08:00:00+00:00,4609.515,4480.698397363271,4867.148205273458,2026-02-02 22:00:00+00:00,4652.585,0.33435131123167305,eod_force_close,ema21,holdout
2026-02-04 04:00:00+00:00,5090.715,5031.780429440828,5208.584141118345,2026-02-04 14:00:00+00:00,5031.765429440828,-1.0002545195435888,stop_hit,ema21,holdout
2026-02-04 19:00:00+00:00,4949.8150000000005,4893.589501302222,5062.265997395558,2026-02-04 22:00:00+00:00,4950.785,0.017251959030425947,eod_force_close,ema21,holdout
2026-02-05 04:00:00+00:00,4898.415,4833.882180877648,5027.480638244703,2026-02-05 12:00:00+00:00,4833.867180877648,-1.0002324398686486,stop_hit,ema21,holdout
2026-02-05 15:00:00+00:00,4866.515,4807.2289046711985,4985.087190657604,2026-02-05 21:00:00+00:00,4807.213904671198,-1.0002530104220415,stop_hit,ema21,holdout
2026-02-06 02:00:00+00:00,4792.715,4726.997150218564,4924.150699562873,2026-02-06 13:00:00+00:00,4924.135699562873,2.0,scaleout_tier_1,ema21,holdout
2026-02-09 06:00:00+00:00,5058.615000000001,5016.880145078618,5142.084709842767,2026-02-09 07:00:00+00:00,5016.865145078617,-1.0003594118160608,stop_hit,ema21,holdout
2026-02-09 15:00:00+00:00,5059.515,5022.456438133886,5133.632123732229,2026-02-09 22:00:00+00:00,5084.1849999999995,0.6657031130654031,eod_force_close,ema21,holdout
2026-02-11 02:00:00+00:00,5075.615000000001,5047.63400407068,5131.576991858642,2026-02-11 11:00:00+00:00,5131.561991858642,2.0,scaleout_tier_1,h_ema21,holdout
2026-02-11 02:00:00+00:00,5075.615000000001,5047.63400407068,5131.576991858642,2026-02-11 12:00:00+00:00,5075.6,-0.0005360781309649257,stop_hit,h_ema21,holdout
2026-02-12 05:00:00+00:00,5090.015,5062.69868784659,5144.647624306822,2026-02-12 14:00:00+00:00,5062.683687846589,-1.00054912244069,stop_hit,h_ema21,holdout
2026-02-13 02:00:00+00:00,5000.3150000000005,4963.260827849834,5074.423344300334,2026-02-13 05:00:00+00:00,4963.245827849833,-1.0004048127141942,stop_hit,ema21,holdout
2026-02-13 07:00:00+00:00,4985.915,4952.3225598334175,5053.099880333165,2026-02-13 18:00:00+00:00,5053.084880333165,2.0,scaleout_tier_1,ema21,holdout
2026-02-13 07:00:00+00:00,4985.915,4952.3225598334175,5053.099880333165,2026-02-15 23:00:00+00:00,5049.985,1.9072743653715298,eod_force_close,ema21,holdout
2026-02-16 02:00:00+00:00,5048.415,5017.360109806278,5110.524780387444,2026-02-16 03:00:00+00:00,5017.345109806278,-1.000483015715295,stop_hit,ema21,holdout
2026-02-16 06:00:00+00:00,5008.715,4977.680831455048,5070.783337089904,2026-02-16 23:00:00+00:00,5015.1849999999995,0.2084798885662988,eod_force_close,ema21,holdout
2026-02-17 03:00:00+00:00,4987.015,4963.395730237124,5034.253539525754,2026-02-17 05:00:00+00:00,4963.380730237123,-1.000635074672118,stop_hit,ema21,holdout
2026-02-17 12:00:00+00:00,4948.415,4922.1629175583075,5000.919164883385,2026-02-17 13:00:00+00:00,4922.147917558307,-1.000571383242973,stop_hit,ema21,holdout
2026-02-17 16:00:00+00:00,4897.115000000001,4865.348948703218,4960.647102593565,2026-02-17 22:00:00+00:00,4905.884999999999,0.27608089900953375,eod_force_close,ema21,holdout
2026-02-18 01:00:00+00:00,4891.8150000000005,4863.857084339128,4947.730831321745,2026-02-18 04:00:00+00:00,4947.715831321745,2.0,scaleout_tier_1,ema21,holdout
2026-02-18 01:00:00+00:00,4891.8150000000005,4863.857084339128,4975.688746982618,2026-02-18 14:00:00+00:00,4975.673746982618,3.0,scaleout_tier_2,ema21,holdout
2026-02-18 01:00:00+00:00,4891.8150000000005,4863.857084339128,5003.64666264349,2026-02-18 14:00:00+00:00,5003.63166264349,4.0,scaleout_tier_3,ema21,holdout
2026-02-19 04:00:00+00:00,5000.015,4980.12858889529,5039.787822209421,2026-02-19 22:00:00+00:00,4997.384999999999,-0.1322511128907541,eod_force_close,ema21,holdout
2026-02-20 05:00:00+00:00,5018.115000000001,4998.415929192218,5057.513141615566,2026-02-20 13:00:00+00:00,5057.498141615566,2.0,scaleout_tier_1,ema21,holdout
2026-02-20 05:00:00+00:00,5018.115000000001,4998.415929192218,5057.513141615566,2026-02-20 15:00:00+00:00,5018.1,-0.0007614572355565682,stop_hit,ema21,holdout
2026-02-20 17:00:00+00:00,5087.015,5061.524386489758,5137.996227020484,2026-02-22 23:00:00+00:00,5128.785,1.6386423960810779,eod_force_close,ema21,holdout
2026-02-23 13:00:00+00:00,5185.015,5162.39596160318,5230.253076793641,2026-02-23 14:00:00+00:00,5162.3809616031795,-1.0006631581651337,stop_hit,h_ema21,holdout
2026-02-24 06:00:00+00:00,5203.215,5177.367393894912,5254.910212210176,2026-02-24 12:00:00+00:00,5177.352393894912,-1.0005803245352527,stop_hit,h_ema21,holdout
2026-02-24 16:00:00+00:00,5168.515,5140.690906651356,5224.163186697288,2026-02-24 22:00:00+00:00,5176.285,0.2792543822592581,eod_force_close,h_ema21,holdout
2026-02-26 04:00:00+00:00,5208.115000000001,5185.067092509412,5254.210814981178,2026-02-26 08:00:00+00:00,5185.0520925094115,-1.0006508183012472,stop_hit,h_ema21,holdout
2026-02-26 16:00:00+00:00,5203.015,5177.507499636223,5254.0300007275555,2026-02-26 18:00:00+00:00,5177.492499636222,-1.0005880623262335,stop_hit,h_ema21,holdout
2026-02-27 02:00:00+00:00,5210.215,5187.848641670579,5254.947716658842,2026-02-27 10:00:00+00:00,5187.833641670579,-1.0006706500798834,stop_hit,h_ema21,holdout
2026-03-03 08:00:00+00:00,5340.515,5307.288968446897,5406.967063106206,2026-03-03 09:00:00+00:00,5307.273968446897,-1.0004514532521391,stop_hit,h_ema21,holdout
2026-03-03 19:00:00+00:00,5147.015,5084.033935824586,5272.97712835083,2026-03-03 22:00:00+00:00,5123.6849999999995,-0.37042879959954567,eod_force_close,ema21,holdout
2026-03-05 03:00:00+00:00,5201.715,5170.56363137135,5264.0177372573,2026-03-05 05:00:00+00:00,5170.54863137135,-1.0004815197745929,stop_hit,ema21,holdout
2026-03-05 09:00:00+00:00,5175.915,5146.025552196167,5235.693895607666,2026-03-05 13:00:00+00:00,5146.010552196167,-1.0005018493516098,stop_hit,ema21,holdout
2026-03-06 02:00:00+00:00,5142.015,5107.442656583583,5211.159686832835,2026-03-06 08:00:00+00:00,5107.427656583583,-1.0004338728161888,stop_hit,ema21,holdout
2026-03-06 11:00:00+00:00,5100.715,5074.009788080412,5154.125423839176,2026-03-06 13:00:00+00:00,5073.994788080412,-1.000561688109628,stop_hit,ema21,holdout
2026-03-09 03:00:00+00:00,5101.3150000000005,5059.467944429242,5185.009111141517,2026-03-09 22:00:00+00:00,5152.384999999999,1.2203964963232796,eod_force_close,ema21,holdout
2026-03-11 03:00:00+00:00,5225.515,5200.15207229599,5276.24085540802,2026-03-11 05:00:00+00:00,5200.13707229599,-1.0005914143735841,stop_hit,ema21,holdout
2026-03-12 01:00:00+00:00,5158.215,5134.520587380936,5205.603825238128,2026-03-12 15:00:00+00:00,5134.505587380936,-1.0006330606392944,stop_hit,ema21,holdout
2026-03-13 01:00:00+00:00,5116.715,5093.925327006996,5162.294345986009,2026-03-13 06:00:00+00:00,5093.910327006995,-1.0006581928580078,stop_hit,ema21,holdout
2026-03-13 11:00:00+00:00,5099.915,5079.415238745352,5140.914522509295,2026-03-13 14:00:00+00:00,5079.400238745352,-1.0007317158387357,stop_hit,ema21,holdout
2026-03-13 17:00:00+00:00,5050.115000000001,5023.462007767573,5103.420984464857,2026-03-13 19:00:00+00:00,5023.447007767572,-1.0005627885930974,stop_hit,ema21,holdout
2026-03-16 13:00:00+00:00,5025.415,4997.814732954081,5080.6155340918385,2026-03-16 14:00:00+00:00,4997.79973295408,-1.0005434730024667,stop_hit,ema50,holdout
2026-03-16 17:00:00+00:00,4996.115000000001,4967.766818848957,5052.811362302088,2026-03-16 22:00:00+00:00,5012.1849999999995,0.5668794027516343,eod_force_close,ema50,holdout
2026-03-17 02:00:00+00:00,5032.3150000000005,5008.323611011467,5080.297777977068,2026-03-17 10:00:00+00:00,5008.308611011466,-1.0006252243255902,stop_hit,ema50,holdout
2026-03-18 06:00:00+00:00,5000.415,4983.7096457413045,5033.825708517391,2026-03-18 08:00:00+00:00,4983.694645741304,-1.0008979157082238,stop_hit,ema50,holdout
2026-03-18 17:00:00+00:00,4891.415,4864.937036558877,4944.370926882247,2026-03-18 18:00:00+00:00,4864.922036558876,-1.0005665088266205,stop_hit,ema50,holdout
2026-03-20 02:00:00+00:00,4680.015,4635.867778516751,4768.309442966499,2026-03-20 13:00:00+00:00,4635.852778516751,-1.0003397722324614,stop_hit,ema100,holdout
2026-03-20 17:00:00+00:00,4585.615000000001,4540.1427085058995,4676.559582988203,2026-03-20 18:00:00+00:00,4540.127708505899,-1.0003298712140398,stop_hit,ema100,holdout
2026-03-23 12:00:00+00:00,4380.115000000001,4300.614570530368,4539.115858939266,2026-03-23 22:00:00+00:00,4414.785,0.4360982730696098,eod_force_close,ema200,holdout
2026-03-24 03:00:00+00:00,4367.115000000001,4295.671876437139,4510.001247125724,2026-03-24 22:00:00+00:00,4473.485,1.4888766713343045,eod_force_close,ema200,holdout
2026-03-26 01:00:00+00:00,4533.015,4494.891997941158,4609.261004117686,2026-03-26 05:00:00+00:00,4494.876997941157,-1.000393463242406,stop_hit,h_ema21,holdout
2026-03-26 11:00:00+00:00,4440.515,4404.387326396921,4512.770347206159,2026-03-26 16:00:00+00:00,4404.3723263969205,-1.000415194185076,stop_hit,ema200,holdout
2026-03-26 19:00:00+00:00,4391.715,4353.851590750614,4467.441818498772,2026-03-26 20:00:00+00:00,4353.836590750614,-1.000396160839652,stop_hit,ema200,holdout
2026-03-27 02:00:00+00:00,4413.415,4376.5074961221,4487.2300077558,2026-03-27 14:00:00+00:00,4487.2150077558,2.0,scaleout_tier_1,ema200,holdout
2026-03-27 02:00:00+00:00,4413.415,4376.5074961221,4487.2300077558,2026-03-29 22:00:00+00:00,4519.985,2.8874886893614296,eod_force_close,ema200,holdout
2026-03-30 02:00:00+00:00,4498.8150000000005,4461.461142855254,4573.522714289493,2026-03-30 11:00:00+00:00,4573.5077142894925,2.0,scaleout_tier_1,ema200,holdout
2026-03-30 02:00:00+00:00,4498.8150000000005,4461.461142855254,4573.522714289493,2026-03-30 18:00:00+00:00,4528.785,0.8023267820473168,trail_exit,ema200,holdout
2026-04-01 11:00:00+00:00,4758.215,4728.447100104133,4817.750799791735,2026-04-01 22:00:00+00:00,4782.985,0.8321043838043282,eod_force_close,ema21,holdout
2026-04-02 08:00:00+00:00,4668.115000000001,4626.216910437946,4751.911179124109,2026-04-02 11:00:00+00:00,4626.201910437946,-1.0003580115503383,stop_hit,ema21,holdout
2026-04-02 14:00:00+00:00,4672.715,4631.447006051777,4755.2509878964465,2026-04-05 22:00:00+00:00,4674.985,0.05500630834751934,eod_force_close,ema21,holdout
2026-04-06 01:00:00+00:00,4648.915,4611.605096324931,4723.534807350138,2026-04-06 22:00:00+00:00,4678.585,0.7952312141675641,eod_force_close,ema21,holdout
2026-04-07 03:00:00+00:00,4675.915,4650.974414281557,4725.796171436886,2026-04-07 05:00:00+00:00,4650.959414281557,-1.000601429339698,stop_hit,ema21,holdout
2026-04-07 16:00:00+00:00,4681.8150000000005,4651.809408360328,4741.826183279345,2026-04-07 22:00:00+00:00,4747.1849999999995,2.1785939362571742,eod_force_close,ema21,holdout
2026-04-08 12:00:00+00:00,4826.3150000000005,4795.61295563996,4887.719088720081,2026-04-08 13:00:00+00:00,4795.59795563996,-1.0004885668141321,stop_hit,ema21,holdout
2026-04-09 02:00:00+00:00,4751.515,4720.010252572753,4814.524494854494,2026-04-09 15:00:00+00:00,4814.509494854494,2.0,scaleout_tier_1,ema21,holdout
2026-04-09 02:00:00+00:00,4751.515,4720.010252572753,4814.524494854494,2026-04-09 22:00:00+00:00,4790.485,1.2369564329944795,eod_force_close,ema21,holdout
2026-04-10 02:00:00+00:00,4787.515,4764.615702556704,4833.313594886594,2026-04-10 07:00:00+00:00,4764.600702556703,-1.0006550419303244,stop_hit,ema21,holdout
2026-04-13 02:00:00+00:00,4743.715,4713.64502301639,4803.85495396722,2026-04-13 22:00:00+00:00,4769.285,0.8503498361151675,eod_force_close,ema21,holdout
2026-04-14 03:00:00+00:00,4797.715,4778.085212971613,4836.974574056774,2026-04-14 10:00:00+00:00,4778.070212971613,-1.0007641448161733,stop_hit,ema21,holdout
2026-04-14 14:00:00+00:00,4818.415,4797.424667135303,4860.395665729394,2026-04-14 19:00:00+00:00,4860.3806657293935,2.0,scaleout_tier_1,ema21,holdout
2026-04-14 14:00:00+00:00,4818.415,4797.424667135303,4860.395665729394,2026-04-14 22:00:00+00:00,4862.6849999999995,2.109066125123533,eod_force_close,ema21,holdout
2026-04-15 05:00:00+00:00,4849.115000000001,4829.480270067198,4888.384459865606,2026-04-15 07:00:00+00:00,4829.465270067198,-1.0007639524481193,stop_hit,ema50,holdout
2026-04-15 09:00:00+00:00,4841.415,4822.7413712616935,4878.762257476613,2026-04-15 10:00:00+00:00,4822.726371261693,-1.0008032718338005,stop_hit,ema50,holdout
2026-04-16 11:00:00+00:00,4838.715,4822.881955972975,4870.3810880540495,2026-04-16 13:00:00+00:00,4822.866955972975,-1.000947385731684,stop_hit,ema21,holdout
2026-04-16 16:00:00+00:00,4828.8150000000005,4810.101844923384,4866.241310153233,2026-04-16 17:00:00+00:00,4810.086844923384,-1.000801575145341,stop_hit,ema21,holdout
2026-04-17 01:00:00+00:00,4815.615000000001,4800.677823619759,4845.4893527604845,2026-04-17 06:00:00+00:00,4800.6628236197585,-1.001004205856481,stop_hit,ema21,holdout
2026-04-20 02:00:00+00:00,4827.415,4800.370011921819,4881.504976156361,2026-04-20 05:00:00+00:00,4800.355011921819,-1.0005546314147733,stop_hit,ema21,holdout
2026-04-20 09:00:00+00:00,4815.915,4794.3201091216115,4859.104781756777,2026-04-20 22:00:00+00:00,4842.384999999999,1.2257528944723561,eod_force_close,ema21,holdout
2026-04-21 08:00:00+00:00,4804.515,4787.678513398552,4838.1879732028965,2026-04-21 12:00:00+00:00,4787.663513398552,-1.0008909222188338,stop_hit,ema21,holdout
2026-04-22 06:00:00+00:00,4786.015,4764.201433831404,4829.642132337193,2026-04-22 12:00:00+00:00,4764.1864338314035,-1.0006876454718312,stop_hit,ema21,holdout
2026-04-23 06:00:00+00:00,4729.615000000001,4710.428396323755,4767.988207352492,2026-04-23 10:00:00+00:00,4710.413396323755,-1.0007817954784202,stop_hit,ema21,holdout
2026-04-23 12:00:00+00:00,4737.115000000001,4718.121660941135,4775.101678117732,2026-04-23 17:00:00+00:00,4718.106660941135,-1.000789750551698,stop_hit,ema21,holdout
2026-04-24 06:00:00+00:00,4701.715,4681.46320141507,4742.21859716986,2026-04-24 14:00:00+00:00,4742.20359716986,2.0,scaleout_tier_1,ema21,holdout
2026-04-24 06:00:00+00:00,4701.715,4681.46320141507,4742.21859716986,2026-04-26 22:00:00+00:00,4713.085,0.5614316156818143,eod_force_close,ema21,holdout
2026-04-27 01:00:00+00:00,4712.8150000000005,4693.240194104096,4751.964611791809,2026-04-27 14:00:00+00:00,4693.225194104096,-1.000766291123401,stop_hit,ema21,holdout
2026-04-27 18:00:00+00:00,4696.715,4680.830392143118,4728.484215713765,2026-04-27 22:00:00+00:00,4697.485,0.048474599243311794,eod_force_close,ema21,holdout
2026-04-28 04:00:00+00:00,4684.615000000001,4671.421246209185,4711.002507581633,2026-04-28 05:00:00+00:00,4671.406246209184,-1.0011369016155787,stop_hit,ema21,holdout
2026-04-28 08:00:00+00:00,4647.015,4631.514885411821,4678.01522917636,2026-04-28 09:00:00+00:00,4631.49988541182,-1.0009677347812491,stop_hit,ema100,holdout
2026-04-28 16:00:00+00:00,4600.015,4578.626563614755,4642.791872770492,2026-04-28 22:00:00+00:00,4611.384999999999,0.5315956620298933,eod_force_close,donchian_low,holdout
2026-04-29 01:00:00+00:00,4613.515,4597.8822543907645,4644.780491218472,2026-04-29 06:00:00+00:00,4597.867254390764,-1.0009595243455804,stop_hit,donchian_low,holdout
2026-04-30 06:00:00+00:00,4573.715,4554.8377922577365,4611.469415484527,2026-04-30 08:00:00+00:00,4611.454415484527,2.0,scaleout_tier_1,donchian_low,holdout
2026-04-30 06:00:00+00:00,4573.715,4554.8377922577365,4630.346623226791,2026-04-30 09:00:00+00:00,4630.331623226791,3.0,scaleout_tier_2,donchian_low,holdout
2026-05-01 04:00:00+00:00,4637.8150000000005,4621.773689702019,4669.897620595964,2026-05-01 05:00:00+00:00,4621.758689702018,-1.0009350857081927,stop_hit,h_ema21,holdout
2026-05-01 12:00:00+00:00,4589.515,4572.938614971869,4622.667770056262,2026-05-01 13:00:00+00:00,4622.652770056262,2.0,scaleout_tier_1,donchian_low,holdout
2026-05-01 12:00:00+00:00,4589.515,4572.938614971869,4639.244155084393,2026-05-01 14:00:00+00:00,4639.229155084393,3.0,scaleout_tier_2,donchian_low,holdout
2026-05-04 04:00:00+00:00,4626.515,4606.66106352496,4666.222872950081,2026-05-04 05:00:00+00:00,4606.64606352496,-1.000755517678783,stop_hit,h_ema21,holdout
2026-05-05 02:00:00+00:00,4550.515,4532.0488853251,4587.447229349801,2026-05-05 13:00:00+00:00,4587.432229349801,2.0,scaleout_tier_1,donchian_low,holdout
2026-05-05 02:00:00+00:00,4550.515,4532.0488853251,4587.447229349801,2026-05-05 22:00:00+00:00,4569.285,1.0164563759323013,eod_force_close,donchian_low,holdout
2026-05-06 14:00:00+00:00,4713.415,4691.242029838196,4757.760940323608,2026-05-06 16:00:00+00:00,4691.227029838195,-1.0006764993544333,stop_hit,ema21,holdout
2026-05-07 02:00:00+00:00,4723.415,4705.507019976293,4759.230960047414,2026-05-07 04:00:00+00:00,4705.492019976293,-1.0008376154083527,stop_hit,ema21,holdout
2026-05-07 06:00:00+00:00,4709.515,4692.942917600555,4742.659164798891,2026-05-07 07:00:00+00:00,4742.64416479889,2.0,scaleout_tier_1,ema21,holdout
2026-05-07 06:00:00+00:00,4709.515,4692.942917600555,4759.231247198336,2026-05-07 12:00:00+00:00,4759.216247198336,3.0,scaleout_tier_2,ema21,holdout
2026-05-07 15:00:00+00:00,4773.415,4753.803664814863,4812.6376703702745,2026-05-07 16:00:00+00:00,4753.788664814862,-1.0007648637820283,stop_hit,ema21,holdout
